t,robot_id,x,y,state,held_item,path_length,local_density_3,local_density_5,stuck_duration,collision_vertex,collision_edge,is_stuck,is_deadlocked
1,0,2,1,AVAILABLE,0,0,3,5,0,0,0,0,0
1,1,3,1,AVAILABLE,0,0,4,6,0,0,0,0,0
1,2,4,1,AVAILABLE,0,0,5,7,0,0,0,0,0
1,3,5,1,AVAILABLE,0,0,6,8,0,0,0,0,0
1,4,6,1,AVAILABLE,0,0,6,9,0,0,0,0,0
1,5,7,1,AVAILABLE,0,0,6,10,0,0,0,0,0
1,6,8,1,AVAILABLE,0,0,6,10,0,0,0,0,0
1,7,9,1,AVAILABLE,0,0,6,10,0,0,0,0,0
1,8,10,1,AVAILABLE,0,0,6,10,0,0,0,0,0
1,9,11,1,AVAILABLE,0,0,6,10,0,0,0,0,0
1,10,12,1,AVAILABLE,0,0,6,10,0,0,0,0,0
1,11,13,1,AVAILABLE,0,0,6,10,0,0,0,0,0
1,12,14,1,AVAILABLE,0,0,6,10,0,0,0,0,0
1,13,15,1,AVAILABLE,0,0,6,10,0,0,0,0,0
1,14,16,1,AVAILABLE,0,0,6,10,0,0,0,0,0
1,15,17,1,AVAILABLE,0,0,6,10,0,0,0,0,0
1,16,18,1,AVAILABLE,0,0,6,10,0,0,0,0,0
1,17,19,1,AVAILABLE,0,0,6,9,0,0,0,0,0
1,18,20,1,AVAILABLE,0,0,6,8,0,0,0,0,0
1,19,21,1,AVAILABLE,0,0,5,7,0,0,0,0,0
1,20,22,1,AVAILABLE,0,0,4,6,0,0,0,0,0
1,21,23,1,AVAILABLE,0,0,3,5,0,0,0,0,0
1,22,2,22,AVAILABLE,0,0,3,5,0,0,0,0,0
1,23,3,22,AVAILABLE,0,0,4,6,0,0,0,0,0
1,24,4,22,AVAILABLE,0,0,5,7,0,0,0,0,0
1,25,5,22,AVAILABLE,0,0,6,8,0,0,0,0,0
1,26,6,22,AVAILABLE,0,0,6,9,0,0,0,0,0
1,27,7,22,AVAILABLE,0,0,6,10,0,0,0,0,0
1,28,8,22,AVAILABLE,0,0,6,10,0,0,0,0,0
1,29,9,22,AVAILABLE,0,0,6,10,0,0,0,0,0
1,30,10,22,AVAILABLE,0,0,6,10,0,0,0,0,0
1,31,11,22,AVAILABLE,0,0,6,10,0,0,0,0,0
1,32,12,22,AVAILABLE,0,0,6,10,0,0,0,0,0
1,33,13,22,AVAILABLE,0,0,6,10,0,0,0,0,0
1,34,14,22,AVAILABLE,0,0,6,10,0,0,0,0,0
1,35,15,22,AVAILABLE,0,0,6,10,0,0,0,0,0
1,36,16,22,AVAILABLE,0,0,6,10,0,0,0,0,0
1,37,17,22,AVAILABLE,0,0,6,10,0,0,0,0,0
1,38,18,22,AVAILABLE,0,0,6,10,0,0,0,0,0
1,39,19,22,AVAILABLE,0,0,6,9,0,0,0,0,0
1,40,20,22,AVAILABLE,0,0,6,8,0,0,0,0,0
1,41,21,22,AVAILABLE,0,0,5,7,0,0,0,0,0
1,42,22,22,AVAILABLE,0,0,4,6,0,0,0,0,0
1,43,23,22,AVAILABLE,0,0,3,5,0,0,0,0,0
2,0,2,1,AVAILABLE,0,0,3,5,0,0,0,0,0
2,1,3,1,AVAILABLE,0,0,4,6,0,0,0,0,0
2,2,4,1,AVAILABLE,0,0,5,7,0,0,0,0,0
2,3,5,1,AVAILABLE,0,0,6,8,0,0,0,0,0
2,4,6,1,AVAILABLE,0,0,6,9,0,0,0,0,0
2,5,7,1,AVAILABLE,0,0,6,10,0,0,0,0,0
2,6,8,1,AVAILABLE,0,0,6,10,0,0,0,0,0
2,7,9,1,AVAILABLE,0,0,6,10,0,0,0,0,0
2,8,10,1,AVAILABLE,0,0,6,10,0,0,0,0,0
2,9,11,1,AVAILABLE,0,0,6,10,0,0,0,0,0
2,10,12,1,AVAILABLE,0,0,6,10,0,0,0,0,0
2,11,13,1,AVAILABLE,0,0,6,10,0,0,0,0,0
2,12,14,1,AVAILABLE,0,0,6,10,0,0,0,0,0
2,13,15,1,AVAILABLE,0,0,6,10,0,0,0,0,0
2,14,16,1,AVAILABLE,0,0,6,10,0,0,0,0,0
2,15,17,1,AVAILABLE,0,0,6,10,0,0,0,0,0
2,16,18,1,AVAILABLE,0,0,6,10,0,0,0,0,0
2,17,19,1,AVAILABLE,0,0,6,9,0,0,0,0,0
2,18,20,1,AVAILABLE,0,0,6,8,0,0,0,0,0
2,19,21,1,AVAILABLE,0,0,5,7,0,0,0,0,0
2,20,22,1,AVAILABLE,0,0,4,6,0,0,0,0,0
2,21,23,1,AVAILABLE,0,0,3,5,0,0,0,0,0
2,22,2,22,AVAILABLE,0,0,3,5,0,0,0,0,0
2,23,3,22,AVAILABLE,0,0,4,6,0,0,0,0,0
2,24,4,22,AVAILABLE,0,0,5,7,0,0,0,0,0
2,25,5,22,AVAILABLE,0,0,6,8,0,0,0,0,0
2,26,6,22,AVAILABLE,0,0,6,9,0,0,0,0,0
2,27,7,22,AVAILABLE,0,0,6,10,0,0,0,0,0
2,28,8,22,AVAILABLE,0,0,6,10,0,0,0,0,0
2,29,9,22,AVAILABLE,0,0,6,10,0,0,0,0,0
2,30,10,22,AVAILABLE,0,0,6,10,0,0,0,0,0
2,31,11,22,AVAILABLE,0,0,6,10,0,0,0,0,0
2,32,12,22,AVAILABLE,0,0,6,10,0,0,0,0,0
2,33,13,22,AVAILABLE,0,0,6,10,0,0,0,0,0
2,34,14,22,AVAILABLE,0,0,6,10,0,0,0,0,0
2,35,15,22,AVAILABLE,0,0,6,10,0,0,0,0,0
2,36,16,22,AVAILABLE,0,0,6,10,0,0,0,0,0
2,37,17,22,AVAILABLE,0,0,6,10,0,0,0,0,0
2,38,18,22,AVAILABLE,0,0,6,10,0,0,0,0,0
2,39,19,22,AVAILABLE,0,0,6,9,0,0,0,0,0
2,40,20,22,AVAILABLE,0,0,6,8,0,0,0,0,0
2,41,21,22,AVAILABLE,0,0,5,7,0,0,0,0,0
2,42,22,22,AVAILABLE,0,0,4,6,0,0,0,0,0
2,43,23,22,AVAILABLE,0,0,3,5,0,0,0,0,0
3,0,2,1,AVAILABLE,0,0,3,5,0,0,0,0,0
3,1,3,1,AVAILABLE,0,0,4,6,0,0,0,0,0
3,2,4,1,AVAILABLE,0,0,5,7,0,0,0,0,0
3,3,5,1,AVAILABLE,0,0,6,8,0,0,0,0,0
3,4,6,1,AVAILABLE,0,0,6,9,0,0,0,0,0
3,5,7,1,AVAILABLE,0,0,6,10,0,0,0,0,0
3,6,8,1,AVAILABLE,0,0,6,10,0,0,0,0,0
3,7,9,1,AVAILABLE,0,0,6,10,0,0,0,0,0
3,8,10,1,AVAILABLE,0,0,6,10,0,0,0,0,0
3,9,11,1,AVAILABLE,0,0,6,10,0,0,0,0,0
3,10,12,1,AVAILABLE,0,0,6,10,0,0,0,0,0
3,11,13,1,AVAILABLE,0,0,6,10,0,0,0,0,0
3,12,14,1,AVAILABLE,0,0,6,10,0,0,0,0,0
3,13,15,1,AVAILABLE,0,0,6,10,0,0,0,0,0
3,14,16,1,AVAILABLE,0,0,6,10,0,0,0,0,0
3,15,17,1,AVAILABLE,0,0,6,10,0,0,0,0,0
3,16,18,1,AVAILABLE,0,0,6,10,0,0,0,0,0
3,17,19,1,AVAILABLE,0,0,6,9,0,0,0,0,0
3,18,20,1,AVAILABLE,0,0,6,8,0,0,0,0,0
3,19,21,1,AVAILABLE,0,0,5,7,0,0,0,0,0
3,20,22,1,AVAILABLE,0,0,4,6,0,0,0,0,0
3,21,23,1,AVAILABLE,0,0,3,5,0,0,0,0,0
3,22,2,22,AVAILABLE,0,0,3,5,0,0,0,0,0
3,23,3,22,AVAILABLE,0,0,4,6,0,0,0,0,0
3,24,4,22,AVAILABLE,0,0,5,7,0,0,0,0,0
3,25,5,22,AVAILABLE,0,0,6,8,0,0,0,0,0
3,26,6,22,AVAILABLE,0,0,6,9,0,0,0,0,0
3,27,7,22,AVAILABLE,0,0,6,10,0,0,0,0,0
3,28,8,22,AVAILABLE,0,0,6,10,0,0,0,0,0
3,29,9,22,AVAILABLE,0,0,6,10,0,0,0,0,0
3,30,10,22,AVAILABLE,0,0,6,10,0,0,0,0,0
3,31,11,22,AVAILABLE,0,0,6,10,0,0,0,0,0
3,32,12,22,AVAILABLE,0,0,6,10,0,0,0,0,0
3,33,13,22,AVAILABLE,0,0,6,10,0,0,0,0,0
3,34,14,22,AVAILABLE,0,0,6,10,0,0,0,0,0
3,35,15,22,AVAILABLE,0,0,6,10,0,0,0,0,0
3,36,16,22,AVAILABLE,0,0,6,10,0,0,0,0,0
3,37,17,22,AVAILABLE,0,0,6,10,0,0,0,0,0
3,38,18,22,AVAILABLE,0,0,6,10,0,0,0,0,0
3,39,19,22,AVAILABLE,0,0,6,9,0,0,0,0,0
3,40,20,22,AVAILABLE,0,0,6,8,0,0,0,0,0
3,41,21,22,AVAILABLE,0,0,5,7,0,0,0,0,0
3,42,22,22,AVAILABLE,0,0,4,6,0,0,0,0,0
3,43,23,22,AVAILABLE,0,0,3,5,0,0,0,0,0
4,0,2,1,IN_PROGRESS,0,0,3,5,0,0,0,0,0
4,1,3,1,IN_PROGRESS,0,0,4,6,0,0,0,0,0
4,2,4,1,IN_PROGRESS,0,0,5,7,0,0,0,0,0
4,3,5,1,IN_PROGRESS,0,0,6,8,0,0,0,0,0
4,4,6,1,IN_PROGRESS,0,0,6,9,0,0,0,0,0
4,5,7,1,IN_PROGRESS,0,0,6,10,0,0,0,0,0
4,6,8,1,IN_PROGRESS,0,0,6,10,0,0,0,0,0
4,7,9,1,IN_PROGRESS,0,0,6,10,0,0,0,0,0
4,8,10,1,IN_PROGRESS,0,0,6,10,0,0,0,0,0
4,9,11,1,IN_PROGRESS,0,0,6,10,0,0,0,0,0
4,10,12,1,IN_PROGRESS,0,0,6,10,0,0,0,0,0
4,11,13,1,IN_PROGRESS,0,0,6,10,0,0,0,0,0
4,12,14,1,IN_PROGRESS,0,0,6,10,0,0,0,0,0
4,13,15,1,IN_PROGRESS,0,0,6,10,0,0,0,0,0
4,14,16,1,IN_PROGRESS,0,0,6,10,0,0,0,0,0
4,15,17,1,IN_PROGRESS,0,0,6,10,0,0,0,0,0
4,16,18,1,IN_PROGRESS,0,0,6,10,0,0,0,0,0
4,17,19,1,IN_PROGRESS,0,0,6,9,0,0,0,0,0
4,18,20,1,IN_PROGRESS,0,0,6,8,0,0,0,0,0
4,19,21,1,IN_PROGRESS,0,0,5,7,0,0,0,0,0
4,20,22,1,IN_PROGRESS,0,0,4,6,0,0,0,0,0
4,21,23,1,IN_PROGRESS,0,0,3,5,0,0,0,0,0
4,22,2,22,IN_PROGRESS,0,0,3,5,0,0,0,0,0
4,23,3,22,IN_PROGRESS,0,0,4,6,0,0,0,0,0
4,24,4,22,IN_PROGRESS,0,0,5,7,0,0,0,0,0
4,25,5,22,IN_PROGRESS,0,0,6,8,0,0,0,0,0
4,26,6,22,IN_PROGRESS,0,0,6,9,0,0,0,0,0
4,27,7,22,IN_PROGRESS,0,0,6,10,0,0,0,0,0
4,28,8,22,IN_PROGRESS,0,0,6,10,0,0,0,0,0
4,29,9,22,IN_PROGRESS,0,0,6,10,0,0,0,0,0
4,30,10,22,IN_PROGRESS,0,0,6,10,0,0,0,0,0
4,31,11,22,IN_PROGRESS,0,0,6,10,0,0,0,0,0
4,32,12,22,IN_PROGRESS,0,0,6,10,0,0,0,0,0
4,33,13,22,IN_PROGRESS,0,0,6,10,0,0,0,0,0
4,34,14,22,IN_PROGRESS,0,0,6,10,0,0,0,0,0
4,35,15,22,IN_PROGRESS,0,0,6,10,0,0,0,0,0
4,36,16,22,IN_PROGRESS,0,0,6,10,0,0,0,0,0
4,37,17,22,IN_PROGRESS,0,0,6,10,0,0,0,0,0
4,38,18,22,IN_PROGRESS,0,0,6,10,0,0,0,0,0
4,39,19,22,IN_PROGRESS,0,0,6,9,0,0,0,0,0
4,40,20,22,IN_PROGRESS,0,0,6,8,0,0,0,0,0
4,41,21,22,IN_PROGRESS,0,0,5,7,0,0,0,0,0
4,42,22,22,IN_PROGRESS,0,0,4,6,0,0,0,0,0
4,43,23,22,IN_PROGRESS,0,0,3,5,0,0,0,0,0
5,0,2,1,IN_PROGRESS,0,0,3,5,0,0,0,0,0
5,1,3,1,IN_PROGRESS,0,9,4,6,1,0,0,0,0
5,2,4,1,IN_PROGRESS,0,0,5,7,0,0,0,0,0
5,3,5,1,IN_PROGRESS,0,10,6,8,1,0,0,0,0
5,4,6,1,IN_PROGRESS,0,6,6,9,1,0,0,0,0
5,5,7,1,IN_PROGRESS,0,9,6,10,1,0,0,0,0
5,6,8,1,IN_PROGRESS,0,0,6,10,0,0,0,0,0
5,7,9,1,IN_PROGRESS,0,0,6,10,0,0,0,0,0
5,8,10,1,IN_PROGRESS,0,8,6,10,1,0,0,0,0
5,9,11,1,IN_PROGRESS,0,9,6,10,1,0,0,0,0
5,10,12,1,IN_PROGRESS,0,0,6,10,0,0,0,0,0
5,11,13,1,IN_PROGRESS,0,0,6,10,0,0,0,0,0
5,12,14,1,IN_PROGRESS,0,10,6,10,1,0,0,0,0
5,13,15,1,IN_PROGRESS,0,7,6,10,1,0,0,0,0
5,14,16,1,IN_PROGRESS,0,9,6,10,1,0,0,0,0
5,15,17,1,IN_PROGRESS,0,0,6,10,0,0,0,0,0
5,16,18,1,IN_PROGRESS,0,0,6,10,0,0,0,0,0
5,17,19,1,IN_PROGRESS,0,6,6,9,1,0,0,0,0
5,18,20,1,IN_PROGRESS,0,0,6,8,0,0,0,0,0
5,19,21,1,IN_PROGRESS,0,11,5,7,1,0,0,0,0
5,20,22,1,IN_PROGRESS,0,0,4,6,0,0,0,0,0
5,21,23,1,IN_PROGRESS,0,10,3,5,1,0,0,0,0
5,22,2,22,IN_PROGRESS,0,6,3,5,1,0,0,0,0
5,23,3,22,IN_PROGRESS,0,7,4,6,1,0,0,0,0
5,24,4,22,IN_PROGRESS,0,0,5,7,0,0,0,0,0
5,25,5,22,IN_PROGRESS,0,10,6,8,1,0,0,0,0
5,26,6,22,IN_PROGRESS,0,9,6,9,1,0,0,0,0
5,27,7,22,IN_PROGRESS,0,0,6,10,0,0,0,0,0
5,28,8,22,IN_PROGRESS,0,8,6,10,1,0,0,0,0
5,29,9,22,IN_PROGRESS,0,6,6,10,1,0,0,0,0
5,30,10,22,IN_PROGRESS,0,0,6,10,0,0,0,0,0
5,31,11,22,IN_PROGRESS,0,6,6,10,1,0,0,0,0
5,32,12,22,IN_PROGRESS,0,0,6,10,0,0,0,0,0
5,33,13,22,IN_PROGRESS,0,0,6,10,0,0,0,0,0
5,34,14,22,IN_PROGRESS,0,0,6,10,0,0,0,0,0
5,35,15,22,IN_PROGRESS,0,0,6,10,0,0,0,0,0
5,36,16,22,IN_PROGRESS,0,7,6,10,1,0,0,0,0
5,37,17,22,IN_PROGRESS,0,5,6,10,1,0,0,0,0
5,38,18,22,IN_PROGRESS,0,0,6,10,0,0,0,0,0
5,39,19,22,IN_PROGRESS,0,6,6,9,1,0,0,0,0
5,40,20,22,IN_PROGRESS,0,8,6,8,1,0,0,0,0
5,41,21,22,IN_PROGRESS,0,6,5,7,1,0,0,0,0
5,42,22,22,IN_PROGRESS,0,8,4,6,1,0,0,0,0
5,43,23,22,IN_PROGRESS,0,20,3,5,1,0,0,0,0
6,0,2,1,IN_PROGRESS,0,0,2,4,0,0,0,0,0
6,1,3,2,IN_PROGRESS,0,8,4,5,0,0,0,0,0
6,2,4,1,IN_PROGRESS,0,0,4,7,0,0,0,0,0
6,3,5,2,IN_PROGRESS,0,9,4,7,0,0,0,0,0
6,4,6,2,IN_PROGRESS,0,5,5,9,0,0,0,0,0
6,5,7,2,IN_PROGRESS,0,8,4,8,0,0,0,0,0
6,6,8,1,IN_PROGRESS,0,0,4,9,0,0,0,0,0
6,7,9,1,IN_PROGRESS,0,0,5,10,0,0,0,0,0
6,8,10,1,IN_PROGRESS,0,8,5,8,2,0,0,1,0
6,9,11,2,IN_PROGRESS,0,8,4,10,0,0,0,0,0
6,10,12,1,IN_PROGRESS,0,0,5,9,0,0,0,0,0
6,11,13,1,IN_PROGRESS,0,0,5,10,0,0,0,0,0
6,12,14,1,IN_PROGRESS,0,10,5,10,2,0,0,1,0
6,13,15,2,IN_PROGRESS,0,6,4,8,0,0,0,0,0
6,14,16,2,IN_PROGRESS,0,8,4,9,0,0,0,0,0
6,15,17,1,IN_PROGRESS,0,0,6,10,0,0,0,0,0
6,16,18,1,IN_PROGRESS,0,0,5,10,0,0,0,0,0
6,17,19,1,IN_PROGRESS,0,6,5,9,2,0,0,1,0
6,18,20,1,IN_PROGRESS,0,0,6,7,0,0,0,0,0
6,19,21,1,IN_PROGRESS,0,11,5,6,2,0,0,1,0
6,20,22,1,IN_PROGRESS,0,0,4,6,0,0,0,0,0
6,21,23,1,IN_PROGRESS,0,10,3,5,2,0,0,1,0
6,22,2,21,IN_PROGRESS,0,5,2,4,0,0,0,0,0
6,23,3,21,IN_PROGRESS,0,6,4,6,0,0,0,0,0
6,24,4,22,IN_PROGRESS,0,0,5,7,0,0,0,0,0
6,25,5,22,IN_PROGRESS,0,10,5,8,2,0,0,1,0
6,26,6,21,IN_PROGRESS,0,8,6,9,0,0,0,0,0
6,27,7,22,IN_PROGRESS,0,0,6,9,0,0,0,0,0
6,28,8,21,IN_PROGRESS,0,7,5,9,0,0,0,0,0
6,29,8,22,IN_PROGRESS,0,5,5,9,0,0,0,0,0
6,30,10,22,IN_PROGRESS,0,0,6,10,0,0,0,0,0
6,31,11,21,IN_PROGRESS,0,5,4,10,0,0,0,0,0
6,32,12,22,IN_PROGRESS,0,0,5,9,0,0,0,0,0
6,33,13,22,IN_PROGRESS,0,0,5,9,0,0,0,0,0
6,34,14,22,IN_PROGRESS,0,0,4,9,0,0,0,0,0
6,35,15,22,IN_PROGRESS,0,0,6,10,0,0,0,0,0
6,36,16,21,IN_PROGRESS,0,6,4,10,0,0,0,0,0
6,37,17,21,IN_PROGRESS,0,4,4,9,0,0,0,0,0
6,38,18,22,IN_PROGRESS,0,0,5,10,0,0,0,0,0
6,39,19,22,IN_PROGRESS,0,6,5,9,2,0,0,1,0
6,40,20,22,IN_PROGRESS,0,8,5,8,2,0,0,1,0
6,41,21,21,IN_PROGRESS,0,5,4,7,0,0,0,0,0
6,42,22,21,IN_PROGRESS,0,7,3,6,0,0,0,0,0
6,43,22,22,IN_PROGRESS,0,19,4,5,0,0,0,0,0
7,0,2,1,IN_PROGRESS,0,0,2,3,0,0,0,0,0
7,1,3,3,IN_PROGRESS,0,7,4,5,0,0,0,0,0
7,2,4,1,IN_PROGRESS,0,0,3,7,0,0,0,0,0
7,3,5,3,IN_PROGRESS,0,8,4,6,0,0,0,0,0
7,4,6,3,IN_PROGRESS,0,4,3,7,0,0,0,0,0
7,5,7,3,IN_PROGRESS,0,7,3,8,0,0,0,0,0
7,6,8,1,IN_PROGRESS,0,0,3,9,0,0,0,0,0
7,7,9,1,IN_PROGRESS,0,0,3,9,0,0,0,0,0
7,8,10,1,IN_PROGRESS,0,8,5,7,3,0,0,1,0
7,9,11,3,IN_PROGRESS,0,7,2,10,0,0,0,0,0
7,10,12,1,IN_PROGRESS,0,0,5,8,0,0,0,0,0
7,11,13,1,IN_PROGRESS,0,0,3,10,0,0,0,0,0
7,12,14,1,IN_PROGRESS,0,10,4,10,3,0,0,1,0
7,13,15,3,IN_PROGRESS,0,5,2,7,0,0,0,0,0
7,14,16,3,IN_PROGRESS,0,7,2,7,0,0,0,0,0
7,15,17,1,IN_PROGRESS,0,0,5,10,0,0,0,0,0
7,16,18,1,IN_PROGRESS,0,0,4,10,0,0,0,0,0
7,17,19,1,IN_PROGRESS,0,6,5,8,3,0,0,1,0
7,18,20,1,IN_PROGRESS,0,0,6,6,0,0,0,0,0
7,19,21,1,IN_PROGRESS,0,11,5,6,3,0,0,1,0
7,20,22,1,IN_PROGRESS,0,0,4,6,0,0,0,0,0
7,21,23,1,IN_PROGRESS,0,10,3,5,3,0,0,1,0
7,22,2,20,IN_PROGRESS,0,4,1,4,0,0,0,0,0
7,23,3,20,IN_PROGRESS,0,5,3,5,0,0,0,0,0
7,24,4,22,IN_PROGRESS,0,0,3,6,0,0,0,0,0
7,25,5,22,IN_PROGRESS,0,10,3,8,3,0,0,1,0
7,26,6,20,IN_PROGRESS,0,7,5,8,0,0,0,0,0
7,27,7,22,IN_PROGRESS,0,0,6,7,0,0,0,0,0
7,28,8,20,IN_PROGRESS,0,6,4,7,0,0,0,0,0
7,29,8,21,IN_PROGRESS,0,4,4,8,0,0,0,0,0
7,30,10,22,IN_PROGRESS,0,0,5,9,0,0,0,0,0
7,31,11,20,IN_PROGRESS,0,4,3,8,0,0,0,0,0
7,32,12,22,IN_PROGRESS,0,0,5,7,0,0,0,0,0
7,33,13,22,IN_PROGRESS,0,0,4,7,0,0,0,0,0
7,34,14,22,IN_PROGRESS,0,0,3,9,0,0,0,0,0
7,35,15,22,IN_PROGRESS,0,0,5,9,0,0,0,0,0
7,36,16,20,IN_PROGRESS,0,5,2,8,0,0,0,0,0
7,37,17,20,IN_PROGRESS,0,3,2,8,0,0,0,0,0
7,38,18,22,IN_PROGRESS,0,0,4,9,0,0,0,0,0
7,39,19,22,IN_PROGRESS,0,6,2,9,3,0,0,1,0
7,40,20,22,IN_PROGRESS,0,8,4,7,3,0,0,1,0
7,41,21,20,IN_PROGRESS,0,4,3,7,0,0,0,0,0
7,42,22,20,IN_PROGRESS,0,6,2,5,0,0,0,0,0
7,43,22,21,IN_PROGRESS,0,18,3,5,0,0,0,0,0
8,0,2,1,IN_PROGRESS,0,0,1,2,0,0,0,0,0
8,1,3,4,IN_PROGRESS,0,6,0,5,0,0,0,0,0
8,2,4,1,IN_PROGRESS,0,0,1,6,0,0,0,0,0
8,3,6,3,IN_PROGRESS,0,7,2,6,0,0,0,0,0
8,4,7,3,IN_PROGRESS,0,3,3,8,0,0,0,0,0
8,5,7,4,IN_PROGRESS,0,6,2,5,0,0,0,0,0
8,6,8,1,IN_PROGRESS,0,0,3,8,0,0,0,0,0
8,7,9,1,IN_PROGRESS,0,0,3,10,0,0,0,0,0
8,8,10,1,IN_PROGRESS,0,8,4,7,4,0,0,1,0
8,9,12,3,IN_PROGRESS,0,6,2,8,0,0,0,0,0
8,10,12,1,IN_PROGRESS,0,0,5,7,0,0,0,0,0
8,11,13,1,IN_PROGRESS,0,0,4,9,0,0,0,0,0
8,12,14,1,IN_PROGRESS,0,10,3,10,4,0,0,1,0
8,13,16,3,IN_PROGRESS,0,4,2,7,0,0,0,0,0
8,14,17,3,IN_PROGRESS,0,6,3,7,0,0,0,0,0
8,15,17,1,IN_PROGRESS,0,0,6,10,0,0,0,0,0
8,16,18,1,IN_PROGRESS,0,0,5,10,0,0,0,0,0
8,17,19,1,IN_PROGRESS,0,6,5,9,4,0,0,1,0
8,18,20,1,IN_PROGRESS,0,0,6,7,0,0,0,0,0
8,19,21,1,IN_PROGRESS,0,11,5,6,4,0,0,1,0
8,20,22,1,IN_PROGRESS,0,0,4,6,0,0,0,0,0
8,21,23,1,IN_PROGRESS,0,10,3,5,4,0,0,1,0
8,22,2,19,IN_PROGRESS,0,3,1,2,0,0,0,0,0
8,23,3,19,IN_PROGRESS,0,4,1,5,0,0,0,0,0
8,24,4,22,IN_PROGRESS,0,0,2,5,0,0,0,0,0
8,25,5,22,IN_PROGRESS,0,10,2,6,4,0,0,1,0
8,26,7,20,IN_PROGRESS,0,6,3,8,0,0,0,0,0
8,27,7,22,IN_PROGRESS,0,0,5,7,0,0,0,0,0
8,28,8,19,IN_PROGRESS,0,5,2,6,0,0,0,0,0
8,29,8,20,IN_PROGRESS,0,3,3,6,0,0,0,0,0
8,30,10,22,IN_PROGRESS,0,0,3,10,0,0,0,0,0
8,31,12,20,IN_PROGRESS,0,3,2,9,0,0,0,0,0
8,32,12,22,IN_PROGRESS,0,0,5,6,0,0,0,0,0
8,33,13,22,IN_PROGRESS,0,0,5,6,0,0,0,0,0
8,34,14,22,IN_PROGRESS,0,0,3,8,0,0,0,0,0
8,35,15,22,IN_PROGRESS,0,0,4,10,0,0,0,0,0
8,36,17,20,IN_PROGRESS,0,4,2,8,0,0,0,0,0
8,37,17,19,IN_PROGRESS,0,2,1,5,0,0,0,0,0
8,38,18,22,IN_PROGRESS,0,0,4,8,0,0,0,0,0
8,39,19,22,IN_PROGRESS,0,6,2,8,4,0,0,1,0
8,40,20,22,IN_PROGRESS,0,8,3,7,4,0,0,1,0
8,41,22,20,IN_PROGRESS,0,3,2,5,0,0,0,0,0
8,42,22,19,IN_PROGRESS,0,5,2,4,0,0,0,0,0
8,43,22,21,IN_PROGRESS,0,18,3,5,1,0,0,0,0
9,0,2,1,IN_PROGRESS,0,0,1,2,0,0,0,0,0
9,1,3,5,IN_PROGRESS,0,5,0,4,0,0,0,0,0
9,2,4,1,IN_PROGRESS,0,0,1,5,0,0,0,0,0
9,3,7,3,IN_PROGRESS,0,6,3,6,0,0,0,0,0
9,4,7,4,IN_PROGRESS,0,2,2,6,0,0,0,0,0
9,5,7,5,IN_PROGRESS,0,5,2,4,0,0,0,0,0
9,6,8,1,IN_PROGRESS,0,0,3,8,0,0,0,0,0
9,7,9,1,IN_PROGRESS,0,0,3,8,0,0,0,0,0
9,8,10,1,IN_PROGRESS,0,8,4,7,5,0,0,1,0
9,9,12,4,IN_PROGRESS,0,5,1,6,0,0,0,0,0
9,10,12,1,IN_PROGRESS,0,0,5,7,0,0,0,0,0
9,11,13,1,IN_PROGRESS,0,0,3,8,0,0,0,0,0
9,12,14,1,IN_PROGRESS,0,10,3,9,5,0,0,1,0
9,13,17,3,IN_PROGRESS,0,3,3,6,0,0,0,0,0
9,14,17,4,IN_PROGRESS,0,5,2,5,0,0,0,0,0
9,15,17,1,IN_PROGRESS,0,0,6,10,0,0,0,0,0
9,16,18,1,IN_PROGRESS,0,0,5,10,0,0,0,0,0
9,17,19,1,IN_PROGRESS,0,6,5,9,5,0,0,1,0
9,18,20,1,IN_PROGRESS,0,0,6,7,0,0,0,0,0
9,19,21,1,IN_PROGRESS,0,11,5,6,5,0,0,1,0
9,20,22,1,IN_PROGRESS,0,0,4,6,0,0,0,0,0
9,21,23,1,IN_PROGRESS,0,10,3,5,5,0,0,1,0
9,22,2,18,IN_PROGRESS,0,2,1,1,0,0,0,0,0
9,23,3,18,IN_PROGRESS,0,3,1,4,0,0,0,0,0
9,24,4,22,IN_PROGRESS,0,0,2,3,0,0,0,0,0
9,25,5,22,IN_PROGRESS,0,10,2,4,5,0,0,1,0
9,26,7,19,IN_PROGRESS,0,5,3,6,0,0,0,0,0
9,27,7,22,IN_PROGRESS,0,0,4,7,0,0,0,0,0
9,28,8,18,IN_PROGRESS,0,4,2,5,0,0,0,0,0
9,29,8,19,IN_PROGRESS,0,2,2,5,0,0,0,0,0
9,30,10,22,IN_PROGRESS,0,0,3,8,0,0,0,0,0
9,31,12,19,IN_PROGRESS,0,2,1,8,0,0,0,0,0
9,32,12,22,IN_PROGRESS,0,0,5,6,0,0,0,0,0
9,33,13,22,IN_PROGRESS,0,0,4,6,0,0,0,0,0
9,34,14,22,IN_PROGRESS,0,0,3,7,0,0,0,0,0
9,35,15,22,IN_PROGRESS,0,0,4,8,0,0,0,0,0
9,36,17,19,IN_PROGRESS,0,3,1,6,0,0,0,0,0
9,37,17,18,IN_PROGRESS,0,1,1,3,0,0,0,0,0
9,38,18,22,IN_PROGRESS,0,0,3,7,0,0,0,0,0
9,39,19,22,IN_PROGRESS,0,6,2,6,5,0,0,1,0
9,40,20,22,IN_PROGRESS,0,8,2,5,5,0,0,1,0
9,41,22,19,IN_PROGRESS,0,2,2,4,0,0,0,0,0
9,42,22,18,IN_PROGRESS,0,4,2,3,0,0,0,0,0
9,43,22,20,IN_PROGRESS,0,17,2,4,0,0,0,0,0
10,0,2,1,IN_PROGRESS,0,0,1,1,0,0,0,0,0
10,1,3,6,IN_PROGRESS,0,4,0,2,0,0,0,0,0
10,2,4,1,IN_PROGRESS,0,0,1,3,0,0,0,0,0
10,3,7,4,IN_PROGRESS,0,5,2,4,0,0,0,0,0
10,4,7,5,IN_PROGRESS,0,1,2,5,0,0,0,0,0
10,5,7,6,IN_PROGRESS,0,4,2,3,0,0,0,0,0
10,6,8,1,IN_PROGRESS,0,0,2,7,0,0,0,0,0
10,7,9,1,IN_PROGRESS,0,0,3,7,0,0,0,0,0
10,8,10,1,IN_PROGRESS,0,8,4,5,6,0,0,1,1
10,9,12,5,IN_PROGRESS,0,4,0,4,0,0,0,0,0
10,10,12,1,IN_PROGRESS,0,0,4,7,0,0,0,0,0
10,11,13,1,IN_PROGRESS,0,0,3,8,0,0,0,0,0
10,12,14,1,IN_PROGRESS,0,10,3,7,6,0,0,1,1
10,13,17,4,IN_PROGRESS,0,2,2,4,0,0,0,0,0
10,14,17,5,IN_PROGRESS,0,4,1,4,0,0,0,0,0
10,15,17,1,IN_PROGRESS,0,0,5,10,0,0,0,0,0
10,16,18,1,IN_PROGRESS,0,0,4,10,0,0,0,0,0
10,17,19,1,IN_PROGRESS,0,6,5,8,6,0,0,1,1
10,18,20,1,IN_PROGRESS,0,0,6,6,0,0,0,0,0
10,19,21,1,IN_PROGRESS,0,11,5,6,6,0,0,1,1
10,20,22,1,IN_PROGRESS,0,0,4,6,0,0,0,0,0
10,21,23,1,IN_PROGRESS,0,10,3,5,6,0,0,1,1
10,22,3,18,IN_PROGRESS,0,1,1,4,0,0,0,0,0
10,23,4,18,IN_PROGRESS,0,2,2,6,0,0,0,0,0
10,24,4,22,IN_PROGRESS,0,0,2,4,0,0,0,0,0
10,25,5,22,IN_PROGRESS,0,10,2,4,6,0,0,1,1
10,26,7,18,IN_PROGRESS,0,4,3,6,0,0,0,0,0
10,27,7,22,IN_PROGRESS,0,0,3,6,0,0,0,0,0
10,28,8,17,IN_PROGRESS,0,3,2,4,0,0,0,0,0
10,29,8,18,IN_PROGRESS,0,1,2,6,0,0,0,0,0
10,30,10,22,IN_PROGRESS,0,0,3,6,0,0,0,0,0
10,31,12,18,IN_PROGRESS,0,1,0,7,0,0,0,0,0
10,32,12,22,IN_PROGRESS,0,0,4,6,0,0,0,0,0
10,33,13,22,IN_PROGRESS,0,0,4,6,0,0,0,0,0
10,34,14,22,IN_PROGRESS,0,0,3,6,0,0,0,0,0
10,35,15,22,IN_PROGRESS,0,0,4,8,0,0,0,0,0
10,36,17,18,IN_PROGRESS,0,2,1,5,0,0,0,0,0
10,37,16,18,IN_PROGRESS,0,0,1,4,0,0,0,0,0
10,38,18,22,IN_PROGRESS,0,0,3,6,0,0,0,0,0
10,39,19,22,IN_PROGRESS,0,6,2,4,6,0,0,1,1
10,40,20,22,IN_PROGRESS,0,8,2,5,6,0,0,1,1
10,41,22,18,IN_PROGRESS,0,1,2,3,0,0,0,0,0
10,42,21,18,IN_PROGRESS,0,3,2,5,0,0,0,0,0
10,43,22,19,IN_PROGRESS,0,16,2,3,0,0,0,0,0
11,0,2,1,IN_PROGRESS,0,0,1,1,0,0,0,0,0
11,1,3,7,IN_PROGRESS,0,3,0,2,0,0,0,0,0
11,2,4,1,IN_PROGRESS,0,0,1,3,0,0,0,0,0
11,3,7,5,IN_PROGRESS,0,4,2,4,0,0,0,0,0
11,4,6,5,IN_PROGRESS,0,0,2,4,0,0,0,0,0
11,5,7,7,IN_PROGRESS,0,3,2,3,0,0,0,0,0
11,6,8,1,IN_PROGRESS,0,0,2,6,0,0,0,0,0
11,7,9,1,IN_PROGRESS,0,0,3,6,0,0,0,0,0
11,8,10,1,IN_PROGRESS,0,8,4,6,7,0,0,1,1
11,9,11,5,IN_PROGRESS,0,3,0,5,0,0,0,0,0
11,10,12,1,IN_PROGRESS,0,0,4,7,0,0,0,0,0
11,11,13,1,IN_PROGRESS,0,0,3,7,0,0,0,0,0
11,12,14,1,IN_PROGRESS,0,10,3,7,7,0,0,1,1
11,13,17,5,IN_PROGRESS,0,1,1,3,0,0,0,0,0
11,14,16,5,IN_PROGRESS,0,3,1,3,0,0,0,0,0
11,15,17,1,IN_PROGRESS,0,0,4,10,0,0,0,0,0
11,16,18,1,IN_PROGRESS,0,0,4,9,0,0,0,0,0
11,17,19,1,IN_PROGRESS,0,6,5,7,7,0,0,1,1
11,18,20,1,IN_PROGRESS,0,0,6,6,0,0,0,0,0
11,19,21,1,IN_PROGRESS,0,11,5,6,7,0,0,1,1
11,20,22,1,IN_PROGRESS,0,0,4,6,0,0,0,0,0
11,21,23,1,IN_PROGRESS,0,10,3,5,7,0,0,1,1
11,22,4,18,IN_PROGRESS,0,0,2,5,0,0,0,0,0
11,23,5,18,IN_PROGRESS,0,1,2,6,0,0,0,0,0
11,24,4,22,IN_PROGRESS,0,0,2,4,0,0,0,0,0
11,25,5,22,IN_PROGRESS,0,10,2,6,7,0,0,1,1
11,26,6,18,IN_PROGRESS,0,3,3,7,0,0,0,0,0
11,27,7,22,IN_PROGRESS,0,0,3,5,0,0,0,0,0
11,28,8,16,IN_PROGRESS,0,2,1,4,0,0,0,0,0
11,29,9,18,IN_PROGRESS,0,0,3,6,0,0,0,0,0
11,30,10,22,IN_PROGRESS,0,0,3,8,0,0,0,0,0
11,31,11,18,IN_PROGRESS,0,0,1,6,0,0,0,0,0
11,32,12,22,IN_PROGRESS,0,0,4,6,0,0,0,0,0
11,33,13,22,IN_PROGRESS,0,0,4,5,0,0,0,0,0
11,34,14,22,IN_PROGRESS,0,0,3,6,0,0,0,0,0
11,35,15,22,IN_PROGRESS,0,0,4,8,0,0,0,0,0
11,36,17,18,IN_PROGRESS,0,2,1,5,1,0,0,0,0
11,37,16,18,IN_PROGRESS,1,0,1,4,0,0,0,0,0
11,38,18,22,IN_PROGRESS,0,0,3,6,0,0,0,0,0
11,39,19,22,IN_PROGRESS,0,6,2,4,7,0,0,1,1
11,40,20,22,IN_PROGRESS,0,8,2,4,7,0,0,1,1
11,41,21,18,IN_PROGRESS,0,0,2,5,0,0,0,0,0
11,42,21,17,IN_PROGRESS,0,2,2,3,0,0,0,0,0
11,43,22,18,IN_PROGRESS,0,15,2,3,0,0,0,0,0
12,0,2,1,IN_PROGRESS,0,0,1,1,0,0,0,0,0
12,1,3,8,IN_PROGRESS,0,2,0,1,0,0,0,0,0
12,2,4,1,IN_PROGRESS,0,0,1,3,0,0,0,0,0
12,3,7,5,IN_PROGRESS,0,4,2,4,1,0,0,0,0
12,4,6,5,IN_PROGRESS,1,0,1,2,0,0,0,0,0
12,5,7,8,IN_PROGRESS,0,2,1,3,0,0,0,0,0
12,6,8,1,IN_PROGRESS,0,0,2,6,0,0,0,0,0
12,7,9,1,IN_PROGRESS,0,0,3,6,0,0,0,0,0
12,8,10,1,IN_PROGRESS,0,8,4,5,8,0,0,1,1
12,9,11,6,IN_PROGRESS,0,2,0,2,0,0,0,0,0
12,10,12,1,IN_PROGRESS,0,0,4,6,0,0,0,0,0
12,11,13,1,IN_PROGRESS,0,0,3,7,0,0,0,0,0
12,12,14,1,IN_PROGRESS,0,10,3,7,8,0,0,1,1
12,13,16,5,IN_PROGRESS,0,0,1,2,0,0,0,0,0
12,14,16,6,IN_PROGRESS,0,2,1,2,0,0,0,0,0
12,15,17,1,IN_PROGRESS,0,0,4,9,0,0,0,0,0
12,16,18,1,IN_PROGRESS,0,0,4,8,0,0,0,0,0
12,17,19,1,IN_PROGRESS,0,6,5,7,8,0,0,1,1
12,18,20,1,IN_PROGRESS,0,0,6,6,0,0,0,0,0
12,19,21,1,IN_PROGRESS,0,11,5,6,8,0,0,1,1
12,20,22,1,IN_PROGRESS,0,0,4,6,0,0,0,0,0
12,21,23,1,IN_PROGRESS,0,10,3,5,8,0,0,1,1
12,22,4,18,IN_PROGRESS,1,0,2,5,0,0,0,0,0
12,23,6,18,IN_PROGRESS,0,0,3,7,0,0,0,0,0
12,24,4,22,IN_PROGRESS,0,0,2,3,0,0,0,0,0
12,25,5,22,IN_PROGRESS,0,10,2,5,8,0,0,1,1
12,26,6,17,IN_PROGRESS,0,2,2,4,0,0,0,0,0
12,27,7,22,IN_PROGRESS,0,0,3,5,0,0,0,0,0
12,28,8,15,IN_PROGRESS,0,1,0,3,0,0,0,0,0
12,29,9,18,IN_PROGRESS,1,0,2,6,0,0,0,0,0
12,30,10,22,IN_PROGRESS,0,0,3,8,0,0,0,0,0
12,31,11,18,IN_PROGRESS,1,0,1,5,0,0,0,0,0
12,32,12,22,IN_PROGRESS,0,0,4,6,0,0,0,0,0
12,33,13,22,IN_PROGRESS,0,0,4,5,0,0,0,0,0
12,34,14,22,IN_PROGRESS,0,0,3,6,0,0,0,0,0
12,35,15,22,IN_PROGRESS,0,0,4,8,0,0,0,0,0
12,36,17,18,IN_PROGRESS,0,2,1,3,2,0,0,1,0
12,37,16,18,IN_PROGRESS,1,10,1,4,1,0,0,0,0
12,38,18,22,IN_PROGRESS,0,6,3,6,1,0,0,0,0
12,39,19,22,IN_PROGRESS,0,6,2,4,8,0,0,1,1
12,40,20,22,IN_PROGRESS,0,8,2,4,8,0,0,1,1
12,41,21,18,IN_PROGRESS,1,0,2,5,0,0,0,0,0
12,42,21,16,IN_PROGRESS,0,1,2,2,0,0,0,0,0
12,43,22,17,IN_PROGRESS,0,14,2,2,0,0,0,0,0
13,0,2,1,IN_PROGRESS,0,0,1,1,0,0,0,0,0
13,1,4,8,IN_PROGRESS,0,1,0,2,0,0,0,0,0
13,2,4,1,IN_PROGRESS,0,0,1,3,0,0,0,0,0
13,3,7,5,IN_PROGRESS,0,4,1,3,2,0,0,1,0
13,4,6,5,IN_PROGRESS,1,9,1,3,1,0,0,0,0
13,5,8,8,IN_PROGRESS,0,1,0,4,0,0,0,0,0
13,6,8,1,IN_PROGRESS,0,0,2,6,0,0,0,0,0
13,7,9,1,IN_PROGRESS,0,0,3,6,0,0,0,0,0
13,8,10,1,IN_PROGRESS,0,8,4,5,9,0,0,1,1
13,9,11,7,IN_PROGRESS,0,1,0,2,0,0,0,0,0
13,10,12,1,IN_PROGRESS,0,0,4,6,0,0,0,0,0
13,11,13,1,IN_PROGRESS,0,0,3,7,0,0,0,0,0
13,12,14,1,IN_PROGRESS,0,10,3,7,9,0,0,1,1
13,13,16,5,IN_PROGRESS,1,0,1,2,0,0,0,0,0
13,14,16,7,IN_PROGRESS,0,1,1,2,0,0,0,0,0
13,15,17,1,IN_PROGRESS,0,0,4,9,0,0,0,0,0
13,16,18,1,IN_PROGRESS,0,0,4,8,0,0,0,0,0
13,17,19,1,IN_PROGRESS,0,6,5,7,9,0,0,1,1
13,18,20,1,IN_PROGRESS,0,0,6,6,0,0,0,0,0
13,19,21,1,IN_PROGRESS,0,11,5,6,9,0,0,1,1
13,20,22,1,IN_PROGRESS,0,0,4,6,0,0,0,0,0
13,21,23,1,IN_PROGRESS,0,10,3,5,9,0,0,1,1
13,22,4,18,IN_PROGRESS,1,25,1,5,1,0,0,0,0
13,23,6,18,IN_PROGRESS,1,0,3,6,0,0,0,0,0
13,24,4,22,IN_PROGRESS,0,0,2,3,0,0,0,0,0
13,25,5,22,IN_PROGRESS,0,10,2,5,9,0,0,1,1
13,26,6,16,IN_PROGRESS,0,1,1,4,0,0,0,0,0
13,27,7,22,IN_PROGRESS,0,6,3,5,1,0,0,0,0
13,28,9,15,IN_PROGRESS,0,0,1,3,0,0,0,0,0
13,29,9,18,IN_PROGRESS,1,29,3,6,1,0,0,0,0
13,30,10,22,IN_PROGRESS,0,0,3,8,0,0,0,0,0
13,31,11,18,IN_PROGRESS,1,24,1,6,1,0,0,0,0
13,32,12,22,IN_PROGRESS,0,0,4,7,0,0,0,0,0
13,33,13,22,IN_PROGRESS,0,0,4,6,0,0,0,0,0
13,34,14,22,IN_PROGRESS,0,0,4,7,0,0,0,0,0
13,35,15,22,IN_PROGRESS,0,0,5,8,0,0,0,0,0
13,36,16,18,IN_PROGRESS,0,1,1,5,0,0,0,0,0
13,37,16,17,IN_PROGRESS,1,9,1,1,0,0,0,0,0
13,38,17,22,IN_PROGRESS,0,5,4,7,0,0,0,0,0
13,39,18,22,IN_PROGRESS,0,5,3,5,0,0,0,0,0
13,40,19,22,IN_PROGRESS,0,7,2,4,0,0,0,0,0
13,41,21,18,IN_PROGRESS,1,23,2,3,1,0,0,0,0
13,42,21,15,IN_PROGRESS,0,0,2,2,0,0,0,0,0
13,43,22,16,IN_PROGRESS,0,13,2,2,0,0,0,0,0
14,0,2,1,IN_PROGRESS,0,0,1,1,0,0,0,0,0
14,1,5,8,IN_PROGRESS,0,0,1,3,0,0,0,0,0
14,2,4,1,IN_PROGRESS,0,0,1,4,0,0,0,0,0
14,3,6,5,IN_PROGRESS,0,3,1,2,0,0,0,0,0
14,4,5,5,IN_PROGRESS,1,8,2,3,0,0,0,0,0
14,5,9,8,IN_PROGRESS,0,0,1,2,0,0,0,0,0
14,6,8,1,IN_PROGRESS,0,0,2,5,0,0,0,0,0
14,7,9,1,IN_PROGRESS,0,0,3,6,0,0,0,0,0
14,8,10,1,IN_PROGRESS,0,8,4,5,10,0,0,1,1
14,9,11,8,IN_PROGRESS,0,0,1,2,0,0,0,0,0
14,10,12,1,IN_PROGRESS,0,0,4,6,0,0,0,0,0
14,11,13,1,IN_PROGRESS,0,0,3,7,0,0,0,0,0
14,12,14,1,IN_PROGRESS,0,10,3,7,10,0,0,1,1
14,13,16,5,IN_PROGRESS,1,12,1,2,1,0,0,0,0
14,14,16,8,IN_PROGRESS,0,0,1,2,0,0,0,0,0
14,15,17,1,IN_PROGRESS,0,0,4,9,0,0,0,0,0
14,16,18,1,IN_PROGRESS,0,0,4,8,0,0,0,0,0
14,17,19,1,IN_PROGRESS,0,6,5,7,10,0,0,1,1
14,18,20,1,IN_PROGRESS,0,0,6,6,0,0,0,0,0
14,19,21,1,IN_PROGRESS,0,11,5,6,10,0,0,1,1
14,20,22,1,IN_PROGRESS,0,0,4,6,0,0,0,0,0
14,21,23,1,IN_PROGRESS,0,10,3,5,10,0,0,1,1
14,22,4,17,IN_PROGRESS,1,24,1,4,0,0,0,0,0
14,23,6,18,IN_PROGRESS,1,16,2,6,1,0,0,0,0
14,24,4,22,IN_PROGRESS,0,0,1,3,0,0,0,0,0
14,25,5,22,IN_PROGRESS,0,10,2,4,10,0,0,1,1
14,26,6,15,IN_PROGRESS,0,0,2,4,0,0,0,0,0
14,27,7,21,IN_PROGRESS,0,5,1,4,0,0,0,0,0
14,28,9,15,IN_PROGRESS,1,0,2,3,0,0,0,0,0
14,29,9,17,IN_PROGRESS,1,28,2,5,0,0,0,0,0
14,30,10,22,IN_PROGRESS,0,7,2,7,1,0,0,0,0
14,31,10,18,IN_PROGRESS,1,23,1,5,0,0,0,0,0
14,32,12,22,IN_PROGRESS,0,0,4,4,0,0,0,0,0
14,33,13,22,IN_PROGRESS,0,0,4,6,0,0,0,0,0
14,34,14,22,IN_PROGRESS,0,0,3,8,0,0,0,0,0
14,35,15,22,IN_PROGRESS,0,0,5,8,0,0,0,0,0
14,36,15,18,IN_PROGRESS,0,0,1,6,0,0,0,0,0
14,37,16,16,IN_PROGRESS,1,8,1,1,0,0,0,0,0
14,38,17,21,IN_PROGRESS,0,4,3,6,0,0,0,0,0
14,39,18,21,IN_PROGRESS,0,4,2,5,0,0,0,0,0
14,40,18,22,IN_PROGRESS,0,6,3,5,0,0,0,0,0
14,41,20,18,IN_PROGRESS,1,22,0,4,0,0,0,0,0
14,42,21,15,IN_PROGRESS,1,0,1,2,0,0,0,0,0
14,43,22,15,IN_PROGRESS,0,12,1,2,0,0,0,0,0
15,0,2,1,IN_PROGRESS,0,0,1,1,0,0,0,0,0
15,1,5,8,IN_PROGRESS,1,0,1,3,0,0,0,0,0
15,2,4,1,IN_PROGRESS,0,0,1,4,0,0,0,0,0
15,3,6,6,IN_PROGRESS,0,2,2,3,0,0,0,0,0
15,4,4,5,IN_PROGRESS,1,7,1,3,0,0,0,0,0
15,5,9,8,IN_PROGRESS,1,0,1,3,0,0,0,0,0
15,6,8,1,IN_PROGRESS,0,0,2,5,0,0,0,0,0
15,7,9,1,IN_PROGRESS,0,0,3,6,0,0,0,0,0
15,8,10,1,IN_PROGRESS,0,8,4,5,11,0,0,1,1
15,9,11,8,IN_PROGRESS,1,0,1,2,0,0,0,0,0
15,10,12,1,IN_PROGRESS,0,0,4,6,0,0,0,0,0
15,11,13,1,IN_PROGRESS,0,0,3,7,0,0,0,0,0
15,12,14,1,IN_PROGRESS,0,10,3,8,11,0,0,1,1
15,13,15,5,IN_PROGRESS,1,11,0,2,0,0,0,0,0
15,14,16,8,IN_PROGRESS,1,0,0,2,0,0,0,0,0
15,15,17,1,IN_PROGRESS,0,5,4,8,1,0,0,0,0
15,16,18,1,IN_PROGRESS,0,0,4,8,0,0,0,0,0
15,17,19,1,IN_PROGRESS,0,6,5,7,11,0,0,1,1
15,18,20,1,IN_PROGRESS,0,0,6,6,0,0,0,0,0
15,19,21,1,IN_PROGRESS,0,11,5,6,11,0,0,1,1
15,20,22,1,IN_PROGRESS,0,0,4,6,0,0,0,0,0
15,21,23,1,IN_PROGRESS,0,10,3,5,11,0,0,1,1
15,22,4,16,IN_PROGRESS,1,23,2,3,0,0,0,0,0
15,23,6,17,IN_PROGRESS,1,15,2,6,0,0,0,0,0
15,24,4,22,IN_PROGRESS,0,0,1,2,0,0,0,0,0
15,25,5,22,IN_PROGRESS,0,10,1,2,11,0,0,1,1
15,26,6,15,IN_PROGRESS,1,0,3,4,0,0,0,0,0
15,27,7,20,IN_PROGRESS,0,4,0,5,0,0,0,0,0
15,28,9,15,IN_PROGRESS,1,0,3,4,0,0,0,0,0
15,29,9,16,IN_PROGRESS,1,27,2,5,0,0,0,0,0
15,30,10,21,IN_PROGRESS,0,6,1,5,0,0,0,0,0
15,31,9,18,IN_PROGRESS,1,22,2,5,0,0,0,0,0
15,32,12,22,IN_PROGRESS,0,0,4,4,0,0,0,0,0
15,33,13,22,IN_PROGRESS,0,0,3,4,0,0,0,0,0
15,34,14,22,IN_PROGRESS,0,0,3,7,0,0,0,0,0
15,35,15,22,IN_PROGRESS,0,0,3,7,0,0,0,0,0
15,36,15,18,IN_PROGRESS,1,0,0,6,0,0,0,0,0
15,37,16,15,IN_PROGRESS,1,7,0,2,0,0,0,0,0
15,38,17,20,IN_PROGRESS,0,3,2,6,0,0,0,0,0
15,39,18,20,IN_PROGRESS,0,3,3,5,0,0,0,0,0
15,40,18,21,IN_PROGRESS,0,5,2,5,0,0,0,0,0
15,41,19,18,IN_PROGRESS,1,21,1,5,0,0,0,0,0
15,42,21,15,IN_PROGRESS,1,0,1,3,0,0,0,0,0
15,43,22,14,IN_PROGRESS,0,11,1,1,0,0,0,0,0
16,0,2,1,IN_PROGRESS,0,0,1,2,0,0,0,0,0
16,1,5,8,IN_PROGRESS,1,8,1,3,1,0,0,0,0
16,2,4,1,IN_PROGRESS,0,0,1,4,0,0,0,0,0
16,3,6,7,IN_PROGRESS,0,1,1,3,0,0,0,0,0
16,4,3,5,IN_PROGRESS,1,6,0,4,0,0,0,0,0
16,5,9,8,IN_PROGRESS,1,0,1,3,0,0,0,0,0
16,6,8,1,IN_PROGRESS,0,0,2,5,0,0,0,0,0
16,7,9,1,IN_PROGRESS,0,0,3,6,0,0,0,0,0
16,8,10,1,IN_PROGRESS,0,8,4,5,12,0,0,1,1
16,9,11,8,IN_PROGRESS,1,0,1,2,0,0,0,0,0
16,10,12,1,IN_PROGRESS,0,0,4,5,0,0,0,0,0
16,11,13,1,IN_PROGRESS,0,0,3,8,0,0,0,0,0
16,12,14,1,IN_PROGRESS,0,10,2,8,12,0,0,1,1
16,13,14,5,IN_PROGRESS,1,10,0,3,0,0,0,0,0
16,14,16,8,IN_PROGRESS,1,0,0,2,0,0,0,0,0
16,15,17,2,IN_PROGRESS,0,4,2,6,0,0,0,0,0
16,16,18,1,IN_PROGRESS,0,0,4,8,0,0,0,0,0
16,17,19,1,IN_PROGRESS,0,6,5,7,12,0,0,1,1
16,18,20,1,IN_PROGRESS,0,0,5,6,0,0,0,0,0
16,19,21,1,IN_PROGRESS,0,11,5,6,12,0,0,1,1
16,20,22,1,IN_PROGRESS,0,0,4,5,0,0,0,0,0
16,21,23,1,IN_PROGRESS,0,10,3,5,12,0,0,1,1
16,22,4,15,IN_PROGRESS,1,22,2,3,0,0,0,0,0
16,23,6,16,IN_PROGRESS,1,14,3,6,0,0,0,0,0
16,24,4,22,IN_PROGRESS,0,0,1,1,0,0,0,0,0
16,25,5,22,IN_PROGRESS,0,10,1,2,12,0,0,1,1
16,26,6,15,IN_PROGRESS,1,24,3,6,1,0,0,0,0
16,27,7,19,IN_PROGRESS,0,3,1,6,0,0,0,0,0
16,28,9,15,IN_PROGRESS,1,0,2,5,0,0,0,0,0
16,29,9,16,IN_PROGRESS,1,27,3,6,1,0,0,0,0
16,30,10,20,IN_PROGRESS,0,5,0,5,0,0,0,0,0
16,31,8,18,IN_PROGRESS,1,21,2,6,0,0,0,0,0
16,32,12,22,IN_PROGRESS,0,0,3,4,0,0,0,0,0
16,33,13,22,IN_PROGRESS,0,0,3,4,0,0,0,0,0
16,34,14,22,IN_PROGRESS,0,0,3,4,0,0,0,0,0
16,35,15,22,IN_PROGRESS,0,0,3,6,0,0,0,0,0
16,36,15,18,IN_PROGRESS,1,0,2,7,0,0,0,0,0
16,37,17,15,IN_PROGRESS,1,6,0,5,0,0,0,0,0
16,38,17,19,IN_PROGRESS,0,2,4,6,0,0,0,0,0
16,39,18,19,IN_PROGRESS,0,2,3,5,0,0,0,0,0
16,40,18,20,IN_PROGRESS,0,4,3,5,0,0,0,0,0
16,41,18,18,IN_PROGRESS,1,20,4,5,0,0,0,0,0
16,42,21,15,IN_PROGRESS,1,0,1,2,0,0,0,0,0
16,43,22,13,IN_PROGRESS,0,10,1,1,0,0,0,0,0
17,0,2,1,IN_PROGRESS,0,0,1,2,0,0,0,0,0
17,1,4,8,IN_PROGRESS,1,7,1,3,0,0,0,0,0
17,2,4,1,IN_PROGRESS,0,0,1,3,0,0,0,0,0
17,3,6,8,IN_PROGRESS,0,0,2,3,0,0,0,0,0
17,4,2,5,IN_PROGRESS,1,5,0,2,0,0,0,0,0
17,5,9,8,IN_PROGRESS,1,0,2,3,0,0,0,0,0
17,6,8,1,IN_PROGRESS,0,0,2,5,0,0,0,0,0
17,7,9,1,IN_PROGRESS,0,0,3,6,0,0,0,0,0
17,8,10,1,IN_PROGRESS,0,8,4,5,13,0,0,1,1
17,9,11,8,IN_PROGRESS,1,0,1,4,0,0,0,0,0
17,10,12,1,IN_PROGRESS,0,0,4,6,0,0,0,0,0
17,11,13,1,IN_PROGRESS,0,0,3,7,0,0,0,0,0
17,12,14,1,IN_PROGRESS,0,10,2,8,13,0,0,1,1
17,13,13,5,IN_PROGRESS,1,9,0,4,0,0,0,0,0
17,14,16,8,IN_PROGRESS,1,0,0,1,0,0,0,0,0
17,15,17,3,IN_PROGRESS,0,3,1,4,0,0,0,0,0
17,16,18,1,IN_PROGRESS,0,0,4,8,0,0,0,0,0
17,17,19,1,IN_PROGRESS,0,6,4,7,13,0,0,1,1
17,18,20,1,IN_PROGRESS,0,0,5,6,0,0,0,0,0
17,19,21,1,IN_PROGRESS,0,11,5,5,13,0,0,1,1
17,20,22,1,IN_PROGRESS,0,0,4,5,0,0,0,0,0
17,21,23,1,IN_PROGRESS,0,10,3,5,13,0,0,1,1
17,22,5,15,IN_PROGRESS,1,21,2,5,0,0,0,0,0
17,23,6,15,IN_PROGRESS,1,13,3,6,0,0,0,0,0
17,24,4,22,IN_PROGRESS,0,0,1,1,0,0,0,0,0
17,25,5,22,IN_PROGRESS,0,10,1,1,13,0,0,1,1
17,26,7,15,IN_PROGRESS,1,23,5,6,0,0,0,0,0
17,27,7,18,IN_PROGRESS,0,2,2,6,0,0,0,0,0
17,28,9,15,IN_PROGRESS,1,0,3,6,0,0,0,0,0
17,29,9,16,IN_PROGRESS,1,27,3,6,2,0,0,1,0
17,30,11,20,IN_PROGRESS,0,4,1,4,0,0,0,0,0
17,31,8,18,IN_PROGRESS,1,21,2,6,1,0,0,0,0
17,32,12,22,IN_PROGRESS,0,0,4,4,0,0,0,0,0
17,33,13,22,IN_PROGRESS,0,0,3,4,0,0,0,0,0
17,34,14,22,IN_PROGRESS,0,0,3,5,0,0,0,0,0
17,35,15,22,IN_PROGRESS,0,0,3,5,0,0,0,0,0
17,36,15,18,IN_PROGRESS,1,0,3,6,0,0,0,0,0
17,37,17,14,IN_PROGRESS,1,5,0,4,0,0,0,0,0
17,38,17,19,IN_PROGRESS,0,2,4,6,1,0,0,0,0
17,39,18,18,IN_PROGRESS,0,1,4,5,0,0,0,0,0
17,40,18,19,IN_PROGRESS,0,3,3,4,0,0,0,0,0
17,41,17,18,IN_PROGRESS,1,19,4,5,0,0,0,0,0
17,42,21,15,IN_PROGRESS,1,0,0,2,0,0,0,0,0
17,43,22,12,IN_PROGRESS,0,9,0,1,0,0,0,0,0
18,0,2,1,IN_PROGRESS,0,0,1,2,0,0,0,0,0
18,1,3,8,IN_PROGRESS,1,6,1,2,0,0,0,0,0
18,2,4,1,IN_PROGRESS,0,0,1,3,0,0,0,0,0
18,3,6,8,IN_PROGRESS,1,0,2,3,0,0,0,0,0
18,4,1,5,IN_PROGRESS,1,4,0,2,0,0,0,0,0
18,5,9,8,IN_PROGRESS,1,0,2,2,0,0,0,0,0
18,6,8,1,IN_PROGRESS,0,0,2,5,0,0,0,0,0
18,7,9,1,IN_PROGRESS,0,0,3,6,0,0,0,0,0
18,8,10,1,IN_PROGRESS,0,8,4,5,14,0,0,1,1
18,9,11,8,IN_PROGRESS,1,0,1,4,0,0,0,0,0
18,10,12,1,IN_PROGRESS,0,0,4,6,0,0,0,0,0
18,11,13,1,IN_PROGRESS,0,0,3,7,0,0,0,0,0
18,12,14,1,IN_PROGRESS,0,10,2,6,14,0,0,1,1
18,13,12,5,IN_PROGRESS,1,8,0,3,0,0,0,0,0
18,14,16,8,IN_PROGRESS,1,0,0,2,0,0,0,0,0
18,15,17,4,IN_PROGRESS,0,2,0,3,0,0,0,0,0
18,16,18,1,IN_PROGRESS,0,0,3,8,0,0,0,0,0
18,17,19,1,IN_PROGRESS,0,6,4,7,14,0,0,1,1
18,18,20,1,IN_PROGRESS,0,0,5,5,0,0,0,0,0
18,19,21,1,IN_PROGRESS,0,11,5,5,14,0,0,1,1
18,20,22,1,IN_PROGRESS,0,0,4,5,0,0,0,0,0
18,21,23,1,IN_PROGRESS,0,10,3,5,14,0,0,1,1
18,22,6,15,IN_PROGRESS,1,20,3,6,0,0,0,0,0
18,23,7,15,IN_PROGRESS,1,12,5,6,0,0,0,0,0
18,24,4,22,IN_PROGRESS,0,0,1,1,0,0,0,0,0
18,25,5,22,IN_PROGRESS,0,10,1,1,14,0,0,1,1
18,26,7,14,IN_PROGRESS,1,22,3,6,0,0,0,0,0
18,27,7,18,IN_PROGRESS,0,2,2,6,1,0,0,0,0
18,28,9,15,IN_PROGRESS,1,0,4,6,0,0,0,0,0
18,29,9,16,IN_PROGRESS,1,27,3,6,3,0,0,1,0
18,30,12,20,IN_PROGRESS,0,3,2,5,0,0,0,0,0
18,31,8,18,IN_PROGRESS,1,21,2,6,2,0,0,1,0
18,32,12,22,IN_PROGRESS,0,0,4,4,0,0,0,0,0
18,33,13,22,IN_PROGRESS,0,0,4,4,0,0,0,0,0
18,34,14,22,IN_PROGRESS,0,0,3,5,0,0,0,0,0
18,35,15,22,IN_PROGRESS,0,0,3,6,0,0,0,0,0
18,36,15,18,IN_PROGRESS,1,0,3,7,0,0,0,0,0
18,37,17,13,IN_PROGRESS,1,4,0,1,0,0,0,0,0
18,38,17,18,IN_PROGRESS,0,1,4,5,0,0,0,0,0
18,39,19,18,IN_PROGRESS,0,0,3,5,0,0,0,0,0
18,40,18,18,IN_PROGRESS,0,2,4,4,0,0,0,0,0
18,41,16,18,IN_PROGRESS,1,18,4,5,0,0,0,0,0
18,42,21,15,IN_PROGRESS,1,0,0,2,0,0,0,0,0
18,43,22,11,IN_PROGRESS,0,8,0,1,0,0,0,0,0
19,0,2,1,IN_PROGRESS,0,0,1,1,0,0,0,0,0
19,1,3,9,IN_PROGRESS,1,5,0,2,0,0,0,0,0
19,2,4,1,IN_PROGRESS,0,0,1,3,0,0,0,0,0
19,3,6,8,IN_PROGRESS,1,6,1,3,1,0,0,0,0
19,4,1,6,IN_PROGRESS,1,3,0,1,0,0,0,0,0
19,5,9,8,IN_PROGRESS,1,0,2,3,0,0,0,0,0
19,6,8,1,IN_PROGRESS,0,0,2,5,0,0,0,0,0
19,7,9,1,IN_PROGRESS,0,0,3,6,0,0,0,0,0
19,8,10,1,IN_PROGRESS,0,8,4,5,15,0,0,1,1
19,9,11,8,IN_PROGRESS,1,0,2,4,0,0,0,0,0
19,10,12,1,IN_PROGRESS,0,0,4,6,0,0,0,0,0
19,11,13,1,IN_PROGRESS,0,0,3,6,0,0,0,0,0
19,12,14,1,IN_PROGRESS,0,10,2,6,15,0,0,1,1
19,13,12,6,IN_PROGRESS,1,7,1,3,0,0,0,0,0
19,14,16,8,IN_PROGRESS,1,0,0,3,0,0,0,0,0
19,15,17,5,IN_PROGRESS,0,1,0,2,0,0,0,0,0
19,16,18,1,IN_PROGRESS,0,0,3,8,0,0,0,0,0
19,17,19,1,IN_PROGRESS,0,6,4,6,15,0,0,1,1
19,18,20,1,IN_PROGRESS,0,0,5,5,0,0,0,0,0
19,19,21,1,IN_PROGRESS,0,11,5,5,15,0,0,1,1
19,20,22,1,IN_PROGRESS,0,0,4,5,0,0,0,0,0
19,21,23,1,IN_PROGRESS,0,10,3,5,15,0,0,1,1
19,22,7,15,IN_PROGRESS,1,19,5,6,0,0,0,0,0
19,23,7,14,IN_PROGRESS,1,11,3,6,0,0,0,0,0
19,24,4,22,IN_PROGRESS,0,0,1,1,0,0,0,0,0
19,25,5,22,IN_PROGRESS,0,10,1,1,15,0,0,1,1
19,26,7,13,IN_PROGRESS,1,21,2,5,0,0,0,0,0
19,27,7,18,IN_PROGRESS,0,2,2,6,2,0,0,1,0
19,28,9,15,IN_PROGRESS,1,0,3,6,0,0,0,0,0
19,29,9,16,IN_PROGRESS,1,27,3,6,4,0,0,1,0
19,30,12,19,IN_PROGRESS,0,2,1,6,0,0,0,0,0
19,31,8,18,IN_PROGRESS,1,21,2,6,3,0,0,1,0
19,32,12,22,IN_PROGRESS,0,0,4,4,0,0,0,0,0
19,33,13,22,IN_PROGRESS,0,0,3,4,0,0,0,0,0
19,34,14,22,IN_PROGRESS,0,0,3,5,0,0,0,0,0
19,35,15,22,IN_PROGRESS,0,0,3,5,0,0,0,0,0
19,36,15,18,IN_PROGRESS,1,0,3,7,0,0,0,0,0
19,37,16,13,IN_PROGRESS,1,3,0,2,0,0,0,0,0
19,38,17,18,IN_PROGRESS,0,1,4,4,1,0,0,0,0
19,39,19,18,IN_PROGRESS,1,0,3,5,0,0,0,0,0
19,40,18,18,IN_PROGRESS,0,2,4,4,1,0,0,0,0
19,41,16,18,IN_PROGRESS,1,18,4,7,1,0,0,0,0
19,42,21,15,IN_PROGRESS,1,0,0,1,0,0,0,0,0
19,43,22,10,IN_PROGRESS,0,7,0,0,0,0,0,0,0
20,0,2,1,IN_PROGRESS,0,0,1,1,0,0,0,0,0
20,1,3,10,IN_PROGRESS,1,4,0,2,0,0,0,0,0
20,2,4,1,IN_PROGRESS,0,11,1,3,1,0,0,0,0
20,3,5,8,IN_PROGRESS,1,5,0,3,0,0,0,0,0
20,4,1,7,IN_PROGRESS,1,2,0,2,0,0,0,0,0
20,5,9,8,IN_PROGRESS,1,0,1,3,0,0,0,0,0
20,6,8,1,IN_PROGRESS,0,0,2,5,0,0,0,0,0
20,7,9,1,IN_PROGRESS,0,0,3,6,0,0,0,0,0
20,8,10,1,IN_PROGRESS,0,8,4,5,16,0,0,1,1
20,9,11,8,IN_PROGRESS,1,0,2,3,0,0,0,0,0
20,10,12,1,IN_PROGRESS,0,0,4,5,0,0,0,0,0
20,11,13,1,IN_PROGRESS,0,0,3,6,0,0,0,0,0
20,12,14,1,IN_PROGRESS,0,10,2,6,16,0,0,1,1
20,13,12,7,IN_PROGRESS,1,6,1,3,0,0,0,0,0
20,14,16,8,IN_PROGRESS,1,0,1,4,0,0,0,0,0
20,15,16,5,IN_PROGRESS,0,0,1,1,0,0,0,0,0
20,16,18,1,IN_PROGRESS,0,0,3,7,0,0,0,0,0
20,17,19,1,IN_PROGRESS,0,6,4,6,16,0,0,1,1
20,18,20,1,IN_PROGRESS,0,0,5,5,0,0,0,0,0
20,19,21,1,IN_PROGRESS,0,11,5,5,16,0,0,1,1
20,20,22,1,IN_PROGRESS,0,0,4,5,0,0,0,0,0
20,21,23,1,IN_PROGRESS,0,10,3,5,16,0,0,1,1
20,22,7,14,IN_PROGRESS,1,18,3,6,0,0,0,0,0
20,23,7,13,IN_PROGRESS,1,10,2,5,0,0,0,0,0
20,24,4,22,IN_PROGRESS,0,0,1,1,0,0,0,0,0
20,25,5,22,IN_PROGRESS,0,10,1,1,16,0,0,1,1
20,26,7,12,IN_PROGRESS,1,20,2,3,0,0,0,0,0
20,27,7,18,IN_PROGRESS,0,2,1,6,3,0,0,1,0
20,28,9,15,IN_PROGRESS,1,0,2,6,0,0,0,0,0
20,29,9,16,IN_PROGRESS,1,27,2,6,5,0,0,1,0
20,30,12,18,IN_PROGRESS,0,1,1,8,0,0,0,0,0
20,31,8,18,IN_PROGRESS,1,21,2,5,4,0,0,1,0
20,32,12,22,IN_PROGRESS,0,0,3,4,0,0,0,0,0
20,33,13,22,IN_PROGRESS,0,0,3,4,0,0,0,0,0
20,34,14,22,IN_PROGRESS,0,0,3,4,0,0,0,0,0
20,35,15,22,IN_PROGRESS,0,0,3,5,0,0,0,0,0
20,36,15,18,IN_PROGRESS,1,0,4,7,0,0,0,0,0
20,37,16,12,IN_PROGRESS,1,2,0,1,0,0,0,0,0
20,38,17,18,IN_PROGRESS,0,1,4,5,2,0,0,1,0
20,39,19,18,IN_PROGRESS,1,0,3,5,0,0,0,0,0
20,40,18,18,IN_PROGRESS,0,2,4,4,2,0,0,1,0
20,41,16,18,IN_PROGRESS,1,18,4,6,2,0,0,1,0
20,42,21,15,IN_PROGRESS,1,0,0,1,0,0,0,0,0
20,43,22,9,IN_PROGRESS,0,6,0,0,0,0,0,0,0
21,0,2,1,IN_PROGRESS,0,0,1,1,0,0,0,0,0
21,1,3,11,IN_PROGRESS,1,3,0,4,0,0,0,0,0
21,2,3,1,IN_PROGRESS,0,10,1,2,0,0,0,0,0
21,3,4,8,IN_PROGRESS,1,4,1,3,0,0,0,0,0
21,4,1,8,IN_PROGRESS,1,1,1,2,0,0,0,0,0
21,5,9,8,IN_PROGRESS,1,0,2,4,0,0,0,0,0
21,6,8,1,IN_PROGRESS,0,0,2,5,0,0,0,0,0
21,7,9,1,IN_PROGRESS,0,0,3,5,0,0,0,0,0
21,8,10,1,IN_PROGRESS,0,8,4,5,17,0,0,1,1
21,9,11,8,IN_PROGRESS,1,0,2,3,0,0,0,0,0
21,10,12,1,IN_PROGRESS,0,0,4,5,0,0,0,0,0
21,11,13,1,IN_PROGRESS,0,0,3,6,0,0,0,0,0
21,12,14,1,IN_PROGRESS,0,10,2,6,17,0,0,1,1
21,13,12,8,IN_PROGRESS,1,5,2,3,0,0,0,0,0
21,14,16,8,IN_PROGRESS,1,0,2,4,0,0,0,0,0
21,15,16,5,IN_PROGRESS,1,0,1,1,0,0,0,0,0
21,16,18,1,IN_PROGRESS,0,0,3,7,0,0,0,0,0
21,17,19,1,IN_PROGRESS,0,6,4,6,17,0,0,1,1
21,18,20,1,IN_PROGRESS,0,0,5,5,0,0,0,0,0
21,19,21,1,IN_PROGRESS,0,11,5,5,17,0,0,1,1
21,20,22,1,IN_PROGRESS,0,0,4,5,0,0,0,0,0
21,21,23,1,IN_PROGRESS,0,10,3,5,17,0,0,1,1
21,22,7,13,IN_PROGRESS,1,17,2,5,0,0,0,0,0
21,23,7,12,IN_PROGRESS,1,9,2,4,0,0,0,0,0
21,24,4,22,IN_PROGRESS,0,0,1,1,0,0,0,0,0
21,25,5,22,IN_PROGRESS,0,10,1,1,17,0,0,1,1
21,26,7,11,IN_PROGRESS,1,19,2,4,0,0,0,0,0
21,27,7,18,IN_PROGRESS,0,2,1,5,4,0,0,1,0
21,28,9,15,IN_PROGRESS,1,0,1,6,0,0,0,0,0
21,29,9,16,IN_PROGRESS,1,27,2,5,6,0,0,1,1
21,30,11,18,IN_PROGRESS,0,0,1,7,0,0,0,0,0
21,31,8,18,IN_PROGRESS,1,21,3,4,5,0,0,1,0
21,32,12,22,IN_PROGRESS,0,0,3,4,0,0,0,0,0
21,33,13,22,IN_PROGRESS,0,0,3,3,0,0,0,0,0
21,34,14,22,IN_PROGRESS,0,0,3,4,0,0,0,0,0
21,35,15,22,IN_PROGRESS,0,0,3,5,0,0,0,0,0
21,36,15,18,IN_PROGRESS,1,0,3,7,0,0,0,0,0
21,37,16,11,IN_PROGRESS,1,1,1,1,0,0,0,0,0
21,38,17,18,IN_PROGRESS,0,1,4,4,3,0,0,1,0
21,39,19,18,IN_PROGRESS,1,0,3,5,0,0,0,0,0
21,40,18,18,IN_PROGRESS,0,2,4,4,3,0,0,1,0
21,41,16,18,IN_PROGRESS,1,18,4,6,3,0,0,1,0
21,42,21,15,IN_PROGRESS,1,0,0,1,0,0,0,0,0
21,43,22,8,IN_PROGRESS,0,5,0,0,0,0,0,0,0
22,0,2,1,IN_PROGRESS,0,0,1,1,0,0,0,0,0
22,1,3,12,IN_PROGRESS,1,2,0,4,0,0,0,0,0
22,2,3,2,IN_PROGRESS,0,9,1,1,0,0,0,0,0
22,3,3,8,IN_PROGRESS,1,3,1,2,0,0,0,0,0
22,4,1,9,IN_PROGRESS,1,0,1,2,0,0,0,0,0
22,5,9,8,IN_PROGRESS,1,0,1,4,0,0,0,0,0
22,6,8,1,IN_PROGRESS,0,0,2,4,0,0,0,0,0
22,7,9,1,IN_PROGRESS,0,0,3,5,0,0,0,0,0
22,8,10,1,IN_PROGRESS,0,8,4,5,18,0,0,1,1
22,9,11,8,IN_PROGRESS,1,0,2,3,0,0,0,0,0
22,10,12,1,IN_PROGRESS,0,0,4,5,0,0,0,0,0
22,11,13,1,IN_PROGRESS,0,0,3,6,0,0,0,0,0
22,12,14,1,IN_PROGRESS,0,10,2,6,18,0,0,1,1
22,13,12,9,IN_PROGRESS,1,4,1,4,0,0,0,0,0
22,14,16,8,IN_PROGRESS,1,0,2,5,0,0,0,0,0
22,15,16,5,IN_PROGRESS,1,10,1,2,1,0,0,0,0
22,16,18,1,IN_PROGRESS,0,0,3,7,0,0,0,0,0
22,17,19,1,IN_PROGRESS,0,6,4,6,18,0,0,1,1
22,18,20,1,IN_PROGRESS,0,0,5,5,0,0,0,0,0
22,19,21,1,IN_PROGRESS,0,11,5,5,18,0,0,1,1
22,20,22,1,IN_PROGRESS,0,0,4,5,0,0,0,0,0
22,21,23,1,IN_PROGRESS,0,10,3,5,18,0,0,1,1
22,22,7,12,IN_PROGRESS,1,16,2,4,0,0,0,0,0
22,23,7,11,IN_PROGRESS,1,8,2,4,0,0,0,0,0
22,24,4,22,IN_PROGRESS,0,0,1,1,0,0,0,0,0
22,25,5,22,IN_PROGRESS,0,10,1,1,18,0,0,1,1
22,26,7,10,IN_PROGRESS,1,18,2,3,0,0,0,0,0
22,27,7,18,IN_PROGRESS,0,2,1,4,5,0,0,1,0
22,28,9,15,IN_PROGRESS,1,0,1,5,0,0,0,0,0
22,29,9,16,IN_PROGRESS,1,27,2,4,7,0,0,1,1
22,30,11,18,IN_PROGRESS,1,0,1,7,0,0,0,0,0
22,31,8,18,IN_PROGRESS,1,21,3,4,6,0,0,1,1
22,32,12,22,IN_PROGRESS,0,0,3,4,0,0,0,0,0
22,33,13,22,IN_PROGRESS,0,0,3,3,0,0,0,0,0
22,34,14,22,IN_PROGRESS,0,0,3,4,0,0,0,0,0
22,35,15,22,IN_PROGRESS,0,0,3,5,0,0,0,0,0
22,36,15,18,IN_PROGRESS,1,0,3,7,0,0,0,0,0
22,37,16,10,IN_PROGRESS,1,0,1,3,0,0,0,0,0
22,38,17,18,IN_PROGRESS,0,1,4,4,4,0,0,1,0
22,39,19,18,IN_PROGRESS,1,0,3,5,0,0,0,0,0
22,40,18,18,IN_PROGRESS,0,2,4,4,4,0,0,1,0
22,41,16,18,IN_PROGRESS,1,18,4,6,4,0,0,1,0
22,42,21,15,IN_PROGRESS,1,0,0,1,0,0,0,0,0
22,43,21,8,IN_PROGRESS,0,4,0,1,0,0,0,0,0
23,0,2,1,IN_PROGRESS,0,0,1,1,0,0,0,0,0
23,1,3,13,IN_PROGRESS,1,1,0,1,0,0,0,0,0
23,2,3,3,IN_PROGRESS,0,8,1,1,0,0,0,0,0
23,3,3,9,IN_PROGRESS,1,2,1,3,0,0,0,0,0
23,4,1,9,IN_PROGRESS,0,0,1,1,0,0,0,0,0
23,5,9,8,IN_PROGRESS,1,0,2,5,0,0,0,0,0
23,6,8,1,IN_PROGRESS,0,0,2,4,0,0,0,0,0
23,7,9,1,IN_PROGRESS,0,0,3,5,0,0,0,0,0
23,8,10,1,IN_PROGRESS,0,8,4,5,19,0,0,1,1
23,9,11,8,IN_PROGRESS,1,0,2,4,0,0,0,0,0
23,10,12,1,IN_PROGRESS,0,0,4,5,0,0,0,0,0
23,11,13,1,IN_PROGRESS,0,0,3,6,0,0,0,0,0
23,12,14,1,IN_PROGRESS,0,10,2,7,19,0,0,1,1
23,13,12,10,IN_PROGRESS,1,3,1,5,0,0,0,0,0
23,14,16,8,IN_PROGRESS,1,0,1,4,0,0,0,0,0
23,15,15,5,IN_PROGRESS,1,9,0,2,0,0,0,0,0
23,16,18,1,IN_PROGRESS,0,0,3,7,0,0,0,0,0
23,17,19,1,IN_PROGRESS,0,6,4,6,19,0,0,1,1
23,18,20,1,IN_PROGRESS,0,0,5,5,0,0,0,0,0
23,19,21,1,IN_PROGRESS,0,11,5,5,19,0,0,1,1
23,20,22,1,IN_PROGRESS,0,0,4,5,0,0,0,0,0
23,21,23,1,IN_PROGRESS,0,10,3,5,19,0,0,1,1
23,22,7,11,IN_PROGRESS,1,15,2,3,0,0,0,0,0
23,23,7,10,IN_PROGRESS,1,7,2,5,0,0,0,0,0
23,24,4,22,IN_PROGRESS,0,0,1,1,0,0,0,0,0
23,25,5,22,IN_PROGRESS,0,10,1,1,19,0,0,1,1
23,26,8,10,IN_PROGRESS,1,17,3,5,0,0,0,0,0
23,27,7,18,IN_PROGRESS,0,2,1,4,6,0,0,1,1
23,28,9,15,IN_PROGRESS,1,0,1,4,0,0,0,0,0
23,29,9,16,IN_PROGRESS,1,27,2,4,8,0,0,1,1
23,30,11,18,IN_PROGRESS,1,0,1,7,0,0,0,0,0
23,31,8,18,IN_PROGRESS,1,21,3,4,7,0,0,1,1
23,32,12,22,IN_PROGRESS,0,0,3,4,0,0,0,0,0
23,33,13,22,IN_PROGRESS,0,0,3,3,0,0,0,0,0
23,34,14,22,IN_PROGRESS,0,0,3,4,0,0,0,0,0
23,35,15,22,IN_PROGRESS,0,0,3,5,0,0,0,0,0
23,36,15,18,IN_PROGRESS,1,0,3,7,0,0,0,0,0
23,37,16,10,IN_PROGRESS,0,0,1,2,0,0,0,0,0
23,38,17,18,IN_PROGRESS,0,1,4,4,5,0,0,1,0
23,39,19,18,IN_PROGRESS,1,0,3,5,0,0,0,0,0
23,40,18,18,IN_PROGRESS,0,2,4,4,5,0,0,1,0
23,41,16,18,IN_PROGRESS,1,18,4,6,5,0,0,1,0
23,42,21,15,IN_PROGRESS,1,0,0,1,0,0,0,0,0
23,43,20,8,IN_PROGRESS,0,3,0,1,0,0,0,0,0
24,0,2,1,IN_PROGRESS,0,0,0,1,0,0,0,0,0
24,1,4,13,IN_PROGRESS,1,0,0,1,0,0,0,0,0
24,2,3,4,IN_PROGRESS,0,7,0,1,0,0,0,0,0
24,3,3,10,IN_PROGRESS,1,1,1,4,0,0,0,0,0
24,4,1,9,IN_PROGRESS,0,13,1,1,1,0,0,0,0
24,5,9,8,IN_PROGRESS,1,0,3,5,0,0,0,0,0
24,6,8,1,IN_PROGRESS,0,0,2,4,0,0,0,0,0
24,7,9,1,IN_PROGRESS,0,0,3,5,0,0,0,0,0
24,8,10,1,IN_PROGRESS,0,8,4,5,20,0,0,1,1
24,9,11,8,IN_PROGRESS,1,0,2,5,0,0,0,0,0
24,10,12,1,IN_PROGRESS,0,0,4,5,0,0,0,0,0
24,11,13,1,IN_PROGRESS,0,0,3,7,0,0,0,0,0
24,12,14,1,IN_PROGRESS,0,10,2,7,20,0,0,1,1
24,13,11,10,IN_PROGRESS,1,2,3,6,0,0,0,0,0
24,14,16,8,IN_PROGRESS,1,0,1,4,0,0,0,0,0
24,15,14,5,IN_PROGRESS,1,8,0,3,0,0,0,0,0
24,16,18,1,IN_PROGRESS,0,0,3,7,0,0,0,0,0
24,17,19,1,IN_PROGRESS,0,6,4,6,20,0,0,1,1
24,18,20,1,IN_PROGRESS,0,0,5,5,0,0,0,0,0
24,19,21,1,IN_PROGRESS,0,11,5,5,20,0,0,1,1
24,20,22,1,IN_PROGRESS,0,0,4,5,0,0,0,0,0
24,21,23,1,IN_PROGRESS,0,10,3,5,20,0,0,1,1
24,22,7,10,IN_PROGRESS,1,14,2,5,0,0,0,0,0
24,23,8,10,IN_PROGRESS,1,6,4,6,0,0,0,0,0
24,24,4,22,IN_PROGRESS,0,0,1,1,0,0,0,0,0
24,25,5,22,IN_PROGRESS,0,10,1,1,20,0,0,1,1
24,26,9,10,IN_PROGRESS,1,16,4,6,0,0,0,0,0
24,27,7,18,IN_PROGRESS,0,2,1,4,7,0,0,1,1
24,28,9,15,IN_PROGRESS,1,0,1,5,0,0,0,0,0
24,29,9,16,IN_PROGRESS,1,27,2,4,9,0,0,1,1
24,30,11,18,IN_PROGRESS,1,19,1,7,1,0,0,0,0
24,31,8,18,IN_PROGRESS,1,21,3,4,8,0,0,1,1
24,32,12,22,IN_PROGRESS,0,0,3,4,0,0,0,0,0
24,33,13,22,IN_PROGRESS,0,0,3,3,0,0,0,0,0
24,34,14,22,IN_PROGRESS,0,7,3,4,1,0,0,0,0
24,35,15,22,IN_PROGRESS,0,0,3,5,0,0,0,0,0
24,36,15,18,IN_PROGRESS,1,11,3,7,1,0,0,0,0
24,37,16,10,IN_PROGRESS,0,13,1,2,1,0,0,0,0
24,38,17,18,IN_PROGRESS,0,1,4,4,6,0,0,1,1
24,39,19,18,IN_PROGRESS,1,0,3,5,0,0,0,0,0
24,40,18,18,IN_PROGRESS,0,2,4,4,6,0,0,1,1
24,41,16,18,IN_PROGRESS,1,18,4,6,6,0,0,1,1
24,42,21,15,IN_PROGRESS,1,0,0,1,0,0,0,0,0
24,43,20,7,IN_PROGRESS,0,2,0,1,0,0,0,0,0
25,0,2,1,IN_PROGRESS,0,0,0,1,0,0,0,0,0
25,1,4,13,IN_PROGRESS,0,0,1,1,0,0,0,0,0
25,2,3,5,IN_PROGRESS,0,6,0,2,0,0,0,0,0
25,3,4,10,IN_PROGRESS,1,0,2,5,0,0,0,0,0
25,4,1,8,IN_PROGRESS,0,12,0,2,0,0,0,0,0
25,5,9,8,IN_PROGRESS,1,0,4,5,0,0,0,0,0
25,6,8,1,IN_PROGRESS,0,0,2,4,0,0,0,0,0
25,7,9,1,IN_PROGRESS,0,0,3,5,0,0,0,0,0
25,8,10,1,IN_PROGRESS,0,8,4,5,21,0,0,1,1
25,9,11,8,IN_PROGRESS,1,0,2,6,0,0,0,0,0
25,10,12,1,IN_PROGRESS,0,0,4,6,0,0,0,0,0
25,11,13,1,IN_PROGRESS,0,0,3,7,0,0,0,0,0
25,12,14,1,IN_PROGRESS,0,10,2,7,21,0,0,1,1
25,13,10,10,IN_PROGRESS,1,1,5,5,0,0,0,0,0
25,14,16,8,IN_PROGRESS,1,0,1,2,0,0,0,0,0
25,15,13,5,IN_PROGRESS,1,7,0,4,0,0,0,0,0
25,16,18,1,IN_PROGRESS,0,0,3,7,0,0,0,0,0
25,17,19,1,IN_PROGRESS,0,6,4,6,21,0,0,1,1
25,18,20,1,IN_PROGRESS,0,0,5,6,0,0,0,0,0
25,19,21,1,IN_PROGRESS,0,11,5,5,21,0,0,1,1
25,20,22,1,IN_PROGRESS,0,0,4,5,0,0,0,0,0
25,21,23,1,IN_PROGRESS,0,10,3,5,21,0,0,1,1
25,22,7,10,IN_PROGRESS,1,14,4,5,1,0,0,0,0
25,23,8,10,IN_PROGRESS,1,6,4,6,1,0,0,0,0
25,24,4,22,IN_PROGRESS,0,0,1,1,0,0,0,0,0
25,25,5,22,IN_PROGRESS,0,10,1,1,21,0,0,1,1
25,26,9,10,IN_PROGRESS,1,16,4,7,1,0,0,0,0
25,27,7,18,IN_PROGRESS,0,2,2,4,8,0,0,1,1
25,28,9,15,IN_PROGRESS,1,0,1,5,0,0,0,0,0
25,29,9,16,IN_PROGRESS,1,27,3,4,10,0,0,1,1
25,30,10,18,IN_PROGRESS,1,18,3,5,0,0,0,0,0
25,31,8,18,IN_PROGRESS,1,21,3,4,9,0,0,1,1
25,32,12,22,IN_PROGRESS,0,0,3,3,0,0,0,0,0
25,33,13,22,IN_PROGRESS,0,0,3,3,0,0,0,0,0
25,34,14,22,IN_PROGRESS,0,7,3,4,2,0,0,1,0
25,35,15,22,IN_PROGRESS,0,0,3,6,0,0,0,0,0
25,36,15,17,IN_PROGRESS,1,10,2,5,0,0,0,0,0
25,37,16,11,IN_PROGRESS,0,12,1,1,0,0,0,0,0
25,38,16,18,IN_PROGRESS,0,0,4,5,0,0,0,0,0
25,39,19,18,IN_PROGRESS,1,0,2,5,0,0,0,0,0
25,40,18,18,IN_PROGRESS,0,2,3,4,7,0,0,1,1
25,41,15,18,IN_PROGRESS,1,17,3,7,0,0,0,0,0
25,42,21,15,IN_PROGRESS,1,0,0,1,0,0,0,0,0
25,43,20,6,IN_PROGRESS,0,1,0,1,0,0,0,0,0
26,0,2,1,IN_PROGRESS,0,0,0,0,0,0,0,0,0
26,1,4,13,IN_PROGRESS,0,13,1,1,1,0,0,0,0
26,2,3,6,IN_PROGRESS,0,5,1,2,0,0,0,0,0
26,3,4,10,IN_PROGRESS,0,0,2,5,0,0,0,0,0
26,4,1,7,IN_PROGRESS,0,11,1,1,0,0,0,0,0
26,5,9,8,IN_PROGRESS,1,0,4,5,0,0,0,0,0
26,6,8,1,IN_PROGRESS,0,0,2,4,0,0,0,0,0
26,7,9,1,IN_PROGRESS,0,0,3,5,0,0,0,0,0
26,8,10,1,IN_PROGRESS,0,8,4,5,22,0,0,1,1
26,9,11,8,IN_PROGRESS,1,0,2,6,0,0,0,0,0
26,10,12,1,IN_PROGRESS,0,0,4,6,0,0,0,0,0
26,11,13,1,IN_PROGRESS,0,0,3,7,0,0,0,0,0
26,12,14,1,IN_PROGRESS,0,10,2,6,22,0,0,1,1
26,13,10,10,IN_PROGRESS,1,1,5,5,1,0,0,0,0
26,14,16,8,IN_PROGRESS,1,0,0,2,0,0,0,0,0
26,15,12,5,IN_PROGRESS,1,6,0,3,0,0,0,0,0
26,16,18,1,IN_PROGRESS,0,0,3,7,0,0,0,0,0
26,17,19,1,IN_PROGRESS,0,6,4,7,22,0,0,1,1
26,18,20,1,IN_PROGRESS,0,0,5,6,0,0,0,0,0
26,19,21,1,IN_PROGRESS,0,11,5,6,22,0,0,1,1
26,20,22,1,IN_PROGRESS,0,0,4,5,0,0,0,0,0
26,21,23,1,IN_PROGRESS,0,10,3,5,22,0,0,1,1
26,22,7,10,IN_PROGRESS,1,14,4,5,2,0,0,1,0
26,23,8,10,IN_PROGRESS,1,6,4,6,2,0,0,1,0
26,24,4,22,IN_PROGRESS,0,0,1,1,0,0,0,0,0
26,25,5,22,IN_PROGRESS,0,10,1,1,22,0,0,1,1
26,26,9,10,IN_PROGRESS,1,16,4,7,2,0,0,1,0
26,27,7,18,IN_PROGRESS,0,2,2,4,9,0,0,1,1
26,28,9,15,IN_PROGRESS,1,0,2,5,0,0,0,0,0
26,29,9,16,IN_PROGRESS,1,27,3,4,11,0,0,1,1
26,30,9,18,IN_PROGRESS,1,17,4,5,0,0,0,0,0
26,31,8,18,IN_PROGRESS,1,21,3,4,10,0,0,1,1
26,32,12,22,IN_PROGRESS,0,0,3,3,0,0,0,0,0
26,33,13,22,IN_PROGRESS,0,0,3,4,0,0,0,0,0
26,34,14,22,IN_PROGRESS,0,7,3,4,3,0,0,1,0
26,35,15,22,IN_PROGRESS,0,0,3,5,0,0,0,0,0
26,36,15,16,IN_PROGRESS,1,9,2,4,0,0,0,0,0
26,37,16,12,IN_PROGRESS,0,11,0,2,0,0,0,0,0
26,38,16,18,IN_PROGRESS,1,0,4,5,0,0,0,0,0
26,39,19,18,IN_PROGRESS,1,0,2,4,0,0,0,0,0
26,40,18,18,IN_PROGRESS,0,2,2,4,8,0,0,1,1
26,41,14,18,IN_PROGRESS,1,16,2,8,0,0,0,0,0
26,42,21,15,IN_PROGRESS,1,0,0,1,0,0,0,0,0
26,43,20,5,IN_PROGRESS,0,0,0,3,0,0,0,0,0
27,0,2,1,IN_PROGRESS,0,0,0,0,0,0,0,0,0
27,1,3,13,IN_PROGRESS,0,12,0,1,0,0,0,0,0
27,2,3,7,IN_PROGRESS,0,4,1,2,0,0,0,0,0
27,3,4,10,IN_PROGRESS,0,12,1,5,1,0,0,0,0
27,4,1,6,IN_PROGRESS,0,10,1,1,0,0,0,0,0
27,5,9,8,IN_PROGRESS,1,0,4,6,0,0,0,0,0
27,6,8,1,IN_PROGRESS,0,0,2,4,0,0,0,0,0
27,7,9,1,IN_PROGRESS,0,0,3,5,0,0,0,0,0
27,8,10,1,IN_PROGRESS,0,8,4,5,23,0,0,1,1
27,9,11,8,IN_PROGRESS,1,0,3,6,0,0,0,0,0
27,10,12,1,IN_PROGRESS,0,0,4,6,0,0,0,0,0
27,11,13,1,IN_PROGRESS,0,0,3,6,0,0,0,0,0
27,12,14,1,IN_PROGRESS,0,10,2,6,23,0,0,1,1
27,13,10,10,IN_PROGRESS,1,1,5,5,2,0,0,1,0
27,14,16,8,IN_PROGRESS,1,0,0,2,0,0,0,0,0
27,15,12,6,IN_PROGRESS,1,5,1,3,0,0,0,0,0
27,16,18,1,IN_PROGRESS,0,0,3,7,0,0,0,0,0
27,17,19,1,IN_PROGRESS,0,6,4,7,23,0,0,1,1
27,18,20,1,IN_PROGRESS,0,0,5,6,0,0,0,0,0
27,19,21,1,IN_PROGRESS,0,11,5,6,23,0,0,1,1
27,20,22,1,IN_PROGRESS,0,0,4,5,0,0,0,0,0
27,21,23,1,IN_PROGRESS,0,10,3,5,23,0,0,1,1
27,22,7,10,IN_PROGRESS,1,14,4,5,3,0,0,1,0
27,23,8,10,IN_PROGRESS,1,6,4,6,3,0,0,1,0
27,24,4,22,IN_PROGRESS,0,0,1,1,0,0,0,0,0
27,25,5,22,IN_PROGRESS,0,10,1,1,23,0,0,1,1
27,26,9,10,IN_PROGRESS,1,16,4,7,3,0,0,1,0
27,27,7,18,IN_PROGRESS,0,2,2,4,10,0,0,1,1
27,28,9,15,IN_PROGRESS,1,0,2,5,0,0,0,0,0
27,29,9,16,IN_PROGRESS,1,27,3,4,12,0,0,1,1
27,30,9,18,IN_PROGRESS,1,17,4,5,1,0,0,0,0
27,31,8,18,IN_PROGRESS,1,21,3,5,11,0,0,1,1
27,32,12,22,IN_PROGRESS,0,0,3,4,0,0,0,0,0
27,33,13,22,IN_PROGRESS,0,0,3,4,0,0,0,0,0
27,34,14,22,IN_PROGRESS,0,7,3,4,4,0,0,1,0
27,35,15,22,IN_PROGRESS,0,0,3,4,0,0,0,0,0
27,36,15,15,IN_PROGRESS,1,8,1,3,0,0,0,0,0
27,37,16,13,IN_PROGRESS,0,10,1,3,0,0,0,0,0
27,38,16,18,IN_PROGRESS,1,12,3,6,1,0,0,0,0
27,39,19,18,IN_PROGRESS,1,20,2,3,1,0,0,0,0
27,40,18,18,IN_PROGRESS,0,2,2,3,9,0,0,1,1
27,41,13,18,IN_PROGRESS,1,15,1,8,0,0,0,0,0
27,42,21,15,IN_PROGRESS,1,0,0,1,0,0,0,0,0
27,43,20,5,IN_PROGRESS,1,0,0,3,0,0,0,0,0
28,0,2,1,IN_PROGRESS,0,0,0,1,0,0,0,0,0
28,1,3,12,IN_PROGRESS,0,11,1,2,0,0,0,0,0
28,2,3,8,IN_PROGRESS,0,3,1,3,0,0,0,0,0
28,3,3,10,IN_PROGRESS,0,11,2,4,0,0,0,0,0
28,4,1,5,IN_PROGRESS,0,9,0,2,0,0,0,0,0
28,5,9,8,IN_PROGRESS,1,0,4,6,0,0,0,0,0
28,6,8,1,IN_PROGRESS,0,0,2,4,0,0,0,0,0
28,7,9,1,IN_PROGRESS,0,0,3,5,0,0,0,0,0
28,8,10,1,IN_PROGRESS,0,8,4,5,24,0,0,1,1
28,9,11,8,IN_PROGRESS,1,0,3,6,0,0,0,0,0
28,10,12,1,IN_PROGRESS,0,0,4,5,0,0,0,0,0
28,11,13,1,IN_PROGRESS,0,0,3,6,0,0,0,0,0
28,12,14,1,IN_PROGRESS,0,10,2,6,24,0,0,1,1
28,13,10,10,IN_PROGRESS,1,1,5,6,3,0,0,1,0
28,14,16,8,IN_PROGRESS,1,0,0,2,0,0,0,0,0
28,15,12,7,IN_PROGRESS,1,4,1,4,0,0,0,0,0
28,16,18,1,IN_PROGRESS,0,0,3,7,0,0,0,0,0
28,17,19,1,IN_PROGRESS,0,6,4,7,24,0,0,1,1
28,18,20,1,IN_PROGRESS,0,8,5,6,1,0,0,0,0
28,19,21,1,IN_PROGRESS,0,11,5,6,24,0,0,1,1
28,20,22,1,IN_PROGRESS,0,0,4,5,0,0,0,0,0
28,21,23,1,IN_PROGRESS,0,10,3,5,24,0,0,1,1
28,22,7,10,IN_PROGRESS,1,14,3,5,4,0,0,1,0
28,23,8,10,IN_PROGRESS,1,6,4,6,4,0,0,1,0
28,24,4,22,IN_PROGRESS,0,0,1,1,0,0,0,0,0
28,25,5,22,IN_PROGRESS,0,10,1,1,24,0,0,1,1
28,26,9,10,IN_PROGRESS,1,16,4,6,4,0,0,1,0
28,27,7,18,IN_PROGRESS,0,2,2,5,11,0,0,1,1
28,28,9,15,IN_PROGRESS,1,0,2,5,0,0,0,0,0
28,29,9,16,IN_PROGRESS,1,27,3,5,13,0,0,1,1
28,30,9,18,IN_PROGRESS,1,17,5,5,2,0,0,1,0
28,31,8,18,IN_PROGRESS,1,21,3,5,12,0,0,1,1
28,32,12,22,IN_PROGRESS,0,0,3,4,0,0,0,0,0
28,33,13,22,IN_PROGRESS,0,0,3,4,0,0,0,0,0
28,34,14,22,IN_PROGRESS,0,7,3,4,5,0,0,1,0
28,35,15,22,IN_PROGRESS,0,0,3,4,0,0,0,0,0
28,36,16,15,IN_PROGRESS,1,7,1,4,0,0,0,0,0
28,37,17,13,IN_PROGRESS,0,9,1,1,0,0,0,0,0
28,38,15,18,IN_PROGRESS,1,11,2,6,0,0,0,0,0
28,39,19,18,IN_PROGRESS,1,20,1,3,2,0,0,1,0
28,40,18,18,IN_PROGRESS,0,2,2,3,10,0,0,1,1
28,41,12,18,IN_PROGRESS,1,14,2,7,0,0,0,0,0
28,42,21,15,IN_PROGRESS,1,0,0,2,0,0,0,0,0
28,43,20,5,IN_PROGRESS,1,14,0,3,1,0,0,0,0
29,0,2,1,IN_PROGRESS,0,0,0,1,0,0,0,0,0
29,1,3,11,IN_PROGRESS,0,10,1,3,0,0,0,0,0
29,2,4,8,IN_PROGRESS,0,2,1,4,0,0,0,0,0
29,3,3,9,IN_PROGRESS,0,10,2,3,0,0,0,0,0
29,4,1,4,IN_PROGRESS,0,8,0,1,0,0,0,0,0
29,5,9,8,IN_PROGRESS,1,0,5,7,0,0,0,0,0
29,6,8,1,IN_PROGRESS,0,0,2,4,0,0,0,0,0
29,7,9,1,IN_PROGRESS,0,0,3,5,0,0,0,0,0
29,8,10,1,IN_PROGRESS,0,8,4,5,25,0,0,1,1
29,9,11,8,IN_PROGRESS,1,0,3,6,0,0,0,0,0
29,10,12,1,IN_PROGRESS,0,0,4,5,0,0,0,0,0
29,11,13,1,IN_PROGRESS,0,0,3,6,0,0,0,0,0
29,12,14,1,IN_PROGRESS,0,10,2,6,25,0,0,1,1
29,13,10,10,IN_PROGRESS,1,1,5,6,4,0,0,1,0
29,14,16,8,IN_PROGRESS,1,0,0,2,0,0,0,0,0
29,15,12,8,IN_PROGRESS,1,3,2,5,0,0,0,0,0
29,16,18,1,IN_PROGRESS,0,0,3,8,0,0,0,0,0
29,17,19,1,IN_PROGRESS,0,6,4,7,25,0,0,1,1
29,18,20,1,IN_PROGRESS,0,8,5,6,2,0,0,1,0
29,19,21,1,IN_PROGRESS,0,11,5,5,25,0,0,1,1
29,20,22,1,IN_PROGRESS,0,0,4,5,0,0,0,0,0
29,21,23,1,IN_PROGRESS,0,10,3,5,25,0,0,1,1
29,22,7,10,IN_PROGRESS,1,14,3,7,5,0,0,1,0
29,23,8,10,IN_PROGRESS,1,6,4,5,5,0,0,1,0
29,24,4,22,IN_PROGRESS,0,0,1,1,0,0,0,0,0
29,25,5,22,IN_PROGRESS,0,10,1,1,25,0,0,1,1
29,26,9,10,IN_PROGRESS,1,16,4,7,5,0,0,1,0
29,27,7,18,IN_PROGRESS,0,2,2,5,12,0,0,1,1
29,28,9,15,IN_PROGRESS,1,0,2,6,0,0,0,0,0
29,29,9,16,IN_PROGRESS,1,27,3,5,14,0,0,1,1
29,30,9,18,IN_PROGRESS,1,17,5,6,3,0,0,1,0
29,31,8,18,IN_PROGRESS,1,21,4,5,13,0,0,1,1
29,32,12,22,IN_PROGRESS,0,0,3,4,0,0,0,0,0
29,33,13,22,IN_PROGRESS,0,0,3,4,0,0,0,0,0
29,34,14,22,IN_PROGRESS,0,7,3,4,6,0,0,1,1
29,35,15,22,IN_PROGRESS,0,0,3,4,0,0,0,0,0
29,36,17,15,IN_PROGRESS,1,6,1,4,0,0,0,0,0
29,37,17,14,IN_PROGRESS,0,8,1,3,0,0,0,0,0
29,38,14,18,IN_PROGRESS,1,10,1,7,0,0,0,0,0
29,39,19,18,IN_PROGRESS,1,20,1,4,3,0,0,1,0
29,40,18,18,IN_PROGRESS,0,2,1,4,11,0,0,1,1
29,41,11,18,IN_PROGRESS,1,13,3,7,0,0,0,0,0
29,42,21,15,IN_PROGRESS,1,0,0,3,0,0,0,0,0
29,43,19,5,IN_PROGRESS,1,13,0,3,0,0,0,0,0
30,0,2,1,IN_PROGRESS,0,0,1,1,0,0,0,0,0
30,1,3,10,IN_PROGRESS,0,9,1,4,0,0,0,0,0
30,2,5,8,IN_PROGRESS,0,1,1,5,0,0,0,0,0
30,3,3,8,IN_PROGRESS,0,9,2,2,0,0,0,0,0
30,4,1,3,IN_PROGRESS,0,7,1,1,0,0,0,0,0
30,5,9,8,IN_PROGRESS,1,0,4,7,0,0,0,0,0
30,6,8,1,IN_PROGRESS,0,0,2,4,0,0,0,0,0
30,7,9,1,IN_PROGRESS,0,0,3,5,0,0,0,0,0
30,8,10,1,IN_PROGRESS,0,8,4,5,26,0,0,1,1
30,9,11,8,IN_PROGRESS,1,0,3,6,0,0,0,0,0
30,10,12,1,IN_PROGRESS,0,0,4,5,0,0,0,0,0
30,11,13,1,IN_PROGRESS,0,0,3,6,0,0,0,0,0
30,12,14,1,IN_PROGRESS,0,10,2,6,26,0,0,1,1
30,13,10,10,IN_PROGRESS,1,1,6,6,5,0,0,1,0
30,14,16,8,IN_PROGRESS,1,0,0,3,0,0,0,0,0
30,15,12,9,IN_PROGRESS,1,2,2,6,0,0,0,0,0
30,16,18,1,IN_PROGRESS,0,0,3,8,0,0,0,0,0
30,17,19,1,IN_PROGRESS,0,6,4,7,26,0,0,1,1
30,18,20,1,IN_PROGRESS,0,8,5,5,3,0,0,1,0
30,19,21,1,IN_PROGRESS,0,11,5,5,26,0,0,1,1
30,20,22,1,IN_PROGRESS,0,0,4,5,0,0,0,0,0
30,21,23,1,IN_PROGRESS,0,10,3,5,26,0,0,1,1
30,22,7,10,IN_PROGRESS,1,14,3,6,6,0,0,1,1
30,23,8,10,IN_PROGRESS,1,6,4,8,6,0,0,1,1
30,24,4,22,IN_PROGRESS,0,0,1,1,0,0,0,0,0
30,25,5,22,IN_PROGRESS,0,10,1,1,26,0,0,1,1
30,26,9,10,IN_PROGRESS,1,16,4,7,6,0,0,1,1
30,27,7,18,IN_PROGRESS,0,2,3,5,13,0,0,1,1
30,28,9,15,IN_PROGRESS,1,0,2,6,0,0,0,0,0
30,29,9,16,IN_PROGRESS,1,27,4,5,15,0,0,1,1
30,30,9,18,IN_PROGRESS,1,17,5,6,4,0,0,1,0
30,31,8,18,IN_PROGRESS,1,21,4,6,14,0,0,1,1
30,32,12,22,IN_PROGRESS,0,0,3,4,0,0,0,0,0
30,33,13,22,IN_PROGRESS,0,0,3,4,0,0,0,0,0
30,34,14,22,IN_PROGRESS,0,7,3,4,7,0,0,1,1
30,35,15,22,IN_PROGRESS,0,0,3,3,0,0,0,0,0
30,36,17,15,IN_PROGRESS,1,6,1,4,1,0,0,0,0
30,37,17,14,IN_PROGRESS,0,8,1,3,1,0,0,0,0
30,38,13,18,IN_PROGRESS,1,9,1,7,0,0,0,0,0
30,39,19,18,IN_PROGRESS,1,20,1,3,4,0,0,1,0
30,40,18,18,IN_PROGRESS,0,2,1,4,12,0,0,1,1
30,41,10,18,IN_PROGRESS,1,12,5,6,0,0,0,0,0
30,42,21,15,IN_PROGRESS,1,0,0,3,0,0,0,0,0
30,43,18,5,IN_PROGRESS,1,12,0,3,0,0,0,0,0
31,0,2,1,IN_PROGRESS,0,0,1,1,0,0,0,0,0
31,1,3,9,IN_PROGRESS,0,8,1,3,0,0,0,0,0
31,2,6,8,IN_PROGRESS,0,0,2,7,0,0,0,0,0
31,3,3,7,IN_PROGRESS,0,8,1,2,0,0,0,0,0
31,4,1,2,IN_PROGRESS,0,6,1,1,0,0,0,0,0
31,5,9,8,IN_PROGRESS,1,0,5,7,0,0,0,0,0
31,6,8,1,IN_PROGRESS,0,0,2,4,0,0,0,0,0
31,7,9,1,IN_PROGRESS,0,0,3,5,0,0,0,0,0
31,8,10,1,IN_PROGRESS,0,8,4,5,27,0,0,1,1
31,9,11,8,IN_PROGRESS,1,0,3,7,0,0,0,0,0
31,10,12,1,IN_PROGRESS,0,0,4,5,0,0,0,0,0
31,11,13,1,IN_PROGRESS,0,0,3,6,0,0,0,0,0
31,12,14,1,IN_PROGRESS,0,10,2,6,27,0,0,1,1
31,13,10,10,IN_PROGRESS,1,1,6,6,6,0,0,1,1
31,14,16,8,IN_PROGRESS,1,0,0,2,0,0,0,0,0
31,15,12,10,IN_PROGRESS,1,1,3,6,0,0,0,0,0
31,16,18,1,IN_PROGRESS,0,0,3,8,0,0,0,0,0
31,17,19,1,IN_PROGRESS,0,6,4,6,27,0,0,1,1
31,18,20,1,IN_PROGRESS,0,8,5,5,4,0,0,1,0
31,19,21,1,IN_PROGRESS,0,11,5,5,27,0,0,1,1
31,20,22,1,IN_PROGRESS,0,0,4,5,0,0,0,0,0
31,21,23,1,IN_PROGRESS,0,10,3,5,27,0,0,1,1
31,22,7,10,IN_PROGRESS,1,14,4,7,7,0,0,1,1
31,23,8,10,IN_PROGRESS,1,6,4,7,7,0,0,1,1
31,24,4,22,IN_PROGRESS,0,0,1,1,0,0,0,0,0
31,25,5,22,IN_PROGRESS,0,10,1,1,27,0,0,1,1
31,26,9,10,IN_PROGRESS,1,16,5,8,7,0,0,1,1
31,27,7,18,IN_PROGRESS,0,2,3,6,14,0,0,1,1
31,28,9,15,IN_PROGRESS,1,0,2,6,0,0,0,0,0
31,29,9,16,IN_PROGRESS,1,27,4,6,16,0,0,1,1
31,30,9,18,IN_PROGRESS,1,17,6,6,5,0,0,1,0
31,31,8,18,IN_PROGRESS,1,21,4,6,15,0,0,1,1
31,32,12,22,IN_PROGRESS,0,0,3,4,0,0,0,0,0
31,33,13,22,IN_PROGRESS,0,0,3,4,0,0,0,0,0
31,34,14,22,IN_PROGRESS,0,7,3,3,8,0,0,1,1
31,35,15,22,IN_PROGRESS,0,0,3,3,0,0,0,0,0
31,36,17,15,IN_PROGRESS,1,6,1,4,2,0,0,1,0
31,37,17,14,IN_PROGRESS,0,8,1,3,2,0,0,1,0
31,38,12,18,IN_PROGRESS,1,8,2,7,0,0,0,0,0
31,39,19,18,IN_PROGRESS,1,20,1,3,5,0,0,1,0
31,40,18,18,IN_PROGRESS,0,2,1,3,13,0,0,1,1
31,41,10,18,IN_PROGRESS,1,12,5,6,1,0,0,0,0
31,42,21,15,IN_PROGRESS,1,0,0,3,0,0,0,0,0
31,43,17,5,IN_PROGRESS,1,11,0,2,0,0,0,0,0
32,0,2,1,IN_PROGRESS,0,0,1,1,0,0,0,0,0
32,1,3,8,IN_PROGRESS,0,7,2,2,0,0,0,0,0
32,2,6,8,IN_PROGRESS,1,0,3,7,0,0,0,0,0
32,3,3,6,IN_PROGRESS,0,7,1,2,0,0,0,0,0
32,4,1,1,IN_PROGRESS,0,5,1,1,0,0,0,0,0
32,5,9,8,IN_PROGRESS,1,0,5,7,0,0,0,0,0
32,6,8,1,IN_PROGRESS,0,0,2,4,0,0,0,0,0
32,7,9,1,IN_PROGRESS,0,0,3,5,0,0,0,0,0
32,8,10,1,IN_PROGRESS,0,8,4,5,28,0,0,1,1
32,9,11,8,IN_PROGRESS,1,0,3,7,0,0,0,0,0
32,10,12,1,IN_PROGRESS,0,0,4,5,0,0,0,0,0
32,11,13,1,IN_PROGRESS,0,0,3,6,0,0,0,0,0
32,12,14,1,IN_PROGRESS,0,10,2,6,28,0,0,1,1
32,13,10,10,IN_PROGRESS,1,1,6,6,7,0,0,1,1
32,14,16,8,IN_PROGRESS,1,0,1,2,0,0,0,0,0
32,15,11,10,IN_PROGRESS,1,0,4,6,0,0,0,0,0
32,16,18,1,IN_PROGRESS,0,0,3,7,0,0,0,0,0
32,17,19,1,IN_PROGRESS,0,6,4,6,28,0,0,1,1
32,18,20,1,IN_PROGRESS,0,8,5,5,5,0,0,1,0
32,19,21,1,IN_PROGRESS,0,11,5,5,28,0,0,1,1
32,20,22,1,IN_PROGRESS,0,0,4,5,0,0,0,0,0
32,21,23,1,IN_PROGRESS,0,10,3,5,28,0,0,1,1
32,22,7,10,IN_PROGRESS,1,14,4,6,8,0,0,1,1
32,23,8,10,IN_PROGRESS,1,6,5,7,8,0,0,1,1
32,24,4,22,IN_PROGRESS,0,0,1,1,0,0,0,0,0
32,25,5,22,IN_PROGRESS,0,10,1,1,28,0,0,1,1
32,26,9,10,IN_PROGRESS,1,16,5,8,8,0,0,1,1
32,27,7,18,IN_PROGRESS,0,2,3,5,15,0,0,1,1
32,28,9,15,IN_PROGRESS,1,0,2,7,0,0,0,0,0
32,29,9,16,IN_PROGRESS,1,27,4,6,17,0,0,1,1
32,30,9,18,IN_PROGRESS,1,17,5,6,6,0,0,1,1
32,31,8,18,IN_PROGRESS,1,21,4,6,16,0,0,1,1
32,32,12,22,IN_PROGRESS,0,0,3,4,0,0,0,0,0
32,33,13,22,IN_PROGRESS,0,0,3,3,0,0,0,0,0
32,34,14,22,IN_PROGRESS,0,7,3,3,9,0,0,1,1
32,35,15,22,IN_PROGRESS,0,0,3,3,0,0,0,0,0
32,36,17,15,IN_PROGRESS,1,6,1,4,3,0,0,1,0
32,37,17,14,IN_PROGRESS,0,8,1,3,3,0,0,1,0
32,38,12,17,IN_PROGRESS,1,7,1,6,0,0,0,0,0
32,39,19,18,IN_PROGRESS,1,20,1,3,6,0,0,1,1
32,40,18,18,IN_PROGRESS,0,2,1,3,14,0,0,1,1
32,41,10,18,IN_PROGRESS,1,12,5,6,2,0,0,1,0
32,42,21,15,IN_PROGRESS,1,0,0,3,0,0,0,0,0
32,43,17,6,IN_PROGRESS,1,10,1,1,0,0,0,0,0
33,0,2,1,IN_PROGRESS,0,0,1,2,0,0,0,0,0
33,1,3,7,IN_PROGRESS,0,6,1,2,0,0,0,0,0
33,2,6,8,IN_PROGRESS,1,0,2,6,0,0,0,0,0
33,3,3,5,IN_PROGRESS,0,6,1,2,0,0,0,0,0
33,4,1,1,IN_PROGRESS,0,5,1,1,1,0,0,0,0
33,5,9,8,IN_PROGRESS,1,0,5,7,0,0,0,0,0
33,6,8,1,IN_PROGRESS,0,0,2,4,0,0,0,0,0
33,7,9,1,IN_PROGRESS,0,0,3,5,0,0,0,0,0
33,8,10,1,IN_PROGRESS,0,8,4,5,29,0,0,1,1
33,9,11,8,IN_PROGRESS,1,0,3,7,0,0,0,0,0
33,10,12,1,IN_PROGRESS,0,0,4,5,0,0,0,0,0
33,11,13,1,IN_PROGRESS,0,0,3,6,0,0,0,0,0
33,12,14,1,IN_PROGRESS,0,10,2,6,29,0,0,1,1
33,13,10,10,IN_PROGRESS,1,1,6,6,8,0,0,1,1
33,14,16,8,IN_PROGRESS,1,0,1,2,0,0,0,0,0
33,15,11,10,IN_PROGRESS,0,0,4,6,0,0,0,0,0
33,16,18,1,IN_PROGRESS,0,0,3,7,0,0,0,0,0
33,17,19,1,IN_PROGRESS,0,6,4,6,29,0,0,1,1
33,18,20,1,IN_PROGRESS,0,8,5,5,6,0,0,1,1
33,19,21,1,IN_PROGRESS,0,11,5,5,29,0,0,1,1
33,20,22,1,IN_PROGRESS,0,0,4,5,0,0,0,0,0
33,21,23,1,IN_PROGRESS,0,10,3,5,29,0,0,1,1
33,22,7,10,IN_PROGRESS,1,14,4,6,9,0,0,1,1
33,23,8,10,IN_PROGRESS,1,6,5,7,9,0,0,1,1
33,24,4,22,IN_PROGRESS,0,0,1,1,0,0,0,0,0
33,25,5,22,IN_PROGRESS,0,10,1,1,29,0,0,1,1
33,26,9,10,IN_PROGRESS,1,16,5,8,9,0,0,1,1
33,27,7,18,IN_PROGRESS,0,2,3,5,16,0,0,1,1
33,28,9,15,IN_PROGRESS,1,0,2,7,0,0,0,0,0
33,29,9,16,IN_PROGRESS,1,27,5,6,18,0,0,1,1
33,30,9,18,IN_PROGRESS,1,17,5,6,7,0,0,1,1
33,31,8,18,IN_PROGRESS,1,21,4,5,17,0,0,1,1
33,32,12,22,IN_PROGRESS,0,0,3,3,0,0,0,0,0
33,33,13,22,IN_PROGRESS,0,0,3,3,0,0,0,0,0
33,34,14,22,IN_PROGRESS,0,7,3,3,10,0,0,1,1
33,35,15,22,IN_PROGRESS,0,0,3,3,0,0,0,0,0
33,36,17,15,IN_PROGRESS,1,6,1,4,4,0,0,1,0
33,37,17,14,IN_PROGRESS,0,8,1,3,4,0,0,1,0
33,38,12,16,IN_PROGRESS,1,6,1,4,0,0,0,0,0
33,39,19,18,IN_PROGRESS,1,20,1,3,7,0,0,1,1
33,40,18,18,IN_PROGRESS,0,2,1,3,15,0,0,1,1
33,41,10,18,IN_PROGRESS,1,12,4,6,3,0,0,1,0
33,42,21,15,IN_PROGRESS,1,0,0,3,0,0,0,0,0
33,43,17,7,IN_PROGRESS,1,9,1,1,0,0,0,0,0
34,0,2,1,IN_PROGRESS,0,0,1,2,0,0,0,0,0
34,1,3,6,IN_PROGRESS,0,5,1,2,0,0,0,0,0
34,2,6,8,IN_PROGRESS,1,0,2,6,0,0,0,0,0
34,3,3,4,IN_PROGRESS,0,5,1,3,0,0,0,0,0
34,4,1,1,IN_PROGRESS,0,5,1,2,2,0,0,1,0
34,5,9,8,IN_PROGRESS,1,0,5,7,0,0,0,0,0
34,6,8,1,IN_PROGRESS,0,0,2,4,0,0,0,0,0
34,7,9,1,IN_PROGRESS,0,0,3,5,0,0,0,0,0
34,8,10,1,IN_PROGRESS,0,8,4,5,30,0,0,1,1
34,9,11,8,IN_PROGRESS,1,0,3,7,0,0,0,0,0
34,10,12,1,IN_PROGRESS,0,0,4,5,0,0,0,0,0
34,11,13,1,IN_PROGRESS,0,0,3,6,0,0,0,0,0
34,12,14,1,IN_PROGRESS,0,10,2,6,30,0,0,1,1
34,13,10,10,IN_PROGRESS,1,1,6,6,9,0,0,1,1
34,14,16,8,IN_PROGRESS,1,0,1,2,0,0,0,0,0
34,15,11,10,IN_PROGRESS,0,15,4,6,1,0,0,0,0
34,16,18,1,IN_PROGRESS,0,0,3,7,0,0,0,0,0
34,17,19,1,IN_PROGRESS,0,6,4,6,30,0,0,1,1
34,18,20,1,IN_PROGRESS,0,8,5,5,7,0,0,1,1
34,19,21,1,IN_PROGRESS,0,11,5,5,30,0,0,1,1
34,20,22,1,IN_PROGRESS,0,0,4,5,0,0,0,0,0
34,21,23,1,IN_PROGRESS,0,10,3,5,30,0,0,1,1
34,22,7,10,IN_PROGRESS,1,14,4,6,10,0,0,1,1
34,23,8,10,IN_PROGRESS,1,6,5,7,10,0,0,1,1
34,24,4,22,IN_PROGRESS,0,0,1,1,0,0,0,0,0
34,25,5,22,IN_PROGRESS,0,10,1,1,30,0,0,1,1
34,26,9,10,IN_PROGRESS,1,16,5,8,10,0,0,1,1
34,27,7,18,IN_PROGRESS,0,2,3,5,17,0,0,1,1
34,28,9,15,IN_PROGRESS,1,0,3,7,0,0,0,0,0
34,29,9,16,IN_PROGRESS,1,27,4,6,19,0,0,1,1
34,30,9,18,IN_PROGRESS,1,17,5,5,8,0,0,1,1
34,31,8,18,IN_PROGRESS,1,21,4,5,18,0,0,1,1
34,32,12,22,IN_PROGRESS,0,0,3,3,0,0,0,0,0
34,33,13,22,IN_PROGRESS,0,0,3,3,0,0,0,0,0
34,34,14,22,IN_PROGRESS,0,7,3,3,11,0,0,1,1
34,35,15,22,IN_PROGRESS,0,0,3,3,0,0,0,0,0
34,36,17,15,IN_PROGRESS,1,6,1,5,5,0,0,1,0
34,37,17,14,IN_PROGRESS,0,8,1,3,5,0,0,1,0
34,38,12,15,IN_PROGRESS,1,5,1,4,0,0,0,0,0
34,39,19,18,IN_PROGRESS,1,20,1,3,8,0,0,1,1
34,40,18,18,IN_PROGRESS,0,2,1,3,16,0,0,1,1
34,41,10,18,IN_PROGRESS,1,12,4,6,4,0,0,1,0
34,42,21,15,IN_PROGRESS,1,0,0,3,0,0,0,0,0
34,43,17,8,IN_PROGRESS,1,8,1,1,0,0,0,0,0
35,0,2,1,IN_PROGRESS,0,0,2,3,0,0,0,0,0
35,1,3,5,IN_PROGRESS,0,4,1,2,0,0,0,0,0
35,2,6,8,IN_PROGRESS,1,0,2,5,0,0,0,0,0
35,3,3,3,IN_PROGRESS,0,4,2,3,0,0,0,0,0
35,4,1,1,IN_PROGRESS,0,5,1,2,3,0,0,1,0
35,5,9,8,IN_PROGRESS,1,0,5,7,0,0,0,0,0
35,6,8,1,IN_PROGRESS,0,0,2,4,0,0,0,0,0
35,7,9,1,IN_PROGRESS,0,0,3,5,0,0,0,0,0
35,8,10,1,IN_PROGRESS,0,8,4,5,31,0,0,1,1
35,9,11,8,IN_PROGRESS,1,0,3,7,0,0,0,0,0
35,10,12,1,IN_PROGRESS,0,0,4,5,0,0,0,0,0
35,11,13,1,IN_PROGRESS,0,0,3,6,0,0,0,0,0
35,12,14,1,IN_PROGRESS,0,10,2,6,31,0,0,1,1
35,13,10,10,IN_PROGRESS,1,1,6,6,10,0,0,1,1
35,14,16,8,IN_PROGRESS,1,0,1,2,0,0,0,0,0
35,15,12,10,IN_PROGRESS,0,14,3,7,0,0,0,0,0
35,16,18,1,IN_PROGRESS,0,0,3,7,0,0,0,0,0
35,17,19,1,IN_PROGRESS,0,6,4,6,31,0,0,1,1
35,18,20,1,IN_PROGRESS,0,8,5,5,8,0,0,1,1
35,19,21,1,IN_PROGRESS,0,11,5,5,31,0,0,1,1
35,20,22,1,IN_PROGRESS,0,0,4,5,0,0,0,0,0
35,21,23,1,IN_PROGRESS,0,10,3,5,31,0,0,1,1
35,22,7,10,IN_PROGRESS,1,14,4,6,11,0,0,1,1
35,23,8,10,IN_PROGRESS,1,6,4,7,11,0,0,1,1
35,24,4,22,IN_PROGRESS,0,0,1,1,0,0,0,0,0
35,25,5,22,IN_PROGRESS,0,10,1,1,31,0,0,1,1
35,26,9,10,IN_PROGRESS,1,16,5,8,11,0,0,1,1
35,27,7,18,IN_PROGRESS,0,2,3,5,18,0,0,1,1
35,28,9,15,IN_PROGRESS,1,0,2,7,0,0,0,0,0
35,29,9,16,IN_PROGRESS,1,27,4,6,20,0,0,1,1
35,30,9,18,IN_PROGRESS,1,17,5,5,9,0,0,1,1
35,31,8,18,IN_PROGRESS,1,21,4,5,19,0,0,1,1
35,32,12,22,IN_PROGRESS,0,0,3,3,0,0,0,0,0
35,33,13,22,IN_PROGRESS,0,0,3,3,0,0,0,0,0
35,34,14,22,IN_PROGRESS,0,7,3,3,12,0,0,1,1
35,35,15,22,IN_PROGRESS,0,0,3,3,0,0,0,0,0
35,36,17,15,IN_PROGRESS,1,6,1,4,6,0,0,1,1
35,37,17,14,IN_PROGRESS,0,8,1,5,6,0,0,1,1
35,38,12,14,IN_PROGRESS,1,4,0,4,0,0,0,0,0
35,39,19,18,IN_PROGRESS,1,20,1,3,9,0,0,1,1
35,40,18,18,IN_PROGRESS,0,2,1,3,17,0,0,1,1
35,41,10,18,IN_PROGRESS,1,12,4,5,5,0,0,1,0
35,42,21,15,IN_PROGRESS,1,0,0,3,0,0,0,0,0
35,43,17,9,IN_PROGRESS,1,7,1,2,0,0,0,0,0
36,0,2,1,IN_PROGRESS,0,0,2,3,0,0,0,0,0
36,1,3,4,IN_PROGRESS,0,3,1,3,0,0,0,0,0
36,2,6,8,IN_PROGRESS,1,0,2,5,0,0,0,0,0
36,3,3,2,IN_PROGRESS,0,3,3,3,0,0,0,0,0
36,4,1,1,IN_PROGRESS,0,5,2,3,4,0,0,1,0
36,5,9,8,IN_PROGRESS,1,0,5,7,0,0,0,0,0
36,6,8,1,IN_PROGRESS,0,0,2,4,0,0,0,0,0
36,7,9,1,IN_PROGRESS,0,0,3,5,0,0,0,0,0
36,8,10,1,IN_PROGRESS,0,8,4,5,32,0,0,1,1
36,9,11,8,IN_PROGRESS,1,0,3,7,0,0,0,0,0
36,10,12,1,IN_PROGRESS,0,0,4,5,0,0,0,0,0
36,11,13,1,IN_PROGRESS,0,0,3,6,0,0,0,0,0
36,12,14,1,IN_PROGRESS,0,10,2,6,32,0,0,1,1
36,13,10,10,IN_PROGRESS,1,1,6,7,11,0,0,1,1
36,14,16,8,IN_PROGRESS,1,0,1,3,0,0,0,0,0
36,15,12,9,IN_PROGRESS,0,13,2,7,0,0,0,0,0
36,16,18,1,IN_PROGRESS,0,0,3,7,0,0,0,0,0
36,17,19,1,IN_PROGRESS,0,6,4,6,32,0,0,1,1
36,18,20,1,IN_PROGRESS,0,8,5,5,9,0,0,1,1
36,19,21,1,IN_PROGRESS,0,11,5,5,32,0,0,1,1
36,20,22,1,IN_PROGRESS,0,0,4,5,0,0,0,0,0
36,21,23,1,IN_PROGRESS,0,10,3,5,32,0,0,1,1
36,22,7,10,IN_PROGRESS,1,14,4,5,12,0,0,1,1
36,23,8,10,IN_PROGRESS,1,6,4,7,12,0,0,1,1
36,24,4,22,IN_PROGRESS,0,0,1,1,0,0,0,0,0
36,25,5,22,IN_PROGRESS,0,10,1,1,32,0,0,1,1
36,26,9,10,IN_PROGRESS,1,16,4,8,12,0,0,1,1
36,27,7,18,IN_PROGRESS,0,2,3,5,19,0,0,1,1
36,28,9,15,IN_PROGRESS,1,0,2,7,0,0,0,0,0
36,29,9,16,IN_PROGRESS,1,27,4,5,21,0,0,1,1
36,30,9,18,IN_PROGRESS,1,17,5,5,10,0,0,1,1
36,31,8,18,IN_PROGRESS,1,21,4,5,20,0,0,1,1
36,32,12,22,IN_PROGRESS,0,0,3,3,0,0,0,0,0
36,33,13,22,IN_PROGRESS,0,0,3,3,0,0,0,0,0
36,34,14,22,IN_PROGRESS,0,7,3,3,13,0,0,1,1
36,35,15,22,IN_PROGRESS,0,0,3,3,0,0,0,0,0
36,36,17,15,IN_PROGRESS,1,6,1,5,7,0,0,1,1
36,37,17,14,IN_PROGRESS,0,8,1,4,7,0,0,1,1
36,38,12,13,IN_PROGRESS,1,3,0,3,0,0,0,0,0
36,39,19,18,IN_PROGRESS,1,20,1,3,10,0,0,1,1
36,40,18,18,IN_PROGRESS,0,2,1,3,18,0,0,1,1
36,41,10,18,IN_PROGRESS,1,12,4,5,6,0,0,1,1
36,42,21,15,IN_PROGRESS,1,0,0,3,0,0,0,0,0
36,43,17,10,IN_PROGRESS,1,6,1,3,0,0,0,0,0
37,0,2,1,IN_PROGRESS,0,0,3,3,0,0,0,0,0
37,1,3,3,IN_PROGRESS,0,2,2,3,0,0,0,0,0
37,2,6,8,IN_PROGRESS,1,0,2,5,0,0,0,0,0
37,3,3,1,IN_PROGRESS,0,2,3,4,0,0,0,0,0
37,4,1,1,IN_PROGRESS,0,5,2,3,5,0,0,1,0
37,5,9,8,IN_PROGRESS,1,0,6,7,0,0,0,0,0
37,6,8,1,IN_PROGRESS,0,0,2,5,0,0,0,0,0
37,7,9,1,IN_PROGRESS,0,0,3,5,0,0,0,0,0
37,8,10,1,IN_PROGRESS,0,8,4,5,33,0,0,1,1
37,9,11,8,IN_PROGRESS,1,0,3,7,0,0,0,0,0
37,10,12,1,IN_PROGRESS,0,0,4,5,0,0,0,0,0
37,11,13,1,IN_PROGRESS,0,0,3,6,0,0,0,0,0
37,12,14,1,IN_PROGRESS,0,10,2,6,33,0,0,1,1
37,13,10,10,IN_PROGRESS,1,1,5,7,12,0,0,1,1
37,14,16,8,IN_PROGRESS,1,0,1,3,0,0,0,0,0
37,15,12,8,IN_PROGRESS,0,12,2,6,0,0,0,0,0
37,16,18,1,IN_PROGRESS,0,0,3,7,0,0,0,0,0
37,17,19,1,IN_PROGRESS,0,6,4,6,33,0,0,1,1
37,18,20,1,IN_PROGRESS,0,8,5,5,10,0,0,1,1
37,19,21,1,IN_PROGRESS,0,11,5,5,33,0,0,1,1
37,20,22,1,IN_PROGRESS,0,0,4,5,0,0,0,0,0
37,21,23,1,IN_PROGRESS,0,10,3,5,33,0,0,1,1
37,22,7,10,IN_PROGRESS,1,14,4,5,13,0,0,1,1
37,23,8,10,IN_PROGRESS,1,6,4,6,13,0,0,1,1
37,24,4,22,IN_PROGRESS,0,0,1,1,0,0,0,0,0
37,25,5,22,IN_PROGRESS,0,10,1,1,33,0,0,1,1
37,26,9,10,IN_PROGRESS,1,16,4,8,13,0,0,1,1
37,27,7,18,IN_PROGRESS,0,2,3,5,20,0,0,1,1
37,28,9,15,IN_PROGRESS,1,0,2,7,0,0,0,0,0
37,29,9,16,IN_PROGRESS,1,27,4,5,22,0,0,1,1
37,30,9,18,IN_PROGRESS,1,17,5,5,11,0,0,1,1
37,31,8,18,IN_PROGRESS,1,21,4,5,21,0,0,1,1
37,32,12,22,IN_PROGRESS,0,0,3,3,0,0,0,0,0
37,33,13,22,IN_PROGRESS,0,0,3,3,0,0,0,0,0
37,34,14,22,IN_PROGRESS,0,7,3,3,14,0,0,1,1
37,35,15,22,IN_PROGRESS,0,0,3,3,0,0,0,0,0
37,36,17,15,IN_PROGRESS,1,6,1,4,8,0,0,1,1
37,37,17,14,IN_PROGRESS,0,8,1,4,8,0,0,1,1
37,38,12,13,IN_PROGRESS,1,3,0,3,1,0,0,0,0
37,39,19,18,IN_PROGRESS,1,20,1,3,11,0,0,1,1
37,40,18,18,IN_PROGRESS,0,2,1,3,19,0,0,1,1
37,41,10,18,IN_PROGRESS,1,12,4,5,7,0,0,1,1
37,42,21,15,IN_PROGRESS,1,0,0,3,0,0,0,0,0
37,43,16,10,IN_PROGRESS,1,5,1,2,0,0,0,0,0
38,0,2,1,IN_PROGRESS,0,0,3,3,0,0,0,0,0
38,1,3,2,IN_PROGRESS,0,1,3,3,0,0,0,0,0
38,2,6,8,IN_PROGRESS,1,0,2,5,0,0,0,0,0
38,3,4,1,IN_PROGRESS,0,1,3,5,0,0,0,0,0
38,4,1,1,IN_PROGRESS,0,5,3,3,6,0,0,1,1
38,5,9,8,IN_PROGRESS,1,0,5,7,0,0,0,0,0
38,6,8,1,IN_PROGRESS,0,0,2,5,0,0,0,0,0
38,7,9,1,IN_PROGRESS,0,0,3,6,0,0,0,0,0
38,8,10,1,IN_PROGRESS,0,8,4,5,34,0,0,1,1
38,9,11,8,IN_PROGRESS,1,0,3,8,0,0,0,0,0
38,10,12,1,IN_PROGRESS,0,0,4,5,0,0,0,0,0
38,11,13,1,IN_PROGRESS,0,0,3,6,0,0,0,0,0
38,12,14,1,IN_PROGRESS,0,10,2,6,34,0,0,1,1
38,13,10,10,IN_PROGRESS,1,1,5,8,13,0,0,1,1
38,14,16,8,IN_PROGRESS,1,0,1,3,0,0,0,0,0
38,15,12,7,IN_PROGRESS,0,11,1,4,0,0,0,0,0
38,16,18,1,IN_PROGRESS,0,0,3,7,0,0,0,0,0
38,17,19,1,IN_PROGRESS,0,6,4,6,34,0,0,1,1
38,18,20,1,IN_PROGRESS,0,8,5,5,11,0,0,1,1
38,19,21,1,IN_PROGRESS,0,11,5,5,34,0,0,1,1
38,20,22,1,IN_PROGRESS,0,0,4,5,0,0,0,0,0
38,21,23,1,IN_PROGRESS,0,10,3,5,34,0,0,1,1
38,22,7,10,IN_PROGRESS,1,14,4,5,14,0,0,1,1
38,23,8,10,IN_PROGRESS,1,6,4,6,14,0,0,1,1
38,24,4,22,IN_PROGRESS,0,0,1,1,0,0,0,0,0
38,25,5,22,IN_PROGRESS,0,10,1,1,34,0,0,1,1
38,26,9,10,IN_PROGRESS,1,16,4,8,14,0,0,1,1
38,27,7,18,IN_PROGRESS,0,2,3,5,21,0,0,1,1
38,28,9,15,IN_PROGRESS,1,0,2,7,0,0,0,0,0
38,29,9,16,IN_PROGRESS,1,27,4,6,23,0,0,1,1
38,30,9,18,IN_PROGRESS,1,17,5,5,12,0,0,1,1
38,31,8,18,IN_PROGRESS,1,21,4,5,22,0,0,1,1
38,32,12,22,IN_PROGRESS,0,0,3,3,0,0,0,0,0
38,33,13,22,IN_PROGRESS,0,0,3,3,0,0,0,0,0
38,34,14,22,IN_PROGRESS,0,7,3,3,15,0,0,1,1
38,35,15,22,IN_PROGRESS,0,0,3,3,0,0,0,0,0
38,36,17,15,IN_PROGRESS,1,6,1,4,9,0,0,1,1
38,37,17,14,IN_PROGRESS,0,8,1,3,9,0,0,1,1
38,38,11,13,IN_PROGRESS,1,2,0,5,0,0,0,0,0
38,39,19,18,IN_PROGRESS,1,20,1,3,12,0,0,1,1
38,40,18,18,IN_PROGRESS,0,2,1,3,20,0,0,1,1
38,41,10,18,IN_PROGRESS,1,12,4,5,8,0,0,1,1
38,42,21,15,IN_PROGRESS,1,0,0,3,0,0,0,0,0
38,43,15,10,IN_PROGRESS,1,4,1,2,0,0,0,0,0
39,0,2,1,IN_PROGRESS,0,0,3,3,0,0,0,0,0
39,1,3,1,IN_PROGRESS,0,0,3,4,0,0,0,0,0
39,2,6,8,IN_PROGRESS,1,0,2,5,0,0,0,0,0
39,3,5,1,IN_PROGRESS,0,0,3,6,0,0,0,0,0
39,4,1,1,IN_PROGRESS,0,5,2,3,7,0,0,1,1
39,5,9,8,IN_PROGRESS,1,0,5,7,0,0,0,0,0
39,6,8,1,IN_PROGRESS,0,0,3,6,0,0,0,0,0
39,7,9,1,IN_PROGRESS,0,0,3,6,0,0,0,0,0
39,8,10,1,IN_PROGRESS,0,8,4,6,35,0,0,1,1
39,9,11,8,IN_PROGRESS,1,0,3,8,0,0,0,0,0
39,10,12,1,IN_PROGRESS,0,0,4,6,0,0,0,0,0
39,11,13,1,IN_PROGRESS,0,0,3,6,0,0,0,0,0
39,12,14,1,IN_PROGRESS,0,10,2,6,35,0,0,1,1
39,13,10,10,IN_PROGRESS,1,1,6,7,14,0,0,1,1
39,14,16,8,IN_PROGRESS,1,0,0,2,0,0,0,0,0
39,15,12,6,IN_PROGRESS,0,10,1,3,0,0,0,0,0
39,16,18,1,IN_PROGRESS,0,0,3,7,0,0,0,0,0
39,17,19,1,IN_PROGRESS,0,6,4,6,35,0,0,1,1
39,18,20,1,IN_PROGRESS,0,8,5,5,12,0,0,1,1
39,19,21,1,IN_PROGRESS,0,11,5,5,35,0,0,1,1
39,20,22,1,IN_PROGRESS,0,0,4,5,0,0,0,0,0
39,21,23,1,IN_PROGRESS,0,10,3,5,35,0,0,1,1
39,22,7,10,IN_PROGRESS,1,14,4,5,15,0,0,1,1
39,23,8,10,IN_PROGRESS,1,6,4,7,15,0,0,1,1
39,24,4,22,IN_PROGRESS,0,0,1,1,0,0,0,0,0
39,25,5,22,IN_PROGRESS,0,10,1,1,35,0,0,1,1
39,26,9,10,IN_PROGRESS,1,16,4,9,15,0,0,1,1
39,27,7,18,IN_PROGRESS,0,2,3,5,22,0,0,1,1
39,28,9,15,IN_PROGRESS,1,0,3,7,0,0,0,0,0
39,29,9,16,IN_PROGRESS,1,27,4,6,24,0,0,1,1
39,30,9,18,IN_PROGRESS,1,17,5,5,13,0,0,1,1
39,31,8,18,IN_PROGRESS,1,21,4,5,23,0,0,1,1
39,32,12,22,IN_PROGRESS,0,0,3,3,0,0,0,0,0
39,33,13,22,IN_PROGRESS,0,0,3,3,0,0,0,0,0
39,34,14,22,IN_PROGRESS,0,7,3,3,16,0,0,1,1
39,35,15,22,IN_PROGRESS,0,0,3,3,0,0,0,0,0
39,36,17,15,IN_PROGRESS,1,6,1,4,10,0,0,1,1
39,37,17,14,IN_PROGRESS,0,8,1,3,10,0,0,1,1
39,38,10,13,IN_PROGRESS,1,1,2,6,0,0,0,0,0
39,39,19,18,IN_PROGRESS,1,20,1,3,13,0,0,1,1
39,40,18,18,IN_PROGRESS,0,2,1,3,21,0,0,1,1
39,41,10,18,IN_PROGRESS,1,12,4,6,9,0,0,1,1
39,42,21,15,IN_PROGRESS,1,0,0,3,0,0,0,0,0
39,43,14,10,IN_PROGRESS,1,3,0,4,0,0,0,0,0
40,0,2,1,IN_PROGRESS,0,0,3,3,0,0,0,0,0
40,1,3,1,IN_PROGRESS,0,0,3,4,0,0,0,0,0
40,2,6,8,IN_PROGRESS,1,0,2,5,0,0,0,0,0
40,3,5,1,IN_PROGRESS,0,0,3,6,0,0,0,0,0
40,4,1,1,IN_PROGRESS,0,5,2,3,8,0,0,1,1
40,5,9,8,IN_PROGRESS,1,0,5,7,0,0,0,0,0
40,6,8,1,IN_PROGRESS,0,0,3,6,0,0,0,0,0
40,7,9,1,IN_PROGRESS,0,0,3,6,0,0,0,0,0
40,8,10,1,IN_PROGRESS,0,8,4,6,36,0,0,1,1
40,9,11,8,IN_PROGRESS,1,0,2,7,0,0,0,0,0
40,10,12,1,IN_PROGRESS,0,0,4,6,0,0,0,0,0
40,11,13,1,IN_PROGRESS,0,0,3,7,0,0,0,0,0
40,12,14,1,IN_PROGRESS,0,10,2,6,36,0,0,1,1
40,13,10,10,IN_PROGRESS,1,1,5,7,15,0,0,1,1
40,14,16,8,IN_PROGRESS,1,0,0,2,0,0,0,0,0
40,15,12,5,IN_PROGRESS,0,9,0,3,0,0,0,0,0
40,16,18,1,IN_PROGRESS,0,0,3,7,0,0,0,0,0
40,17,19,1,IN_PROGRESS,0,6,4,6,36,0,0,1,1
40,18,20,1,IN_PROGRESS,0,8,5,5,13,0,0,1,1
40,19,21,1,IN_PROGRESS,0,11,5,5,36,0,0,1,1
40,20,22,1,IN_PROGRESS,0,0,4,5,0,0,0,0,0
40,21,23,1,IN_PROGRESS,0,10,3,5,36,0,0,1,1
40,22,7,10,IN_PROGRESS,1,14,4,6,16,0,0,1,1
40,23,8,10,IN_PROGRESS,1,6,4,7,16,0,0,1,1
40,24,4,22,IN_PROGRESS,0,0,1,1,0,0,0,0,0
40,25,5,22,IN_PROGRESS,0,10,1,1,36,0,0,1,1
40,26,9,10,IN_PROGRESS,1,16,5,8,16,0,0,1,1
40,27,7,18,IN_PROGRESS,0,2,3,5,23,0,0,1,1
40,28,9,15,IN_PROGRESS,1,0,3,7,0,0,0,0,0
40,29,9,16,IN_PROGRESS,1,27,5,6,25,0,0,1,1
40,30,9,18,IN_PROGRESS,1,17,5,6,14,0,0,1,1
40,31,8,18,IN_PROGRESS,1,21,4,5,24,0,0,1,1
40,32,12,22,IN_PROGRESS,0,0,3,3,0,0,0,0,0
40,33,13,22,IN_PROGRESS,0,0,3,3,0,0,0,0,0
40,34,14,22,IN_PROGRESS,0,7,3,3,17,0,0,1,1
40,35,15,22,IN_PROGRESS,0,0,3,3,0,0,0,0,0
40,36,17,15,IN_PROGRESS,1,6,1,4,11,0,0,1,1
40,37,17,14,IN_PROGRESS,0,8,1,3,11,0,0,1,1
40,38,9,13,IN_PROGRESS,1,0,3,8,0,0,0,0,0
40,39,19,18,IN_PROGRESS,1,20,1,3,14,0,0,1,1
40,40,18,18,IN_PROGRESS,0,2,1,3,22,0,0,1,1
40,41,10,18,IN_PROGRESS,1,12,4,5,10,0,0,1,1
40,42,21,15,IN_PROGRESS,1,0,0,3,0,0,0,0,0
40,43,14,11,IN_PROGRESS,1,2,0,2,0,0,0,0,0
41,0,2,1,IN_PROGRESS,0,0,3,3,0,0,0,0,0
41,1,3,1,IN_PROGRESS,0,0,3,4,0,0,0,0,0
41,2,6,8,IN_PROGRESS,1,0,2,5,0,0,0,0,0
41,3,5,1,IN_PROGRESS,0,0,3,6,0,0,0,0,0
41,4,1,1,IN_PROGRESS,0,5,2,3,9,0,0,1,1
41,5,9,8,IN_PROGRESS,1,0,5,7,0,0,0,0,0
41,6,8,1,IN_PROGRESS,0,0,3,6,0,0,0,0,0
41,7,9,1,IN_PROGRESS,0,0,3,6,0,0,0,0,0
41,8,10,1,IN_PROGRESS,0,8,4,7,37,0,0,1,1
41,9,11,8,IN_PROGRESS,1,0,2,7,0,0,0,0,0
41,10,12,1,IN_PROGRESS,0,0,5,6,0,0,0,0,0
41,11,13,1,IN_PROGRESS,0,0,3,7,0,0,0,0,0
41,12,14,1,IN_PROGRESS,0,10,2,7,37,0,0,1,1
41,13,10,10,IN_PROGRESS,1,1,5,6,16,0,0,1,1
41,14,16,8,IN_PROGRESS,1,0,0,1,0,0,0,0,0
41,15,12,4,IN_PROGRESS,0,8,1,5,0,0,0,0,0
41,16,18,1,IN_PROGRESS,0,0,3,7,0,0,0,0,0
41,17,19,1,IN_PROGRESS,0,6,4,6,37,0,0,1,1
41,18,20,1,IN_PROGRESS,0,8,5,5,14,0,0,1,1
41,19,21,1,IN_PROGRESS,0,11,5,5,37,0,0,1,1
41,20,22,1,IN_PROGRESS,0,0,4,5,0,0,0,0,0
41,21,23,1,IN_PROGRESS,0,10,3,5,37,0,0,1,1
41,22,7,10,IN_PROGRESS,1,14,4,6,17,0,0,1,1
41,23,8,10,IN_PROGRESS,1,6,4,7,17,0,0,1,1
41,24,4,22,IN_PROGRESS,0,0,1,1,0,0,0,0,0
41,25,5,22,IN_PROGRESS,0,10,1,1,37,0,0,1,1
41,26,9,10,IN_PROGRESS,1,16,5,8,17,0,0,1,1
41,27,7,18,IN_PROGRESS,0,2,3,5,24,0,0,1,1
41,28,9,15,IN_PROGRESS,1,0,3,7,0,0,0,0,0
41,29,9,16,IN_PROGRESS,1,27,5,6,26,0,0,1,1
41,30,9,18,IN_PROGRESS,1,17,5,6,15,0,0,1,1
41,31,8,18,IN_PROGRESS,1,21,4,5,25,0,0,1,1
41,32,12,22,IN_PROGRESS,0,0,3,3,0,0,0,0,0
41,33,13,22,IN_PROGRESS,0,0,3,3,0,0,0,0,0
41,34,14,22,IN_PROGRESS,0,7,3,3,18,0,0,1,1
41,35,15,22,IN_PROGRESS,0,0,3,3,0,0,0,0,0
41,36,17,15,IN_PROGRESS,1,6,1,4,12,0,0,1,1
41,37,17,14,IN_PROGRESS,0,8,1,4,12,0,0,1,1
41,38,9,13,IN_PROGRESS,0,0,3,8,0,0,0,0,0
41,39,19,18,IN_PROGRESS,1,20,1,3,15,0,0,1,1
41,40,18,18,IN_PROGRESS,0,2,1,3,23,0,0,1,1
41,41,10,18,IN_PROGRESS,1,12,4,5,11,0,0,1,1
41,42,21,15,IN_PROGRESS,1,0,0,3,0,0,0,0,0
41,43,14,12,IN_PROGRESS,1,1,0,1,0,0,0,0,0
42,0,2,1,IN_PROGRESS,0,0,3,3,0,0,0,0,0
42,1,3,1,IN_PROGRESS,0,0,3,4,0,0,0,0,0
42,2,6,8,IN_PROGRESS,1,0,2,5,0,0,0,0,0
42,3,5,1,IN_PROGRESS,0,0,3,6,0,0,0,0,0
42,4,1,1,IN_PROGRESS,0,5,2,3,10,0,0,1,1
42,5,9,8,IN_PROGRESS,1,0,5,7,0,0,0,0,0
42,6,8,1,IN_PROGRESS,0,0,3,6,0,0,0,0,0
42,7,9,1,IN_PROGRESS,0,0,3,7,0,0,0,0,0
42,8,10,1,IN_PROGRESS,0,8,4,7,38,0,0,1,1
42,9,11,8,IN_PROGRESS,1,0,2,6,0,0,0,0,0
42,10,12,1,IN_PROGRESS,0,0,5,6,0,0,0,0,0
42,11,13,1,IN_PROGRESS,0,0,4,7,0,0,0,0,0
42,12,14,1,IN_PROGRESS,0,10,2,7,38,0,0,1,1
42,13,10,10,IN_PROGRESS,1,1,5,6,17,0,0,1,1
42,14,16,8,IN_PROGRESS,1,0,0,1,0,0,0,0,0
42,15,12,3,IN_PROGRESS,0,7,2,5,0,0,0,0,0
42,16,18,1,IN_PROGRESS,0,0,3,7,0,0,0,0,0
42,17,19,1,IN_PROGRESS,0,6,4,6,38,0,0,1,1
42,18,20,1,IN_PROGRESS,0,8,5,5,15,0,0,1,1
42,19,21,1,IN_PROGRESS,0,11,5,5,38,0,0,1,1
42,20,22,1,IN_PROGRESS,0,0,4,5,0,0,0,0,0
42,21,23,1,IN_PROGRESS,0,10,3,5,38,0,0,1,1
42,22,7,10,IN_PROGRESS,1,14,4,6,18,0,0,1,1
42,23,8,10,IN_PROGRESS,1,6,4,7,18,0,0,1,1
42,24,4,22,IN_PROGRESS,0,0,1,1,0,0,0,0,0
42,25,5,22,IN_PROGRESS,0,10,1,1,38,0,0,1,1
42,26,9,10,IN_PROGRESS,1,16,5,8,18,0,0,1,1
42,27,7,18,IN_PROGRESS,0,2,3,5,25,0,0,1,1
42,28,9,15,IN_PROGRESS,1,0,3,7,0,0,0,0,0
42,29,9,16,IN_PROGRESS,1,27,5,6,27,0,0,1,1
42,30,9,18,IN_PROGRESS,1,17,5,6,16,0,0,1,1
42,31,8,18,IN_PROGRESS,1,21,4,5,26,0,0,1,1
42,32,12,22,IN_PROGRESS,0,0,3,3,0,0,0,0,0
42,33,13,22,IN_PROGRESS,0,0,3,3,0,0,0,0,0
42,34,14,22,IN_PROGRESS,0,7,3,3,19,0,0,1,1
42,35,15,22,IN_PROGRESS,0,0,3,3,0,0,0,0,0
42,36,17,15,IN_PROGRESS,1,6,1,5,13,0,0,1,1
42,37,17,14,IN_PROGRESS,0,8,1,4,13,0,0,1,1
42,38,9,13,IN_PROGRESS,0,18,3,9,1,0,0,0,0
42,39,19,18,IN_PROGRESS,1,20,1,3,16,0,0,1,1
42,40,18,18,IN_PROGRESS,0,2,1,3,24,0,0,1,1
42,41,10,18,IN_PROGRESS,1,12,4,5,12,0,0,1,1
42,42,21,15,IN_PROGRESS,1,0,0,3,0,0,0,0,0
42,43,14,13,IN_PROGRESS,1,0,0,3,0,0,0,0,0
43,0,2,1,IN_PROGRESS,0,0,3,3,0,0,0,0,0
43,1,3,1,IN_PROGRESS,0,0,3,4,0,0,0,0,0
43,2,6,8,IN_PROGRESS,1,0,2,5,0,0,0,0,0
43,3,5,1,IN_PROGRESS,0,0,3,6,0,0,0,0,0
43,4,1,1,IN_PROGRESS,0,5,2,3,11,0,0,1,1
43,5,9,8,IN_PROGRESS,1,0,5,6,0,0,0,0,0
43,6,8,1,IN_PROGRESS,0,0,3,7,0,0,0,0,0
43,7,9,1,IN_PROGRESS,0,0,3,7,0,0,0,0,0
43,8,10,1,IN_PROGRESS,0,8,5,7,39,0,0,1,1
43,9,11,8,IN_PROGRESS,1,0,2,6,0,0,0,0,0
43,10,12,1,IN_PROGRESS,0,0,5,6,0,0,0,0,0
43,11,13,1,IN_PROGRESS,0,0,4,7,0,0,0,0,0
43,12,14,1,IN_PROGRESS,0,10,3,7,39,0,0,1,1
43,13,10,10,IN_PROGRESS,1,1,6,6,18,0,0,1,1
43,14,16,8,IN_PROGRESS,1,0,0,1,0,0,0,0,0
43,15,12,2,IN_PROGRESS,0,6,4,6,0,0,0,0,0
43,16,18,1,IN_PROGRESS,0,0,3,7,0,0,0,0,0
43,17,19,1,IN_PROGRESS,0,6,4,6,39,0,0,1,1
43,18,20,1,IN_PROGRESS,0,8,5,5,16,0,0,1,1
43,19,21,1,IN_PROGRESS,0,11,5,5,39,0,0,1,1
43,20,22,1,IN_PROGRESS,0,0,4,5,0,0,0,0,0
43,21,23,1,IN_PROGRESS,0,10,3,5,39,0,0,1,1
43,22,7,10,IN_PROGRESS,1,14,4,5,19,0,0,1,1
43,23,8,10,IN_PROGRESS,1,6,4,7,19,0,0,1,1
43,24,4,22,IN_PROGRESS,0,0,1,1,0,0,0,0,0
43,25,5,22,IN_PROGRESS,0,10,1,1,39,0,0,1,1
43,26,9,10,IN_PROGRESS,1,16,4,8,19,0,0,1,1
43,27,7,18,IN_PROGRESS,0,2,3,5,26,0,0,1,1
43,28,9,15,IN_PROGRESS,1,0,3,7,0,0,0,0,0
43,29,9,16,IN_PROGRESS,1,27,4,6,28,0,0,1,1
43,30,9,18,IN_PROGRESS,1,17,5,5,17,0,0,1,1
43,31,8,18,IN_PROGRESS,1,21,4,5,27,0,0,1,1
43,32,12,22,IN_PROGRESS,0,0,3,3,0,0,0,0,0
43,33,13,22,IN_PROGRESS,0,0,3,3,0,0,0,0,0
43,34,14,22,IN_PROGRESS,0,7,3,3,20,0,0,1,1
43,35,15,22,IN_PROGRESS,0,0,3,3,0,0,0,0,0
43,36,17,15,IN_PROGRESS,1,6,1,5,14,0,0,1,1
43,37,17,14,IN_PROGRESS,0,8,1,4,14,0,0,1,1
43,38,10,13,IN_PROGRESS,0,17,2,7,0,0,0,0,0
43,39,19,18,IN_PROGRESS,1,20,1,3,17,0,0,1,1
43,40,18,18,IN_PROGRESS,0,2,1,3,25,0,0,1,1
43,41,10,18,IN_PROGRESS,1,12,4,6,13,0,0,1,1
43,42,21,15,IN_PROGRESS,1,0,0,3,0,0,0,0,0
43,43,14,13,IN_PROGRESS,0,0,0,3,0,0,0,0,0
44,0,2,1,IN_PROGRESS,0,0,3,3,0,0,0,0,0
44,1,3,1,IN_PROGRESS,0,0,3,4,0,0,0,0,0
44,2,6,8,IN_PROGRESS,1,0,2,5,0,0,0,0,0
44,3,5,1,IN_PROGRESS,0,0,3,6,0,0,0,0,0
44,4,1,1,IN_PROGRESS,0,5,2,3,12,0,0,1,1
44,5,9,8,IN_PROGRESS,1,0,5,6,0,0,0,0,0
44,6,8,1,IN_PROGRESS,0,0,3,7,0,0,0,0,0
44,7,9,1,IN_PROGRESS,0,0,3,7,0,0,0,0,0
44,8,10,1,IN_PROGRESS,0,8,5,7,40,0,0,1,1
44,9,11,8,IN_PROGRESS,1,0,2,7,0,0,0,0,0
44,10,12,1,IN_PROGRESS,0,0,5,6,0,0,0,0,0
44,11,13,1,IN_PROGRESS,0,0,4,7,0,0,0,0,0
44,12,14,1,IN_PROGRESS,0,10,3,7,40,0,0,1,1
44,13,10,10,IN_PROGRESS,1,1,5,6,19,0,0,1,1
44,14,16,8,IN_PROGRESS,1,0,0,1,0,0,0,0,0
44,15,12,2,IN_PROGRESS,0,6,4,6,1,0,0,0,0
44,16,18,1,IN_PROGRESS,0,0,3,7,0,0,0,0,0
44,17,19,1,IN_PROGRESS,0,6,4,6,40,0,0,1,1
44,18,20,1,IN_PROGRESS,0,8,5,5,17,0,0,1,1
44,19,21,1,IN_PROGRESS,0,11,5,5,40,0,0,1,1
44,20,22,1,IN_PROGRESS,0,0,4,5,0,0,0,0,0
44,21,23,1,IN_PROGRESS,0,10,3,5,40,0,0,1,1
44,22,7,10,IN_PROGRESS,1,14,4,5,20,0,0,1,1
44,23,8,10,IN_PROGRESS,1,6,4,6,20,0,0,1,1
44,24,4,22,IN_PROGRESS,0,0,1,1,0,0,0,0,0
44,25,5,22,IN_PROGRESS,0,10,1,1,40,0,0,1,1
44,26,9,10,IN_PROGRESS,1,16,4,8,20,0,0,1,1
44,27,7,18,IN_PROGRESS,0,2,3,5,27,0,0,1,1
44,28,9,15,IN_PROGRESS,1,0,2,7,0,0,0,0,0
44,29,9,16,IN_PROGRESS,1,27,4,6,29,0,0,1,1
44,30,9,18,IN_PROGRESS,1,17,5,5,18,0,0,1,1
44,31,8,18,IN_PROGRESS,1,21,4,5,28,0,0,1,1
44,32,12,22,IN_PROGRESS,0,0,3,3,0,0,0,0,0
44,33,13,22,IN_PROGRESS,0,0,3,3,0,0,0,0,0
44,34,14,22,IN_PROGRESS,0,7,3,3,21,0,0,1,1
44,35,15,22,IN_PROGRESS,0,0,3,3,0,0,0,0,0
44,36,17,15,IN_PROGRESS,1,6,1,5,15,0,0,1,1
44,37,17,14,IN_PROGRESS,0,8,1,4,15,0,0,1,1
44,38,11,13,IN_PROGRESS,0,16,1,6,0,0,0,0,0
44,39,19,18,IN_PROGRESS,1,20,1,3,18,0,0,1,1
44,40,18,18,IN_PROGRESS,0,2,1,3,26,0,0,1,1
44,41,10,18,IN_PROGRESS,1,12,4,5,14,0,0,1,1
44,42,21,15,IN_PROGRESS,1,0,0,3,0,0,0,0,0
44,43,14,13,IN_PROGRESS,0,18,1,3,1,0,0,0,0
45,0,2,1,IN_PROGRESS,0,0,3,3,0,0,0,0,0
45,1,3,1,IN_PROGRESS,0,0,3,4,0,0,0,0,0
45,2,6,8,IN_PROGRESS,1,0,2,5,0,0,0,0,0
45,3,5,1,IN_PROGRESS,0,0,3,6,0,0,0,0,0
45,4,1,1,IN_PROGRESS,0,5,2,3,13,0,0,1,1
45,5,9,8,IN_PROGRESS,1,0,5,6,0,0,0,0,0
45,6,8,1,IN_PROGRESS,0,0,3,7,0,0,0,0,0
45,7,9,1,IN_PROGRESS,0,0,3,7,0,0,0,0,0
45,8,10,1,IN_PROGRESS,0,8,5,7,41,0,0,1,1
45,9,11,8,IN_PROGRESS,1,0,2,6,0,0,0,0,0
45,10,12,1,IN_PROGRESS,0,0,5,6,0,0,0,0,0
45,11,13,1,IN_PROGRESS,0,0,4,7,0,0,0,0,0
45,12,14,1,IN_PROGRESS,0,10,3,7,41,0,0,1,1
45,13,10,10,IN_PROGRESS,1,1,5,6,20,0,0,1,1
45,14,16,8,IN_PROGRESS,1,0,0,1,0,0,0,0,0
45,15,12,2,IN_PROGRESS,0,6,4,6,2,0,0,1,0
45,16,18,1,IN_PROGRESS,0,0,3,7,0,0,0,0,0
45,17,19,1,IN_PROGRESS,0,6,4,6,41,0,0,1,1
45,18,20,1,IN_PROGRESS,0,8,5,5,18,0,0,1,1
45,19,21,1,IN_PROGRESS,0,11,5,5,41,0,0,1,1
45,20,22,1,IN_PROGRESS,0,0,4,5,0,0,0,0,0
45,21,23,1,IN_PROGRESS,0,10,3,5,41,0,0,1,1
45,22,7,10,IN_PROGRESS,1,14,4,5,21,0,0,1,1
45,23,8,10,IN_PROGRESS,1,6,4,6,21,0,0,1,1
45,24,4,22,IN_PROGRESS,0,0,1,1,0,0,0,0,0
45,25,5,22,IN_PROGRESS,0,10,1,1,41,0,0,1,1
45,26,9,10,IN_PROGRESS,1,16,4,7,21,0,0,1,1
45,27,7,18,IN_PROGRESS,0,2,3,5,28,0,0,1,1
45,28,9,15,IN_PROGRESS,1,0,2,7,0,0,0,0,0
45,29,9,16,IN_PROGRESS,1,27,4,5,30,0,0,1,1
45,30,9,18,IN_PROGRESS,1,17,5,5,19,0,0,1,1
45,31,8,18,IN_PROGRESS,1,21,4,5,29,0,0,1,1
45,32,12,22,IN_PROGRESS,0,0,3,3,0,0,0,0,0
45,33,13,22,IN_PROGRESS,0,0,3,3,0,0,0,0,0
45,34,14,22,IN_PROGRESS,0,7,3,3,22,0,0,1,1
45,35,15,22,IN_PROGRESS,0,0,3,3,0,0,0,0,0
45,36,17,15,IN_PROGRESS,1,6,1,5,16,0,0,1,1
45,37,17,14,IN_PROGRESS,0,8,2,4,16,0,0,1,1
45,38,12,13,IN_PROGRESS,0,15,1,3,0,0,0,0,0
45,39,19,18,IN_PROGRESS,1,20,1,3,19,0,0,1,1
45,40,18,18,IN_PROGRESS,0,2,1,3,27,0,0,1,1
45,41,10,18,IN_PROGRESS,1,12,4,5,15,0,0,1,1
45,42,21,15,IN_PROGRESS,1,0,0,3,0,0,0,0,0
45,43,15,13,IN_PROGRESS,0,17,2,3,0,0,0,0,0
46,0,2,1,IN_PROGRESS,0,0,3,3,0,0,0,0,0
46,1,3,1,IN_PROGRESS,0,0,3,4,0,0,0,0,0
46,2,6,8,IN_PROGRESS,1,0,2,5,0,0,0,0,0
46,3,5,1,IN_PROGRESS,0,0,3,6,0,0,0,0,0
46,4,1,1,IN_PROGRESS,0,5,2,3,14,0,0,1,1
46,5,9,8,IN_PROGRESS,1,0,5,6,0,0,0,0,0
46,6,8,1,IN_PROGRESS,0,0,3,7,0,0,0,0,0
46,7,9,1,IN_PROGRESS,0,0,3,7,0,0,0,0,0
46,8,10,1,IN_PROGRESS,0,8,5,7,42,0,0,1,1
46,9,11,8,IN_PROGRESS,1,0,2,6,0,0,0,0,0
46,10,12,1,IN_PROGRESS,0,0,5,6,0,0,0,0,0
46,11,13,1,IN_PROGRESS,0,0,4,7,0,0,0,0,0
46,12,14,1,IN_PROGRESS,0,10,3,7,42,0,0,1,1
46,13,10,10,IN_PROGRESS,1,1,5,5,21,0,0,1,1
46,14,16,8,IN_PROGRESS,1,0,0,2,0,0,0,0,0
46,15,12,2,IN_PROGRESS,0,6,4,6,3,0,0,1,0
46,16,18,1,IN_PROGRESS,0,0,3,7,0,0,0,0,0
46,17,19,1,IN_PROGRESS,0,6,4,6,42,0,0,1,1
46,18,20,1,IN_PROGRESS,0,8,5,5,19,0,0,1,1
46,19,21,1,IN_PROGRESS,0,11,5,5,42,0,0,1,1
46,20,22,1,IN_PROGRESS,0,0,4,5,0,0,0,0,0
46,21,23,1,IN_PROGRESS,0,10,3,5,42,0,0,1,1
46,22,7,10,IN_PROGRESS,1,14,4,5,22,0,0,1,1
46,23,8,10,IN_PROGRESS,1,6,4,6,22,0,0,1,1
46,24,4,22,IN_PROGRESS,0,0,1,1,0,0,0,0,0
46,25,5,22,IN_PROGRESS,0,10,1,1,42,0,0,1,1
46,26,9,10,IN_PROGRESS,1,16,4,7,22,0,0,1,1
46,27,7,18,IN_PROGRESS,0,2,3,5,29,0,0,1,1
46,28,9,15,IN_PROGRESS,1,0,2,7,0,0,0,0,0
46,29,9,16,IN_PROGRESS,1,27,4,6,31,0,0,1,1
46,30,9,18,IN_PROGRESS,1,17,5,5,20,0,0,1,1
46,31,8,18,IN_PROGRESS,1,21,4,5,30,0,0,1,1
46,32,12,22,IN_PROGRESS,0,0,3,3,0,0,0,0,0
46,33,13,22,IN_PROGRESS,0,0,3,3,0,0,0,0,0
46,34,14,22,IN_PROGRESS,0,7,3,3,23,0,0,1,1
46,35,15,22,IN_PROGRESS,0,0,3,3,0,0,0,0,0
46,36,17,15,IN_PROGRESS,1,6,2,5,17,0,0,1,1
46,37,17,14,IN_PROGRESS,0,8,2,5,17,0,0,1,1
46,38,12,14,IN_PROGRESS,0,14,0,4,0,0,0,0,0
46,39,19,18,IN_PROGRESS,1,20,1,3,20,0,0,1,1
46,40,18,18,IN_PROGRESS,0,2,1,3,28,0,0,1,1
46,41,10,18,IN_PROGRESS,1,13,4,5,16,0,0,1,1
46,42,21,15,IN_PROGRESS,1,0,0,3,0,0,0,0,0
46,43,16,13,IN_PROGRESS,0,16,2,4,0,0,0,0,0
47,0,2,1,IN_PROGRESS,0,0,3,3,0,0,0,0,0
47,1,3,1,IN_PROGRESS,0,0,3,4,0,0,0,0,0
47,2,6,8,IN_PROGRESS,1,0,2,5,0,0,0,0,0
47,3,5,1,IN_PROGRESS,0,0,3,6,0,0,0,0,0
47,4,1,1,IN_PROGRESS,0,5,2,3,15,0,0,1,1
47,5,9,8,IN_PROGRESS,1,0,5,6,0,0,0,0,0
47,6,8,1,IN_PROGRESS,0,0,3,7,0,0,0,0,0
47,7,9,1,IN_PROGRESS,0,0,3,7,0,0,0,0,0
47,8,10,1,IN_PROGRESS,0,8,5,7,43,0,0,1,1
47,9,11,8,IN_PROGRESS,1,0,2,6,0,0,0,0,0
47,10,12,1,IN_PROGRESS,0,0,5,6,0,0,0,0,0
47,11,13,1,IN_PROGRESS,0,0,4,7,0,0,0,0,0
47,12,14,1,IN_PROGRESS,0,10,3,7,43,0,0,1,1
47,13,10,10,IN_PROGRESS,1,1,5,5,22,0,0,1,1
47,14,16,8,IN_PROGRESS,1,0,0,1,0,0,0,0,0
47,15,12,2,IN_PROGRESS,0,6,4,6,4,0,0,1,0
47,16,18,1,IN_PROGRESS,0,0,3,7,0,0,0,0,0
47,17,19,1,IN_PROGRESS,0,6,4,6,43,0,0,1,1
47,18,20,1,IN_PROGRESS,0,8,5,5,20,0,0,1,1
47,19,21,1,IN_PROGRESS,0,11,5,5,43,0,0,1,1
47,20,22,1,IN_PROGRESS,0,0,4,5,0,0,0,0,0
47,21,23,1,IN_PROGRESS,0,10,3,5,43,0,0,1,1
47,22,7,10,IN_PROGRESS,1,14,4,5,23,0,0,1,1
47,23,8,10,IN_PROGRESS,1,6,4,6,23,0,0,1,1
47,24,4,22,IN_PROGRESS,0,0,1,1,0,0,0,0,0
47,25,5,22,IN_PROGRESS,0,10,1,1,43,0,0,1,1
47,26,9,10,IN_PROGRESS,1,16,4,7,23,0,0,1,1
47,27,7,18,IN_PROGRESS,0,2,3,5,30,0,0,1,1
47,28,9,15,IN_PROGRESS,1,0,3,7,0,0,0,0,0
47,29,9,16,IN_PROGRESS,1,27,4,6,32,0,0,1,1
47,30,9,18,IN_PROGRESS,1,17,5,5,21,0,0,1,1
47,31,8,18,IN_PROGRESS,1,21,4,5,31,0,0,1,1
47,32,12,22,IN_PROGRESS,0,0,3,3,0,0,0,0,0
47,33,13,22,IN_PROGRESS,0,0,3,3,0,0,0,0,0
47,34,14,22,IN_PROGRESS,0,7,3,3,24,0,0,1,1
47,35,15,22,IN_PROGRESS,0,0,3,3,0,0,0,0,0
47,36,17,15,IN_PROGRESS,1,6,2,6,18,0,0,1,1
47,37,17,14,IN_PROGRESS,0,8,2,4,18,0,0,1,1
47,38,12,15,IN_PROGRESS,0,13,1,4,0,0,0,0,0
47,39,19,18,IN_PROGRESS,1,20,1,3,21,0,0,1,1
47,40,18,18,IN_PROGRESS,0,2,1,3,29,0,0,1,1
47,41,10,18,IN_PROGRESS,1,12,4,6,17,0,0,1,1
47,42,21,15,IN_PROGRESS,1,0,0,3,0,0,0,0,0
47,43,17,13,IN_PROGRESS,0,15,2,2,0,0,0,0,0
48,0,2,1,IN_PROGRESS,0,0,3,3,0,0,0,0,0
48,1,3,1,IN_PROGRESS,0,0,3,4,0,0,0,0,0
48,2,6,8,IN_PROGRESS,1,0,2,5,0,0,0,0,0
48,3,5,1,IN_PROGRESS,0,0,3,6,0,0,0,0,0
48,4,1,1,IN_PROGRESS,0,5,2,3,16,0,0,1,1
48,5,9,8,IN_PROGRESS,1,0,5,6,0,0,0,0,0
48,6,8,1,IN_PROGRESS,0,0,3,7,0,0,0,0,0
48,7,9,1,IN_PROGRESS,0,0,3,7,0,0,0,0,0
48,8,10,1,IN_PROGRESS,0,8,5,7,44,0,0,1,1
48,9,11,8,IN_PROGRESS,1,0,2,6,0,0,0,0,0
48,10,12,1,IN_PROGRESS,0,0,5,6,0,0,0,0,0
48,11,13,1,IN_PROGRESS,0,0,4,7,0,0,0,0,0
48,12,14,1,IN_PROGRESS,0,10,3,7,44,0,0,1,1
48,13,10,10,IN_PROGRESS,1,1,5,5,23,0,0,1,1
48,14,16,8,IN_PROGRESS,1,0,0,1,0,0,0,0,0
48,15,12,2,IN_PROGRESS,0,6,4,6,5,0,0,1,0
48,16,18,1,IN_PROGRESS,0,0,3,7,0,0,0,0,0
48,17,19,1,IN_PROGRESS,0,6,4,6,44,0,0,1,1
48,18,20,1,IN_PROGRESS,0,8,5,5,21,0,0,1,1
48,19,21,1,IN_PROGRESS,0,11,5,5,44,0,0,1,1
48,20,22,1,IN_PROGRESS,0,0,4,5,0,0,0,0,0
48,21,23,1,IN_PROGRESS,0,10,3,5,44,0,0,1,1
48,22,7,10,IN_PROGRESS,1,14,4,5,24,0,0,1,1
48,23,8,10,IN_PROGRESS,1,6,4,6,24,0,0,1,1
48,24,4,22,IN_PROGRESS,0,0,1,1,0,0,0,0,0
48,25,5,22,IN_PROGRESS,0,10,1,1,44,0,0,1,1
48,26,9,10,IN_PROGRESS,1,16,4,7,24,0,0,1,1
48,27,7,18,IN_PROGRESS,0,2,3,5,31,0,0,1,1
48,28,9,15,IN_PROGRESS,1,0,2,7,0,0,0,0,0
48,29,9,16,IN_PROGRESS,1,27,5,6,33,0,0,1,1
48,30,9,18,IN_PROGRESS,1,17,5,6,22,0,0,1,1
48,31,8,18,IN_PROGRESS,1,21,4,5,32,0,0,1,1
48,32,12,22,IN_PROGRESS,0,0,3,3,0,0,0,0,0
48,33,13,22,IN_PROGRESS,0,0,3,3,0,0,0,0,0
48,34,14,22,IN_PROGRESS,0,7,3,3,25,0,0,1,1
48,35,15,22,IN_PROGRESS,0,0,3,3,0,0,0,0,0
48,36,17,15,IN_PROGRESS,1,6,2,5,19,0,0,1,1
48,37,17,14,IN_PROGRESS,0,8,2,4,19,0,0,1,1
48,38,12,16,IN_PROGRESS,0,12,1,4,0,0,0,0,0
48,39,19,18,IN_PROGRESS,1,20,1,3,22,0,0,1,1
48,40,18,18,IN_PROGRESS,0,2,1,3,30,0,0,1,1
48,41,10,18,IN_PROGRESS,1,12,4,6,18,0,0,1,1
48,42,21,15,IN_PROGRESS,1,0,0,3,0,0,0,0,0
48,43,17,13,IN_PROGRESS,0,15,2,2,1,0,0,0,0
49,0,2,1,IN_PROGRESS,0,0,3,3,0,0,0,0,0
49,1,3,1,IN_PROGRESS,0,0,3,4,0,0,0,0,0
49,2,6,8,IN_PROGRESS,1,0,2,5,0,0,0,0,0
49,3,5,1,IN_PROGRESS,0,0,3,6,0,0,0,0,0
49,4,1,1,IN_PROGRESS,0,5,2,3,17,0,0,1,1
49,5,9,8,IN_PROGRESS,1,0,5,6,0,0,0,0,0
49,6,8,1,IN_PROGRESS,0,0,3,7,0,0,0,0,0
49,7,9,1,IN_PROGRESS,0,0,3,7,0,0,0,0,0
49,8,10,1,IN_PROGRESS,0,8,5,7,45,0,0,1,1
49,9,11,8,IN_PROGRESS,1,0,2,6,0,0,0,0,0
49,10,12,1,IN_PROGRESS,0,0,5,6,0,0,0,0,0
49,11,13,1,IN_PROGRESS,0,0,4,7,0,0,0,0,0
49,12,14,1,IN_PROGRESS,0,10,3,7,45,0,0,1,1
49,13,10,10,IN_PROGRESS,1,1,5,5,24,0,0,1,1
49,14,16,8,IN_PROGRESS,1,0,0,1,0,0,0,0,0
49,15,12,2,IN_PROGRESS,0,6,4,6,6,0,0,1,1
49,16,18,1,IN_PROGRESS,0,0,3,7,0,0,0,0,0
49,17,19,1,IN_PROGRESS,0,6,4,6,45,0,0,1,1
49,18,20,1,IN_PROGRESS,0,8,5,5,22,0,0,1,1
49,19,21,1,IN_PROGRESS,0,11,5,5,45,0,0,1,1
49,20,22,1,IN_PROGRESS,0,0,4,5,0,0,0,0,0
49,21,23,1,IN_PROGRESS,0,10,3,5,45,0,0,1,1
49,22,7,10,IN_PROGRESS,1,14,4,5,25,0,0,1,1
49,23,8,10,IN_PROGRESS,1,6,4,6,25,0,0,1,1
49,24,4,22,IN_PROGRESS,0,0,1,1,0,0,0,0,0
49,25,5,22,IN_PROGRESS,0,10,1,1,45,0,0,1,1
49,26,9,10,IN_PROGRESS,1,16,4,7,25,0,0,1,1
49,27,7,18,IN_PROGRESS,0,2,3,5,32,0,0,1,1
49,28,9,15,IN_PROGRESS,1,0,2,7,0,0,0,0,0
49,29,9,16,IN_PROGRESS,1,27,4,6,34,0,0,1,1
49,30,9,18,IN_PROGRESS,1,17,5,6,23,0,0,1,1
49,31,8,18,IN_PROGRESS,1,21,4,6,33,0,0,1,1
49,32,12,22,IN_PROGRESS,0,0,3,4,0,0,0,0,0
49,33,13,22,IN_PROGRESS,0,0,3,3,0,0,0,0,0
49,34,14,22,IN_PROGRESS,0,7,3,3,26,0,0,1,1
49,35,15,22,IN_PROGRESS,0,0,3,3,0,0,0,0,0
49,36,17,15,IN_PROGRESS,1,6,2,5,20,0,0,1,1
49,37,17,14,IN_PROGRESS,0,8,2,4,20,0,0,1,1
49,38,12,17,IN_PROGRESS,0,11,1,6,0,0,0,0,0
49,39,19,18,IN_PROGRESS,1,20,1,3,23,0,0,1,1
49,40,18,18,IN_PROGRESS,0,2,1,3,31,0,0,1,1
49,41,10,18,IN_PROGRESS,1,12,5,6,19,0,0,1,1
49,42,21,15,IN_PROGRESS,1,0,0,3,0,0,0,0,0
49,43,17,13,IN_PROGRESS,0,15,2,2,2,0,0,1,0
50,0,2,1,IN_PROGRESS,0,0,3,3,0,0,0,0,0
50,1,3,1,IN_PROGRESS,0,0,3,4,0,0,0,0,0
50,2,6,8,IN_PROGRESS,1,0,2,5,0,0,0,0,0
50,3,5,1,IN_PROGRESS,0,0,3,6,0,0,0,0,0
50,4,1,1,IN_PROGRESS,0,5,2,3,18,0,0,1,1
50,5,9,8,IN_PROGRESS,1,0,5,6,0,0,0,0,0
50,6,8,1,IN_PROGRESS,0,0,3,7,0,0,0,0,0
50,7,9,1,IN_PROGRESS,0,0,3,7,0,0,0,0,0
50,8,10,1,IN_PROGRESS,0,8,5,7,46,0,0,1,1
50,9,11,8,IN_PROGRESS,1,0,2,6,0,0,0,0,0
50,10,12,1,IN_PROGRESS,0,0,5,6,0,0,0,0,0
50,11,13,1,IN_PROGRESS,0,0,4,7,0,0,0,0,0
50,12,14,1,IN_PROGRESS,0,10,3,7,46,0,0,1,1
50,13,10,10,IN_PROGRESS,1,1,5,5,25,0,0,1,1
50,14,16,8,IN_PROGRESS,1,0,0,1,0,0,0,0,0
50,15,12,2,IN_PROGRESS,0,6,4,6,7,0,0,1,1
50,16,18,1,IN_PROGRESS,0,0,3,7,0,0,0,0,0
50,17,19,1,IN_PROGRESS,0,6,4,6,46,0,0,1,1
50,18,20,1,IN_PROGRESS,0,8,5,5,23,0,0,1,1
50,19,21,1,IN_PROGRESS,0,11,5,5,46,0,0,1,1
50,20,22,1,IN_PROGRESS,0,0,4,5,0,0,0,0,0
50,21,23,1,IN_PROGRESS,0,10,3,5,46,0,0,1,1
50,22,7,10,IN_PROGRESS,1,14,4,5,26,0,0,1,1
50,23,8,10,IN_PROGRESS,1,6,4,6,26,0,0,1,1
50,24,4,22,IN_PROGRESS,0,0,1,1,0,0,0,0,0
50,25,5,22,IN_PROGRESS,0,10,1,1,46,0,0,1,1
50,26,9,10,IN_PROGRESS,1,16,4,7,26,0,0,1,1
50,27,7,18,IN_PROGRESS,0,2,3,6,33,0,0,1,1
50,28,9,15,IN_PROGRESS,1,0,2,6,0,0,0,0,0
50,29,9,16,IN_PROGRESS,1,27,4,6,35,0,0,1,1
50,30,9,18,IN_PROGRESS,1,17,6,6,24,0,0,1,1
50,31,8,18,IN_PROGRESS,1,21,4,6,34,0,0,1,1
50,32,12,22,IN_PROGRESS,0,0,3,4,0,0,0,0,0
50,33,13,22,IN_PROGRESS,0,0,3,4,0,0,0,0,0
50,34,14,22,IN_PROGRESS,0,7,3,3,27,0,0,1,1
50,35,15,22,IN_PROGRESS,0,0,3,3,0,0,0,0,0
50,36,17,15,IN_PROGRESS,1,6,2,5,21,0,0,1,1
50,37,17,14,IN_PROGRESS,0,8,2,4,21,0,0,1,1
50,38,12,18,IN_PROGRESS,0,10,2,7,0,0,0,0,0
50,39,19,18,IN_PROGRESS,1,20,1,3,24,0,0,1,1
50,40,18,18,IN_PROGRESS,0,2,1,3,32,0,0,1,1
50,41,10,18,IN_PROGRESS,1,12,5,6,20,0,0,1,1
50,42,21,15,IN_PROGRESS,1,0,0,3,0,0,0,0,0
50,43,17,13,IN_PROGRESS,0,15,2,2,3,0,0,1,0
51,0,2,1,IN_PROGRESS,0,0,3,3,0,0,0,0,0
51,1,3,1,IN_PROGRESS,0,0,3,4,0,0,0,0,0
51,2,6,8,IN_PROGRESS,1,0,2,5,0,0,0,0,0
51,3,5,1,IN_PROGRESS,0,0,3,6,0,0,0,0,0
51,4,1,1,IN_PROGRESS,0,5,2,3,19,0,0,1,1
51,5,9,8,IN_PROGRESS,1,0,5,6,0,0,0,0,0
51,6,8,1,IN_PROGRESS,0,0,3,7,0,0,0,0,0
51,7,9,1,IN_PROGRESS,0,0,3,7,0,0,0,0,0
51,8,10,1,IN_PROGRESS,0,8,5,7,47,0,0,1,1
51,9,11,8,IN_PROGRESS,1,0,2,6,0,0,0,0,0
51,10,12,1,IN_PROGRESS,0,0,5,6,0,0,0,0,0
51,11,13,1,IN_PROGRESS,0,0,4,7,0,0,0,0,0
51,12,14,1,IN_PROGRESS,0,10,3,7,47,0,0,1,1
51,13,10,10,IN_PROGRESS,1,1,5,5,26,0,0,1,1
51,14,16,8,IN_PROGRESS,1,0,0,1,0,0,0,0,0
51,15,12,2,IN_PROGRESS,0,6,4,6,8,0,0,1,1
51,16,18,1,IN_PROGRESS,0,0,3,7,0,0,0,0,0
51,17,19,1,IN_PROGRESS,0,6,4,6,47,0,0,1,1
51,18,20,1,IN_PROGRESS,0,8,5,5,24,0,0,1,1
51,19,21,1,IN_PROGRESS,0,11,5,5,47,0,0,1,1
51,20,22,1,IN_PROGRESS,0,0,4,5,0,0,0,0,0
51,21,23,1,IN_PROGRESS,0,10,3,5,47,0,0,1,1
51,22,7,10,IN_PROGRESS,1,14,4,5,27,0,0,1,1
51,23,8,10,IN_PROGRESS,1,6,4,6,27,0,0,1,1
51,24,4,22,IN_PROGRESS,0,0,1,1,0,0,0,0,0
51,25,5,22,IN_PROGRESS,0,10,1,1,47,0,0,1,1
51,26,9,10,IN_PROGRESS,1,16,4,7,27,0,0,1,1
51,27,7,18,IN_PROGRESS,0,2,3,5,34,0,0,1,1
51,28,9,15,IN_PROGRESS,1,0,2,6,0,0,0,0,0
51,29,9,16,IN_PROGRESS,1,27,4,5,36,0,0,1,1
51,30,9,18,IN_PROGRESS,1,17,5,6,25,0,0,1,1
51,31,8,18,IN_PROGRESS,1,21,4,6,35,0,0,1,1
51,32,12,22,IN_PROGRESS,0,0,4,4,0,0,0,0,0
51,33,13,22,IN_PROGRESS,0,0,3,4,0,0,0,0,0
51,34,14,22,IN_PROGRESS,0,7,3,4,28,0,0,1,1
51,35,15,22,IN_PROGRESS,0,0,3,3,0,0,0,0,0
51,36,17,15,IN_PROGRESS,1,6,2,5,22,0,0,1,1
51,37,17,14,IN_PROGRESS,0,8,2,4,22,0,0,1,1
51,38,12,19,IN_PROGRESS,0,9,2,6,0,0,0,0,0
51,39,19,18,IN_PROGRESS,1,20,1,3,25,0,0,1,1
51,40,18,18,IN_PROGRESS,0,2,1,3,33,0,0,1,1
51,41,10,18,IN_PROGRESS,1,12,5,6,21,0,0,1,1
51,42,21,15,IN_PROGRESS,1,0,0,3,0,0,0,0,0
51,43,17,13,IN_PROGRESS,0,15,2,2,4,0,0,1,0
52,0,2,1,IN_PROGRESS,0,0,3,3,0,0,0,0,0
52,1,3,1,IN_PROGRESS,0,0,3,4,0,0,0,0,0
52,2,6,8,IN_PROGRESS,1,0,2,5,0,0,0,0,0
52,3,5,1,IN_PROGRESS,0,0,3,6,0,0,0,0,0
52,4,1,1,IN_PROGRESS,0,5,2,3,20,0,0,1,1
52,5,9,8,IN_PROGRESS,1,0,5,6,0,0,0,0,0
52,6,8,1,IN_PROGRESS,0,0,3,7,0,0,0,0,0
52,7,9,1,IN_PROGRESS,0,0,3,7,0,0,0,0,0
52,8,10,1,IN_PROGRESS,0,8,5,7,48,0,0,1,1
52,9,11,8,IN_PROGRESS,1,0,2,6,0,0,0,0,0
52,10,12,1,IN_PROGRESS,0,0,5,6,0,0,0,0,0
52,11,13,1,IN_PROGRESS,0,0,4,7,0,0,0,0,0
52,12,14,1,IN_PROGRESS,0,10,3,7,48,0,0,1,1
52,13,10,10,IN_PROGRESS,1,1,5,5,27,0,0,1,1
52,14,16,8,IN_PROGRESS,1,0,0,1,0,0,0,0,0
52,15,12,2,IN_PROGRESS,0,6,4,6,9,0,0,1,1
52,16,18,1,IN_PROGRESS,0,0,3,7,0,0,0,0,0
52,17,19,1,IN_PROGRESS,0,6,4,6,48,0,0,1,1
52,18,20,1,IN_PROGRESS,0,8,5,5,25,0,0,1,1
52,19,21,1,IN_PROGRESS,0,11,5,5,48,0,0,1,1
52,20,22,1,IN_PROGRESS,0,0,4,5,0,0,0,0,0
52,21,23,1,IN_PROGRESS,0,10,3,5,48,0,0,1,1
52,22,7,10,IN_PROGRESS,1,14,4,5,28,0,0,1,1
52,23,8,10,IN_PROGRESS,1,6,4,6,28,0,0,1,1
52,24,4,22,IN_PROGRESS,0,0,1,1,0,0,0,0,0
52,25,5,22,IN_PROGRESS,0,10,1,1,48,0,0,1,1
52,26,9,10,IN_PROGRESS,1,16,4,7,28,0,0,1,1
52,27,7,18,IN_PROGRESS,0,2,3,5,35,0,0,1,1
52,28,9,15,IN_PROGRESS,1,0,2,6,0,0,0,0,0
52,29,9,16,IN_PROGRESS,1,27,4,5,37,0,0,1,1
52,30,9,18,IN_PROGRESS,1,17,5,6,26,0,0,1,1
52,31,8,18,IN_PROGRESS,1,21,4,5,36,0,0,1,1
52,32,12,22,IN_PROGRESS,0,0,4,4,0,0,0,0,0
52,33,13,22,IN_PROGRESS,0,0,4,4,0,0,0,0,0
52,34,14,22,IN_PROGRESS,0,7,3,4,29,0,0,1,1
52,35,15,22,IN_PROGRESS,0,0,3,4,0,0,0,0,0
52,36,17,15,IN_PROGRESS,1,6,2,5,23,0,0,1,1
52,37,17,14,IN_PROGRESS,0,8,2,4,23,0,0,1,1
52,38,12,20,IN_PROGRESS,0,8,2,6,0,0,0,0,0
52,39,19,18,IN_PROGRESS,1,20,1,3,26,0,0,1,1
52,40,18,18,IN_PROGRESS,0,2,1,3,34,0,0,1,1
52,41,10,18,IN_PROGRESS,1,12,4,6,22,0,0,1,1
52,42,21,15,IN_PROGRESS,1,0,0,3,0,0,0,0,0
52,43,17,13,IN_PROGRESS,0,15,2,2,5,0,0,1,0
53,0,2,1,IN_PROGRESS,0,0,3,3,0,0,0,0,0
53,1,3,1,IN_PROGRESS,0,0,3,4,0,0,0,0,0
53,2,6,8,IN_PROGRESS,1,0,2,5,0,0,0,0,0
53,3,5,1,IN_PROGRESS,0,0,3,6,0,0,0,0,0
53,4,1,1,IN_PROGRESS,0,5,2,3,21,0,0,1,1
53,5,9,8,IN_PROGRESS,1,0,5,6,0,0,0,0,0
53,6,8,1,IN_PROGRESS,0,0,3,7,0,0,0,0,0
53,7,9,1,IN_PROGRESS,0,0,3,7,0,0,0,0,0
53,8,10,1,IN_PROGRESS,0,8,5,7,49,0,0,1,1
53,9,11,8,IN_PROGRESS,1,0,2,6,0,0,0,0,0
53,10,12,1,IN_PROGRESS,0,0,5,6,0,0,0,0,0
53,11,13,1,IN_PROGRESS,0,0,4,7,0,0,0,0,0
53,12,14,1,IN_PROGRESS,0,10,3,7,49,0,0,1,1
53,13,10,10,IN_PROGRESS,1,1,5,5,28,0,0,1,1
53,14,16,8,IN_PROGRESS,1,0,0,1,0,0,0,0,0
53,15,12,2,IN_PROGRESS,0,6,4,6,10,0,0,1,1
53,16,18,1,IN_PROGRESS,0,0,3,7,0,0,0,0,0
53,17,19,1,IN_PROGRESS,0,6,4,6,49,0,0,1,1
53,18,20,1,IN_PROGRESS,0,8,5,5,26,0,0,1,1
53,19,21,1,IN_PROGRESS,0,11,5,5,49,0,0,1,1
53,20,22,1,IN_PROGRESS,0,0,4,5,0,0,0,0,0
53,21,23,1,IN_PROGRESS,0,10,3,5,49,0,0,1,1
53,22,7,10,IN_PROGRESS,1,14,4,5,29,0,0,1,1
53,23,8,10,IN_PROGRESS,1,6,4,6,29,0,0,1,1
53,24,4,22,IN_PROGRESS,0,0,1,1,0,0,0,0,0
53,25,5,22,IN_PROGRESS,0,10,1,1,49,0,0,1,1
53,26,9,10,IN_PROGRESS,1,16,4,7,29,0,0,1,1
53,27,7,18,IN_PROGRESS,0,2,3,5,36,0,0,1,1
53,28,9,15,IN_PROGRESS,1,0,2,6,0,0,0,0,0
53,29,9,16,IN_PROGRESS,1,27,4,5,38,0,0,1,1
53,30,9,18,IN_PROGRESS,1,17,5,5,27,0,0,1,1
53,31,8,18,IN_PROGRESS,1,21,4,5,37,0,0,1,1
53,32,12,22,IN_PROGRESS,0,0,4,4,0,0,0,0,0
53,33,13,22,IN_PROGRESS,0,0,4,4,0,0,0,0,0
53,34,14,22,IN_PROGRESS,0,7,4,4,30,0,0,1,1
53,35,15,22,IN_PROGRESS,0,0,3,4,0,0,0,0,0
53,36,17,15,IN_PROGRESS,1,6,2,5,24,0,0,1,1
53,37,17,14,IN_PROGRESS,0,8,2,4,24,0,0,1,1
53,38,12,21,IN_PROGRESS,0,7,3,5,0,0,0,0,0
53,39,19,18,IN_PROGRESS,1,20,1,3,27,0,0,1,1
53,40,18,18,IN_PROGRESS,0,2,1,3,35,0,0,1,1
53,41,10,18,IN_PROGRESS,1,12,4,6,23,0,0,1,1
53,42,21,15,IN_PROGRESS,1,0,0,3,0,0,0,0,0
53,43,17,13,IN_PROGRESS,0,15,2,2,6,0,0,1,1
54,0,2,1,IN_PROGRESS,0,0,3,3,0,0,0,0,0
54,1,3,1,IN_PROGRESS,0,0,3,4,0,0,0,0,0
54,2,6,8,IN_PROGRESS,1,0,2,5,0,0,0,0,0
54,3,5,1,IN_PROGRESS,0,0,3,6,0,0,0,0,0
54,4,1,1,IN_PROGRESS,0,5,2,3,22,0,0,1,1
54,5,9,8,IN_PROGRESS,1,0,5,6,0,0,0,0,0
54,6,8,1,IN_PROGRESS,0,0,3,7,0,0,0,0,0
54,7,9,1,IN_PROGRESS,0,0,3,7,0,0,0,0,0
54,8,10,1,IN_PROGRESS,0,8,5,7,50,0,0,1,1
54,9,11,8,IN_PROGRESS,1,0,2,6,0,0,0,0,0
54,10,12,1,IN_PROGRESS,0,0,5,6,0,0,0,0,0
54,11,13,1,IN_PROGRESS,0,0,4,7,0,0,0,0,0
54,12,14,1,IN_PROGRESS,0,10,3,7,50,0,0,1,1
54,13,10,10,IN_PROGRESS,1,1,5,5,29,0,0,1,1
54,14,16,8,IN_PROGRESS,1,0,0,1,0,0,0,0,0
54,15,12,2,IN_PROGRESS,0,6,4,6,11,0,0,1,1
54,16,18,1,IN_PROGRESS,0,0,3,7,0,0,0,0,0
54,17,19,1,IN_PROGRESS,0,6,4,6,50,0,0,1,1
54,18,20,1,IN_PROGRESS,0,8,5,5,27,0,0,1,1
54,19,21,1,IN_PROGRESS,0,11,5,5,50,0,0,1,1
54,20,22,1,IN_PROGRESS,0,0,4,5,0,0,0,0,0
54,21,23,1,IN_PROGRESS,0,10,3,5,50,0,0,1,1
54,22,7,10,IN_PROGRESS,1,14,4,5,30,0,0,1,1
54,23,8,10,IN_PROGRESS,1,6,4,6,30,0,0,1,1
54,24,4,22,IN_PROGRESS,0,0,1,1,0,0,0,0,0
54,25,5,22,IN_PROGRESS,0,10,1,1,50,0,0,1,1
54,26,9,10,IN_PROGRESS,1,16,4,7,30,0,0,1,1
54,27,7,18,IN_PROGRESS,0,2,3,5,37,0,0,1,1
54,28,9,15,IN_PROGRESS,1,0,2,6,0,0,0,0,0
54,29,9,16,IN_PROGRESS,1,27,4,5,39,0,0,1,1
54,30,9,18,IN_PROGRESS,1,17,5,5,28,0,0,1,1
54,31,8,18,IN_PROGRESS,1,21,4,5,38,0,0,1,1
54,32,12,22,IN_PROGRESS,0,0,4,4,0,0,0,0,0
54,33,13,22,IN_PROGRESS,0,0,4,4,0,0,0,0,0
54,34,14,22,IN_PROGRESS,0,7,4,4,31,0,0,1,1
54,35,15,22,IN_PROGRESS,0,0,3,4,0,0,0,0,0
54,36,17,15,IN_PROGRESS,1,6,2,5,25,0,0,1,1
54,37,17,14,IN_PROGRESS,0,8,2,4,25,0,0,1,1
54,38,12,21,IN_PROGRESS,0,7,3,5,1,0,0,0,0
54,39,19,18,IN_PROGRESS,1,20,1,3,28,0,0,1,1
54,40,18,18,IN_PROGRESS,0,3,1,3,36,0,0,1,1
54,41,10,18,IN_PROGRESS,1,12,4,6,24,0,0,1,1
54,42,21,15,IN_PROGRESS,1,0,0,3,0,0,0,0,0
54,43,17,13,IN_PROGRESS,0,15,2,2,7,0,0,1,1
55,0,2,1,IN_PROGRESS,0,0,3,3,0,0,0,0,0
55,1,3,1,IN_PROGRESS,0,0,3,4,0,0,0,0,0
55,2,6,8,IN_PROGRESS,1,0,2,5,0,0,0,0,0
55,3,5,1,IN_PROGRESS,0,0,3,6,0,0,0,0,0
55,4,1,1,IN_PROGRESS,0,5,2,3,23,0,0,1,1
55,5,9,8,IN_PROGRESS,1,0,5,6,0,0,0,0,0
55,6,8,1,IN_PROGRESS,0,0,3,7,0,0,0,0,0
55,7,9,1,IN_PROGRESS,0,0,3,7,0,0,0,0,0
55,8,10,1,IN_PROGRESS,0,8,5,7,51,0,0,1,1
55,9,11,8,IN_PROGRESS,1,0,2,6,0,0,0,0,0
55,10,12,1,IN_PROGRESS,0,0,5,6,0,0,0,0,0
55,11,13,1,IN_PROGRESS,0,0,4,7,0,0,0,0,0
55,12,14,1,IN_PROGRESS,0,10,3,7,51,0,0,1,1
55,13,10,10,IN_PROGRESS,1,1,5,5,30,0,0,1,1
55,14,16,8,IN_PROGRESS,1,0,0,1,0,0,0,0,0
55,15,12,2,IN_PROGRESS,0,6,4,6,12,0,0,1,1
55,16,18,1,IN_PROGRESS,0,0,3,7,0,0,0,0,0
55,17,19,1,IN_PROGRESS,0,6,4,6,51,0,0,1,1
55,18,20,1,IN_PROGRESS,0,8,5,5,28,0,0,1,1
55,19,21,1,IN_PROGRESS,0,11,5,5,51,0,0,1,1
55,20,22,1,IN_PROGRESS,0,0,4,5,0,0,0,0,0
55,21,23,1,IN_PROGRESS,0,10,3,5,51,0,0,1,1
55,22,7,10,IN_PROGRESS,1,14,4,5,31,0,0,1,1
55,23,8,10,IN_PROGRESS,1,6,4,6,31,0,0,1,1
55,24,4,22,IN_PROGRESS,0,0,1,1,0,0,0,0,0
55,25,5,22,IN_PROGRESS,0,10,1,1,51,0,0,1,1
55,26,9,10,IN_PROGRESS,1,16,4,7,31,0,0,1,1
55,27,7,18,IN_PROGRESS,0,2,3,5,38,0,0,1,1
55,28,9,15,IN_PROGRESS,1,0,2,6,0,0,0,0,0
55,29,9,16,IN_PROGRESS,1,27,4,5,40,0,0,1,1
55,30,9,18,IN_PROGRESS,1,17,5,5,29,0,0,1,1
55,31,8,18,IN_PROGRESS,1,21,4,5,39,0,0,1,1
55,32,12,22,IN_PROGRESS,0,0,4,4,0,0,0,0,0
55,33,13,22,IN_PROGRESS,0,0,4,4,0,0,0,0,0
55,34,14,22,IN_PROGRESS,0,7,4,4,32,0,0,1,1
55,35,15,22,IN_PROGRESS,0,0,3,4,0,0,0,0,0
55,36,17,15,IN_PROGRESS,1,6,2,5,26,0,0,1,1
55,37,17,14,IN_PROGRESS,0,8,2,4,26,0,0,1,1
55,38,12,21,IN_PROGRESS,0,7,3,5,2,0,0,1,0
55,39,19,18,IN_PROGRESS,1,20,1,3,29,0,0,1,1
55,40,18,18,IN_PROGRESS,0,2,1,3,37,0,0,1,1
55,41,10,18,IN_PROGRESS,1,12,4,6,25,0,0,1,1
55,42,21,15,IN_PROGRESS,1,0,0,3,0,0,0,0,0
55,43,17,13,IN_PROGRESS,0,15,2,2,8,0,0,1,1
56,0,2,1,IN_PROGRESS,0,0,3,3,0,0,0,0,0
56,1,3,1,IN_PROGRESS,0,0,3,4,0,0,0,0,0
56,2,6,8,IN_PROGRESS,1,0,2,5,0,0,0,0,0
56,3,5,1,IN_PROGRESS,0,0,3,6,0,0,0,0,0
56,4,1,1,IN_PROGRESS,0,5,2,3,24,0,0,1,1
56,5,9,8,IN_PROGRESS,1,0,5,6,0,0,0,0,0
56,6,8,1,IN_PROGRESS,0,0,3,7,0,0,0,0,0
56,7,9,1,IN_PROGRESS,0,0,3,7,0,0,0,0,0
56,8,10,1,IN_PROGRESS,0,8,5,7,52,0,0,1,1
56,9,11,8,IN_PROGRESS,1,0,2,6,0,0,0,0,0
56,10,12,1,IN_PROGRESS,0,0,5,6,0,0,0,0,0
56,11,13,1,IN_PROGRESS,0,0,4,7,0,0,0,0,0
56,12,14,1,IN_PROGRESS,0,10,3,7,52,0,0,1,1
56,13,10,10,IN_PROGRESS,1,1,5,5,31,0,0,1,1
56,14,16,8,IN_PROGRESS,1,0,0,1,0,0,0,0,0
56,15,12,2,IN_PROGRESS,0,6,4,6,13,0,0,1,1
56,16,18,1,IN_PROGRESS,0,0,3,7,0,0,0,0,0
56,17,19,1,IN_PROGRESS,0,6,4,6,52,0,0,1,1
56,18,20,1,IN_PROGRESS,0,8,5,5,29,0,0,1,1
56,19,21,1,IN_PROGRESS,0,11,5,5,52,0,0,1,1
56,20,22,1,IN_PROGRESS,0,0,4,5,0,0,0,0,0
56,21,23,1,IN_PROGRESS,0,10,3,5,52,0,0,1,1
56,22,7,10,IN_PROGRESS,1,14,4,5,32,0,0,1,1
56,23,8,10,IN_PROGRESS,1,6,4,6,32,0,0,1,1
56,24,4,22,IN_PROGRESS,0,0,1,1,0,0,0,0,0
56,25,5,22,IN_PROGRESS,0,10,1,1,52,0,0,1,1
56,26,9,10,IN_PROGRESS,1,16,4,7,32,0,0,1,1
56,27,7,18,IN_PROGRESS,0,2,3,5,39,0,0,1,1
56,28,9,15,IN_PROGRESS,1,0,2,6,0,0,0,0,0
56,29,9,16,IN_PROGRESS,1,27,4,5,41,0,0,1,1
56,30,9,18,IN_PROGRESS,1,17,5,5,30,0,0,1,1
56,31,8,18,IN_PROGRESS,1,21,4,5,40,0,0,1,1
56,32,12,22,IN_PROGRESS,0,0,4,4,0,0,0,0,0
56,33,13,22,IN_PROGRESS,0,0,4,4,0,0,0,0,0
56,34,14,22,IN_PROGRESS,0,7,4,4,33,0,0,1,1
56,35,15,22,IN_PROGRESS,0,0,3,4,0,0,0,0,0
56,36,17,15,IN_PROGRESS,1,6,2,5,27,0,0,1,1
56,37,17,14,IN_PROGRESS,0,8,2,4,27,0,0,1,1
56,38,12,21,IN_PROGRESS,0,7,3,5,3,0,0,1,0
56,39,19,18,IN_PROGRESS,1,20,1,3,30,0,0,1,1
56,40,18,18,IN_PROGRESS,0,2,1,3,38,0,0,1,1
56,41,10,18,IN_PROGRESS,1,12,4,6,26,0,0,1,1
56,42,21,15,IN_PROGRESS,1,0,0,3,0,0,0,0,0
56,43,17,13,IN_PROGRESS,0,15,2,2,9,0,0,1,1
57,0,2,1,IN_PROGRESS,0,0,3,3,0,0,0,0,0
57,1,3,1,IN_PROGRESS,0,0,3,4,0,0,0,0,0
57,2,6,8,IN_PROGRESS,1,0,2,5,0,0,0,0,0
57,3,5,1,IN_PROGRESS,0,0,3,6,0,0,0,0,0
57,4,1,1,IN_PROGRESS,0,5,2,3,25,0,0,1,1
57,5,9,8,IN_PROGRESS,1,0,5,6,0,0,0,0,0
57,6,8,1,IN_PROGRESS,0,0,3,7,0,0,0,0,0
57,7,9,1,IN_PROGRESS,0,0,3,7,0,0,0,0,0
57,8,10,1,IN_PROGRESS,0,8,5,7,53,0,0,1,1
57,9,11,8,IN_PROGRESS,1,0,2,6,0,0,0,0,0
57,10,12,1,IN_PROGRESS,0,0,5,6,0,0,0,0,0
57,11,13,1,IN_PROGRESS,0,0,4,7,0,0,0,0,0
57,12,14,1,IN_PROGRESS,0,10,3,7,53,0,0,1,1
57,13,10,10,IN_PROGRESS,1,1,5,5,32,0,0,1,1
57,14,16,8,IN_PROGRESS,1,0,0,1,0,0,0,0,0
57,15,12,2,IN_PROGRESS,0,6,4,6,14,0,0,1,1
57,16,18,1,IN_PROGRESS,0,0,3,7,0,0,0,0,0
57,17,19,1,IN_PROGRESS,0,6,4,6,53,0,0,1,1
57,18,20,1,IN_PROGRESS,0,8,5,5,30,0,0,1,1
57,19,21,1,IN_PROGRESS,0,11,5,5,53,0,0,1,1
57,20,22,1,IN_PROGRESS,0,0,4,5,0,0,0,0,0
57,21,23,1,IN_PROGRESS,0,10,3,5,53,0,0,1,1
57,22,7,10,IN_PROGRESS,1,14,4,5,33,0,0,1,1
57,23,8,10,IN_PROGRESS,1,6,4,6,33,0,0,1,1
57,24,4,22,IN_PROGRESS,0,0,1,1,0,0,0,0,0
57,25,5,22,IN_PROGRESS,0,10,1,1,53,0,0,1,1
57,26,9,10,IN_PROGRESS,1,16,4,7,33,0,0,1,1
57,27,7,18,IN_PROGRESS,0,2,3,5,40,0,0,1,1
57,28,9,15,IN_PROGRESS,1,0,2,6,0,0,0,0,0
57,29,9,16,IN_PROGRESS,1,27,4,5,42,0,0,1,1
57,30,9,18,IN_PROGRESS,1,17,5,5,31,0,0,1,1
57,31,8,18,IN_PROGRESS,1,22,4,5,41,0,0,1,1
57,32,12,22,IN_PROGRESS,0,0,4,4,0,0,0,0,0
57,33,13,22,IN_PROGRESS,0,0,4,4,0,0,0,0,0
57,34,14,22,IN_PROGRESS,0,7,4,4,34,0,0,1,1
57,35,15,22,IN_PROGRESS,0,0,3,4,0,0,0,0,0
57,36,17,15,IN_PROGRESS,1,6,2,5,28,0,0,1,1
57,37,17,14,IN_PROGRESS,0,8,2,4,28,0,0,1,1
57,38,12,21,IN_PROGRESS,0,7,3,5,4,0,0,1,0
57,39,19,18,IN_PROGRESS,1,20,1,3,31,0,0,1,1
57,40,18,18,IN_PROGRESS,0,2,1,3,39,0,0,1,1
57,41,10,18,IN_PROGRESS,1,12,4,6,27,0,0,1,1
57,42,21,15,IN_PROGRESS,1,0,0,3,0,0,0,0,0
57,43,17,13,IN_PROGRESS,0,15,2,2,10,0,0,1,1
58,0,2,1,IN_PROGRESS,0,0,3,3,0,0,0,0,0
58,1,3,1,IN_PROGRESS,0,0,3,4,0,0,0,0,0
58,2,6,8,IN_PROGRESS,1,0,2,5,0,0,0,0,0
58,3,5,1,IN_PROGRESS,0,0,3,6,0,0,0,0,0
58,4,1,1,IN_PROGRESS,0,5,2,3,26,0,0,1,1
58,5,9,8,IN_PROGRESS,1,0,5,6,0,0,0,0,0
58,6,8,1,IN_PROGRESS,0,0,3,7,0,0,0,0,0
58,7,9,1,IN_PROGRESS,0,0,3,7,0,0,0,0,0
58,8,10,1,IN_PROGRESS,0,8,5,7,54,0,0,1,1
58,9,11,8,IN_PROGRESS,1,0,2,6,0,0,0,0,0
58,10,12,1,IN_PROGRESS,0,0,5,6,0,0,0,0,0
58,11,13,1,IN_PROGRESS,0,0,4,7,0,0,0,0,0
58,12,14,1,IN_PROGRESS,0,10,3,7,54,0,0,1,1
58,13,10,10,IN_PROGRESS,1,1,5,5,33,0,0,1,1
58,14,16,8,IN_PROGRESS,1,0,0,1,0,0,0,0,0
58,15,12,2,IN_PROGRESS,0,6,4,6,15,0,0,1,1
58,16,18,1,IN_PROGRESS,0,0,3,7,0,0,0,0,0
58,17,19,1,IN_PROGRESS,0,6,4,6,54,0,0,1,1
58,18,20,1,IN_PROGRESS,0,8,5,5,31,0,0,1,1
58,19,21,1,IN_PROGRESS,0,11,5,5,54,0,0,1,1
58,20,22,1,IN_PROGRESS,0,0,4,5,0,0,0,0,0
58,21,23,1,IN_PROGRESS,0,10,3,5,54,0,0,1,1
58,22,7,10,IN_PROGRESS,1,14,4,5,34,0,0,1,1
58,23,8,10,IN_PROGRESS,1,6,4,6,34,0,0,1,1
58,24,4,22,IN_PROGRESS,0,0,1,1,0,0,0,0,0
58,25,5,22,IN_PROGRESS,0,10,1,1,54,0,0,1,1
58,26,9,10,IN_PROGRESS,1,16,4,7,34,0,0,1,1
58,27,7,18,IN_PROGRESS,0,2,3,5,41,0,0,1,1
58,28,9,15,IN_PROGRESS,1,0,2,6,0,0,0,0,0
58,29,9,16,IN_PROGRESS,1,27,4,5,43,0,0,1,1
58,30,9,18,IN_PROGRESS,1,17,5,5,32,0,0,1,1
58,31,8,18,IN_PROGRESS,1,21,4,5,42,0,0,1,1
58,32,12,22,IN_PROGRESS,0,0,4,4,0,0,0,0,0
58,33,13,22,IN_PROGRESS,0,0,4,4,0,0,0,0,0
58,34,14,22,IN_PROGRESS,0,7,4,4,35,0,0,1,1
58,35,15,22,IN_PROGRESS,0,0,3,4,0,0,0,0,0
58,36,17,15,IN_PROGRESS,1,6,2,5,29,0,0,1,1
58,37,17,14,IN_PROGRESS,0,8,2,4,29,0,0,1,1
58,38,12,21,IN_PROGRESS,0,7,3,5,5,0,0,1,0
58,39,19,18,IN_PROGRESS,1,20,1,3,32,0,0,1,1
58,40,18,18,IN_PROGRESS,0,2,1,3,40,0,0,1,1
58,41,10,18,IN_PROGRESS,1,12,4,6,28,0,0,1,1
58,42,21,15,IN_PROGRESS,1,0,0,3,0,0,0,0,0
58,43,17,13,IN_PROGRESS,0,15,2,2,11,0,0,1,1
59,0,2,1,IN_PROGRESS,0,0,3,3,0,0,0,0,0
59,1,3,1,IN_PROGRESS,0,0,3,4,0,0,0,0,0
59,2,6,8,IN_PROGRESS,1,0,2,5,0,0,0,0,0
59,3,5,1,IN_PROGRESS,0,0,3,6,0,0,0,0,0
59,4,1,1,IN_PROGRESS,0,5,2,3,27,0,0,1,1
59,5,9,8,IN_PROGRESS,1,0,5,6,0,0,0,0,0
59,6,8,1,IN_PROGRESS,0,0,3,7,0,0,0,0,0
59,7,9,1,IN_PROGRESS,0,0,3,7,0,0,0,0,0
59,8,10,1,IN_PROGRESS,0,8,5,7,55,0,0,1,1
59,9,11,8,IN_PROGRESS,1,0,2,6,0,0,0,0,0
59,10,12,1,IN_PROGRESS,0,0,5,6,0,0,0,0,0
59,11,13,1,IN_PROGRESS,0,0,4,7,0,0,0,0,0
59,12,14,1,IN_PROGRESS,0,10,3,7,55,0,0,1,1
59,13,10,10,IN_PROGRESS,1,1,5,5,34,0,0,1,1
59,14,16,8,IN_PROGRESS,1,0,0,1,0,0,0,0,0
59,15,12,2,IN_PROGRESS,0,6,4,6,16,0,0,1,1
59,16,18,1,IN_PROGRESS,0,0,3,7,0,0,0,0,0
59,17,19,1,IN_PROGRESS,0,6,4,6,55,0,0,1,1
59,18,20,1,IN_PROGRESS,0,8,5,5,32,0,0,1,1
59,19,21,1,IN_PROGRESS,0,11,5,5,55,0,0,1,1
59,20,22,1,IN_PROGRESS,0,0,4,5,0,0,0,0,0
59,21,23,1,IN_PROGRESS,0,10,3,5,55,0,0,1,1
59,22,7,10,IN_PROGRESS,1,14,4,5,35,0,0,1,1
59,23,8,10,IN_PROGRESS,1,6,4,6,35,0,0,1,1
59,24,4,22,IN_PROGRESS,0,0,1,1,0,0,0,0,0
59,25,5,22,IN_PROGRESS,0,10,1,1,55,0,0,1,1
59,26,9,10,IN_PROGRESS,1,16,4,7,35,0,0,1,1
59,27,7,18,IN_PROGRESS,0,2,3,5,42,0,0,1,1
59,28,9,15,IN_PROGRESS,1,0,2,6,0,0,0,0,0
59,29,9,16,IN_PROGRESS,1,27,4,5,44,0,0,1,1
59,30,9,18,IN_PROGRESS,1,17,5,5,33,0,0,1,1
59,31,8,18,IN_PROGRESS,1,21,4,5,43,0,0,1,1
59,32,12,22,IN_PROGRESS,0,0,4,4,0,0,0,0,0
59,33,13,22,IN_PROGRESS,0,0,4,4,0,0,0,0,0
59,34,14,22,IN_PROGRESS,0,7,4,4,36,0,0,1,1
59,35,15,22,IN_PROGRESS,0,0,3,4,0,0,0,0,0
59,36,17,15,IN_PROGRESS,1,6,2,5,30,0,0,1,1
59,37,17,14,IN_PROGRESS,0,8,2,4,30,0,0,1,1
59,38,12,21,IN_PROGRESS,0,7,3,5,6,0,0,1,1
59,39,19,18,IN_PROGRESS,1,20,1,3,33,0,0,1,1
59,40,18,18,IN_PROGRESS,0,2,1,3,41,0,0,1,1
59,41,10,18,IN_PROGRESS,1,12,4,6,29,0,0,1,1
59,42,21,15,IN_PROGRESS,1,0,0,3,0,0,0,0,0
59,43,17,13,IN_PROGRESS,0,15,2,2,12,0,0,1,1
60,0,2,1,IN_PROGRESS,0,0,3,3,0,0,0,0,0
60,1,3,1,IN_PROGRESS,0,0,3,4,0,0,0,0,0
60,2,6,8,IN_PROGRESS,1,0,2,5,0,0,0,0,0
60,3,5,1,IN_PROGRESS,0,0,3,6,0,0,0,0,0
60,4,1,1,IN_PROGRESS,0,5,2,3,28,0,0,1,1
60,5,9,8,IN_PROGRESS,1,0,5,6,0,0,0,0,0
60,6,8,1,IN_PROGRESS,0,0,3,7,0,0,0,0,0
60,7,9,1,IN_PROGRESS,0,0,3,7,0,0,0,0,0
60,8,10,1,IN_PROGRESS,0,8,5,7,56,0,0,1,1
60,9,11,8,IN_PROGRESS,1,0,2,6,0,0,0,0,0
60,10,12,1,IN_PROGRESS,0,0,5,6,0,0,0,0,0
60,11,13,1,IN_PROGRESS,0,0,4,7,0,0,0,0,0
60,12,14,1,IN_PROGRESS,0,10,3,7,56,0,0,1,1
60,13,10,10,IN_PROGRESS,1,1,5,5,35,0,0,1,1
60,14,16,8,IN_PROGRESS,1,0,0,1,0,0,0,0,0
60,15,12,2,IN_PROGRESS,0,6,4,6,17,0,0,1,1
60,16,18,1,IN_PROGRESS,0,0,3,7,0,0,0,0,0
60,17,19,1,IN_PROGRESS,0,6,4,6,56,0,0,1,1
60,18,20,1,IN_PROGRESS,0,8,5,5,33,0,0,1,1
60,19,21,1,IN_PROGRESS,0,11,5,5,56,0,0,1,1
60,20,22,1,IN_PROGRESS,0,0,4,5,0,0,0,0,0
60,21,23,1,IN_PROGRESS,0,10,3,5,56,0,0,1,1
60,22,7,10,IN_PROGRESS,1,14,4,5,36,0,0,1,1
60,23,8,10,IN_PROGRESS,1,6,4,6,36,0,0,1,1
60,24,4,22,IN_PROGRESS,0,0,1,1,0,0,0,0,0
60,25,5,22,IN_PROGRESS,0,10,1,1,56,0,0,1,1
60,26,9,10,IN_PROGRESS,1,16,4,7,36,0,0,1,1
60,27,7,18,IN_PROGRESS,0,2,3,5,43,0,0,1,1
60,28,9,15,IN_PROGRESS,1,0,2,6,0,0,0,0,0
60,29,9,16,IN_PROGRESS,1,27,4,5,45,0,0,1,1
60,30,9,18,IN_PROGRESS,1,17,5,5,34,0,0,1,1
60,31,8,18,IN_PROGRESS,1,21,4,5,44,0,0,1,1
60,32,12,22,IN_PROGRESS,0,0,4,4,0,0,0,0,0
60,33,13,22,IN_PROGRESS,0,0,4,4,0,0,0,0,0
60,34,14,22,IN_PROGRESS,0,7,4,4,37,0,0,1,1
60,35,15,22,IN_PROGRESS,0,0,3,4,0,0,0,0,0
60,36,17,15,IN_PROGRESS,1,6,2,5,31,0,0,1,1
60,37,17,14,IN_PROGRESS,0,8,2,4,31,0,0,1,1
60,38,12,21,IN_PROGRESS,0,7,3,5,7,0,0,1,1
60,39,19,18,IN_PROGRESS,1,20,1,3,34,0,0,1,1
60,40,18,18,IN_PROGRESS,0,2,1,3,42,0,0,1,1
60,41,10,18,IN_PROGRESS,1,12,4,6,30,0,0,1,1
60,42,21,15,IN_PROGRESS,1,0,0,3,0,0,0,0,0
60,43,17,13,IN_PROGRESS,0,15,2,2,13,0,0,1,1
61,0,2,1,IN_PROGRESS,0,0,3,3,0,0,0,0,0
61,1,3,1,IN_PROGRESS,0,0,3,4,0,0,0,0,0
61,2,6,8,IN_PROGRESS,1,0,2,5,0,0,0,0,0
61,3,5,1,IN_PROGRESS,0,0,3,6,0,0,0,0,0
61,4,1,1,IN_PROGRESS,0,5,2,3,29,0,0,1,1
61,5,9,8,IN_PROGRESS,1,0,5,6,0,0,0,0,0
61,6,8,1,IN_PROGRESS,0,0,3,7,0,0,0,0,0
61,7,9,1,IN_PROGRESS,0,0,3,7,0,0,0,0,0
61,8,10,1,IN_PROGRESS,0,8,5,7,57,0,0,1,1
61,9,11,8,IN_PROGRESS,1,0,2,6,0,0,0,0,0
61,10,12,1,IN_PROGRESS,0,0,5,6,0,0,0,0,0
61,11,13,1,IN_PROGRESS,0,0,4,7,0,0,0,0,0
61,12,14,1,IN_PROGRESS,0,10,3,7,57,0,0,1,1
61,13,10,10,IN_PROGRESS,1,1,5,5,36,0,0,1,1
61,14,16,8,IN_PROGRESS,1,0,0,1,0,0,0,0,0
61,15,12,2,IN_PROGRESS,0,6,4,6,18,0,0,1,1
61,16,18,1,IN_PROGRESS,0,0,3,7,0,0,0,0,0
61,17,19,1,IN_PROGRESS,0,6,4,6,57,0,0,1,1
61,18,20,1,IN_PROGRESS,0,8,5,5,34,0,0,1,1
61,19,21,1,IN_PROGRESS,0,11,5,5,57,0,0,1,1
61,20,22,1,IN_PROGRESS,0,0,4,5,0,0,0,0,0
61,21,23,1,IN_PROGRESS,0,10,3,5,57,0,0,1,1
61,22,7,10,IN_PROGRESS,1,14,4,5,37,0,0,1,1
61,23,8,10,IN_PROGRESS,1,6,4,6,37,0,0,1,1
61,24,4,22,IN_PROGRESS,0,0,1,1,0,0,0,0,0
61,25,5,22,IN_PROGRESS,0,10,1,1,57,0,0,1,1
61,26,9,10,IN_PROGRESS,1,16,4,7,37,0,0,1,1
61,27,7,18,IN_PROGRESS,0,2,3,5,44,0,0,1,1
61,28,9,15,IN_PROGRESS,1,0,2,6,0,0,0,0,0
61,29,9,16,IN_PROGRESS,1,27,4,5,46,0,0,1,1
61,30,9,18,IN_PROGRESS,1,17,5,5,35,0,0,1,1
61,31,8,18,IN_PROGRESS,1,21,4,5,45,0,0,1,1
61,32,12,22,IN_PROGRESS,0,0,4,4,0,0,0,0,0
61,33,13,22,IN_PROGRESS,0,0,4,4,0,0,0,0,0
61,34,14,22,IN_PROGRESS,0,7,4,4,38,0,0,1,1
61,35,15,22,IN_PROGRESS,0,0,3,4,0,0,0,0,0
61,36,17,15,IN_PROGRESS,1,6,2,5,32,0,0,1,1
61,37,17,14,IN_PROGRESS,0,8,2,4,32,0,0,1,1
61,38,12,21,IN_PROGRESS,0,7,3,5,8,0,0,1,1
61,39,19,18,IN_PROGRESS,1,20,1,3,35,0,0,1,1
61,40,18,18,IN_PROGRESS,0,2,1,3,43,0,0,1,1
61,41,10,18,IN_PROGRESS,1,12,4,6,31,0,0,1,1
61,42,21,15,IN_PROGRESS,1,0,0,3,0,0,0,0,0
61,43,17,13,IN_PROGRESS,0,15,2,2,14,0,0,1,1
62,0,2,1,IN_PROGRESS,0,0,3,3,0,0,0,0,0
62,1,3,1,IN_PROGRESS,0,0,3,4,0,0,0,0,0
62,2,6,8,IN_PROGRESS,1,0,2,5,0,0,0,0,0
62,3,5,1,IN_PROGRESS,0,0,3,6,0,0,0,0,0
62,4,1,1,IN_PROGRESS,0,5,2,3,30,0,0,1,1
62,5,9,8,IN_PROGRESS,1,0,5,6,0,0,0,0,0
62,6,8,1,IN_PROGRESS,0,0,3,7,0,0,0,0,0
62,7,9,1,IN_PROGRESS,0,0,3,7,0,0,0,0,0
62,8,10,1,IN_PROGRESS,0,8,5,7,58,0,0,1,1
62,9,11,8,IN_PROGRESS,1,0,2,6,0,0,0,0,0
62,10,12,1,IN_PROGRESS,0,0,5,6,0,0,0,0,0
62,11,13,1,IN_PROGRESS,0,0,4,7,0,0,0,0,0
62,12,14,1,IN_PROGRESS,0,10,3,7,58,0,0,1,1
62,13,10,10,IN_PROGRESS,1,1,5,5,37,0,0,1,1
62,14,16,8,IN_PROGRESS,1,0,0,1,0,0,0,0,0
62,15,12,2,IN_PROGRESS,0,6,4,6,19,0,0,1,1
62,16,18,1,IN_PROGRESS,0,0,3,7,0,0,0,0,0
62,17,19,1,IN_PROGRESS,0,6,4,6,58,0,0,1,1
62,18,20,1,IN_PROGRESS,0,8,5,5,35,0,0,1,1
62,19,21,1,IN_PROGRESS,0,11,5,5,58,0,0,1,1
62,20,22,1,IN_PROGRESS,0,0,4,5,0,0,0,0,0
62,21,23,1,IN_PROGRESS,0,10,3,5,58,0,0,1,1
62,22,7,10,IN_PROGRESS,1,14,4,5,38,0,0,1,1
62,23,8,10,IN_PROGRESS,1,6,4,6,38,0,0,1,1
62,24,4,22,IN_PROGRESS,0,0,1,1,0,0,0,0,0
62,25,5,22,IN_PROGRESS,0,10,1,1,58,0,0,1,1
62,26,9,10,IN_PROGRESS,1,16,4,7,38,0,0,1,1
62,27,7,18,IN_PROGRESS,0,2,3,5,45,0,0,1,1
62,28,9,15,IN_PROGRESS,1,0,2,6,0,0,0,0,0
62,29,9,16,IN_PROGRESS,1,27,4,5,47,0,0,1,1
62,30,9,18,IN_PROGRESS,1,17,5,5,36,0,0,1,1
62,31,8,18,IN_PROGRESS,1,21,4,5,46,0,0,1,1
62,32,12,22,IN_PROGRESS,0,0,4,4,0,0,0,0,0
62,33,13,22,IN_PROGRESS,0,0,4,4,0,0,0,0,0
62,34,14,22,IN_PROGRESS,0,7,4,4,39,0,0,1,1
62,35,15,22,IN_PROGRESS,0,0,3,4,0,0,0,0,0
62,36,17,15,IN_PROGRESS,1,6,2,5,33,0,0,1,1
62,37,17,14,IN_PROGRESS,0,8,2,4,33,0,0,1,1
62,38,12,21,IN_PROGRESS,0,7,3,5,9,0,0,1,1
62,39,19,18,IN_PROGRESS,1,20,1,3,36,0,0,1,1
62,40,18,18,IN_PROGRESS,0,2,1,3,44,0,0,1,1
62,41,10,18,IN_PROGRESS,1,12,4,6,32,0,0,1,1
62,42,21,15,IN_PROGRESS,1,0,0,3,0,0,0,0,0
62,43,17,13,IN_PROGRESS,0,15,2,2,15,0,0,1,1
63,0,2,1,IN_PROGRESS,0,0,3,3,0,0,0,0,0
63,1,3,1,IN_PROGRESS,0,0,3,4,0,0,0,0,0
63,2,6,8,IN_PROGRESS,1,0,2,5,0,0,0,0,0
63,3,5,1,IN_PROGRESS,0,0,3,6,0,0,0,0,0
63,4,1,1,IN_PROGRESS,0,5,2,3,31,0,0,1,1
63,5,9,8,IN_PROGRESS,1,0,5,6,0,0,0,0,0
63,6,8,1,IN_PROGRESS,0,0,3,7,0,0,0,0,0
63,7,9,1,IN_PROGRESS,0,0,3,7,0,0,0,0,0
63,8,10,1,IN_PROGRESS,0,8,5,7,59,0,0,1,1
63,9,11,8,IN_PROGRESS,1,0,2,6,0,0,0,0,0
63,10,12,1,IN_PROGRESS,0,0,5,6,0,0,0,0,0
63,11,13,1,IN_PROGRESS,0,0,4,7,0,0,0,0,0
63,12,14,1,IN_PROGRESS,0,10,3,7,59,0,0,1,1
63,13,10,10,IN_PROGRESS,1,1,5,5,38,0,0,1,1
63,14,16,8,IN_PROGRESS,1,0,0,1,0,0,0,0,0
63,15,12,2,IN_PROGRESS,0,6,4,6,20,0,0,1,1
63,16,18,1,IN_PROGRESS,0,0,3,7,0,0,0,0,0
63,17,19,1,IN_PROGRESS,0,6,4,6,59,0,0,1,1
63,18,20,1,IN_PROGRESS,0,8,5,5,36,0,0,1,1
63,19,21,1,IN_PROGRESS,0,11,5,5,59,0,0,1,1
63,20,22,1,IN_PROGRESS,0,0,4,5,0,0,0,0,0
63,21,23,1,IN_PROGRESS,0,10,3,5,59,0,0,1,1
63,22,7,10,IN_PROGRESS,1,14,4,5,39,0,0,1,1
63,23,8,10,IN_PROGRESS,1,6,4,6,39,0,0,1,1
63,24,4,22,IN_PROGRESS,0,0,1,1,0,0,0,0,0
63,25,5,22,IN_PROGRESS,0,10,1,1,59,0,0,1,1
63,26,9,10,IN_PROGRESS,1,16,4,7,39,0,0,1,1
63,27,7,18,IN_PROGRESS,0,2,3,5,46,0,0,1,1
63,28,9,15,IN_PROGRESS,1,0,2,6,0,0,0,0,0
63,29,9,16,IN_PROGRESS,1,27,4,5,48,0,0,1,1
63,30,9,18,IN_PROGRESS,1,17,5,5,37,0,0,1,1
63,31,8,18,IN_PROGRESS,1,21,4,5,47,0,0,1,1
63,32,12,22,IN_PROGRESS,0,0,4,4,0,0,0,0,0
63,33,13,22,IN_PROGRESS,0,0,4,4,0,0,0,0,0
63,34,14,22,IN_PROGRESS,0,7,4,4,40,0,0,1,1
63,35,15,22,IN_PROGRESS,0,0,3,4,0,0,0,0,0
63,36,17,15,IN_PROGRESS,1,6,2,5,34,0,0,1,1
63,37,17,14,IN_PROGRESS,0,8,2,4,34,0,0,1,1
63,38,12,21,IN_PROGRESS,0,7,3,5,10,0,0,1,1
63,39,19,18,IN_PROGRESS,1,20,1,3,37,0,0,1,1
63,40,18,18,IN_PROGRESS,0,2,1,3,45,0,0,1,1
63,41,10,18,IN_PROGRESS,1,12,4,6,33,0,0,1,1
63,42,21,15,IN_PROGRESS,1,0,0,3,0,0,0,0,0
63,43,17,13,IN_PROGRESS,0,15,2,2,16,0,0,1,1
64,0,2,1,IN_PROGRESS,0,0,3,3,0,0,0,0,0
64,1,3,1,IN_PROGRESS,0,0,3,4,0,0,0,0,0
64,2,6,8,IN_PROGRESS,1,0,2,5,0,0,0,0,0
64,3,5,1,IN_PROGRESS,0,0,3,6,0,0,0,0,0
64,4,1,1,IN_PROGRESS,0,5,2,3,32,0,0,1,1
64,5,9,8,IN_PROGRESS,1,0,5,6,0,0,0,0,0
64,6,8,1,IN_PROGRESS,0,0,3,7,0,0,0,0,0
64,7,9,1,IN_PROGRESS,0,0,3,7,0,0,0,0,0
64,8,10,1,IN_PROGRESS,0,8,5,7,60,0,0,1,1
64,9,11,8,IN_PROGRESS,1,0,2,6,0,0,0,0,0
64,10,12,1,IN_PROGRESS,0,0,5,6,0,0,0,0,0
64,11,13,1,IN_PROGRESS,0,0,4,7,0,0,0,0,0
64,12,14,1,IN_PROGRESS,0,10,3,7,60,0,0,1,1
64,13,10,10,IN_PROGRESS,1,1,5,5,39,0,0,1,1
64,14,16,8,IN_PROGRESS,1,0,0,1,0,0,0,0,0
64,15,12,2,IN_PROGRESS,0,6,4,6,21,0,0,1,1
64,16,18,1,IN_PROGRESS,0,0,3,7,0,0,0,0,0
64,17,19,1,IN_PROGRESS,0,6,4,6,60,0,0,1,1
64,18,20,1,IN_PROGRESS,0,8,5,5,37,0,0,1,1
64,19,21,1,IN_PROGRESS,0,11,5,5,60,0,0,1,1
64,20,22,1,IN_PROGRESS,0,0,4,5,0,0,0,0,0
64,21,23,1,IN_PROGRESS,0,10,3,5,60,0,0,1,1
64,22,7,10,IN_PROGRESS,1,14,4,5,40,0,0,1,1
64,23,8,10,IN_PROGRESS,1,6,4,6,40,0,0,1,1
64,24,4,22,IN_PROGRESS,0,0,1,1,0,0,0,0,0
64,25,5,22,IN_PROGRESS,0,10,1,1,60,0,0,1,1
64,26,9,10,IN_PROGRESS,1,16,4,7,40,0,0,1,1
64,27,7,18,IN_PROGRESS,0,2,3,5,47,0,0,1,1
64,28,9,15,IN_PROGRESS,1,0,2,6,0,0,0,0,0
64,29,9,16,IN_PROGRESS,1,27,4,5,49,0,0,1,1
64,30,9,18,IN_PROGRESS,1,17,5,5,38,0,0,1,1
64,31,8,18,IN_PROGRESS,1,21,4,5,48,0,0,1,1
64,32,12,22,IN_PROGRESS,0,0,4,4,0,0,0,0,0
64,33,13,22,IN_PROGRESS,0,0,4,4,0,0,0,0,0
64,34,14,22,IN_PROGRESS,0,7,4,4,41,0,0,1,1
64,35,15,22,IN_PROGRESS,0,0,3,4,0,0,0,0,0
64,36,17,15,IN_PROGRESS,1,6,2,5,35,0,0,1,1
64,37,17,14,IN_PROGRESS,0,8,2,4,35,0,0,1,1
64,38,12,21,IN_PROGRESS,0,7,3,5,11,0,0,1,1
64,39,19,18,IN_PROGRESS,1,20,1,3,38,0,0,1,1
64,40,18,18,IN_PROGRESS,0,2,1,3,46,0,0,1,1
64,41,10,18,IN_PROGRESS,1,12,4,6,34,0,0,1,1
64,42,21,15,IN_PROGRESS,1,0,0,3,0,0,0,0,0
64,43,17,13,IN_PROGRESS,0,15,2,2,17,0,0,1,1
65,0,2,1,IN_PROGRESS,0,0,3,3,0,0,0,0,0
65,1,3,1,IN_PROGRESS,0,0,3,4,0,0,0,0,0
65,2,6,8,IN_PROGRESS,1,0,2,5,0,0,0,0,0
65,3,5,1,IN_PROGRESS,0,0,3,6,0,0,0,0,0
65,4,1,1,IN_PROGRESS,0,5,2,3,33,0,0,1,1
65,5,9,8,IN_PROGRESS,1,0,5,6,0,0,0,0,0
65,6,8,1,IN_PROGRESS,0,0,3,7,0,0,0,0,0
65,7,9,1,IN_PROGRESS,0,0,3,7,0,0,0,0,0
65,8,10,1,IN_PROGRESS,0,8,5,7,61,0,0,1,1
65,9,11,8,IN_PROGRESS,1,0,2,6,0,0,0,0,0
65,10,12,1,IN_PROGRESS,0,0,5,6,0,0,0,0,0
65,11,13,1,IN_PROGRESS,0,0,4,7,0,0,0,0,0
65,12,14,1,IN_PROGRESS,0,10,3,7,61,0,0,1,1
65,13,10,10,IN_PROGRESS,1,1,5,5,40,0,0,1,1
65,14,16,8,IN_PROGRESS,1,0,0,1,0,0,0,0,0
65,15,12,2,IN_PROGRESS,0,6,4,6,22,0,0,1,1
65,16,18,1,IN_PROGRESS,0,0,3,7,0,0,0,0,0
65,17,19,1,IN_PROGRESS,0,6,4,6,61,0,0,1,1
65,18,20,1,IN_PROGRESS,0,8,5,5,38,0,0,1,1
65,19,21,1,IN_PROGRESS,0,11,5,5,61,0,0,1,1
65,20,22,1,IN_PROGRESS,0,0,4,5,0,0,0,0,0
65,21,23,1,IN_PROGRESS,0,10,3,5,61,0,0,1,1
65,22,7,10,IN_PROGRESS,1,14,4,5,41,0,0,1,1
65,23,8,10,IN_PROGRESS,1,6,4,6,41,0,0,1,1
65,24,4,22,IN_PROGRESS,0,0,1,1,0,0,0,0,0
65,25,5,22,IN_PROGRESS,0,10,1,1,61,0,0,1,1
65,26,9,10,IN_PROGRESS,1,16,4,7,41,0,0,1,1
65,27,7,18,IN_PROGRESS,0,2,3,5,48,0,0,1,1
65,28,9,15,IN_PROGRESS,1,0,2,6,0,0,0,0,0
65,29,9,16,IN_PROGRESS,1,27,4,5,50,0,0,1,1
65,30,9,18,IN_PROGRESS,1,17,5,5,39,0,0,1,1
65,31,8,18,IN_PROGRESS,1,21,4,5,49,0,0,1,1
65,32,12,22,IN_PROGRESS,0,0,4,4,0,0,0,0,0
65,33,13,22,IN_PROGRESS,0,0,4,4,0,0,0,0,0
65,34,14,22,IN_PROGRESS,0,7,4,4,42,0,0,1,1
65,35,15,22,IN_PROGRESS,0,0,3,4,0,0,0,0,0
65,36,17,15,IN_PROGRESS,1,6,2,5,36,0,0,1,1
65,37,17,14,IN_PROGRESS,0,8,2,4,36,0,0,1,1
65,38,12,21,IN_PROGRESS,0,7,3,5,12,0,0,1,1
65,39,19,18,IN_PROGRESS,1,20,1,3,39,0,0,1,1
65,40,18,18,IN_PROGRESS,0,2,1,3,47,0,0,1,1
65,41,10,18,IN_PROGRESS,1,12,4,6,35,0,0,1,1
65,42,21,15,IN_PROGRESS,1,0,0,3,0,0,0,0,0
65,43,17,13,IN_PROGRESS,0,15,2,2,18,0,0,1,1
66,0,2,1,IN_PROGRESS,0,0,3,3,0,0,0,0,0
66,1,3,1,IN_PROGRESS,0,0,3,4,0,0,0,0,0
66,2,6,8,IN_PROGRESS,1,0,2,5,0,0,0,0,0
66,3,5,1,IN_PROGRESS,0,0,3,6,0,0,0,0,0
66,4,1,1,IN_PROGRESS,0,5,2,3,34,0,0,1,1
66,5,9,8,IN_PROGRESS,1,0,5,6,0,0,0,0,0
66,6,8,1,IN_PROGRESS,0,0,3,7,0,0,0,0,0
66,7,9,1,IN_PROGRESS,0,0,3,7,0,0,0,0,0
66,8,10,1,IN_PROGRESS,0,8,5,7,62,0,0,1,1
66,9,11,8,IN_PROGRESS,1,0,2,6,0,0,0,0,0
66,10,12,1,IN_PROGRESS,0,0,5,6,0,0,0,0,0
66,11,13,1,IN_PROGRESS,0,0,4,7,0,0,0,0,0
66,12,14,1,IN_PROGRESS,0,10,3,7,62,0,0,1,1
66,13,10,10,IN_PROGRESS,1,1,5,5,41,0,0,1,1
66,14,16,8,IN_PROGRESS,1,0,0,1,0,0,0,0,0
66,15,12,2,IN_PROGRESS,0,6,4,6,23,0,0,1,1
66,16,18,1,IN_PROGRESS,0,0,3,7,0,0,0,0,0
66,17,19,1,IN_PROGRESS,0,6,4,6,62,0,0,1,1
66,18,20,1,IN_PROGRESS,0,8,5,5,39,0,0,1,1
66,19,21,1,IN_PROGRESS,0,11,5,5,62,0,0,1,1
66,20,22,1,IN_PROGRESS,0,0,4,5,0,0,0,0,0
66,21,23,1,IN_PROGRESS,0,10,3,5,62,0,0,1,1
66,22,7,10,IN_PROGRESS,1,14,4,5,42,0,0,1,1
66,23,8,10,IN_PROGRESS,1,6,4,6,42,0,0,1,1
66,24,4,22,IN_PROGRESS,0,0,1,1,0,0,0,0,0
66,25,5,22,IN_PROGRESS,0,10,1,1,62,0,0,1,1
66,26,9,10,IN_PROGRESS,1,16,4,7,42,0,0,1,1
66,27,7,18,IN_PROGRESS,0,2,3,5,49,0,0,1,1
66,28,9,15,IN_PROGRESS,1,0,2,6,0,0,0,0,0
66,29,9,16,IN_PROGRESS,1,28,4,5,51,0,0,1,1
66,30,9,18,IN_PROGRESS,1,17,5,5,40,0,0,1,1
66,31,8,18,IN_PROGRESS,1,21,4,5,50,0,0,1,1
66,32,12,22,IN_PROGRESS,0,0,4,4,0,0,0,0,0
66,33,13,22,IN_PROGRESS,0,0,4,4,0,0,0,0,0
66,34,14,22,IN_PROGRESS,0,7,4,4,43,0,0,1,1
66,35,15,22,IN_PROGRESS,0,0,3,4,0,0,0,0,0
66,36,17,15,IN_PROGRESS,1,6,2,5,37,0,0,1,1
66,37,17,14,IN_PROGRESS,0,8,2,4,37,0,0,1,1
66,38,12,21,IN_PROGRESS,0,7,3,5,13,0,0,1,1
66,39,19,18,IN_PROGRESS,1,20,1,3,40,0,0,1,1
66,40,18,18,IN_PROGRESS,0,2,1,3,48,0,0,1,1
66,41,10,18,IN_PROGRESS,1,12,4,6,36,0,0,1,1
66,42,21,15,IN_PROGRESS,1,0,0,3,0,0,0,0,0
66,43,17,13,IN_PROGRESS,0,15,2,2,19,0,0,1,1
67,0,2,1,IN_PROGRESS,0,0,3,3,0,0,0,0,0
67,1,3,1,IN_PROGRESS,0,0,3,4,0,0,0,0,0
67,2,6,8,IN_PROGRESS,1,0,2,5,0,0,0,0,0
67,3,5,1,IN_PROGRESS,0,0,3,6,0,0,0,0,0
67,4,1,1,IN_PROGRESS,0,5,2,3,35,0,0,1,1
67,5,9,8,IN_PROGRESS,1,0,5,6,0,0,0,0,0
67,6,8,1,IN_PROGRESS,0,0,3,7,0,0,0,0,0
67,7,9,1,IN_PROGRESS,0,0,3,7,0,0,0,0,0
67,8,10,1,IN_PROGRESS,0,8,5,7,63,0,0,1,1
67,9,11,8,IN_PROGRESS,1,0,2,6,0,0,0,0,0
67,10,12,1,IN_PROGRESS,0,0,5,6,0,0,0,0,0
67,11,13,1,IN_PROGRESS,0,0,4,7,0,0,0,0,0
67,12,14,1,IN_PROGRESS,0,10,3,7,63,0,0,1,1
67,13,10,10,IN_PROGRESS,1,1,5,5,42,0,0,1,1
67,14,16,8,IN_PROGRESS,1,0,0,1,0,0,0,0,0
67,15,12,2,IN_PROGRESS,0,6,4,6,24,0,0,1,1
67,16,18,1,IN_PROGRESS,0,0,3,7,0,0,0,0,0
67,17,19,1,IN_PROGRESS,0,6,4,6,63,0,0,1,1
67,18,20,1,IN_PROGRESS,0,8,5,5,40,0,0,1,1
67,19,21,1,IN_PROGRESS,0,11,5,5,63,0,0,1,1
67,20,22,1,IN_PROGRESS,0,0,4,5,0,0,0,0,0
67,21,23,1,IN_PROGRESS,0,10,3,5,63,0,0,1,1
67,22,7,10,IN_PROGRESS,1,14,4,5,43,0,0,1,1
67,23,8,10,IN_PROGRESS,1,6,4,6,43,0,0,1,1
67,24,4,22,IN_PROGRESS,0,0,1,1,0,0,0,0,0
67,25,5,22,IN_PROGRESS,0,10,1,1,63,0,0,1,1
67,26,9,10,IN_PROGRESS,1,16,4,7,43,0,0,1,1
67,27,7,18,IN_PROGRESS,0,2,3,5,50,0,0,1,1
67,28,9,15,IN_PROGRESS,1,0,2,6,0,0,0,0,0
67,29,9,16,IN_PROGRESS,1,27,4,5,52,0,0,1,1
67,30,9,18,IN_PROGRESS,1,17,5,5,41,0,0,1,1
67,31,8,18,IN_PROGRESS,1,21,4,5,51,0,0,1,1
67,32,12,22,IN_PROGRESS,0,0,4,4,0,0,0,0,0
67,33,13,22,IN_PROGRESS,0,0,4,4,0,0,0,0,0
67,34,14,22,IN_PROGRESS,0,7,4,4,44,0,0,1,1
67,35,15,22,IN_PROGRESS,0,0,3,4,0,0,0,0,0
67,36,17,15,IN_PROGRESS,1,6,2,5,38,0,0,1,1
67,37,17,14,IN_PROGRESS,0,8,2,4,38,0,0,1,1
67,38,12,21,IN_PROGRESS,0,7,3,5,14,0,0,1,1
67,39,19,18,IN_PROGRESS,1,20,1,3,41,0,0,1,1
67,40,18,18,IN_PROGRESS,0,2,1,3,49,0,0,1,1
67,41,10,18,IN_PROGRESS,1,12,4,6,37,0,0,1,1
67,42,21,15,IN_PROGRESS,1,0,0,3,0,0,0,0,0
67,43,17,13,IN_PROGRESS,0,15,2,2,20,0,0,1,1
68,0,2,1,IN_PROGRESS,0,0,3,3,0,0,0,0,0
68,1,3,1,IN_PROGRESS,0,0,3,4,0,0,0,0,0
68,2,6,8,IN_PROGRESS,1,0,2,5,0,0,0,0,0
68,3,5,1,IN_PROGRESS,0,0,3,6,0,0,0,0,0
68,4,1,1,IN_PROGRESS,0,5,2,3,36,0,0,1,1
68,5,9,8,IN_PROGRESS,1,0,5,6,0,0,0,0,0
68,6,8,1,IN_PROGRESS,0,0,3,7,0,0,0,0,0
68,7,9,1,IN_PROGRESS,0,0,3,7,0,0,0,0,0
68,8,10,1,IN_PROGRESS,0,8,5,7,64,0,0,1,1
68,9,11,8,IN_PROGRESS,1,0,2,6,0,0,0,0,0
68,10,12,1,IN_PROGRESS,0,0,5,6,0,0,0,0,0
68,11,13,1,IN_PROGRESS,0,0,4,7,0,0,0,0,0
68,12,14,1,IN_PROGRESS,0,10,3,7,64,0,0,1,1
68,13,10,10,IN_PROGRESS,1,1,5,5,43,0,0,1,1
68,14,16,8,IN_PROGRESS,1,0,0,1,0,0,0,0,0
68,15,12,2,IN_PROGRESS,0,6,4,6,25,0,0,1,1
68,16,18,1,IN_PROGRESS,0,0,3,7,0,0,0,0,0
68,17,19,1,IN_PROGRESS,0,6,4,6,64,0,0,1,1
68,18,20,1,IN_PROGRESS,0,8,5,5,41,0,0,1,1
68,19,21,1,IN_PROGRESS,0,11,5,5,64,0,0,1,1
68,20,22,1,IN_PROGRESS,0,0,4,5,0,0,0,0,0
68,21,23,1,IN_PROGRESS,0,10,3,5,64,0,0,1,1
68,22,7,10,IN_PROGRESS,1,14,4,5,44,0,0,1,1
68,23,8,10,IN_PROGRESS,1,6,4,6,44,0,0,1,1
68,24,4,22,IN_PROGRESS,0,0,1,1,0,0,0,0,0
68,25,5,22,IN_PROGRESS,0,10,1,1,64,0,0,1,1
68,26,9,10,IN_PROGRESS,1,16,4,7,44,0,0,1,1
68,27,7,18,IN_PROGRESS,0,2,3,5,51,0,0,1,1
68,28,9,15,IN_PROGRESS,1,0,2,6,0,0,0,0,0
68,29,9,16,IN_PROGRESS,1,27,4,5,53,0,0,1,1
68,30,9,18,IN_PROGRESS,1,17,5,5,42,0,0,1,1
68,31,8,18,IN_PROGRESS,1,21,4,5,52,0,0,1,1
68,32,12,22,IN_PROGRESS,0,0,4,4,0,0,0,0,0
68,33,13,22,IN_PROGRESS,0,0,4,4,0,0,0,0,0
68,34,14,22,IN_PROGRESS,0,7,4,4,45,0,0,1,1
68,35,15,22,IN_PROGRESS,0,0,3,4,0,0,0,0,0
68,36,17,15,IN_PROGRESS,1,6,2,5,39,0,0,1,1
68,37,17,14,IN_PROGRESS,0,8,2,4,39,0,0,1,1
68,38,12,21,IN_PROGRESS,0,7,3,5,15,0,0,1,1
68,39,19,18,IN_PROGRESS,1,20,1,3,42,0,0,1,1
68,40,18,18,IN_PROGRESS,0,2,1,3,50,0,0,1,1
68,41,10,18,IN_PROGRESS,1,12,4,6,38,0,0,1,1
68,42,21,15,IN_PROGRESS,1,0,0,3,0,0,0,0,0
68,43,17,13,IN_PROGRESS,0,15,2,2,21,0,0,1,1
69,0,2,1,IN_PROGRESS,0,0,3,3,0,0,0,0,0
69,1,3,1,IN_PROGRESS,0,0,3,4,0,0,0,0,0
69,2,6,8,IN_PROGRESS,1,0,2,5,0,0,0,0,0
69,3,5,1,IN_PROGRESS,0,0,3,6,0,0,0,0,0
69,4,1,1,IN_PROGRESS,0,5,2,3,37,0,0,1,1
69,5,9,8,IN_PROGRESS,1,0,5,6,0,0,0,0,0
69,6,8,1,IN_PROGRESS,0,0,3,7,0,0,0,0,0
69,7,9,1,IN_PROGRESS,0,0,3,7,0,0,0,0,0
69,8,10,1,IN_PROGRESS,0,8,5,7,65,0,0,1,1
69,9,11,8,IN_PROGRESS,1,0,2,6,0,0,0,0,0
69,10,12,1,IN_PROGRESS,0,0,5,6,0,0,0,0,0
69,11,13,1,IN_PROGRESS,0,0,4,7,0,0,0,0,0
69,12,14,1,IN_PROGRESS,0,10,3,7,65,0,0,1,1
69,13,10,10,IN_PROGRESS,1,1,5,5,44,0,0,1,1
69,14,16,8,IN_PROGRESS,1,0,0,1,0,0,0,0,0
69,15,12,2,IN_PROGRESS,0,6,4,6,26,0,0,1,1
69,16,18,1,IN_PROGRESS,0,0,3,7,0,0,0,0,0
69,17,19,1,IN_PROGRESS,0,6,4,6,65,0,0,1,1
69,18,20,1,IN_PROGRESS,0,8,5,5,42,0,0,1,1
69,19,21,1,IN_PROGRESS,0,11,5,5,65,0,0,1,1
69,20,22,1,IN_PROGRESS,0,0,4,5,0,0,0,0,0
69,21,23,1,IN_PROGRESS,0,10,3,5,65,0,0,1,1
69,22,7,10,IN_PROGRESS,1,14,4,5,45,0,0,1,1
69,23,8,10,IN_PROGRESS,1,6,4,6,45,0,0,1,1
69,24,4,22,IN_PROGRESS,0,0,1,1,0,0,0,0,0
69,25,5,22,IN_PROGRESS,0,10,1,1,65,0,0,1,1
69,26,9,10,IN_PROGRESS,1,16,4,7,45,0,0,1,1
69,27,7,18,IN_PROGRESS,0,2,3,5,52,0,0,1,1
69,28,9,15,IN_PROGRESS,1,0,2,6,0,0,0,0,0
69,29,9,16,IN_PROGRESS,1,27,4,5,54,0,0,1,1
69,30,9,18,IN_PROGRESS,1,17,5,5,43,0,0,1,1
69,31,8,18,IN_PROGRESS,1,21,4,5,53,0,0,1,1
69,32,12,22,IN_PROGRESS,0,0,4,4,0,0,0,0,0
69,33,13,22,IN_PROGRESS,0,0,4,4,0,0,0,0,0
69,34,14,22,IN_PROGRESS,0,7,4,4,46,0,0,1,1
69,35,15,22,IN_PROGRESS,0,0,3,4,0,0,0,0,0
69,36,17,15,IN_PROGRESS,1,6,2,5,40,0,0,1,1
69,37,17,14,IN_PROGRESS,0,8,2,4,40,0,0,1,1
69,38,12,21,IN_PROGRESS,0,7,3,5,16,0,0,1,1
69,39,19,18,IN_PROGRESS,1,20,1,3,43,0,0,1,1
69,40,18,18,IN_PROGRESS,0,2,1,3,51,0,0,1,1
69,41,10,18,IN_PROGRESS,1,12,4,6,39,0,0,1,1
69,42,21,15,IN_PROGRESS,1,0,0,3,0,0,0,0,0
69,43,17,13,IN_PROGRESS,0,15,2,2,22,0,0,1,1
70,0,2,1,IN_PROGRESS,0,0,3,3,0,0,0,0,0
70,1,3,1,IN_PROGRESS,0,0,3,4,0,0,0,0,0
70,2,6,8,IN_PROGRESS,1,0,2,5,0,0,0,0,0
70,3,5,1,IN_PROGRESS,0,0,3,6,0,0,0,0,0
70,4,1,1,IN_PROGRESS,0,5,2,3,38,0,0,1,1
70,5,9,8,IN_PROGRESS,1,0,5,6,0,0,0,0,0
70,6,8,1,IN_PROGRESS,0,0,3,7,0,0,0,0,0
70,7,9,1,IN_PROGRESS,0,0,3,7,0,0,0,0,0
70,8,10,1,IN_PROGRESS,0,8,5,7,66,0,0,1,1
70,9,11,8,IN_PROGRESS,1,0,2,6,0,0,0,0,0
70,10,12,1,IN_PROGRESS,0,0,5,6,0,0,0,0,0
70,11,13,1,IN_PROGRESS,0,0,4,7,0,0,0,0,0
70,12,14,1,IN_PROGRESS,0,10,3,7,66,0,0,1,1
70,13,10,10,IN_PROGRESS,1,1,5,5,45,0,0,1,1
70,14,16,8,IN_PROGRESS,1,0,0,1,0,0,0,0,0
70,15,12,2,IN_PROGRESS,0,6,4,6,27,0,0,1,1
70,16,18,1,IN_PROGRESS,0,0,3,7,0,0,0,0,0
70,17,19,1,IN_PROGRESS,0,6,4,6,66,0,0,1,1
70,18,20,1,IN_PROGRESS,0,8,5,5,43,0,0,1,1
70,19,21,1,IN_PROGRESS,0,11,5,5,66,0,0,1,1
70,20,22,1,IN_PROGRESS,0,0,4,5,0,0,0,0,0
70,21,23,1,IN_PROGRESS,0,10,3,5,66,0,0,1,1
70,22,7,10,IN_PROGRESS,1,14,4,5,46,0,0,1,1
70,23,8,10,IN_PROGRESS,1,6,4,6,46,0,0,1,1
70,24,4,22,IN_PROGRESS,0,0,1,1,0,0,0,0,0
70,25,5,22,IN_PROGRESS,0,10,1,1,66,0,0,1,1
70,26,9,10,IN_PROGRESS,1,16,4,7,46,0,0,1,1
70,27,7,18,IN_PROGRESS,0,2,3,5,53,0,0,1,1
70,28,9,15,IN_PROGRESS,1,0,2,6,0,0,0,0,0
70,29,9,16,IN_PROGRESS,1,27,4,5,55,0,0,1,1
70,30,9,18,IN_PROGRESS,1,17,5,5,44,0,0,1,1
70,31,8,18,IN_PROGRESS,1,21,4,5,54,0,0,1,1
70,32,12,22,IN_PROGRESS,0,0,4,4,0,0,0,0,0
70,33,13,22,IN_PROGRESS,0,0,4,4,0,0,0,0,0
70,34,14,22,IN_PROGRESS,0,7,4,4,47,0,0,1,1
70,35,15,22,IN_PROGRESS,0,0,3,4,0,0,0,0,0
70,36,17,15,IN_PROGRESS,1,6,2,5,41,0,0,1,1
70,37,17,14,IN_PROGRESS,0,8,2,4,41,0,0,1,1
70,38,12,21,IN_PROGRESS,0,7,3,5,17,0,0,1,1
70,39,19,18,IN_PROGRESS,1,20,1,3,44,0,0,1,1
70,40,18,18,IN_PROGRESS,0,2,1,3,52,0,0,1,1
70,41,10,18,IN_PROGRESS,1,12,4,6,40,0,0,1,1
70,42,21,15,IN_PROGRESS,1,0,0,3,0,0,0,0,0
70,43,17,13,IN_PROGRESS,0,15,2,2,23,0,0,1,1
71,0,2,1,IN_PROGRESS,0,0,3,3,0,0,0,0,0
71,1,3,1,IN_PROGRESS,0,0,3,4,0,0,0,0,0
71,2,6,8,IN_PROGRESS,1,0,2,5,0,0,0,0,0
71,3,5,1,IN_PROGRESS,0,0,3,6,0,0,0,0,0
71,4,1,1,IN_PROGRESS,0,5,2,3,39,0,0,1,1
71,5,9,8,IN_PROGRESS,1,0,5,6,0,0,0,0,0
71,6,8,1,IN_PROGRESS,0,0,3,7,0,0,0,0,0
71,7,9,1,IN_PROGRESS,0,0,3,7,0,0,0,0,0
71,8,10,1,IN_PROGRESS,0,8,5,7,67,0,0,1,1
71,9,11,8,IN_PROGRESS,1,0,2,6,0,0,0,0,0
71,10,12,1,IN_PROGRESS,0,0,5,6,0,0,0,0,0
71,11,13,1,IN_PROGRESS,0,0,4,7,0,0,0,0,0
71,12,14,1,IN_PROGRESS,0,10,3,7,67,0,0,1,1
71,13,10,10,IN_PROGRESS,1,1,5,5,46,0,0,1,1
71,14,16,8,IN_PROGRESS,1,0,0,1,0,0,0,0,0
71,15,12,2,IN_PROGRESS,0,6,4,6,28,0,0,1,1
71,16,18,1,IN_PROGRESS,0,0,3,7,0,0,0,0,0
71,17,19,1,IN_PROGRESS,0,6,4,6,67,0,0,1,1
71,18,20,1,IN_PROGRESS,0,8,5,5,44,0,0,1,1
71,19,21,1,IN_PROGRESS,0,11,5,5,67,0,0,1,1
71,20,22,1,IN_PROGRESS,0,0,4,5,0,0,0,0,0
71,21,23,1,IN_PROGRESS,0,10,3,5,67,0,0,1,1
71,22,7,10,IN_PROGRESS,1,14,4,5,47,0,0,1,1
71,23,8,10,IN_PROGRESS,1,6,4,6,47,0,0,1,1
71,24,4,22,IN_PROGRESS,0,0,1,1,0,0,0,0,0
71,25,5,22,IN_PROGRESS,0,10,1,1,67,0,0,1,1
71,26,9,10,IN_PROGRESS,1,16,4,7,47,0,0,1,1
71,27,7,18,IN_PROGRESS,0,2,3,5,54,0,0,1,1
71,28,9,15,IN_PROGRESS,1,0,2,6,0,0,0,0,0
71,29,9,16,IN_PROGRESS,1,27,4,5,56,0,0,1,1
71,30,9,18,IN_PROGRESS,1,17,5,5,45,0,0,1,1
71,31,8,18,IN_PROGRESS,1,21,4,5,55,0,0,1,1
71,32,12,22,IN_PROGRESS,0,0,4,4,0,0,0,0,0
71,33,13,22,IN_PROGRESS,0,0,4,4,0,0,0,0,0
71,34,14,22,IN_PROGRESS,0,7,4,4,48,0,0,1,1
71,35,15,22,IN_PROGRESS,0,0,3,4,0,0,0,0,0
71,36,17,15,IN_PROGRESS,1,6,2,5,42,0,0,1,1
71,37,17,14,IN_PROGRESS,0,8,2,4,42,0,0,1,1
71,38,12,21,IN_PROGRESS,0,7,3,5,18,0,0,1,1
71,39,19,18,IN_PROGRESS,1,20,1,3,45,0,0,1,1
71,40,18,18,IN_PROGRESS,0,2,1,3,53,0,0,1,1
71,41,10,18,IN_PROGRESS,1,12,4,6,41,0,0,1,1
71,42,21,15,IN_PROGRESS,1,0,0,3,0,0,0,0,0
71,43,17,13,IN_PROGRESS,0,15,2,2,24,0,0,1,1
72,0,2,1,IN_PROGRESS,0,0,3,3,0,0,0,0,0
72,1,3,1,IN_PROGRESS,0,0,3,4,0,0,0,0,0
72,2,6,8,IN_PROGRESS,1,0,2,5,0,0,0,0,0
72,3,5,1,IN_PROGRESS,0,0,3,6,0,0,0,0,0
72,4,1,1,IN_PROGRESS,0,5,2,3,40,0,0,1,1
72,5,9,8,IN_PROGRESS,1,0,5,6,0,0,0,0,0
72,6,8,1,IN_PROGRESS,0,0,3,7,0,0,0,0,0
72,7,9,1,IN_PROGRESS,0,0,3,7,0,0,0,0,0
72,8,10,1,IN_PROGRESS,0,8,5,7,68,0,0,1,1
72,9,11,8,IN_PROGRESS,1,0,2,6,0,0,0,0,0
72,10,12,1,IN_PROGRESS,0,0,5,6,0,0,0,0,0
72,11,13,1,IN_PROGRESS,0,0,4,7,0,0,0,0,0
72,12,14,1,IN_PROGRESS,0,10,3,7,68,0,0,1,1
72,13,10,10,IN_PROGRESS,1,1,5,5,47,0,0,1,1
72,14,16,8,IN_PROGRESS,1,0,0,1,0,0,0,0,0
72,15,12,2,IN_PROGRESS,0,6,4,6,29,0,0,1,1
72,16,18,1,IN_PROGRESS,0,0,3,7,0,0,0,0,0
72,17,19,1,IN_PROGRESS,0,6,4,6,68,0,0,1,1
72,18,20,1,IN_PROGRESS,0,8,5,5,45,0,0,1,1
72,19,21,1,IN_PROGRESS,0,11,5,5,68,0,0,1,1
72,20,22,1,IN_PROGRESS,0,0,4,5,0,0,0,0,0
72,21,23,1,IN_PROGRESS,0,10,3,5,68,0,0,1,1
72,22,7,10,IN_PROGRESS,1,14,4,5,48,0,0,1,1
72,23,8,10,IN_PROGRESS,1,6,4,6,48,0,0,1,1
72,24,4,22,IN_PROGRESS,0,0,1,1,0,0,0,0,0
72,25,5,22,IN_PROGRESS,0,10,1,1,68,0,0,1,1
72,26,9,10,IN_PROGRESS,1,16,4,7,48,0,0,1,1
72,27,7,18,IN_PROGRESS,0,2,3,5,55,0,0,1,1
72,28,9,15,IN_PROGRESS,1,0,2,6,0,0,0,0,0
72,29,9,16,IN_PROGRESS,1,27,4,5,57,0,0,1,1
72,30,9,18,IN_PROGRESS,1,17,5,5,46,0,0,1,1
72,31,8,18,IN_PROGRESS,1,21,4,5,56,0,0,1,1
72,32,12,22,IN_PROGRESS,0,0,4,4,0,0,0,0,0
72,33,13,22,IN_PROGRESS,0,0,4,4,0,0,0,0,0
72,34,14,22,IN_PROGRESS,0,7,4,4,49,0,0,1,1
72,35,15,22,IN_PROGRESS,0,0,3,4,0,0,0,0,0
72,36,17,15,IN_PROGRESS,1,6,2,5,43,0,0,1,1
72,37,17,14,IN_PROGRESS,0,8,2,4,43,0,0,1,1
72,38,12,21,IN_PROGRESS,0,7,3,5,19,0,0,1,1
72,39,19,18,IN_PROGRESS,1,20,1,3,46,0,0,1,1
72,40,18,18,IN_PROGRESS,0,2,1,3,54,0,0,1,1
72,41,10,18,IN_PROGRESS,1,12,4,6,42,0,0,1,1
72,42,21,15,IN_PROGRESS,1,0,0,3,0,0,0,0,0
72,43,17,13,IN_PROGRESS,0,15,2,2,25,0,0,1,1
73,0,2,1,IN_PROGRESS,0,0,3,3,0,0,0,0,0
73,1,3,1,IN_PROGRESS,0,0,3,4,0,0,0,0,0
73,2,6,8,IN_PROGRESS,1,0,2,5,0,0,0,0,0
73,3,5,1,IN_PROGRESS,0,0,3,6,0,0,0,0,0
73,4,1,1,IN_PROGRESS,0,5,2,3,41,0,0,1,1
73,5,9,8,IN_PROGRESS,1,0,5,6,0,0,0,0,0
73,6,8,1,IN_PROGRESS,0,0,3,7,0,0,0,0,0
73,7,9,1,IN_PROGRESS,0,0,3,7,0,0,0,0,0
73,8,10,1,IN_PROGRESS,0,8,5,7,69,0,0,1,1
73,9,11,8,IN_PROGRESS,1,0,2,6,0,0,0,0,0
73,10,12,1,IN_PROGRESS,0,0,5,6,0,0,0,0,0
73,11,13,1,IN_PROGRESS,0,0,4,7,0,0,0,0,0
73,12,14,1,IN_PROGRESS,0,10,3,7,69,0,0,1,1
73,13,10,10,IN_PROGRESS,1,1,5,5,48,0,0,1,1
73,14,16,8,IN_PROGRESS,1,0,0,1,0,0,0,0,0
73,15,12,2,IN_PROGRESS,0,6,4,6,30,0,0,1,1
73,16,18,1,IN_PROGRESS,0,0,3,7,0,0,0,0,0
73,17,19,1,IN_PROGRESS,0,6,4,6,69,0,0,1,1
73,18,20,1,IN_PROGRESS,0,8,5,5,46,0,0,1,1
73,19,21,1,IN_PROGRESS,0,11,5,5,69,0,0,1,1
73,20,22,1,IN_PROGRESS,0,0,4,5,0,0,0,0,0
73,21,23,1,IN_PROGRESS,0,10,3,5,69,0,0,1,1
73,22,7,10,IN_PROGRESS,1,14,4,5,49,0,0,1,1
73,23,8,10,IN_PROGRESS,1,6,4,6,49,0,0,1,1
73,24,4,22,IN_PROGRESS,0,0,1,1,0,0,0,0,0
73,25,5,22,IN_PROGRESS,0,10,1,1,69,0,0,1,1
73,26,9,10,IN_PROGRESS,1,16,4,7,49,0,0,1,1
73,27,7,18,IN_PROGRESS,0,2,3,5,56,0,0,1,1
73,28,9,15,IN_PROGRESS,1,0,2,6,0,0,0,0,0
73,29,9,16,IN_PROGRESS,1,27,4,5,58,0,0,1,1
73,30,9,18,IN_PROGRESS,1,17,5,5,47,0,0,1,1
73,31,8,18,IN_PROGRESS,1,21,4,5,57,0,0,1,1
73,32,12,22,IN_PROGRESS,0,0,4,4,0,0,0,0,0
73,33,13,22,IN_PROGRESS,0,0,4,4,0,0,0,0,0
73,34,14,22,IN_PROGRESS,0,7,4,4,50,0,0,1,1
73,35,15,22,IN_PROGRESS,0,0,3,4,0,0,0,0,0
73,36,17,15,IN_PROGRESS,1,6,2,5,44,0,0,1,1
73,37,17,14,IN_PROGRESS,0,8,2,4,44,0,0,1,1
73,38,12,21,IN_PROGRESS,0,7,3,5,20,0,0,1,1
73,39,19,18,IN_PROGRESS,1,20,1,3,47,0,0,1,1
73,40,18,18,IN_PROGRESS,0,2,1,3,55,0,0,1,1
73,41,10,18,IN_PROGRESS,1,12,4,6,43,0,0,1,1
73,42,21,15,IN_PROGRESS,1,0,0,3,0,0,0,0,0
73,43,17,13,IN_PROGRESS,0,15,2,2,26,0,0,1,1
74,0,2,1,IN_PROGRESS,0,0,3,3,0,0,0,0,0
74,1,3,1,IN_PROGRESS,0,0,3,4,0,0,0,0,0
74,2,6,8,IN_PROGRESS,1,0,2,5,0,0,0,0,0
74,3,5,1,IN_PROGRESS,0,0,3,6,0,0,0,0,0
74,4,1,1,IN_PROGRESS,0,5,2,3,42,0,0,1,1
74,5,9,8,IN_PROGRESS,1,0,5,6,0,0,0,0,0
74,6,8,1,IN_PROGRESS,0,0,3,7,0,0,0,0,0
74,7,9,1,IN_PROGRESS,0,0,3,7,0,0,0,0,0
74,8,10,1,IN_PROGRESS,0,8,5,7,70,0,0,1,1
74,9,11,8,IN_PROGRESS,1,0,2,6,0,0,0,0,0
74,10,12,1,IN_PROGRESS,0,0,5,6,0,0,0,0,0
74,11,13,1,IN_PROGRESS,0,0,4,7,0,0,0,0,0
74,12,14,1,IN_PROGRESS,0,10,3,7,70,0,0,1,1
74,13,10,10,IN_PROGRESS,1,1,5,5,49,0,0,1,1
74,14,16,8,IN_PROGRESS,1,0,0,1,0,0,0,0,0
74,15,12,2,IN_PROGRESS,0,6,4,6,31,0,0,1,1
74,16,18,1,IN_PROGRESS,0,0,3,7,0,0,0,0,0
74,17,19,1,IN_PROGRESS,0,6,4,6,70,0,0,1,1
74,18,20,1,IN_PROGRESS,0,8,5,5,47,0,0,1,1
74,19,21,1,IN_PROGRESS,0,11,5,5,70,0,0,1,1
74,20,22,1,IN_PROGRESS,0,0,4,5,0,0,0,0,0
74,21,23,1,IN_PROGRESS,0,10,3,5,70,0,0,1,1
74,22,7,10,IN_PROGRESS,1,14,4,5,50,0,0,1,1
74,23,8,10,IN_PROGRESS,1,6,4,6,50,0,0,1,1
74,24,4,22,IN_PROGRESS,0,0,1,1,0,0,0,0,0
74,25,5,22,IN_PROGRESS,0,10,1,1,70,0,0,1,1
74,26,9,10,IN_PROGRESS,1,16,4,7,50,0,0,1,1
74,27,7,18,IN_PROGRESS,0,2,3,5,57,0,0,1,1
74,28,9,15,IN_PROGRESS,1,0,2,6,0,0,0,0,0
74,29,9,16,IN_PROGRESS,1,27,4,5,59,0,0,1,1
74,30,9,18,IN_PROGRESS,1,17,5,5,48,0,0,1,1
74,31,8,18,IN_PROGRESS,1,21,4,5,58,0,0,1,1
74,32,12,22,IN_PROGRESS,0,0,4,4,0,0,0,0,0
74,33,13,22,IN_PROGRESS,0,0,4,4,0,0,0,0,0
74,34,14,22,IN_PROGRESS,0,7,4,4,51,0,0,1,1
74,35,15,22,IN_PROGRESS,0,0,3,4,0,0,0,0,0
74,36,17,15,IN_PROGRESS,1,6,2,5,45,0,0,1,1
74,37,17,14,IN_PROGRESS,0,8,2,4,45,0,0,1,1
74,38,12,21,IN_PROGRESS,0,7,3,5,21,0,0,1,1
74,39,19,18,IN_PROGRESS,1,20,1,3,48,0,0,1,1
74,40,18,18,IN_PROGRESS,0,2,1,3,56,0,0,1,1
74,41,10,18,IN_PROGRESS,1,12,4,6,44,0,0,1,1
74,42,21,15,IN_PROGRESS,1,0,0,3,0,0,0,0,0
74,43,17,13,IN_PROGRESS,0,15,2,2,27,0,0,1,1
75,0,2,1,IN_PROGRESS,0,0,3,3,0,0,0,0,0
75,1,3,1,IN_PROGRESS,0,0,3,4,0,0,0,0,0
75,2,6,8,IN_PROGRESS,1,0,2,5,0,0,0,0,0
75,3,5,1,IN_PROGRESS,0,0,3,6,0,0,0,0,0
75,4,1,1,IN_PROGRESS,0,5,2,3,43,0,0,1,1
75,5,9,8,IN_PROGRESS,1,0,5,6,0,0,0,0,0
75,6,8,1,IN_PROGRESS,0,0,3,7,0,0,0,0,0
75,7,9,1,IN_PROGRESS,0,0,3,7,0,0,0,0,0
75,8,10,1,IN_PROGRESS,0,8,5,7,71,0,0,1,1
75,9,11,8,IN_PROGRESS,1,0,2,6,0,0,0,0,0
75,10,12,1,IN_PROGRESS,0,0,5,6,0,0,0,0,0
75,11,13,1,IN_PROGRESS,0,0,4,7,0,0,0,0,0
75,12,14,1,IN_PROGRESS,0,10,3,7,71,0,0,1,1
75,13,10,10,IN_PROGRESS,1,1,5,5,50,0,0,1,1
75,14,16,8,IN_PROGRESS,1,0,0,1,0,0,0,0,0
75,15,12,2,IN_PROGRESS,0,6,4,6,32,0,0,1,1
75,16,18,1,IN_PROGRESS,0,0,3,7,0,0,0,0,0
75,17,19,1,IN_PROGRESS,0,6,4,6,71,0,0,1,1
75,18,20,1,IN_PROGRESS,0,8,5,5,48,0,0,1,1
75,19,21,1,IN_PROGRESS,0,11,5,5,71,0,0,1,1
75,20,22,1,IN_PROGRESS,0,0,4,5,0,0,0,0,0
75,21,23,1,IN_PROGRESS,0,10,3,5,71,0,0,1,1
75,22,7,10,IN_PROGRESS,1,14,4,5,51,0,0,1,1
75,23,8,10,IN_PROGRESS,1,6,4,6,51,0,0,1,1
75,24,4,22,IN_PROGRESS,0,0,1,1,0,0,0,0,0
75,25,5,22,IN_PROGRESS,0,10,1,1,71,0,0,1,1
75,26,9,10,IN_PROGRESS,1,16,4,7,51,0,0,1,1
75,27,7,18,IN_PROGRESS,0,2,3,5,58,0,0,1,1
75,28,9,15,IN_PROGRESS,1,0,2,6,0,0,0,0,0
75,29,9,16,IN_PROGRESS,1,27,4,5,60,0,0,1,1
75,30,9,18,IN_PROGRESS,1,17,5,5,49,0,0,1,1
75,31,8,18,IN_PROGRESS,1,21,4,5,59,0,0,1,1
75,32,12,22,IN_PROGRESS,0,0,4,4,0,0,0,0,0
75,33,13,22,IN_PROGRESS,0,0,4,4,0,0,0,0,0
75,34,14,22,IN_PROGRESS,0,7,4,4,52,0,0,1,1
75,35,15,22,IN_PROGRESS,0,0,3,4,0,0,0,0,0
75,36,17,15,IN_PROGRESS,1,6,2,5,46,0,0,1,1
75,37,17,14,IN_PROGRESS,0,8,2,4,46,0,0,1,1
75,38,12,21,IN_PROGRESS,0,7,3,5,22,0,0,1,1
75,39,19,18,IN_PROGRESS,1,20,1,3,49,0,0,1,1
75,40,18,18,IN_PROGRESS,0,2,1,3,57,0,0,1,1
75,41,10,18,IN_PROGRESS,1,12,4,6,45,0,0,1,1
75,42,21,15,IN_PROGRESS,1,0,0,3,0,0,0,0,0
75,43,17,13,IN_PROGRESS,0,15,2,2,28,0,0,1,1
76,0,2,1,IN_PROGRESS,0,0,3,3,0,0,0,0,0
76,1,3,1,IN_PROGRESS,0,0,3,4,0,0,0,0,0
76,2,6,8,IN_PROGRESS,1,0,2,5,0,0,0,0,0
76,3,5,1,IN_PROGRESS,0,0,3,6,0,0,0,0,0
76,4,1,1,IN_PROGRESS,0,5,2,3,44,0,0,1,1
76,5,9,8,IN_PROGRESS,1,0,5,6,0,0,0,0,0
76,6,8,1,IN_PROGRESS,0,0,3,7,0,0,0,0,0
76,7,9,1,IN_PROGRESS,0,0,3,7,0,0,0,0,0
76,8,10,1,IN_PROGRESS,0,8,5,7,72,0,0,1,1
76,9,11,8,IN_PROGRESS,1,0,2,6,0,0,0,0,0
76,10,12,1,IN_PROGRESS,0,0,5,6,0,0,0,0,0
76,11,13,1,IN_PROGRESS,0,0,4,7,0,0,0,0,0
76,12,14,1,IN_PROGRESS,0,10,3,7,72,0,0,1,1
76,13,10,10,IN_PROGRESS,1,1,5,5,51,0,0,1,1
76,14,16,8,IN_PROGRESS,1,0,0,1,0,0,0,0,0
76,15,12,2,IN_PROGRESS,0,6,4,6,33,0,0,1,1
76,16,18,1,IN_PROGRESS,0,0,3,7,0,0,0,0,0
76,17,19,1,IN_PROGRESS,0,6,4,6,72,0,0,1,1
76,18,20,1,IN_PROGRESS,0,8,5,5,49,0,0,1,1
76,19,21,1,IN_PROGRESS,0,11,5,5,72,0,0,1,1
76,20,22,1,IN_PROGRESS,0,0,4,5,0,0,0,0,0
76,21,23,1,IN_PROGRESS,0,10,3,5,72,0,0,1,1
76,22,7,10,IN_PROGRESS,1,14,4,5,52,0,0,1,1
76,23,8,10,IN_PROGRESS,1,6,4,6,52,0,0,1,1
76,24,4,22,IN_PROGRESS,0,0,1,1,0,0,0,0,0
76,25,5,22,IN_PROGRESS,0,10,1,1,72,0,0,1,1
76,26,9,10,IN_PROGRESS,1,16,4,7,52,0,0,1,1
76,27,7,18,IN_PROGRESS,0,2,3,5,59,0,0,1,1
76,28,9,15,IN_PROGRESS,1,0,2,6,0,0,0,0,0
76,29,9,16,IN_PROGRESS,1,27,4,5,61,0,0,1,1
76,30,9,18,IN_PROGRESS,1,17,5,5,50,0,0,1,1
76,31,8,18,IN_PROGRESS,1,21,4,5,60,0,0,1,1
76,32,12,22,IN_PROGRESS,0,0,4,4,0,0,0,0,0
76,33,13,22,IN_PROGRESS,0,0,4,4,0,0,0,0,0
76,34,14,22,IN_PROGRESS,0,7,4,4,53,0,0,1,1
76,35,15,22,IN_PROGRESS,0,0,3,4,0,0,0,0,0
76,36,17,15,IN_PROGRESS,1,6,2,5,47,0,0,1,1
76,37,17,14,IN_PROGRESS,0,8,2,4,47,0,0,1,1
76,38,12,21,IN_PROGRESS,0,7,3,5,23,0,0,1,1
76,39,19,18,IN_PROGRESS,1,20,1,3,50,0,0,1,1
76,40,18,18,IN_PROGRESS,0,2,1,3,58,0,0,1,1
76,41,10,18,IN_PROGRESS,1,12,4,6,46,0,0,1,1
76,42,21,15,IN_PROGRESS,1,0,0,3,0,0,0,0,0
76,43,17,13,IN_PROGRESS,0,15,2,2,29,0,0,1,1
77,0,2,1,IN_PROGRESS,0,0,3,3,0,0,0,0,0
77,1,3,1,IN_PROGRESS,0,0,3,4,0,0,0,0,0
77,2,6,8,IN_PROGRESS,1,0,2,5,0,0,0,0,0
77,3,5,1,IN_PROGRESS,0,0,3,6,0,0,0,0,0
77,4,1,1,IN_PROGRESS,0,5,2,3,45,0,0,1,1
77,5,9,8,IN_PROGRESS,1,0,5,6,0,0,0,0,0
77,6,8,1,IN_PROGRESS,0,0,3,7,0,0,0,0,0
77,7,9,1,IN_PROGRESS,0,0,3,7,0,0,0,0,0
77,8,10,1,IN_PROGRESS,0,8,5,7,73,0,0,1,1
77,9,11,8,IN_PROGRESS,1,0,2,6,0,0,0,0,0
77,10,12,1,IN_PROGRESS,0,0,5,6,0,0,0,0,0
77,11,13,1,IN_PROGRESS,0,0,4,7,0,0,0,0,0
77,12,14,1,IN_PROGRESS,0,10,3,7,73,0,0,1,1
77,13,10,10,IN_PROGRESS,1,1,5,5,52,0,0,1,1
77,14,16,8,IN_PROGRESS,1,0,0,1,0,0,0,0,0
77,15,12,2,IN_PROGRESS,0,6,4,6,34,0,0,1,1
77,16,18,1,IN_PROGRESS,0,0,3,7,0,0,0,0,0
77,17,19,1,IN_PROGRESS,0,6,4,6,73,0,0,1,1
77,18,20,1,IN_PROGRESS,0,8,5,5,50,0,0,1,1
77,19,21,1,IN_PROGRESS,0,11,5,5,73,0,0,1,1
77,20,22,1,IN_PROGRESS,0,0,4,5,0,0,0,0,0
77,21,23,1,IN_PROGRESS,0,10,3,5,73,0,0,1,1
77,22,7,10,IN_PROGRESS,1,14,4,5,53,0,0,1,1
77,23,8,10,IN_PROGRESS,1,6,4,6,53,0,0,1,1
77,24,4,22,IN_PROGRESS,0,0,1,1,0,0,0,0,0
77,25,5,22,IN_PROGRESS,0,10,1,1,73,0,0,1,1
77,26,9,10,IN_PROGRESS,1,16,4,7,53,0,0,1,1
77,27,7,18,IN_PROGRESS,0,2,3,5,60,0,0,1,1
77,28,9,15,IN_PROGRESS,1,0,2,6,0,0,0,0,0
77,29,9,16,IN_PROGRESS,1,27,4,5,62,0,0,1,1
77,30,9,18,IN_PROGRESS,1,17,5,5,51,0,0,1,1
77,31,8,18,IN_PROGRESS,1,21,4,5,61,0,0,1,1
77,32,12,22,IN_PROGRESS,0,0,4,4,0,0,0,0,0
77,33,13,22,IN_PROGRESS,0,0,4,4,0,0,0,0,0
77,34,14,22,IN_PROGRESS,0,7,4,4,54,0,0,1,1
77,35,15,22,IN_PROGRESS,0,0,3,4,0,0,0,0,0
77,36,17,15,IN_PROGRESS,1,6,2,5,48,0,0,1,1
77,37,17,14,IN_PROGRESS,0,8,2,4,48,0,0,1,1
77,38,12,21,IN_PROGRESS,0,7,3,5,24,0,0,1,1
77,39,19,18,IN_PROGRESS,1,20,1,3,51,0,0,1,1
77,40,18,18,IN_PROGRESS,0,2,1,3,59,0,0,1,1
77,41,10,18,IN_PROGRESS,1,12,4,6,47,0,0,1,1
77,42,21,15,IN_PROGRESS,1,0,0,3,0,0,0,0,0
77,43,17,13,IN_PROGRESS,0,15,2,2,30,0,0,1,1
78,0,2,1,IN_PROGRESS,0,0,3,3,0,0,0,0,0
78,1,3,1,IN_PROGRESS,0,0,3,4,0,0,0,0,0
78,2,6,8,IN_PROGRESS,1,0,2,5,0,0,0,0,0
78,3,5,1,IN_PROGRESS,0,0,3,6,0,0,0,0,0
78,4,1,1,IN_PROGRESS,0,5,2,3,46,0,0,1,1
78,5,9,8,IN_PROGRESS,1,0,5,6,0,0,0,0,0
78,6,8,1,IN_PROGRESS,0,0,3,7,0,0,0,0,0
78,7,9,1,IN_PROGRESS,0,0,3,7,0,0,0,0,0
78,8,10,1,IN_PROGRESS,0,8,5,7,74,0,0,1,1
78,9,11,8,IN_PROGRESS,1,0,2,6,0,0,0,0,0
78,10,12,1,IN_PROGRESS,0,0,5,6,0,0,0,0,0
78,11,13,1,IN_PROGRESS,0,0,4,7,0,0,0,0,0
78,12,14,1,IN_PROGRESS,0,10,3,7,74,0,0,1,1
78,13,10,10,IN_PROGRESS,1,1,5,5,53,0,0,1,1
78,14,16,8,IN_PROGRESS,1,0,0,1,0,0,0,0,0
78,15,12,2,IN_PROGRESS,0,6,4,6,35,0,0,1,1
78,16,18,1,IN_PROGRESS,0,0,3,7,0,0,0,0,0
78,17,19,1,IN_PROGRESS,0,6,4,6,74,0,0,1,1
78,18,20,1,IN_PROGRESS,0,8,5,5,51,0,0,1,1
78,19,21,1,IN_PROGRESS,0,11,5,5,74,0,0,1,1
78,20,22,1,IN_PROGRESS,0,0,4,5,0,0,0,0,0
78,21,23,1,IN_PROGRESS,0,10,3,5,74,0,0,1,1
78,22,7,10,IN_PROGRESS,1,14,4,5,54,0,0,1,1
78,23,8,10,IN_PROGRESS,1,6,4,6,54,0,0,1,1
78,24,4,22,IN_PROGRESS,0,0,1,1,0,0,0,0,0
78,25,5,22,IN_PROGRESS,0,10,1,1,74,0,0,1,1
78,26,9,10,IN_PROGRESS,1,16,4,7,54,0,0,1,1
78,27,7,18,IN_PROGRESS,0,2,3,5,61,0,0,1,1
78,28,9,15,IN_PROGRESS,1,0,2,6,0,0,0,0,0
78,29,9,16,IN_PROGRESS,1,27,4,5,63,0,0,1,1
78,30,9,18,IN_PROGRESS,1,17,5,5,52,0,0,1,1
78,31,8,18,IN_PROGRESS,1,21,4,5,62,0,0,1,1
78,32,12,22,IN_PROGRESS,0,0,4,4,0,0,0,0,0
78,33,13,22,IN_PROGRESS,0,0,4,4,0,0,0,0,0
78,34,14,22,IN_PROGRESS,0,7,4,4,55,0,0,1,1
78,35,15,22,IN_PROGRESS,0,0,3,4,0,0,0,0,0
78,36,17,15,IN_PROGRESS,1,6,2,5,49,0,0,1,1
78,37,17,14,IN_PROGRESS,0,8,2,4,49,0,0,1,1
78,38,12,21,IN_PROGRESS,0,7,3,5,25,0,0,1,1
78,39,19,18,IN_PROGRESS,1,20,1,3,52,0,0,1,1
78,40,18,18,IN_PROGRESS,0,2,1,3,60,0,0,1,1
78,41,10,18,IN_PROGRESS,1,12,4,6,48,0,0,1,1
78,42,21,15,IN_PROGRESS,1,0,0,3,0,0,0,0,0
78,43,17,13,IN_PROGRESS,0,15,2,2,31,0,0,1,1
79,0,2,1,IN_PROGRESS,0,0,3,3,0,0,0,0,0
79,1,3,1,IN_PROGRESS,0,0,3,4,0,0,0,0,0
79,2,6,8,IN_PROGRESS,1,0,2,5,0,0,0,0,0
79,3,5,1,IN_PROGRESS,0,0,3,6,0,0,0,0,0
79,4,1,1,IN_PROGRESS,0,5,2,3,47,0,0,1,1
79,5,9,8,IN_PROGRESS,1,0,5,6,0,0,0,0,0
79,6,8,1,IN_PROGRESS,0,0,3,7,0,0,0,0,0
79,7,9,1,IN_PROGRESS,0,0,3,7,0,0,0,0,0
79,8,10,1,IN_PROGRESS,0,8,5,7,75,0,0,1,1
79,9,11,8,IN_PROGRESS,1,0,2,6,0,0,0,0,0
79,10,12,1,IN_PROGRESS,0,0,5,6,0,0,0,0,0
79,11,13,1,IN_PROGRESS,0,0,4,7,0,0,0,0,0
79,12,14,1,IN_PROGRESS,0,10,3,7,75,0,0,1,1
79,13,10,10,IN_PROGRESS,1,1,5,5,54,0,0,1,1
79,14,16,8,IN_PROGRESS,1,0,0,1,0,0,0,0,0
79,15,12,2,IN_PROGRESS,0,6,4,6,36,0,0,1,1
79,16,18,1,IN_PROGRESS,0,0,3,7,0,0,0,0,0
79,17,19,1,IN_PROGRESS,0,6,4,6,75,0,0,1,1
79,18,20,1,IN_PROGRESS,0,8,5,5,52,0,0,1,1
79,19,21,1,IN_PROGRESS,0,11,5,5,75,0,0,1,1
79,20,22,1,IN_PROGRESS,0,0,4,5,0,0,0,0,0
79,21,23,1,IN_PROGRESS,0,10,3,5,75,0,0,1,1
79,22,7,10,IN_PROGRESS,1,14,4,5,55,0,0,1,1
79,23,8,10,IN_PROGRESS,1,6,4,6,55,0,0,1,1
79,24,4,22,IN_PROGRESS,0,0,1,1,0,0,0,0,0
79,25,5,22,IN_PROGRESS,0,10,1,1,75,0,0,1,1
79,26,9,10,IN_PROGRESS,1,16,4,7,55,0,0,1,1
79,27,7,18,IN_PROGRESS,0,2,3,5,62,0,0,1,1
79,28,9,15,IN_PROGRESS,1,0,2,6,0,0,0,0,0
79,29,9,16,IN_PROGRESS,1,27,4,5,64,0,0,1,1
79,30,9,18,IN_PROGRESS,1,17,5,5,53,0,0,1,1
79,31,8,18,IN_PROGRESS,1,21,4,5,63,0,0,1,1
79,32,12,22,IN_PROGRESS,0,0,4,4,0,0,0,0,0
79,33,13,22,IN_PROGRESS,0,0,4,4,0,0,0,0,0
79,34,14,22,IN_PROGRESS,0,7,4,4,56,0,0,1,1
79,35,15,22,IN_PROGRESS,0,0,3,4,0,0,0,0,0
79,36,17,15,IN_PROGRESS,1,6,2,5,50,0,0,1,1
79,37,17,14,IN_PROGRESS,0,8,2,4,50,0,0,1,1
79,38,12,21,IN_PROGRESS,0,7,3,5,26,0,0,1,1
79,39,19,18,IN_PROGRESS,1,20,1,3,53,0,0,1,1
79,40,18,18,IN_PROGRESS,0,2,1,3,61,0,0,1,1
79,41,10,18,IN_PROGRESS,1,12,4,6,49,0,0,1,1
79,42,21,15,IN_PROGRESS,1,0,0,3,0,0,0,0,0
79,43,17,13,IN_PROGRESS,0,15,2,2,32,0,0,1,1
80,0,2,1,IN_PROGRESS,0,0,3,3,0,0,0,0,0
80,1,3,1,IN_PROGRESS,0,0,3,4,0,0,0,0,0
80,2,6,8,IN_PROGRESS,1,0,2,5,0,0,0,0,0
80,3,5,1,IN_PROGRESS,0,0,3,6,0,0,0,0,0
80,4,1,1,IN_PROGRESS,0,5,2,3,48,0,0,1,1
80,5,9,8,IN_PROGRESS,1,0,5,6,0,0,0,0,0
80,6,8,1,IN_PROGRESS,0,0,3,7,0,0,0,0,0
80,7,9,1,IN_PROGRESS,0,0,3,7,0,0,0,0,0
80,8,10,1,IN_PROGRESS,0,8,5,7,76,0,0,1,1
80,9,11,8,IN_PROGRESS,1,0,2,6,0,0,0,0,0
80,10,12,1,IN_PROGRESS,0,0,5,6,0,0,0,0,0
80,11,13,1,IN_PROGRESS,0,0,4,7,0,0,0,0,0
80,12,14,1,IN_PROGRESS,0,10,3,7,76,0,0,1,1
80,13,10,10,IN_PROGRESS,1,1,5,5,55,0,0,1,1
80,14,16,8,IN_PROGRESS,1,0,0,1,0,0,0,0,0
80,15,12,2,IN_PROGRESS,0,6,4,6,37,0,0,1,1
80,16,18,1,IN_PROGRESS,0,0,3,7,0,0,0,0,0
80,17,19,1,IN_PROGRESS,0,6,4,6,76,0,0,1,1
80,18,20,1,IN_PROGRESS,0,8,5,5,53,0,0,1,1
80,19,21,1,IN_PROGRESS,0,11,5,5,76,0,0,1,1
80,20,22,1,IN_PROGRESS,0,0,4,5,0,0,0,0,0
80,21,23,1,IN_PROGRESS,0,10,3,5,76,0,0,1,1
80,22,7,10,IN_PROGRESS,1,14,4,5,56,0,0,1,1
80,23,8,10,IN_PROGRESS,1,6,4,6,56,0,0,1,1
80,24,4,22,IN_PROGRESS,0,0,1,1,0,0,0,0,0
80,25,5,22,IN_PROGRESS,0,10,1,1,76,0,0,1,1
80,26,9,10,IN_PROGRESS,1,16,4,7,56,0,0,1,1
80,27,7,18,IN_PROGRESS,0,2,3,5,63,0,0,1,1
80,28,9,15,IN_PROGRESS,1,0,2,6,0,0,0,0,0
80,29,9,16,IN_PROGRESS,1,27,4,5,65,0,0,1,1
80,30,9,18,IN_PROGRESS,1,17,5,5,54,0,0,1,1
80,31,8,18,IN_PROGRESS,1,21,4,5,64,0,0,1,1
80,32,12,22,IN_PROGRESS,0,0,4,4,0,0,0,0,0
80,33,13,22,IN_PROGRESS,0,0,4,4,0,0,0,0,0
80,34,14,22,IN_PROGRESS,0,7,4,4,57,0,0,1,1
80,35,15,22,IN_PROGRESS,0,0,3,4,0,0,0,0,0
80,36,17,15,IN_PROGRESS,1,6,2,5,51,0,0,1,1
80,37,17,14,IN_PROGRESS,0,8,2,4,51,0,0,1,1
80,38,12,21,IN_PROGRESS,0,7,3,5,27,0,0,1,1
80,39,19,18,IN_PROGRESS,1,20,1,3,54,0,0,1,1
80,40,18,18,IN_PROGRESS,0,2,1,3,62,0,0,1,1
80,41,10,18,IN_PROGRESS,1,12,4,6,50,0,0,1,1
80,42,21,15,IN_PROGRESS,1,0,0,3,0,0,0,0,0
80,43,17,13,IN_PROGRESS,0,15,2,2,33,0,0,1,1
81,0,2,1,IN_PROGRESS,0,0,3,3,0,0,0,0,0
81,1,3,1,IN_PROGRESS,0,0,3,4,0,0,0,0,0
81,2,6,8,IN_PROGRESS,1,0,2,5,0,0,0,0,0
81,3,5,1,IN_PROGRESS,0,0,3,6,0,0,0,0,0
81,4,1,1,IN_PROGRESS,0,5,2,3,49,0,0,1,1
81,5,9,8,IN_PROGRESS,1,0,5,6,0,0,0,0,0
81,6,8,1,IN_PROGRESS,0,0,3,7,0,0,0,0,0
81,7,9,1,IN_PROGRESS,0,0,3,7,0,0,0,0,0
81,8,10,1,IN_PROGRESS,0,8,5,7,77,0,0,1,1
81,9,11,8,IN_PROGRESS,1,0,2,6,0,0,0,0,0
81,10,12,1,IN_PROGRESS,0,0,5,6,0,0,0,0,0
81,11,13,1,IN_PROGRESS,0,0,4,7,0,0,0,0,0
81,12,14,1,IN_PROGRESS,0,10,3,7,77,0,0,1,1
81,13,10,10,IN_PROGRESS,1,1,5,5,56,0,0,1,1
81,14,16,8,IN_PROGRESS,1,0,0,1,0,0,0,0,0
81,15,12,2,IN_PROGRESS,0,6,4,6,38,0,0,1,1
81,16,18,1,IN_PROGRESS,0,0,3,7,0,0,0,0,0
81,17,19,1,IN_PROGRESS,0,6,4,6,77,0,0,1,1
81,18,20,1,IN_PROGRESS,0,8,5,5,54,0,0,1,1
81,19,21,1,IN_PROGRESS,0,11,5,5,77,0,0,1,1
81,20,22,1,IN_PROGRESS,0,0,4,5,0,0,0,0,0
81,21,23,1,IN_PROGRESS,0,10,3,5,77,0,0,1,1
81,22,7,10,IN_PROGRESS,1,14,4,5,57,0,0,1,1
81,23,8,10,IN_PROGRESS,1,6,4,6,57,0,0,1,1
81,24,4,22,IN_PROGRESS,0,0,1,1,0,0,0,0,0
81,25,5,22,IN_PROGRESS,0,10,1,1,77,0,0,1,1
81,26,9,10,IN_PROGRESS,1,16,4,7,57,0,0,1,1
81,27,7,18,IN_PROGRESS,0,2,3,5,64,0,0,1,1
81,28,9,15,IN_PROGRESS,1,0,2,6,0,0,0,0,0
81,29,9,16,IN_PROGRESS,1,27,4,5,66,0,0,1,1
81,30,9,18,IN_PROGRESS,1,17,5,5,55,0,0,1,1
81,31,8,18,IN_PROGRESS,1,21,4,5,65,0,0,1,1
81,32,12,22,IN_PROGRESS,0,0,4,4,0,0,0,0,0
81,33,13,22,IN_PROGRESS,0,0,4,4,0,0,0,0,0
81,34,14,22,IN_PROGRESS,0,7,4,4,58,0,0,1,1
81,35,15,22,IN_PROGRESS,0,0,3,4,0,0,0,0,0
81,36,17,15,IN_PROGRESS,1,6,2,5,52,0,0,1,1
81,37,17,14,IN_PROGRESS,0,8,2,4,52,0,0,1,1
81,38,12,21,IN_PROGRESS,0,7,3,5,28,0,0,1,1
81,39,19,18,IN_PROGRESS,1,20,1,3,55,0,0,1,1
81,40,18,18,IN_PROGRESS,0,2,1,3,63,0,0,1,1
81,41,10,18,IN_PROGRESS,1,12,4,6,51,0,0,1,1
81,42,21,15,IN_PROGRESS,1,0,0,3,0,0,0,0,0
81,43,17,13,IN_PROGRESS,0,15,2,2,34,0,0,1,1
82,0,2,1,IN_PROGRESS,0,0,3,3,0,0,0,0,0
82,1,3,1,IN_PROGRESS,0,0,3,4,0,0,0,0,0
82,2,6,8,IN_PROGRESS,1,0,2,5,0,0,0,0,0
82,3,5,1,IN_PROGRESS,0,0,3,6,0,0,0,0,0
82,4,1,1,IN_PROGRESS,0,5,2,3,50,0,0,1,1
82,5,9,8,IN_PROGRESS,1,0,5,6,0,0,0,0,0
82,6,8,1,IN_PROGRESS,0,0,3,7,0,0,0,0,0
82,7,9,1,IN_PROGRESS,0,0,3,7,0,0,0,0,0
82,8,10,1,IN_PROGRESS,0,8,5,7,78,0,0,1,1
82,9,11,8,IN_PROGRESS,1,0,2,6,0,0,0,0,0
82,10,12,1,IN_PROGRESS,0,0,5,6,0,0,0,0,0
82,11,13,1,IN_PROGRESS,0,0,4,7,0,0,0,0,0
82,12,14,1,IN_PROGRESS,0,10,3,7,78,0,0,1,1
82,13,10,10,IN_PROGRESS,1,1,5,5,57,0,0,1,1
82,14,16,8,IN_PROGRESS,1,0,0,1,0,0,0,0,0
82,15,12,2,IN_PROGRESS,0,6,4,6,39,0,0,1,1
82,16,18,1,IN_PROGRESS,0,0,3,7,0,0,0,0,0
82,17,19,1,IN_PROGRESS,0,6,4,6,78,0,0,1,1
82,18,20,1,IN_PROGRESS,0,8,5,5,55,0,0,1,1
82,19,21,1,IN_PROGRESS,0,11,5,5,78,0,0,1,1
82,20,22,1,IN_PROGRESS,0,0,4,5,0,0,0,0,0
82,21,23,1,IN_PROGRESS,0,10,3,5,78,0,0,1,1
82,22,7,10,IN_PROGRESS,1,14,4,5,58,0,0,1,1
82,23,8,10,IN_PROGRESS,1,6,4,6,58,0,0,1,1
82,24,4,22,IN_PROGRESS,0,0,1,1,0,0,0,0,0
82,25,5,22,IN_PROGRESS,0,10,1,1,78,0,0,1,1
82,26,9,10,IN_PROGRESS,1,16,4,7,58,0,0,1,1
82,27,7,18,IN_PROGRESS,0,2,3,5,65,0,0,1,1
82,28,9,15,IN_PROGRESS,1,0,2,6,0,0,0,0,0
82,29,9,16,IN_PROGRESS,1,27,4,5,67,0,0,1,1
82,30,9,18,IN_PROGRESS,1,18,5,5,56,0,0,1,1
82,31,8,18,IN_PROGRESS,1,21,4,5,66,0,0,1,1
82,32,12,22,IN_PROGRESS,0,0,4,4,0,0,0,0,0
82,33,13,22,IN_PROGRESS,0,0,4,4,0,0,0,0,0
82,34,14,22,IN_PROGRESS,0,7,4,4,59,0,0,1,1
82,35,15,22,IN_PROGRESS,0,0,3,4,0,0,0,0,0
82,36,17,15,IN_PROGRESS,1,6,2,5,53,0,0,1,1
82,37,17,14,IN_PROGRESS,0,8,2,4,53,0,0,1,1
82,38,12,21,IN_PROGRESS,0,7,3,5,29,0,0,1,1
82,39,19,18,IN_PROGRESS,1,20,1,3,56,0,0,1,1
82,40,18,18,IN_PROGRESS,0,2,1,3,64,0,0,1,1
82,41,10,18,IN_PROGRESS,1,12,4,6,52,0,0,1,1
82,42,21,15,IN_PROGRESS,1,0,0,3,0,0,0,0,0
82,43,17,13,IN_PROGRESS,0,15,2,2,35,0,0,1,1
83,0,2,1,IN_PROGRESS,0,0,3,3,0,0,0,0,0
83,1,3,1,IN_PROGRESS,0,0,3,4,0,0,0,0,0
83,2,6,8,IN_PROGRESS,1,0,2,5,0,0,0,0,0
83,3,5,1,IN_PROGRESS,0,0,3,6,0,0,0,0,0
83,4,1,1,IN_PROGRESS,0,5,2,3,51,0,0,1,1
83,5,9,8,IN_PROGRESS,1,0,5,6,0,0,0,0,0
83,6,8,1,IN_PROGRESS,0,0,3,7,0,0,0,0,0
83,7,9,1,IN_PROGRESS,0,0,3,7,0,0,0,0,0
83,8,10,1,IN_PROGRESS,0,8,5,7,79,0,0,1,1
83,9,11,8,IN_PROGRESS,1,0,2,6,0,0,0,0,0
83,10,12,1,IN_PROGRESS,0,0,5,6,0,0,0,0,0
83,11,13,1,IN_PROGRESS,0,0,4,7,0,0,0,0,0
83,12,14,1,IN_PROGRESS,0,10,3,7,79,0,0,1,1
83,13,10,10,IN_PROGRESS,1,1,5,5,58,0,0,1,1
83,14,16,8,IN_PROGRESS,1,0,0,1,0,0,0,0,0
83,15,12,2,IN_PROGRESS,0,6,4,6,40,0,0,1,1
83,16,18,1,IN_PROGRESS,0,0,3,7,0,0,0,0,0
83,17,19,1,IN_PROGRESS,0,6,4,6,79,0,0,1,1
83,18,20,1,IN_PROGRESS,0,8,5,5,56,0,0,1,1
83,19,21,1,IN_PROGRESS,0,11,5,5,79,0,0,1,1
83,20,22,1,IN_PROGRESS,0,0,4,5,0,0,0,0,0
83,21,23,1,IN_PROGRESS,0,10,3,5,79,0,0,1,1
83,22,7,10,IN_PROGRESS,1,14,4,5,59,0,0,1,1
83,23,8,10,IN_PROGRESS,1,6,4,6,59,0,0,1,1
83,24,4,22,IN_PROGRESS,0,0,1,1,0,0,0,0,0
83,25,5,22,IN_PROGRESS,0,10,1,1,79,0,0,1,1
83,26,9,10,IN_PROGRESS,1,16,4,7,59,0,0,1,1
83,27,7,18,IN_PROGRESS,0,2,3,5,66,0,0,1,1
83,28,9,15,IN_PROGRESS,1,0,2,6,0,0,0,0,0
83,29,9,16,IN_PROGRESS,1,27,4,5,68,0,0,1,1
83,30,9,18,IN_PROGRESS,1,17,5,5,57,0,0,1,1
83,31,8,18,IN_PROGRESS,1,21,4,5,67,0,0,1,1
83,32,12,22,IN_PROGRESS,0,0,4,4,0,0,0,0,0
83,33,13,22,IN_PROGRESS,0,0,4,4,0,0,0,0,0
83,34,14,22,IN_PROGRESS,0,7,4,4,60,0,0,1,1
83,35,15,22,IN_PROGRESS,0,0,3,4,0,0,0,0,0
83,36,17,15,IN_PROGRESS,1,6,2,5,54,0,0,1,1
83,37,17,14,IN_PROGRESS,0,8,2,4,54,0,0,1,1
83,38,12,21,IN_PROGRESS,0,7,3,5,30,0,0,1,1
83,39,19,18,IN_PROGRESS,1,20,1,3,57,0,0,1,1
83,40,18,18,IN_PROGRESS,0,2,1,3,65,0,0,1,1
83,41,10,18,IN_PROGRESS,1,12,4,6,53,0,0,1,1
83,42,21,15,IN_PROGRESS,1,0,0,3,0,0,0,0,0
83,43,17,13,IN_PROGRESS,0,15,2,2,36,0,0,1,1
84,0,2,1,IN_PROGRESS,0,0,3,3,0,0,0,0,0
84,1,3,1,IN_PROGRESS,0,0,3,4,0,0,0,0,0
84,2,6,8,IN_PROGRESS,1,0,2,5,0,0,0,0,0
84,3,5,1,IN_PROGRESS,0,0,3,6,0,0,0,0,0
84,4,1,1,IN_PROGRESS,0,5,2,3,52,0,0,1,1
84,5,9,8,IN_PROGRESS,1,0,5,6,0,0,0,0,0
84,6,8,1,IN_PROGRESS,0,0,3,7,0,0,0,0,0
84,7,9,1,IN_PROGRESS,0,0,3,7,0,0,0,0,0
84,8,10,1,IN_PROGRESS,0,8,5,7,80,0,0,1,1
84,9,11,8,IN_PROGRESS,1,0,2,6,0,0,0,0,0
84,10,12,1,IN_PROGRESS,0,0,5,6,0,0,0,0,0
84,11,13,1,IN_PROGRESS,0,0,4,7,0,0,0,0,0
84,12,14,1,IN_PROGRESS,0,10,3,7,80,0,0,1,1
84,13,10,10,IN_PROGRESS,1,1,5,5,59,0,0,1,1
84,14,16,8,IN_PROGRESS,1,0,0,1,0,0,0,0,0
84,15,12,2,IN_PROGRESS,0,6,4,6,41,0,0,1,1
84,16,18,1,IN_PROGRESS,0,0,3,7,0,0,0,0,0
84,17,19,1,IN_PROGRESS,0,6,4,6,80,0,0,1,1
84,18,20,1,IN_PROGRESS,0,8,5,5,57,0,0,1,1
84,19,21,1,IN_PROGRESS,0,11,5,5,80,0,0,1,1
84,20,22,1,IN_PROGRESS,0,0,4,5,0,0,0,0,0
84,21,23,1,IN_PROGRESS,0,10,3,5,80,0,0,1,1
84,22,7,10,IN_PROGRESS,1,14,4,5,60,0,0,1,1
84,23,8,10,IN_PROGRESS,1,6,4,6,60,0,0,1,1
84,24,4,22,IN_PROGRESS,0,0,1,1,0,0,0,0,0
84,25,5,22,IN_PROGRESS,0,10,1,1,80,0,0,1,1
84,26,9,10,IN_PROGRESS,1,16,4,7,60,0,0,1,1
84,27,7,18,IN_PROGRESS,0,2,3,5,67,0,0,1,1
84,28,9,15,IN_PROGRESS,1,0,2,6,0,0,0,0,0
84,29,9,16,IN_PROGRESS,1,27,4,5,69,0,0,1,1
84,30,9,18,IN_PROGRESS,1,17,5,5,58,0,0,1,1
84,31,8,18,IN_PROGRESS,1,21,4,5,68,0,0,1,1
84,32,12,22,IN_PROGRESS,0,0,4,4,0,0,0,0,0
84,33,13,22,IN_PROGRESS,0,0,4,4,0,0,0,0,0
84,34,14,22,IN_PROGRESS,0,7,4,4,61,0,0,1,1
84,35,15,22,IN_PROGRESS,0,0,3,4,0,0,0,0,0
84,36,17,15,IN_PROGRESS,1,6,2,5,55,0,0,1,1
84,37,17,14,IN_PROGRESS,0,8,2,4,55,0,0,1,1
84,38,12,21,IN_PROGRESS,0,7,3,5,31,0,0,1,1
84,39,19,18,IN_PROGRESS,1,20,1,3,58,0,0,1,1
84,40,18,18,IN_PROGRESS,0,2,1,3,66,0,0,1,1
84,41,10,18,IN_PROGRESS,1,12,4,6,54,0,0,1,1
84,42,21,15,IN_PROGRESS,1,0,0,3,0,0,0,0,0
84,43,17,13,IN_PROGRESS,0,15,2,2,37,0,0,1,1
85,0,2,1,IN_PROGRESS,0,0,3,3,0,0,0,0,0
85,1,3,1,IN_PROGRESS,0,0,3,4,0,0,0,0,0
85,2,6,8,IN_PROGRESS,1,0,2,5,0,0,0,0,0
85,3,5,1,IN_PROGRESS,0,0,3,6,0,0,0,0,0
85,4,1,1,IN_PROGRESS,0,5,2,3,53,0,0,1,1
85,5,9,8,IN_PROGRESS,1,0,5,6,0,0,0,0,0
85,6,8,1,IN_PROGRESS,0,0,3,7,0,0,0,0,0
85,7,9,1,IN_PROGRESS,0,0,3,7,0,0,0,0,0
85,8,10,1,IN_PROGRESS,0,8,5,7,81,0,0,1,1
85,9,11,8,IN_PROGRESS,1,0,2,6,0,0,0,0,0
85,10,12,1,IN_PROGRESS,0,0,5,6,0,0,0,0,0
85,11,13,1,IN_PROGRESS,0,0,4,7,0,0,0,0,0
85,12,14,1,IN_PROGRESS,0,10,3,7,81,0,0,1,1
85,13,10,10,IN_PROGRESS,1,1,5,5,60,0,0,1,1
85,14,16,8,IN_PROGRESS,1,0,0,1,0,0,0,0,0
85,15,12,2,IN_PROGRESS,0,6,4,6,42,0,0,1,1
85,16,18,1,IN_PROGRESS,0,0,3,7,0,0,0,0,0
85,17,19,1,IN_PROGRESS,0,6,4,6,81,0,0,1,1
85,18,20,1,IN_PROGRESS,0,8,5,5,58,0,0,1,1
85,19,21,1,IN_PROGRESS,0,11,5,5,81,0,0,1,1
85,20,22,1,IN_PROGRESS,0,0,4,5,0,0,0,0,0
85,21,23,1,IN_PROGRESS,0,10,3,5,81,0,0,1,1
85,22,7,10,IN_PROGRESS,1,14,4,5,61,0,0,1,1
85,23,8,10,IN_PROGRESS,1,6,4,6,61,0,0,1,1
85,24,4,22,IN_PROGRESS,0,0,1,1,0,0,0,0,0
85,25,5,22,IN_PROGRESS,0,10,1,1,81,0,0,1,1
85,26,9,10,IN_PROGRESS,1,16,4,7,61,0,0,1,1
85,27,7,18,IN_PROGRESS,0,2,3,5,68,0,0,1,1
85,28,9,15,IN_PROGRESS,1,0,2,6,0,0,0,0,0
85,29,9,16,IN_PROGRESS,1,27,4,5,70,0,0,1,1
85,30,9,18,IN_PROGRESS,1,17,5,5,59,0,0,1,1
85,31,8,18,IN_PROGRESS,1,21,4,5,69,0,0,1,1
85,32,12,22,IN_PROGRESS,0,0,4,4,0,0,0,0,0
85,33,13,22,IN_PROGRESS,0,0,4,4,0,0,0,0,0
85,34,14,22,IN_PROGRESS,0,7,4,4,62,0,0,1,1
85,35,15,22,IN_PROGRESS,0,0,3,4,0,0,0,0,0
85,36,17,15,IN_PROGRESS,1,6,2,5,56,0,0,1,1
85,37,17,14,IN_PROGRESS,0,8,2,4,56,0,0,1,1
85,38,12,21,IN_PROGRESS,0,7,3,5,32,0,0,1,1
85,39,19,18,IN_PROGRESS,1,20,1,3,59,0,0,1,1
85,40,18,18,IN_PROGRESS,0,2,1,3,67,0,0,1,1
85,41,10,18,IN_PROGRESS,1,12,4,6,55,0,0,1,1
85,42,21,15,IN_PROGRESS,1,0,0,3,0,0,0,0,0
85,43,17,13,IN_PROGRESS,0,15,2,2,38,0,0,1,1
86,0,2,1,IN_PROGRESS,0,0,3,3,0,0,0,0,0
86,1,3,1,IN_PROGRESS,0,0,3,4,0,0,0,0,0
86,2,6,8,IN_PROGRESS,1,0,2,5,0,0,0,0,0
86,3,5,1,IN_PROGRESS,0,0,3,6,0,0,0,0,0
86,4,1,1,IN_PROGRESS,0,5,2,3,54,0,0,1,1
86,5,9,8,IN_PROGRESS,1,0,5,6,0,0,0,0,0
86,6,8,1,IN_PROGRESS,0,0,3,7,0,0,0,0,0
86,7,9,1,IN_PROGRESS,0,0,3,7,0,0,0,0,0
86,8,10,1,IN_PROGRESS,0,8,5,7,82,0,0,1,1
86,9,11,8,IN_PROGRESS,1,0,2,6,0,0,0,0,0
86,10,12,1,IN_PROGRESS,0,0,5,6,0,0,0,0,0
86,11,13,1,IN_PROGRESS,0,0,4,7,0,0,0,0,0
86,12,14,1,IN_PROGRESS,0,10,3,7,82,0,0,1,1
86,13,10,10,IN_PROGRESS,1,1,5,5,61,0,0,1,1
86,14,16,8,IN_PROGRESS,1,0,0,1,0,0,0,0,0
86,15,12,2,IN_PROGRESS,0,6,4,6,43,0,0,1,1
86,16,18,1,IN_PROGRESS,0,0,3,7,0,0,0,0,0
86,17,19,1,IN_PROGRESS,0,6,4,6,82,0,0,1,1
86,18,20,1,IN_PROGRESS,0,8,5,5,59,0,0,1,1
86,19,21,1,IN_PROGRESS,0,11,5,5,82,0,0,1,1
86,20,22,1,IN_PROGRESS,0,0,4,5,0,0,0,0,0
86,21,23,1,IN_PROGRESS,0,10,3,5,82,0,0,1,1
86,22,7,10,IN_PROGRESS,1,14,4,5,62,0,0,1,1
86,23,8,10,IN_PROGRESS,1,6,4,6,62,0,0,1,1
86,24,4,22,IN_PROGRESS,0,0,1,1,0,0,0,0,0
86,25,5,22,IN_PROGRESS,0,10,1,1,82,0,0,1,1
86,26,9,10,IN_PROGRESS,1,16,4,7,62,0,0,1,1
86,27,7,18,IN_PROGRESS,0,2,3,5,69,0,0,1,1
86,28,9,15,IN_PROGRESS,1,0,2,6,0,0,0,0,0
86,29,9,16,IN_PROGRESS,1,27,4,5,71,0,0,1,1
86,30,9,18,IN_PROGRESS,1,17,5,5,60,0,0,1,1
86,31,8,18,IN_PROGRESS,1,21,4,5,70,0,0,1,1
86,32,12,22,IN_PROGRESS,0,0,4,4,0,0,0,0,0
86,33,13,22,IN_PROGRESS,0,0,4,4,0,0,0,0,0
86,34,14,22,IN_PROGRESS,0,7,4,4,63,0,0,1,1
86,35,15,22,IN_PROGRESS,0,0,3,4,0,0,0,0,0
86,36,17,15,IN_PROGRESS,1,6,2,5,57,0,0,1,1
86,37,17,14,IN_PROGRESS,0,8,2,4,57,0,0,1,1
86,38,12,21,IN_PROGRESS,0,7,3,5,33,0,0,1,1
86,39,19,18,IN_PROGRESS,1,20,1,3,60,0,0,1,1
86,40,18,18,IN_PROGRESS,0,2,1,3,68,0,0,1,1
86,41,10,18,IN_PROGRESS,1,12,4,6,56,0,0,1,1
86,42,21,15,IN_PROGRESS,1,0,0,3,0,0,0,0,0
86,43,17,13,IN_PROGRESS,0,15,2,2,39,0,0,1,1
87,0,2,1,IN_PROGRESS,0,0,3,3,0,0,0,0,0
87,1,3,1,IN_PROGRESS,0,0,3,4,0,0,0,0,0
87,2,6,8,IN_PROGRESS,1,0,2,5,0,0,0,0,0
87,3,5,1,IN_PROGRESS,0,0,3,6,0,0,0,0,0
87,4,1,1,IN_PROGRESS,0,5,2,3,55,0,0,1,1
87,5,9,8,IN_PROGRESS,1,0,5,6,0,0,0,0,0
87,6,8,1,IN_PROGRESS,0,0,3,7,0,0,0,0,0
87,7,9,1,IN_PROGRESS,0,0,3,7,0,0,0,0,0
87,8,10,1,IN_PROGRESS,0,8,5,7,83,0,0,1,1
87,9,11,8,IN_PROGRESS,1,0,2,6,0,0,0,0,0
87,10,12,1,IN_PROGRESS,0,0,5,6,0,0,0,0,0
87,11,13,1,IN_PROGRESS,0,0,4,7,0,0,0,0,0
87,12,14,1,IN_PROGRESS,0,10,3,7,83,0,0,1,1
87,13,10,10,IN_PROGRESS,1,1,5,5,62,0,0,1,1
87,14,16,8,IN_PROGRESS,1,0,0,1,0,0,0,0,0
87,15,12,2,IN_PROGRESS,0,6,4,6,44,0,0,1,1
87,16,18,1,IN_PROGRESS,0,0,3,7,0,0,0,0,0
87,17,19,1,IN_PROGRESS,0,6,4,6,83,0,0,1,1
87,18,20,1,IN_PROGRESS,0,8,5,5,60,0,0,1,1
87,19,21,1,IN_PROGRESS,0,11,5,5,83,0,0,1,1
87,20,22,1,IN_PROGRESS,0,0,4,5,0,0,0,0,0
87,21,23,1,IN_PROGRESS,0,10,3,5,83,0,0,1,1
87,22,7,10,IN_PROGRESS,1,14,4,5,63,0,0,1,1
87,23,8,10,IN_PROGRESS,1,6,4,6,63,0,0,1,1
87,24,4,22,IN_PROGRESS,0,0,1,1,0,0,0,0,0
87,25,5,22,IN_PROGRESS,0,10,1,1,83,0,0,1,1
87,26,9,10,IN_PROGRESS,1,16,4,7,63,0,0,1,1
87,27,7,18,IN_PROGRESS,0,2,3,5,70,0,0,1,1
87,28,9,15,IN_PROGRESS,1,0,2,6,0,0,0,0,0
87,29,9,16,IN_PROGRESS,1,27,4,5,72,0,0,1,1
87,30,9,18,IN_PROGRESS,1,17,5,5,61,0,0,1,1
87,31,8,18,IN_PROGRESS,1,21,4,5,71,0,0,1,1
87,32,12,22,IN_PROGRESS,0,0,4,4,0,0,0,0,0
87,33,13,22,IN_PROGRESS,0,0,4,4,0,0,0,0,0
87,34,14,22,IN_PROGRESS,0,7,4,4,64,0,0,1,1
87,35,15,22,IN_PROGRESS,0,0,3,4,0,0,0,0,0
87,36,17,15,IN_PROGRESS,1,6,2,5,58,0,0,1,1
87,37,17,14,IN_PROGRESS,0,8,2,4,58,0,0,1,1
87,38,12,21,IN_PROGRESS,0,7,3,5,34,0,0,1,1
87,39,19,18,IN_PROGRESS,1,20,1,3,61,0,0,1,1
87,40,18,18,IN_PROGRESS,0,2,1,3,69,0,0,1,1
87,41,10,18,IN_PROGRESS,1,12,4,6,57,0,0,1,1
87,42,21,15,IN_PROGRESS,1,0,0,3,0,0,0,0,0
87,43,17,13,IN_PROGRESS,0,15,2,2,40,0,0,1,1
88,0,2,1,IN_PROGRESS,0,0,3,3,0,0,0,0,0
88,1,3,1,IN_PROGRESS,0,0,3,4,0,0,0,0,0
88,2,6,8,IN_PROGRESS,1,0,2,5,0,0,0,0,0
88,3,5,1,IN_PROGRESS,0,0,3,6,0,0,0,0,0
88,4,1,1,IN_PROGRESS,0,5,2,3,56,0,0,1,1
88,5,9,8,IN_PROGRESS,1,0,5,6,0,0,0,0,0
88,6,8,1,IN_PROGRESS,0,0,3,7,0,0,0,0,0
88,7,9,1,IN_PROGRESS,0,0,3,7,0,0,0,0,0
88,8,10,1,IN_PROGRESS,0,8,5,7,84,0,0,1,1
88,9,11,8,IN_PROGRESS,1,0,2,6,0,0,0,0,0
88,10,12,1,IN_PROGRESS,0,0,5,6,0,0,0,0,0
88,11,13,1,IN_PROGRESS,0,0,4,7,0,0,0,0,0
88,12,14,1,IN_PROGRESS,0,10,3,7,84,0,0,1,1
88,13,10,10,IN_PROGRESS,1,1,5,5,63,0,0,1,1
88,14,16,8,IN_PROGRESS,1,0,0,1,0,0,0,0,0
88,15,12,2,IN_PROGRESS,0,6,4,6,45,0,0,1,1
88,16,18,1,IN_PROGRESS,0,0,3,7,0,0,0,0,0
88,17,19,1,IN_PROGRESS,0,6,4,6,84,0,0,1,1
88,18,20,1,IN_PROGRESS,0,8,5,5,61,0,0,1,1
88,19,21,1,IN_PROGRESS,0,11,5,5,84,0,0,1,1
88,20,22,1,IN_PROGRESS,0,0,4,5,0,0,0,0,0
88,21,23,1,IN_PROGRESS,0,10,3,5,84,0,0,1,1
88,22,7,10,IN_PROGRESS,1,14,4,5,64,0,0,1,1
88,23,8,10,IN_PROGRESS,1,6,4,6,64,0,0,1,1
88,24,4,22,IN_PROGRESS,0,0,1,1,0,0,0,0,0
88,25,5,22,IN_PROGRESS,0,10,1,1,84,0,0,1,1
88,26,9,10,IN_PROGRESS,1,16,4,7,64,0,0,1,1
88,27,7,18,IN_PROGRESS,0,2,3,5,71,0,0,1,1
88,28,9,15,IN_PROGRESS,1,0,2,6,0,0,0,0,0
88,29,9,16,IN_PROGRESS,1,27,4,5,73,0,0,1,1
88,30,9,18,IN_PROGRESS,1,17,5,5,62,0,0,1,1
88,31,8,18,IN_PROGRESS,1,21,4,5,72,0,0,1,1
88,32,12,22,IN_PROGRESS,0,0,4,4,0,0,0,0,0
88,33,13,22,IN_PROGRESS,0,0,4,4,0,0,0,0,0
88,34,14,22,IN_PROGRESS,0,7,4,4,65,0,0,1,1
88,35,15,22,IN_PROGRESS,0,0,3,4,0,0,0,0,0
88,36,17,15,IN_PROGRESS,1,6,2,5,59,0,0,1,1
88,37,17,14,IN_PROGRESS,0,8,2,4,59,0,0,1,1
88,38,12,21,IN_PROGRESS,0,7,3,5,35,0,0,1,1
88,39,19,18,IN_PROGRESS,1,20,1,3,62,0,0,1,1
88,40,18,18,IN_PROGRESS,0,2,1,3,70,0,0,1,1
88,41,10,18,IN_PROGRESS,1,12,4,6,58,0,0,1,1
88,42,21,15,IN_PROGRESS,1,0,0,3,0,0,0,0,0
88,43,17,13,IN_PROGRESS,0,15,2,2,41,0,0,1,1
89,0,2,1,IN_PROGRESS,0,0,3,3,0,0,0,0,0
89,1,3,1,IN_PROGRESS,0,0,3,4,0,0,0,0,0
89,2,6,8,IN_PROGRESS,1,0,2,5,0,0,0,0,0
89,3,5,1,IN_PROGRESS,0,0,3,6,0,0,0,0,0
89,4,1,1,IN_PROGRESS,0,5,2,3,57,0,0,1,1
89,5,9,8,IN_PROGRESS,1,0,5,6,0,0,0,0,0
89,6,8,1,IN_PROGRESS,0,0,3,7,0,0,0,0,0
89,7,9,1,IN_PROGRESS,0,0,3,7,0,0,0,0,0
89,8,10,1,IN_PROGRESS,0,8,5,7,85,0,0,1,1
89,9,11,8,IN_PROGRESS,1,0,2,6,0,0,0,0,0
89,10,12,1,IN_PROGRESS,0,0,5,6,0,0,0,0,0
89,11,13,1,IN_PROGRESS,0,0,4,7,0,0,0,0,0
89,12,14,1,IN_PROGRESS,0,10,3,7,85,0,0,1,1
89,13,10,10,IN_PROGRESS,1,1,5,5,64,0,0,1,1
89,14,16,8,IN_PROGRESS,1,0,0,1,0,0,0,0,0
89,15,12,2,IN_PROGRESS,0,6,4,6,46,0,0,1,1
89,16,18,1,IN_PROGRESS,0,0,3,7,0,0,0,0,0
89,17,19,1,IN_PROGRESS,0,6,4,6,85,0,0,1,1
89,18,20,1,IN_PROGRESS,0,8,5,5,62,0,0,1,1
89,19,21,1,IN_PROGRESS,0,11,5,5,85,0,0,1,1
89,20,22,1,IN_PROGRESS,0,0,4,5,0,0,0,0,0
89,21,23,1,IN_PROGRESS,0,10,3,5,85,0,0,1,1
89,22,7,10,IN_PROGRESS,1,14,4,5,65,0,0,1,1
89,23,8,10,IN_PROGRESS,1,6,4,6,65,0,0,1,1
89,24,4,22,IN_PROGRESS,0,0,1,1,0,0,0,0,0
89,25,5,22,IN_PROGRESS,0,10,1,1,85,0,0,1,1
89,26,9,10,IN_PROGRESS,1,16,4,7,65,0,0,1,1
89,27,7,18,IN_PROGRESS,0,2,3,5,72,0,0,1,1
89,28,9,15,IN_PROGRESS,1,0,2,6,0,0,0,0,0
89,29,9,16,IN_PROGRESS,1,27,4,5,74,0,0,1,1
89,30,9,18,IN_PROGRESS,1,17,5,5,63,0,0,1,1
89,31,8,18,IN_PROGRESS,1,21,4,5,73,0,0,1,1
89,32,12,22,IN_PROGRESS,0,0,4,4,0,0,0,0,0
89,33,13,22,IN_PROGRESS,0,0,4,4,0,0,0,0,0
89,34,14,22,IN_PROGRESS,0,7,4,4,66,0,0,1,1
89,35,15,22,IN_PROGRESS,0,0,3,4,0,0,0,0,0
89,36,17,15,IN_PROGRESS,1,6,2,5,60,0,0,1,1
89,37,17,14,IN_PROGRESS,0,8,2,4,60,0,0,1,1
89,38,12,21,IN_PROGRESS,0,7,3,5,36,0,0,1,1
89,39,19,18,IN_PROGRESS,1,20,1,3,63,0,0,1,1
89,40,18,18,IN_PROGRESS,0,2,1,3,71,0,0,1,1
89,41,10,18,IN_PROGRESS,1,12,4,6,59,0,0,1,1
89,42,21,15,IN_PROGRESS,1,0,0,3,0,0,0,0,0
89,43,17,13,IN_PROGRESS,0,15,2,2,42,0,0,1,1
90,0,2,1,IN_PROGRESS,0,0,3,3,0,0,0,0,0
90,1,3,1,IN_PROGRESS,0,0,3,4,0,0,0,0,0
90,2,6,8,IN_PROGRESS,1,0,2,5,0,0,0,0,0
90,3,5,1,IN_PROGRESS,0,0,3,6,0,0,0,0,0
90,4,1,1,IN_PROGRESS,0,5,2,3,58,0,0,1,1
90,5,9,8,IN_PROGRESS,1,0,5,6,0,0,0,0,0
90,6,8,1,IN_PROGRESS,0,0,3,7,0,0,0,0,0
90,7,9,1,IN_PROGRESS,0,0,3,7,0,0,0,0,0
90,8,10,1,IN_PROGRESS,0,8,5,7,86,0,0,1,1
90,9,11,8,IN_PROGRESS,1,0,2,6,0,0,0,0,0
90,10,12,1,IN_PROGRESS,0,0,5,6,0,0,0,0,0
90,11,13,1,IN_PROGRESS,0,0,4,7,0,0,0,0,0
90,12,14,1,IN_PROGRESS,0,10,3,7,86,0,0,1,1
90,13,10,10,IN_PROGRESS,1,1,5,5,65,0,0,1,1
90,14,16,8,IN_PROGRESS,1,0,0,1,0,0,0,0,0
90,15,12,2,IN_PROGRESS,0,6,4,6,47,0,0,1,1
90,16,18,1,IN_PROGRESS,0,0,3,7,0,0,0,0,0
90,17,19,1,IN_PROGRESS,0,6,4,6,86,0,0,1,1
90,18,20,1,IN_PROGRESS,0,8,5,5,63,0,0,1,1
90,19,21,1,IN_PROGRESS,0,11,5,5,86,0,0,1,1
90,20,22,1,IN_PROGRESS,0,0,4,5,0,0,0,0,0
90,21,23,1,IN_PROGRESS,0,10,3,5,86,0,0,1,1
90,22,7,10,IN_PROGRESS,1,14,4,5,66,0,0,1,1
90,23,8,10,IN_PROGRESS,1,6,4,6,66,0,0,1,1
90,24,4,22,IN_PROGRESS,0,0,1,1,0,0,0,0,0
90,25,5,22,IN_PROGRESS,0,10,1,1,86,0,0,1,1
90,26,9,10,IN_PROGRESS,1,16,4,7,66,0,0,1,1
90,27,7,18,IN_PROGRESS,0,2,3,5,73,0,0,1,1
90,28,9,15,IN_PROGRESS,1,0,2,6,0,0,0,0,0
90,29,9,16,IN_PROGRESS,1,27,4,5,75,0,0,1,1
90,30,9,18,IN_PROGRESS,1,17,5,5,64,0,0,1,1
90,31,8,18,IN_PROGRESS,1,21,4,5,74,0,0,1,1
90,32,12,22,IN_PROGRESS,0,0,4,4,0,0,0,0,0
90,33,13,22,IN_PROGRESS,0,0,4,4,0,0,0,0,0
90,34,14,22,IN_PROGRESS,0,7,4,4,67,0,0,1,1
90,35,15,22,IN_PROGRESS,0,0,3,4,0,0,0,0,0
90,36,17,15,IN_PROGRESS,1,6,2,5,61,0,0,1,1
90,37,17,14,IN_PROGRESS,0,8,2,4,61,0,0,1,1
90,38,12,21,IN_PROGRESS,0,7,3,5,37,0,0,1,1
90,39,19,18,IN_PROGRESS,1,20,1,3,64,0,0,1,1
90,40,18,18,IN_PROGRESS,0,2,1,3,72,0,0,1,1
90,41,10,18,IN_PROGRESS,1,12,4,6,60,0,0,1,1
90,42,21,15,IN_PROGRESS,1,0,0,3,0,0,0,0,0
90,43,17,13,IN_PROGRESS,0,15,2,2,43,0,0,1,1
91,0,2,1,IN_PROGRESS,0,0,3,3,0,0,0,0,0
91,1,3,1,IN_PROGRESS,0,0,3,4,0,0,0,0,0
91,2,6,8,IN_PROGRESS,1,0,2,5,0,0,0,0,0
91,3,5,1,IN_PROGRESS,0,0,3,6,0,0,0,0,0
91,4,1,1,IN_PROGRESS,0,5,2,3,59,0,0,1,1
91,5,9,8,IN_PROGRESS,1,0,5,6,0,0,0,0,0
91,6,8,1,IN_PROGRESS,0,0,3,7,0,0,0,0,0
91,7,9,1,IN_PROGRESS,0,0,3,7,0,0,0,0,0
91,8,10,1,IN_PROGRESS,0,8,5,7,87,0,0,1,1
91,9,11,8,IN_PROGRESS,1,0,2,6,0,0,0,0,0
91,10,12,1,IN_PROGRESS,0,0,5,6,0,0,0,0,0
91,11,13,1,IN_PROGRESS,0,0,4,7,0,0,0,0,0
91,12,14,1,IN_PROGRESS,0,10,3,7,87,0,0,1,1
91,13,10,10,IN_PROGRESS,1,1,5,5,66,0,0,1,1
91,14,16,8,IN_PROGRESS,1,0,0,1,0,0,0,0,0
91,15,12,2,IN_PROGRESS,0,6,4,6,48,0,0,1,1
91,16,18,1,IN_PROGRESS,0,0,3,7,0,0,0,0,0
91,17,19,1,IN_PROGRESS,0,6,4,6,87,0,0,1,1
91,18,20,1,IN_PROGRESS,0,8,5,5,64,0,0,1,1
91,19,21,1,IN_PROGRESS,0,11,5,5,87,0,0,1,1
91,20,22,1,IN_PROGRESS,0,0,4,5,0,0,0,0,0
91,21,23,1,IN_PROGRESS,0,10,3,5,87,0,0,1,1
91,22,7,10,IN_PROGRESS,1,14,4,5,67,0,0,1,1
91,23,8,10,IN_PROGRESS,1,6,4,6,67,0,0,1,1
91,24,4,22,IN_PROGRESS,0,0,1,1,0,0,0,0,0
91,25,5,22,IN_PROGRESS,0,10,1,1,87,0,0,1,1
91,26,9,10,IN_PROGRESS,1,16,4,7,67,0,0,1,1
91,27,7,18,IN_PROGRESS,0,2,3,5,74,0,0,1,1
91,28,9,15,IN_PROGRESS,1,0,2,6,0,0,0,0,0
91,29,9,16,IN_PROGRESS,1,27,4,5,76,0,0,1,1
91,30,9,18,IN_PROGRESS,1,17,5,5,65,0,0,1,1
91,31,8,18,IN_PROGRESS,1,21,4,5,75,0,0,1,1
91,32,12,22,IN_PROGRESS,0,0,4,4,0,0,0,0,0
91,33,13,22,IN_PROGRESS,0,0,4,4,0,0,0,0,0
91,34,14,22,IN_PROGRESS,0,7,4,4,68,0,0,1,1
91,35,15,22,IN_PROGRESS,0,0,3,4,0,0,0,0,0
91,36,17,15,IN_PROGRESS,1,6,2,5,62,0,0,1,1
91,37,17,14,IN_PROGRESS,0,8,2,4,62,0,0,1,1
91,38,12,21,IN_PROGRESS,0,7,3,5,38,0,0,1,1
91,39,19,18,IN_PROGRESS,1,20,1,3,65,0,0,1,1
91,40,18,18,IN_PROGRESS,0,2,1,3,73,0,0,1,1
91,41,10,18,IN_PROGRESS,1,12,4,6,61,0,0,1,1
91,42,21,15,IN_PROGRESS,1,0,0,3,0,0,0,0,0
91,43,17,13,IN_PROGRESS,0,15,2,2,44,0,0,1,1
92,0,2,1,IN_PROGRESS,0,0,3,3,0,0,0,0,0
92,1,3,1,IN_PROGRESS,0,0,3,4,0,0,0,0,0
92,2,6,8,IN_PROGRESS,1,0,2,5,0,0,0,0,0
92,3,5,1,IN_PROGRESS,0,0,3,6,0,0,0,0,0
92,4,1,1,IN_PROGRESS,0,5,2,3,60,0,0,1,1
92,5,9,8,IN_PROGRESS,1,0,5,6,0,0,0,0,0
92,6,8,1,IN_PROGRESS,0,0,3,7,0,0,0,0,0
92,7,9,1,IN_PROGRESS,0,0,3,7,0,0,0,0,0
92,8,10,1,IN_PROGRESS,0,8,5,7,88,0,0,1,1
92,9,11,8,IN_PROGRESS,1,0,2,6,0,0,0,0,0
92,10,12,1,IN_PROGRESS,0,0,5,6,0,0,0,0,0
92,11,13,1,IN_PROGRESS,0,0,4,7,0,0,0,0,0
92,12,14,1,IN_PROGRESS,0,10,3,7,88,0,0,1,1
92,13,10,10,IN_PROGRESS,1,1,5,5,67,0,0,1,1
92,14,16,8,IN_PROGRESS,1,0,0,1,0,0,0,0,0
92,15,12,2,IN_PROGRESS,0,6,4,6,49,0,0,1,1
92,16,18,1,IN_PROGRESS,0,0,3,7,0,0,0,0,0
92,17,19,1,IN_PROGRESS,0,6,4,6,88,0,0,1,1
92,18,20,1,IN_PROGRESS,0,8,5,5,65,0,0,1,1
92,19,21,1,IN_PROGRESS,0,11,5,5,88,0,0,1,1
92,20,22,1,IN_PROGRESS,0,0,4,5,0,0,0,0,0
92,21,23,1,IN_PROGRESS,0,10,3,5,88,0,0,1,1
92,22,7,10,IN_PROGRESS,1,14,4,5,68,0,0,1,1
92,23,8,10,IN_PROGRESS,1,6,4,6,68,0,0,1,1
92,24,4,22,IN_PROGRESS,0,0,1,1,0,0,0,0,0
92,25,5,22,IN_PROGRESS,0,10,1,1,88,0,0,1,1
92,26,9,10,IN_PROGRESS,1,16,4,7,68,0,0,1,1
92,27,7,18,IN_PROGRESS,0,2,3,5,75,0,0,1,1
92,28,9,15,IN_PROGRESS,1,0,2,6,0,0,0,0,0
92,29,9,16,IN_PROGRESS,1,27,4,5,77,0,0,1,1
92,30,9,18,IN_PROGRESS,1,17,5,5,66,0,0,1,1
92,31,8,18,IN_PROGRESS,1,22,4,5,76,0,0,1,1
92,32,12,22,IN_PROGRESS,0,0,4,4,0,0,0,0,0
92,33,13,22,IN_PROGRESS,0,0,4,4,0,0,0,0,0
92,34,14,22,IN_PROGRESS,0,7,4,4,69,0,0,1,1
92,35,15,22,IN_PROGRESS,0,0,3,4,0,0,0,0,0
92,36,17,15,IN_PROGRESS,1,6,2,5,63,0,0,1,1
92,37,17,14,IN_PROGRESS,0,8,2,4,63,0,0,1,1
92,38,12,21,IN_PROGRESS,0,7,3,5,39,0,0,1,1
92,39,19,18,IN_PROGRESS,1,20,1,3,66,0,0,1,1
92,40,18,18,IN_PROGRESS,0,2,1,3,74,0,0,1,1
92,41,10,18,IN_PROGRESS,1,12,4,6,62,0,0,1,1
92,42,21,15,IN_PROGRESS,1,0,0,3,0,0,0,0,0
92,43,17,13,IN_PROGRESS,0,15,2,2,45,0,0,1,1
93,0,2,1,IN_PROGRESS,0,0,3,3,0,0,0,0,0
93,1,3,1,IN_PROGRESS,0,0,3,4,0,0,0,0,0
93,2,6,8,IN_PROGRESS,1,0,2,5,0,0,0,0,0
93,3,5,1,IN_PROGRESS,0,0,3,6,0,0,0,0,0
93,4,1,1,IN_PROGRESS,0,5,2,3,61,0,0,1,1
93,5,9,8,IN_PROGRESS,1,0,5,6,0,0,0,0,0
93,6,8,1,IN_PROGRESS,0,0,3,7,0,0,0,0,0
93,7,9,1,IN_PROGRESS,0,0,3,7,0,0,0,0,0
93,8,10,1,IN_PROGRESS,0,8,5,7,89,0,0,1,1
93,9,11,8,IN_PROGRESS,1,0,2,6,0,0,0,0,0
93,10,12,1,IN_PROGRESS,0,0,5,6,0,0,0,0,0
93,11,13,1,IN_PROGRESS,0,0,4,7,0,0,0,0,0
93,12,14,1,IN_PROGRESS,0,10,3,7,89,0,0,1,1
93,13,10,10,IN_PROGRESS,1,1,5,5,68,0,0,1,1
93,14,16,8,IN_PROGRESS,1,0,0,1,0,0,0,0,0
93,15,12,2,IN_PROGRESS,0,6,4,6,50,0,0,1,1
93,16,18,1,IN_PROGRESS,0,0,3,7,0,0,0,0,0
93,17,19,1,IN_PROGRESS,0,6,4,6,89,0,0,1,1
93,18,20,1,IN_PROGRESS,0,8,5,5,66,0,0,1,1
93,19,21,1,IN_PROGRESS,0,11,5,5,89,0,0,1,1
93,20,22,1,IN_PROGRESS,0,0,4,5,0,0,0,0,0
93,21,23,1,IN_PROGRESS,0,10,3,5,89,0,0,1,1
93,22,7,10,IN_PROGRESS,1,14,4,5,69,0,0,1,1
93,23,8,10,IN_PROGRESS,1,6,4,6,69,0,0,1,1
93,24,4,22,IN_PROGRESS,0,0,1,1,0,0,0,0,0
93,25,5,22,IN_PROGRESS,0,10,1,1,89,0,0,1,1
93,26,9,10,IN_PROGRESS,1,16,4,7,69,0,0,1,1
93,27,7,18,IN_PROGRESS,0,2,3,5,76,0,0,1,1
93,28,9,15,IN_PROGRESS,1,0,2,6,0,0,0,0,0
93,29,9,16,IN_PROGRESS,1,27,4,5,78,0,0,1,1
93,30,9,18,IN_PROGRESS,1,17,5,5,67,0,0,1,1
93,31,8,18,IN_PROGRESS,1,21,4,5,77,0,0,1,1
93,32,12,22,IN_PROGRESS,0,0,4,4,0,0,0,0,0
93,33,13,22,IN_PROGRESS,0,0,4,4,0,0,0,0,0
93,34,14,22,IN_PROGRESS,0,7,4,4,70,0,0,1,1
93,35,15,22,IN_PROGRESS,0,0,3,4,0,0,0,0,0
93,36,17,15,IN_PROGRESS,1,6,2,5,64,0,0,1,1
93,37,17,14,IN_PROGRESS,0,8,2,4,64,0,0,1,1
93,38,12,21,IN_PROGRESS,0,7,3,5,40,0,0,1,1
93,39,19,18,IN_PROGRESS,1,20,1,3,67,0,0,1,1
93,40,18,18,IN_PROGRESS,0,2,1,3,75,0,0,1,1
93,41,10,18,IN_PROGRESS,1,12,4,6,63,0,0,1,1
93,42,21,15,IN_PROGRESS,1,0,0,3,0,0,0,0,0
93,43,17,13,IN_PROGRESS,0,15,2,2,46,0,0,1,1
94,0,2,1,IN_PROGRESS,0,0,3,3,0,0,0,0,0
94,1,3,1,IN_PROGRESS,0,0,3,4,0,0,0,0,0
94,2,6,8,IN_PROGRESS,1,0,2,5,0,0,0,0,0
94,3,5,1,IN_PROGRESS,0,0,3,6,0,0,0,0,0
94,4,1,1,IN_PROGRESS,0,5,2,3,62,0,0,1,1
94,5,9,8,IN_PROGRESS,1,0,5,6,0,0,0,0,0
94,6,8,1,IN_PROGRESS,0,0,3,7,0,0,0,0,0
94,7,9,1,IN_PROGRESS,0,0,3,7,0,0,0,0,0
94,8,10,1,IN_PROGRESS,0,8,5,7,90,0,0,1,1
94,9,11,8,IN_PROGRESS,1,0,2,6,0,0,0,0,0
94,10,12,1,IN_PROGRESS,0,0,5,6,0,0,0,0,0
94,11,13,1,IN_PROGRESS,0,0,4,7,0,0,0,0,0
94,12,14,1,IN_PROGRESS,0,10,3,7,90,0,0,1,1
94,13,10,10,IN_PROGRESS,1,1,5,5,69,0,0,1,1
94,14,16,8,IN_PROGRESS,1,0,0,1,0,0,0,0,0
94,15,12,2,IN_PROGRESS,0,6,4,6,51,0,0,1,1
94,16,18,1,IN_PROGRESS,0,0,3,7,0,0,0,0,0
94,17,19,1,IN_PROGRESS,0,6,4,6,90,0,0,1,1
94,18,20,1,IN_PROGRESS,0,8,5,5,67,0,0,1,1
94,19,21,1,IN_PROGRESS,0,11,5,5,90,0,0,1,1
94,20,22,1,IN_PROGRESS,0,0,4,5,0,0,0,0,0
94,21,23,1,IN_PROGRESS,0,10,3,5,90,0,0,1,1
94,22,7,10,IN_PROGRESS,1,14,4,5,70,0,0,1,1
94,23,8,10,IN_PROGRESS,1,6,4,6,70,0,0,1,1
94,24,4,22,IN_PROGRESS,0,0,1,1,0,0,0,0,0
94,25,5,22,IN_PROGRESS,0,10,1,1,90,0,0,1,1
94,26,9,10,IN_PROGRESS,1,16,4,7,70,0,0,1,1
94,27,7,18,IN_PROGRESS,0,2,3,5,77,0,0,1,1
94,28,9,15,IN_PROGRESS,1,0,2,6,0,0,0,0,0
94,29,9,16,IN_PROGRESS,1,27,4,5,79,0,0,1,1
94,30,9,18,IN_PROGRESS,1,17,5,5,68,0,0,1,1
94,31,8,18,IN_PROGRESS,1,21,4,5,78,0,0,1,1
94,32,12,22,IN_PROGRESS,0,0,4,4,0,0,0,0,0
94,33,13,22,IN_PROGRESS,0,0,4,4,0,0,0,0,0
94,34,14,22,IN_PROGRESS,0,8,4,4,71,0,0,1,1
94,35,15,22,IN_PROGRESS,0,0,3,4,0,0,0,0,0
94,36,17,15,IN_PROGRESS,1,6,2,5,65,0,0,1,1
94,37,17,14,IN_PROGRESS,0,8,2,4,65,0,0,1,1
94,38,12,21,IN_PROGRESS,0,7,3,5,41,0,0,1,1
94,39,19,18,IN_PROGRESS,1,20,1,3,68,0,0,1,1
94,40,18,18,IN_PROGRESS,0,2,1,3,76,0,0,1,1
94,41,10,18,IN_PROGRESS,1,12,4,6,64,0,0,1,1
94,42,21,15,IN_PROGRESS,1,0,0,3,0,0,0,0,0
94,43,17,13,IN_PROGRESS,0,15,2,2,47,0,0,1,1
95,0,2,1,IN_PROGRESS,0,0,3,3,0,0,0,0,0
95,1,3,1,IN_PROGRESS,0,0,3,4,0,0,0,0,0
95,2,6,8,IN_PROGRESS,1,0,2,5,0,0,0,0,0
95,3,5,1,IN_PROGRESS,0,0,3,6,0,0,0,0,0
95,4,1,1,IN_PROGRESS,0,5,2,3,63,0,0,1,1
95,5,9,8,IN_PROGRESS,1,0,5,6,0,0,0,0,0
95,6,8,1,IN_PROGRESS,0,0,3,7,0,0,0,0,0
95,7,9,1,IN_PROGRESS,0,0,3,7,0,0,0,0,0
95,8,10,1,IN_PROGRESS,0,8,5,7,91,0,0,1,1
95,9,11,8,IN_PROGRESS,1,0,2,6,0,0,0,0,0
95,10,12,1,IN_PROGRESS,0,0,5,6,0,0,0,0,0
95,11,13,1,IN_PROGRESS,0,0,4,7,0,0,0,0,0
95,12,14,1,IN_PROGRESS,0,10,3,7,91,0,0,1,1
95,13,10,10,IN_PROGRESS,1,1,5,5,70,0,0,1,1
95,14,16,8,IN_PROGRESS,1,0,0,1,0,0,0,0,0
95,15,12,2,IN_PROGRESS,0,6,4,6,52,0,0,1,1
95,16,18,1,IN_PROGRESS,0,0,3,7,0,0,0,0,0
95,17,19,1,IN_PROGRESS,0,6,4,6,91,0,0,1,1
95,18,20,1,IN_PROGRESS,0,8,5,5,68,0,0,1,1
95,19,21,1,IN_PROGRESS,0,11,5,5,91,0,0,1,1
95,20,22,1,IN_PROGRESS,0,0,4,5,0,0,0,0,0
95,21,23,1,IN_PROGRESS,0,10,3,5,91,0,0,1,1
95,22,7,10,IN_PROGRESS,1,14,4,5,71,0,0,1,1
95,23,8,10,IN_PROGRESS,1,6,4,6,71,0,0,1,1
95,24,4,22,IN_PROGRESS,0,0,1,1,0,0,0,0,0
95,25,5,22,IN_PROGRESS,0,10,1,1,91,0,0,1,1
95,26,9,10,IN_PROGRESS,1,16,4,7,71,0,0,1,1
95,27,7,18,IN_PROGRESS,0,2,3,5,78,0,0,1,1
95,28,9,15,IN_PROGRESS,1,0,2,6,0,0,0,0,0
95,29,9,16,IN_PROGRESS,1,27,4,5,80,0,0,1,1
95,30,9,18,IN_PROGRESS,1,17,5,5,69,0,0,1,1
95,31,8,18,IN_PROGRESS,1,21,4,5,79,0,0,1,1
95,32,12,22,IN_PROGRESS,0,0,4,4,0,0,0,0,0
95,33,13,22,IN_PROGRESS,0,0,4,4,0,0,0,0,0
95,34,14,22,IN_PROGRESS,0,7,4,4,72,0,0,1,1
95,35,15,22,IN_PROGRESS,0,0,3,4,0,0,0,0,0
95,36,17,15,IN_PROGRESS,1,6,2,5,66,0,0,1,1
95,37,17,14,IN_PROGRESS,0,8,2,4,66,0,0,1,1
95,38,12,21,IN_PROGRESS,0,7,3,5,42,0,0,1,1
95,39,19,18,IN_PROGRESS,1,20,1,3,69,0,0,1,1
95,40,18,18,IN_PROGRESS,0,2,1,3,77,0,0,1,1
95,41,10,18,IN_PROGRESS,1,12,4,6,65,0,0,1,1
95,42,21,15,IN_PROGRESS,1,0,0,3,0,0,0,0,0
95,43,17,13,IN_PROGRESS,0,15,2,2,48,0,0,1,1
96,0,2,1,IN_PROGRESS,0,0,3,3,0,0,0,0,0
96,1,3,1,IN_PROGRESS,0,0,3,4,0,0,0,0,0
96,2,6,8,IN_PROGRESS,1,0,2,5,0,0,0,0,0
96,3,5,1,IN_PROGRESS,0,0,3,6,0,0,0,0,0
96,4,1,1,IN_PROGRESS,0,5,2,3,64,0,0,1,1
96,5,9,8,IN_PROGRESS,1,0,5,6,0,0,0,0,0
96,6,8,1,IN_PROGRESS,0,0,3,7,0,0,0,0,0
96,7,9,1,IN_PROGRESS,0,0,3,7,0,0,0,0,0
96,8,10,1,IN_PROGRESS,0,8,5,7,92,0,0,1,1
96,9,11,8,IN_PROGRESS,1,0,2,6,0,0,0,0,0
96,10,12,1,IN_PROGRESS,0,0,5,6,0,0,0,0,0
96,11,13,1,IN_PROGRESS,0,0,4,7,0,0,0,0,0
96,12,14,1,IN_PROGRESS,0,10,3,7,92,0,0,1,1
96,13,10,10,IN_PROGRESS,1,1,5,5,71,0,0,1,1
96,14,16,8,IN_PROGRESS,1,0,0,1,0,0,0,0,0
96,15,12,2,IN_PROGRESS,0,6,4,6,53,0,0,1,1
96,16,18,1,IN_PROGRESS,0,0,3,7,0,0,0,0,0
96,17,19,1,IN_PROGRESS,0,6,4,6,92,0,0,1,1
96,18,20,1,IN_PROGRESS,0,8,5,5,69,0,0,1,1
96,19,21,1,IN_PROGRESS,0,11,5,5,92,0,0,1,1
96,20,22,1,IN_PROGRESS,0,0,4,5,0,0,0,0,0
96,21,23,1,IN_PROGRESS,0,10,3,5,92,0,0,1,1
96,22,7,10,IN_PROGRESS,1,14,4,5,72,0,0,1,1
96,23,8,10,IN_PROGRESS,1,6,4,6,72,0,0,1,1
96,24,4,22,IN_PROGRESS,0,0,1,1,0,0,0,0,0
96,25,5,22,IN_PROGRESS,0,10,1,1,92,0,0,1,1
96,26,9,10,IN_PROGRESS,1,16,4,7,72,0,0,1,1
96,27,7,18,IN_PROGRESS,0,2,3,5,79,0,0,1,1
96,28,9,15,IN_PROGRESS,1,0,2,6,0,0,0,0,0
96,29,9,16,IN_PROGRESS,1,27,4,5,81,0,0,1,1
96,30,9,18,IN_PROGRESS,1,17,5,5,70,0,0,1,1
96,31,8,18,IN_PROGRESS,1,21,4,5,80,0,0,1,1
96,32,12,22,IN_PROGRESS,0,0,4,4,0,0,0,0,0
96,33,13,22,IN_PROGRESS,0,0,4,4,0,0,0,0,0
96,34,14,22,IN_PROGRESS,0,7,4,4,73,0,0,1,1
96,35,15,22,IN_PROGRESS,0,0,3,4,0,0,0,0,0
96,36,17,15,IN_PROGRESS,1,6,2,5,67,0,0,1,1
96,37,17,14,IN_PROGRESS,0,8,2,4,67,0,0,1,1
96,38,12,21,IN_PROGRESS,0,7,3,5,43,0,0,1,1
96,39,19,18,IN_PROGRESS,1,20,1,3,70,0,0,1,1
96,40,18,18,IN_PROGRESS,0,2,1,3,78,0,0,1,1
96,41,10,18,IN_PROGRESS,1,12,4,6,66,0,0,1,1
96,42,21,15,IN_PROGRESS,1,0,0,3,0,0,0,0,0
96,43,17,13,IN_PROGRESS,0,15,2,2,49,0,0,1,1
97,0,2,1,IN_PROGRESS,0,0,3,3,0,0,0,0,0
97,1,3,1,IN_PROGRESS,0,0,3,4,0,0,0,0,0
97,2,6,8,IN_PROGRESS,1,0,2,5,0,0,0,0,0
97,3,5,1,IN_PROGRESS,0,0,3,6,0,0,0,0,0
97,4,1,1,IN_PROGRESS,0,5,2,3,65,0,0,1,1
97,5,9,8,IN_PROGRESS,1,0,5,6,0,0,0,0,0
97,6,8,1,IN_PROGRESS,0,0,3,7,0,0,0,0,0
97,7,9,1,IN_PROGRESS,0,0,3,7,0,0,0,0,0
97,8,10,1,IN_PROGRESS,0,8,5,7,93,0,0,1,1
97,9,11,8,IN_PROGRESS,1,0,2,6,0,0,0,0,0
97,10,12,1,IN_PROGRESS,0,0,5,6,0,0,0,0,0
97,11,13,1,IN_PROGRESS,0,0,4,7,0,0,0,0,0
97,12,14,1,IN_PROGRESS,0,10,3,7,93,0,0,1,1
97,13,10,10,IN_PROGRESS,1,1,5,5,72,0,0,1,1
97,14,16,8,IN_PROGRESS,1,0,0,1,0,0,0,0,0
97,15,12,2,IN_PROGRESS,0,6,4,6,54,0,0,1,1
97,16,18,1,IN_PROGRESS,0,0,3,7,0,0,0,0,0
97,17,19,1,IN_PROGRESS,0,6,4,6,93,0,0,1,1
97,18,20,1,IN_PROGRESS,0,8,5,5,70,0,0,1,1
97,19,21,1,IN_PROGRESS,0,11,5,5,93,0,0,1,1
97,20,22,1,IN_PROGRESS,0,0,4,5,0,0,0,0,0
97,21,23,1,IN_PROGRESS,0,10,3,5,93,0,0,1,1
97,22,7,10,IN_PROGRESS,1,14,4,5,73,0,0,1,1
97,23,8,10,IN_PROGRESS,1,6,4,6,73,0,0,1,1
97,24,4,22,IN_PROGRESS,0,0,1,1,0,0,0,0,0
97,25,5,22,IN_PROGRESS,0,10,1,1,93,0,0,1,1
97,26,9,10,IN_PROGRESS,1,16,4,7,73,0,0,1,1
97,27,7,18,IN_PROGRESS,0,2,3,5,80,0,0,1,1
97,28,9,15,IN_PROGRESS,1,0,2,6,0,0,0,0,0
97,29,9,16,IN_PROGRESS,1,27,4,5,82,0,0,1,1
97,30,9,18,IN_PROGRESS,1,17,5,5,71,0,0,1,1
97,31,8,18,IN_PROGRESS,1,21,4,5,81,0,0,1,1
97,32,12,22,IN_PROGRESS,0,0,4,4,0,0,0,0,0
97,33,13,22,IN_PROGRESS,0,0,4,4,0,0,0,0,0
97,34,14,22,IN_PROGRESS,0,7,4,4,74,0,0,1,1
97,35,15,22,IN_PROGRESS,0,0,3,4,0,0,0,0,0
97,36,17,15,IN_PROGRESS,1,6,2,5,68,0,0,1,1
97,37,17,14,IN_PROGRESS,0,8,2,4,68,0,0,1,1
97,38,12,21,IN_PROGRESS,0,7,3,5,44,0,0,1,1
97,39,19,18,IN_PROGRESS,1,20,1,3,71,0,0,1,1
97,40,18,18,IN_PROGRESS,0,2,1,3,79,0,0,1,1
97,41,10,18,IN_PROGRESS,1,12,4,6,67,0,0,1,1
97,42,21,15,IN_PROGRESS,1,0,0,3,0,0,0,0,0
97,43,17,13,IN_PROGRESS,0,15,2,2,50,0,0,1,1
98,0,2,1,IN_PROGRESS,0,0,3,3,0,0,0,0,0
98,1,3,1,IN_PROGRESS,0,0,3,4,0,0,0,0,0
98,2,6,8,IN_PROGRESS,1,0,2,5,0,0,0,0,0
98,3,5,1,IN_PROGRESS,0,0,3,6,0,0,0,0,0
98,4,1,1,IN_PROGRESS,0,5,2,3,66,0,0,1,1
98,5,9,8,IN_PROGRESS,1,0,5,6,0,0,0,0,0
98,6,8,1,IN_PROGRESS,0,0,3,7,0,0,0,0,0
98,7,9,1,IN_PROGRESS,0,0,3,7,0,0,0,0,0
98,8,10,1,IN_PROGRESS,0,8,5,7,94,0,0,1,1
98,9,11,8,IN_PROGRESS,1,0,2,6,0,0,0,0,0
98,10,12,1,IN_PROGRESS,0,0,5,6,0,0,0,0,0
98,11,13,1,IN_PROGRESS,0,0,4,7,0,0,0,0,0
98,12,14,1,IN_PROGRESS,0,10,3,7,94,0,0,1,1
98,13,10,10,IN_PROGRESS,1,1,5,5,73,0,0,1,1
98,14,16,8,IN_PROGRESS,1,0,0,1,0,0,0,0,0
98,15,12,2,IN_PROGRESS,0,6,4,6,55,0,0,1,1
98,16,18,1,IN_PROGRESS,0,0,3,7,0,0,0,0,0
98,17,19,1,IN_PROGRESS,0,6,4,6,94,0,0,1,1
98,18,20,1,IN_PROGRESS,0,9,5,5,71,0,0,1,1
98,19,21,1,IN_PROGRESS,0,11,5,5,94,0,0,1,1
98,20,22,1,IN_PROGRESS,0,0,4,5,0,0,0,0,0
98,21,23,1,IN_PROGRESS,0,10,3,5,94,0,0,1,1
98,22,7,10,IN_PROGRESS,1,14,4,5,74,0,0,1,1
98,23,8,10,IN_PROGRESS,1,6,4,6,74,0,0,1,1
98,24,4,22,IN_PROGRESS,0,0,1,1,0,0,0,0,0
98,25,5,22,IN_PROGRESS,0,10,1,1,94,0,0,1,1
98,26,9,10,IN_PROGRESS,1,16,4,7,74,0,0,1,1
98,27,7,18,IN_PROGRESS,0,2,3,5,81,0,0,1,1
98,28,9,15,IN_PROGRESS,1,0,2,6,0,0,0,0,0
98,29,9,16,IN_PROGRESS,1,27,4,5,83,0,0,1,1
98,30,9,18,IN_PROGRESS,1,17,5,5,72,0,0,1,1
98,31,8,18,IN_PROGRESS,1,21,4,5,82,0,0,1,1
98,32,12,22,IN_PROGRESS,0,0,4,4,0,0,0,0,0
98,33,13,22,IN_PROGRESS,0,0,4,4,0,0,0,0,0
98,34,14,22,IN_PROGRESS,0,7,4,4,75,0,0,1,1
98,35,15,22,IN_PROGRESS,0,0,3,4,0,0,0,0,0
98,36,17,15,IN_PROGRESS,1,6,2,5,69,0,0,1,1
98,37,17,14,IN_PROGRESS,0,8,2,4,69,0,0,1,1
98,38,12,21,IN_PROGRESS,0,7,3,5,45,0,0,1,1
98,39,19,18,IN_PROGRESS,1,20,1,3,72,0,0,1,1
98,40,18,18,IN_PROGRESS,0,2,1,3,80,0,0,1,1
98,41,10,18,IN_PROGRESS,1,12,4,6,68,0,0,1,1
98,42,21,15,IN_PROGRESS,1,0,0,3,0,0,0,0,0
98,43,17,13,IN_PROGRESS,0,15,2,2,51,0,0,1,1
99,0,2,1,IN_PROGRESS,0,0,3,3,0,0,0,0,0
99,1,3,1,IN_PROGRESS,0,0,3,4,0,0,0,0,0
99,2,6,8,IN_PROGRESS,1,0,2,5,0,0,0,0,0
99,3,5,1,IN_PROGRESS,0,0,3,6,0,0,0,0,0
99,4,1,1,IN_PROGRESS,0,5,2,3,67,0,0,1,1
99,5,9,8,IN_PROGRESS,1,0,5,6,0,0,0,0,0
99,6,8,1,IN_PROGRESS,0,0,3,7,0,0,0,0,0
99,7,9,1,IN_PROGRESS,0,0,3,7,0,0,0,0,0
99,8,10,1,IN_PROGRESS,0,8,5,7,95,0,0,1,1
99,9,11,8,IN_PROGRESS,1,0,2,6,0,0,0,0,0
99,10,12,1,IN_PROGRESS,0,0,5,6,0,0,0,0,0
99,11,13,1,IN_PROGRESS,0,0,4,7,0,0,0,0,0
99,12,14,1,IN_PROGRESS,0,10,3,7,95,0,0,1,1
99,13,10,10,IN_PROGRESS,1,1,5,5,74,0,0,1,1
99,14,16,8,IN_PROGRESS,1,0,0,1,0,0,0,0,0
99,15,12,2,IN_PROGRESS,0,6,4,6,56,0,0,1,1
99,16,18,1,IN_PROGRESS,0,0,3,7,0,0,0,0,0
99,17,19,1,IN_PROGRESS,0,6,4,6,95,0,0,1,1
99,18,20,1,IN_PROGRESS,0,8,5,5,72,0,0,1,1
99,19,21,1,IN_PROGRESS,0,11,5,5,95,0,0,1,1
99,20,22,1,IN_PROGRESS,0,0,4,5,0,0,0,0,0
99,21,23,1,IN_PROGRESS,0,10,3,5,95,0,0,1,1
99,22,7,10,IN_PROGRESS,1,14,4,5,75,0,0,1,1
99,23,8,10,IN_PROGRESS,1,6,4,6,75,0,0,1,1
99,24,4,22,IN_PROGRESS,0,0,1,1,0,0,0,0,0
99,25,5,22,IN_PROGRESS,0,10,1,1,95,0,0,1,1
99,26,9,10,IN_PROGRESS,1,16,4,7,75,0,0,1,1
99,27,7,18,IN_PROGRESS,0,2,3,5,82,0,0,1,1
99,28,9,15,IN_PROGRESS,1,0,2,6,0,0,0,0,0
99,29,9,16,IN_PROGRESS,1,27,4,5,84,0,0,1,1
99,30,9,18,IN_PROGRESS,1,17,5,5,73,0,0,1,1
99,31,8,18,IN_PROGRESS,1,21,4,5,83,0,0,1,1
99,32,12,22,IN_PROGRESS,0,0,4,4,0,0,0,0,0
99,33,13,22,IN_PROGRESS,0,0,4,4,0,0,0,0,0
99,34,14,22,IN_PROGRESS,0,7,4,4,76,0,0,1,1
99,35,15,22,IN_PROGRESS,0,0,3,4,0,0,0,0,0
99,36,17,15,IN_PROGRESS,1,6,2,5,70,0,0,1,1
99,37,17,14,IN_PROGRESS,0,8,2,4,70,0,0,1,1
99,38,12,21,IN_PROGRESS,0,7,3,5,46,0,0,1,1
99,39,19,18,IN_PROGRESS,1,20,1,3,73,0,0,1,1
99,40,18,18,IN_PROGRESS,0,2,1,3,81,0,0,1,1
99,41,10,18,IN_PROGRESS,1,12,4,6,69,0,0,1,1
99,42,21,15,IN_PROGRESS,1,0,0,3,0,0,0,0,0
99,43,17,13,IN_PROGRESS,0,15,2,2,52,0,0,1,1
100,0,2,1,IN_PROGRESS,0,0,3,3,0,0,0,0,0
100,1,3,1,IN_PROGRESS,0,0,3,4,0,0,0,0,0
100,2,6,8,IN_PROGRESS,1,0,2,5,0,0,0,0,0
100,3,5,1,IN_PROGRESS,0,0,3,6,0,0,0,0,0
100,4,1,1,IN_PROGRESS,0,5,2,3,68,0,0,1,1
100,5,9,8,IN_PROGRESS,1,0,5,6,0,0,0,0,0
100,6,8,1,IN_PROGRESS,0,0,3,7,0,0,0,0,0
100,7,9,1,IN_PROGRESS,0,0,3,7,0,0,0,0,0
100,8,10,1,IN_PROGRESS,0,8,5,7,96,0,0,1,1
100,9,11,8,IN_PROGRESS,1,0,2,6,0,0,0,0,0
100,10,12,1,IN_PROGRESS,0,0,5,6,0,0,0,0,0
100,11,13,1,IN_PROGRESS,0,0,4,7,0,0,0,0,0
100,12,14,1,IN_PROGRESS,0,10,3,7,96,0,0,1,1
100,13,10,10,IN_PROGRESS,1,1,5,5,75,0,0,1,1
100,14,16,8,IN_PROGRESS,1,0,0,1,0,0,0,0,0
100,15,12,2,IN_PROGRESS,0,6,4,6,57,0,0,1,1
100,16,18,1,IN_PROGRESS,0,0,3,7,0,0,0,0,0
100,17,19,1,IN_PROGRESS,0,6,4,6,96,0,0,1,1
100,18,20,1,IN_PROGRESS,0,8,5,5,73,0,0,1,1
100,19,21,1,IN_PROGRESS,0,11,5,5,96,0,0,1,1
100,20,22,1,IN_PROGRESS,0,0,4,5,0,0,0,0,0
100,21,23,1,IN_PROGRESS,0,10,3,5,96,0,0,1,1
100,22,7,10,IN_PROGRESS,1,14,4,5,76,0,0,1,1
100,23,8,10,IN_PROGRESS,1,6,4,6,76,0,0,1,1
100,24,4,22,IN_PROGRESS,0,0,1,1,0,0,0,0,0
100,25,5,22,IN_PROGRESS,0,10,1,1,96,0,0,1,1
100,26,9,10,IN_PROGRESS,1,16,4,7,76,0,0,1,1
100,27,7,18,IN_PROGRESS,0,2,3,5,83,0,0,1,1
100,28,9,15,IN_PROGRESS,1,0,2,6,0,0,0,0,0
100,29,9,16,IN_PROGRESS,1,27,4,5,85,0,0,1,1
100,30,9,18,IN_PROGRESS,1,17,5,5,74,0,0,1,1
100,31,8,18,IN_PROGRESS,1,21,4,5,84,0,0,1,1
100,32,12,22,IN_PROGRESS,0,0,4,4,0,0,0,0,0
100,33,13,22,IN_PROGRESS,0,0,4,4,0,0,0,0,0
100,34,14,22,IN_PROGRESS,0,7,4,4,77,0,0,1,1
100,35,15,22,IN_PROGRESS,0,0,3,4,0,0,0,0,0
100,36,17,15,IN_PROGRESS,1,6,2,5,71,0,0,1,1
100,37,17,14,IN_PROGRESS,0,8,2,4,71,0,0,1,1
100,38,12,21,IN_PROGRESS,0,7,3,5,47,0,0,1,1
100,39,19,18,IN_PROGRESS,1,20,1,3,74,0,0,1,1
100,40,18,18,IN_PROGRESS,0,2,1,3,82,0,0,1,1
100,41,10,18,IN_PROGRESS,1,12,4,6,70,0,0,1,1
100,42,21,15,IN_PROGRESS,1,0,0,3,0,0,0,0,0
100,43,17,13,IN_PROGRESS,0,15,2,2,53,0,0,1,1
101,0,2,1,IN_PROGRESS,0,0,3,3,0,0,0,0,0
101,1,3,1,IN_PROGRESS,0,0,3,4,0,0,0,0,0
101,2,6,8,IN_PROGRESS,1,0,2,5,0,0,0,0,0
101,3,5,1,IN_PROGRESS,0,0,3,6,0,0,0,0,0
101,4,1,1,IN_PROGRESS,0,5,2,3,69,0,0,1,1
101,5,9,8,IN_PROGRESS,1,0,5,6,0,0,0,0,0
101,6,8,1,IN_PROGRESS,0,0,3,7,0,0,0,0,0
101,7,9,1,IN_PROGRESS,0,0,3,7,0,0,0,0,0
101,8,10,1,IN_PROGRESS,0,8,5,7,97,0,0,1,1
101,9,11,8,IN_PROGRESS,1,0,2,6,0,0,0,0,0
101,10,12,1,IN_PROGRESS,0,0,5,6,0,0,0,0,0
101,11,13,1,IN_PROGRESS,0,0,4,7,0,0,0,0,0
101,12,14,1,IN_PROGRESS,0,10,3,7,97,0,0,1,1
101,13,10,10,IN_PROGRESS,1,2,5,5,76,0,0,1,1
101,14,16,8,IN_PROGRESS,1,0,0,1,0,0,0,0,0
101,15,12,2,IN_PROGRESS,0,6,4,6,58,0,0,1,1
101,16,18,1,IN_PROGRESS,0,0,3,7,0,0,0,0,0
101,17,19,1,IN_PROGRESS,0,6,4,6,97,0,0,1,1
101,18,20,1,IN_PROGRESS,0,8,5,5,74,0,0,1,1
101,19,21,1,IN_PROGRESS,0,11,5,5,97,0,0,1,1
101,20,22,1,IN_PROGRESS,0,0,4,5,0,0,0,0,0
101,21,23,1,IN_PROGRESS,0,10,3,5,97,0,0,1,1
101,22,7,10,IN_PROGRESS,1,14,4,5,77,0,0,1,1
101,23,8,10,IN_PROGRESS,1,6,4,6,77,0,0,1,1
101,24,4,22,IN_PROGRESS,0,0,1,1,0,0,0,0,0
101,25,5,22,IN_PROGRESS,0,10,1,1,97,0,0,1,1
101,26,9,10,IN_PROGRESS,1,16,4,7,77,0,0,1,1
101,27,7,18,IN_PROGRESS,0,2,3,5,84,0,0,1,1
101,28,9,15,IN_PROGRESS,1,0,2,6,0,0,0,0,0
101,29,9,16,IN_PROGRESS,1,27,4,5,86,0,0,1,1
101,30,9,18,IN_PROGRESS,1,17,5,5,75,0,0,1,1
101,31,8,18,IN_PROGRESS,1,21,4,5,85,0,0,1,1
101,32,12,22,IN_PROGRESS,0,0,4,4,0,0,0,0,0
101,33,13,22,IN_PROGRESS,0,0,4,4,0,0,0,0,0
101,34,14,22,IN_PROGRESS,0,7,4,4,78,0,0,1,1
101,35,15,22,IN_PROGRESS,0,0,3,4,0,0,0,0,0
101,36,17,15,IN_PROGRESS,1,6,2,5,72,0,0,1,1
101,37,17,14,IN_PROGRESS,0,8,2,4,72,0,0,1,1
101,38,12,21,IN_PROGRESS,0,7,3,5,48,0,0,1,1
101,39,19,18,IN_PROGRESS,1,20,1,3,75,0,0,1,1
101,40,18,18,IN_PROGRESS,0,2,1,3,83,0,0,1,1
101,41,10,18,IN_PROGRESS,1,12,4,6,71,0,0,1,1
101,42,21,15,IN_PROGRESS,1,0,0,3,0,0,0,0,0
101,43,17,13,IN_PROGRESS,0,15,2,2,54,0,0,1,1
102,0,2,1,IN_PROGRESS,0,0,3,3,0,0,0,0,0
102,1,3,1,IN_PROGRESS,0,0,3,4,0,0,0,0,0
102,2,6,8,IN_PROGRESS,1,0,2,5,0,0,0,0,0
102,3,5,1,IN_PROGRESS,0,0,3,6,0,0,0,0,0
102,4,1,1,IN_PROGRESS,0,5,2,3,70,0,0,1,1
102,5,9,8,IN_PROGRESS,1,0,5,6,0,0,0,0,0
102,6,8,1,IN_PROGRESS,0,0,3,7,0,0,0,0,0
102,7,9,1,IN_PROGRESS,0,0,3,7,0,0,0,0,0
102,8,10,1,IN_PROGRESS,0,8,5,7,98,0,0,1,1
102,9,11,8,IN_PROGRESS,1,0,2,6,0,0,0,0,0
102,10,12,1,IN_PROGRESS,0,0,5,6,0,0,0,0,0
102,11,13,1,IN_PROGRESS,0,0,4,7,0,0,0,0,0
102,12,14,1,IN_PROGRESS,0,10,3,7,98,0,0,1,1
102,13,10,10,IN_PROGRESS,1,1,5,5,77,0,0,1,1
102,14,16,8,IN_PROGRESS,1,0,0,1,0,0,0,0,0
102,15,12,2,IN_PROGRESS,0,6,4,6,59,0,0,1,1
102,16,18,1,IN_PROGRESS,0,0,3,7,0,0,0,0,0
102,17,19,1,IN_PROGRESS,0,6,4,6,98,0,0,1,1
102,18,20,1,IN_PROGRESS,0,8,5,5,75,0,0,1,1
102,19,21,1,IN_PROGRESS,0,11,5,5,98,0,0,1,1
102,20,22,1,IN_PROGRESS,0,0,4,5,0,0,0,0,0
102,21,23,1,IN_PROGRESS,0,10,3,5,98,0,0,1,1
102,22,7,10,IN_PROGRESS,1,14,4,5,78,0,0,1,1
102,23,8,10,IN_PROGRESS,1,6,4,6,78,0,0,1,1
102,24,4,22,IN_PROGRESS,0,0,1,1,0,0,0,0,0
102,25,5,22,IN_PROGRESS,0,10,1,1,98,0,0,1,1
102,26,9,10,IN_PROGRESS,1,16,4,7,78,0,0,1,1
102,27,7,18,IN_PROGRESS,0,2,3,5,85,0,0,1,1
102,28,9,15,IN_PROGRESS,1,0,2,6,0,0,0,0,0
102,29,9,16,IN_PROGRESS,1,27,4,5,87,0,0,1,1
102,30,9,18,IN_PROGRESS,1,17,5,5,76,0,0,1,1
102,31,8,18,IN_PROGRESS,1,21,4,5,86,0,0,1,1
102,32,12,22,IN_PROGRESS,0,0,4,4,0,0,0,0,0
102,33,13,22,IN_PROGRESS,0,0,4,4,0,0,0,0,0
102,34,14,22,IN_PROGRESS,0,7,4,4,79,0,0,1,1
102,35,15,22,IN_PROGRESS,0,0,3,4,0,0,0,0,0
102,36,17,15,IN_PROGRESS,1,6,2,5,73,0,0,1,1
102,37,17,14,IN_PROGRESS,0,8,2,4,73,0,0,1,1
102,38,12,21,IN_PROGRESS,0,7,3,5,49,0,0,1,1
102,39,19,18,IN_PROGRESS,1,20,1,3,76,0,0,1,1
102,40,18,18,IN_PROGRESS,0,2,1,3,84,0,0,1,1
102,41,10,18,IN_PROGRESS,1,12,4,6,72,0,0,1,1
102,42,21,15,IN_PROGRESS,1,0,0,3,0,0,0,0,0
102,43,17,13,IN_PROGRESS,0,15,2,2,55,0,0,1,1
103,0,2,1,IN_PROGRESS,0,0,3,3,0,0,0,0,0
103,1,3,1,IN_PROGRESS,0,0,3,4,0,0,0,0,0
103,2,6,8,IN_PROGRESS,1,0,2,5,0,0,0,0,0
103,3,5,1,IN_PROGRESS,0,0,3,6,0,0,0,0,0
103,4,1,1,IN_PROGRESS,0,5,2,3,71,0,0,1,1
103,5,9,8,IN_PROGRESS,1,0,5,6,0,0,0,0,0
103,6,8,1,IN_PROGRESS,0,0,3,7,0,0,0,0,0
103,7,9,1,IN_PROGRESS,0,0,3,7,0,0,0,0,0
103,8,10,1,IN_PROGRESS,0,8,5,7,99,0,0,1,1
103,9,11,8,IN_PROGRESS,1,0,2,6,0,0,0,0,0
103,10,12,1,IN_PROGRESS,0,0,5,6,0,0,0,0,0
103,11,13,1,IN_PROGRESS,0,0,4,7,0,0,0,0,0
103,12,14,1,IN_PROGRESS,0,10,3,7,99,0,0,1,1
103,13,10,10,IN_PROGRESS,1,1,5,5,78,0,0,1,1
103,14,16,8,IN_PROGRESS,1,0,0,1,0,0,0,0,0
103,15,12,2,IN_PROGRESS,0,6,4,6,60,0,0,1,1
103,16,18,1,IN_PROGRESS,0,0,3,7,0,0,0,0,0
103,17,19,1,IN_PROGRESS,0,6,4,6,99,0,0,1,1
103,18,20,1,IN_PROGRESS,0,8,5,5,76,0,0,1,1
103,19,21,1,IN_PROGRESS,0,11,5,5,99,0,0,1,1
103,20,22,1,IN_PROGRESS,0,0,4,5,0,0,0,0,0
103,21,23,1,IN_PROGRESS,0,10,3,5,99,0,0,1,1
103,22,7,10,IN_PROGRESS,1,14,4,5,79,0,0,1,1
103,23,8,10,IN_PROGRESS,1,6,4,6,79,0,0,1,1
103,24,4,22,IN_PROGRESS,0,0,1,1,0,0,0,0,0
103,25,5,22,IN_PROGRESS,0,10,1,1,99,0,0,1,1
103,26,9,10,IN_PROGRESS,1,16,4,7,79,0,0,1,1
103,27,7,18,IN_PROGRESS,0,2,3,5,86,0,0,1,1
103,28,9,15,IN_PROGRESS,1,0,2,6,0,0,0,0,0
103,29,9,16,IN_PROGRESS,1,27,4,5,88,0,0,1,1
103,30,9,18,IN_PROGRESS,1,17,5,5,77,0,0,1,1
103,31,8,18,IN_PROGRESS,1,21,4,5,87,0,0,1,1
103,32,12,22,IN_PROGRESS,0,0,4,4,0,0,0,0,0
103,33,13,22,IN_PROGRESS,0,0,4,4,0,0,0,0,0
103,34,14,22,IN_PROGRESS,0,7,4,4,80,0,0,1,1
103,35,15,22,IN_PROGRESS,0,0,3,4,0,0,0,0,0
103,36,17,15,IN_PROGRESS,1,6,2,5,74,0,0,1,1
103,37,17,14,IN_PROGRESS,0,8,2,4,74,0,0,1,1
103,38,12,21,IN_PROGRESS,0,7,3,5,50,0,0,1,1
103,39,19,18,IN_PROGRESS,1,20,1,3,77,0,0,1,1
103,40,18,18,IN_PROGRESS,0,2,1,3,85,0,0,1,1
103,41,10,18,IN_PROGRESS,1,12,4,6,73,0,0,1,1
103,42,21,15,IN_PROGRESS,1,0,0,3,0,0,0,0,0
103,43,17,13,IN_PROGRESS,0,15,2,2,56,0,0,1,1
104,0,2,1,IN_PROGRESS,0,0,3,3,0,0,0,0,0
104,1,3,1,IN_PROGRESS,0,0,3,4,0,0,0,0,0
104,2,6,8,IN_PROGRESS,1,0,2,5,0,0,0,0,0
104,3,5,1,IN_PROGRESS,0,0,3,6,0,0,0,0,0
104,4,1,1,IN_PROGRESS,0,5,2,3,72,0,0,1,1
104,5,9,8,IN_PROGRESS,1,0,5,6,0,0,0,0,0
104,6,8,1,IN_PROGRESS,0,0,3,7,0,0,0,0,0
104,7,9,1,IN_PROGRESS,0,0,3,7,0,0,0,0,0
104,8,10,1,IN_PROGRESS,0,8,5,7,100,0,0,1,1
104,9,11,8,IN_PROGRESS,1,0,2,6,0,0,0,0,0
104,10,12,1,IN_PROGRESS,0,0,5,6,0,0,0,0,0
104,11,13,1,IN_PROGRESS,0,0,4,7,0,0,0,0,0
104,12,14,1,IN_PROGRESS,0,10,3,7,100,0,0,1,1
104,13,10,10,IN_PROGRESS,1,1,5,5,79,0,0,1,1
104,14,16,8,IN_PROGRESS,1,0,0,1,0,0,0,0,0
104,15,12,2,IN_PROGRESS,0,6,4,6,61,0,0,1,1
104,16,18,1,IN_PROGRESS,0,0,3,7,0,0,0,0,0
104,17,19,1,IN_PROGRESS,0,6,4,6,100,0,0,1,1
104,18,20,1,IN_PROGRESS,0,8,5,5,77,0,0,1,1
104,19,21,1,IN_PROGRESS,0,11,5,5,100,0,0,1,1
104,20,22,1,IN_PROGRESS,0,0,4,5,0,0,0,0,0
104,21,23,1,IN_PROGRESS,0,10,3,5,100,0,0,1,1
104,22,7,10,IN_PROGRESS,1,14,4,5,80,0,0,1,1
104,23,8,10,IN_PROGRESS,1,6,4,6,80,0,0,1,1
104,24,4,22,IN_PROGRESS,0,0,1,1,0,0,0,0,0
104,25,5,22,IN_PROGRESS,0,10,1,1,100,0,0,1,1
104,26,9,10,IN_PROGRESS,1,16,4,7,80,0,0,1,1
104,27,7,18,IN_PROGRESS,0,2,3,5,87,0,0,1,1
104,28,9,15,IN_PROGRESS,1,0,2,6,0,0,0,0,0
104,29,9,16,IN_PROGRESS,1,27,4,5,89,0,0,1,1
104,30,9,18,IN_PROGRESS,1,17,5,5,78,0,0,1,1
104,31,8,18,IN_PROGRESS,1,21,4,5,88,0,0,1,1
104,32,12,22,IN_PROGRESS,0,0,4,4,0,0,0,0,0
104,33,13,22,IN_PROGRESS,0,0,4,4,0,0,0,0,0
104,34,14,22,IN_PROGRESS,0,8,4,4,81,0,0,1,1
104,35,15,22,IN_PROGRESS,0,0,3,4,0,0,0,0,0
104,36,17,15,IN_PROGRESS,1,6,2,5,75,0,0,1,1
104,37,17,14,IN_PROGRESS,0,8,2,4,75,0,0,1,1
104,38,12,21,IN_PROGRESS,0,7,3,5,51,0,0,1,1
104,39,19,18,IN_PROGRESS,1,20,1,3,78,0,0,1,1
104,40,18,18,IN_PROGRESS,0,2,1,3,86,0,0,1,1
104,41,10,18,IN_PROGRESS,1,12,4,6,74,0,0,1,1
104,42,21,15,IN_PROGRESS,1,0,0,3,0,0,0,0,0
104,43,17,13,IN_PROGRESS,0,15,2,2,57,0,0,1,1
105,0,2,1,IN_PROGRESS,0,0,3,3,0,0,0,0,0
105,1,3,1,IN_PROGRESS,0,0,3,4,0,0,0,0,0
105,2,6,8,IN_PROGRESS,1,0,2,5,0,0,0,0,0
105,3,5,1,IN_PROGRESS,0,0,3,6,0,0,0,0,0
105,4,1,1,IN_PROGRESS,0,5,2,3,73,0,0,1,1
105,5,9,8,IN_PROGRESS,1,0,5,6,0,0,0,0,0
105,6,8,1,IN_PROGRESS,0,0,3,7,0,0,0,0,0
105,7,9,1,IN_PROGRESS,0,0,3,7,0,0,0,0,0
105,8,10,1,IN_PROGRESS,0,8,5,7,101,0,0,1,1
105,9,11,8,IN_PROGRESS,1,0,2,6,0,0,0,0,0
105,10,12,1,IN_PROGRESS,0,0,5,6,0,0,0,0,0
105,11,13,1,IN_PROGRESS,0,0,4,7,0,0,0,0,0
105,12,14,1,IN_PROGRESS,0,10,3,7,101,0,0,1,1
105,13,10,10,IN_PROGRESS,1,1,5,5,80,0,0,1,1
105,14,16,8,IN_PROGRESS,1,0,0,1,0,0,0,0,0
105,15,12,2,IN_PROGRESS,0,6,4,6,62,0,0,1,1
105,16,18,1,IN_PROGRESS,0,0,3,7,0,0,0,0,0
105,17,19,1,IN_PROGRESS,0,6,4,6,101,0,0,1,1
105,18,20,1,IN_PROGRESS,0,8,5,5,78,0,0,1,1
105,19,21,1,IN_PROGRESS,0,11,5,5,101,0,0,1,1
105,20,22,1,IN_PROGRESS,0,0,4,5,0,0,0,0,0
105,21,23,1,IN_PROGRESS,0,10,3,5,101,0,0,1,1
105,22,7,10,IN_PROGRESS,1,14,4,5,81,0,0,1,1
105,23,8,10,IN_PROGRESS,1,6,4,6,81,0,0,1,1
105,24,4,22,IN_PROGRESS,0,0,1,1,0,0,0,0,0
105,25,5,22,IN_PROGRESS,0,10,1,1,101,0,0,1,1
105,26,9,10,IN_PROGRESS,1,16,4,7,81,0,0,1,1
105,27,7,18,IN_PROGRESS,0,2,3,5,88,0,0,1,1
105,28,9,15,IN_PROGRESS,1,0,2,6,0,0,0,0,0
105,29,9,16,IN_PROGRESS,1,27,4,5,90,0,0,1,1
105,30,9,18,IN_PROGRESS,1,17,5,5,79,0,0,1,1
105,31,8,18,IN_PROGRESS,1,21,4,5,89,0,0,1,1
105,32,12,22,IN_PROGRESS,0,0,4,4,0,0,0,0,0
105,33,13,22,IN_PROGRESS,0,0,4,4,0,0,0,0,0
105,34,14,22,IN_PROGRESS,0,7,4,4,82,0,0,1,1
105,35,15,22,IN_PROGRESS,0,0,3,4,0,0,0,0,0
105,36,17,15,IN_PROGRESS,1,6,2,5,76,0,0,1,1
105,37,17,14,IN_PROGRESS,0,8,2,4,76,0,0,1,1
105,38,12,21,IN_PROGRESS,0,7,3,5,52,0,0,1,1
105,39,19,18,IN_PROGRESS,1,20,1,3,79,0,0,1,1
105,40,18,18,IN_PROGRESS,0,2,1,3,87,0,0,1,1
105,41,10,18,IN_PROGRESS,1,12,4,6,75,0,0,1,1
105,42,21,15,IN_PROGRESS,1,0,0,3,0,0,0,0,0
105,43,17,13,IN_PROGRESS,0,15,2,2,58,0,0,1,1
106,0,2,1,IN_PROGRESS,0,0,3,3,0,0,0,0,0
106,1,3,1,IN_PROGRESS,0,0,3,4,0,0,0,0,0
106,2,6,8,IN_PROGRESS,1,0,2,5,0,0,0,0,0
106,3,5,1,IN_PROGRESS,0,0,3,6,0,0,0,0,0
106,4,1,1,IN_PROGRESS,0,5,2,3,74,0,0,1,1
106,5,9,8,IN_PROGRESS,1,0,5,6,0,0,0,0,0
106,6,8,1,IN_PROGRESS,0,0,3,7,0,0,0,0,0
106,7,9,1,IN_PROGRESS,0,0,3,7,0,0,0,0,0
106,8,10,1,IN_PROGRESS,0,8,5,7,102,0,0,1,1
106,9,11,8,IN_PROGRESS,1,0,2,6,0,0,0,0,0
106,10,12,1,IN_PROGRESS,0,0,5,6,0,0,0,0,0
106,11,13,1,IN_PROGRESS,0,0,4,7,0,0,0,0,0
106,12,14,1,IN_PROGRESS,0,10,3,7,102,0,0,1,1
106,13,10,10,IN_PROGRESS,1,1,5,5,81,0,0,1,1
106,14,16,8,IN_PROGRESS,1,0,0,1,0,0,0,0,0
106,15,12,2,IN_PROGRESS,0,6,4,6,63,0,0,1,1
106,16,18,1,IN_PROGRESS,0,0,3,7,0,0,0,0,0
106,17,19,1,IN_PROGRESS,0,6,4,6,102,0,0,1,1
106,18,20,1,IN_PROGRESS,0,8,5,5,79,0,0,1,1
106,19,21,1,IN_PROGRESS,0,11,5,5,102,0,0,1,1
106,20,22,1,IN_PROGRESS,0,0,4,5,0,0,0,0,0
106,21,23,1,IN_PROGRESS,0,10,3,5,102,0,0,1,1
106,22,7,10,IN_PROGRESS,1,14,4,5,82,0,0,1,1
106,23,8,10,IN_PROGRESS,1,6,4,6,82,0,0,1,1
106,24,4,22,IN_PROGRESS,0,0,1,1,0,0,0,0,0
106,25,5,22,IN_PROGRESS,0,10,1,1,102,0,0,1,1
106,26,9,10,IN_PROGRESS,1,16,4,7,82,0,0,1,1
106,27,7,18,IN_PROGRESS,0,2,3,5,89,0,0,1,1
106,28,9,15,IN_PROGRESS,1,0,2,6,0,0,0,0,0
106,29,9,16,IN_PROGRESS,1,28,4,5,91,0,0,1,1
106,30,9,18,IN_PROGRESS,1,17,5,5,80,0,0,1,1
106,31,8,18,IN_PROGRESS,1,21,4,5,90,0,0,1,1
106,32,12,22,IN_PROGRESS,0,0,4,4,0,0,0,0,0
106,33,13,22,IN_PROGRESS,0,0,4,4,0,0,0,0,0
106,34,14,22,IN_PROGRESS,0,7,4,4,83,0,0,1,1
106,35,15,22,IN_PROGRESS,0,0,3,4,0,0,0,0,0
106,36,17,15,IN_PROGRESS,1,6,2,5,77,0,0,1,1
106,37,17,14,IN_PROGRESS,0,8,2,4,77,0,0,1,1
106,38,12,21,IN_PROGRESS,0,7,3,5,53,0,0,1,1
106,39,19,18,IN_PROGRESS,1,20,1,3,80,0,0,1,1
106,40,18,18,IN_PROGRESS,0,2,1,3,88,0,0,1,1
106,41,10,18,IN_PROGRESS,1,12,4,6,76,0,0,1,1
106,42,21,15,IN_PROGRESS,1,0,0,3,0,0,0,0,0
106,43,17,13,IN_PROGRESS,0,15,2,2,59,0,0,1,1
107,0,2,1,IN_PROGRESS,0,0,3,3,0,0,0,0,0
107,1,3,1,IN_PROGRESS,0,0,3,4,0,0,0,0,0
107,2,6,8,IN_PROGRESS,1,0,2,5,0,0,0,0,0
107,3,5,1,IN_PROGRESS,0,0,3,6,0,0,0,0,0
107,4,1,1,IN_PROGRESS,0,5,2,3,75,0,0,1,1
107,5,9,8,IN_PROGRESS,1,0,5,6,0,0,0,0,0
107,6,8,1,IN_PROGRESS,0,0,3,7,0,0,0,0,0
107,7,9,1,IN_PROGRESS,0,0,3,7,0,0,0,0,0
107,8,10,1,IN_PROGRESS,0,8,5,7,103,0,0,1,1
107,9,11,8,IN_PROGRESS,1,0,2,6,0,0,0,0,0
107,10,12,1,IN_PROGRESS,0,0,5,6,0,0,0,0,0
107,11,13,1,IN_PROGRESS,0,0,4,7,0,0,0,0,0
107,12,14,1,IN_PROGRESS,0,10,3,7,103,0,0,1,1
107,13,10,10,IN_PROGRESS,1,1,5,5,82,0,0,1,1
107,14,16,8,IN_PROGRESS,1,0,0,1,0,0,0,0,0
107,15,12,2,IN_PROGRESS,0,6,4,6,64,0,0,1,1
107,16,18,1,IN_PROGRESS,0,0,3,7,0,0,0,0,0
107,17,19,1,IN_PROGRESS,0,6,4,6,103,0,0,1,1
107,18,20,1,IN_PROGRESS,0,8,5,5,80,0,0,1,1
107,19,21,1,IN_PROGRESS,0,11,5,5,103,0,0,1,1
107,20,22,1,IN_PROGRESS,0,0,4,5,0,0,0,0,0
107,21,23,1,IN_PROGRESS,0,10,3,5,103,0,0,1,1
107,22,7,10,IN_PROGRESS,1,14,4,5,83,0,0,1,1
107,23,8,10,IN_PROGRESS,1,6,4,6,83,0,0,1,1
107,24,4,22,IN_PROGRESS,0,0,1,1,0,0,0,0,0
107,25,5,22,IN_PROGRESS,0,10,1,1,103,0,0,1,1
107,26,9,10,IN_PROGRESS,1,16,4,7,83,0,0,1,1
107,27,7,18,IN_PROGRESS,0,2,3,5,90,0,0,1,1
107,28,9,15,IN_PROGRESS,1,0,2,6,0,0,0,0,0
107,29,9,16,IN_PROGRESS,1,27,4,5,92,0,0,1,1
107,30,9,18,IN_PROGRESS,1,17,5,5,81,0,0,1,1
107,31,8,18,IN_PROGRESS,1,21,4,5,91,0,0,1,1
107,32,12,22,IN_PROGRESS,0,0,4,4,0,0,0,0,0
107,33,13,22,IN_PROGRESS,0,0,4,4,0,0,0,0,0
107,34,14,22,IN_PROGRESS,0,7,4,4,84,0,0,1,1
107,35,15,22,IN_PROGRESS,0,0,3,4,0,0,0,0,0
107,36,17,15,IN_PROGRESS,1,6,2,5,78,0,0,1,1
107,37,17,14,IN_PROGRESS,0,8,2,4,78,0,0,1,1
107,38,12,21,IN_PROGRESS,0,7,3,5,54,0,0,1,1
107,39,19,18,IN_PROGRESS,1,20,1,3,81,0,0,1,1
107,40,18,18,IN_PROGRESS,0,2,1,3,89,0,0,1,1
107,41,10,18,IN_PROGRESS,1,12,4,6,77,0,0,1,1
107,42,21,15,IN_PROGRESS,1,0,0,3,0,0,0,0,0
107,43,17,13,IN_PROGRESS,0,15,2,2,60,0,0,1,1
108,0,2,1,IN_PROGRESS,0,0,3,3,0,0,0,0,0
108,1,3,1,IN_PROGRESS,0,0,3,4,0,0,0,0,0
108,2,6,8,IN_PROGRESS,1,0,2,5,0,0,0,0,0
108,3,5,1,IN_PROGRESS,0,0,3,6,0,0,0,0,0
108,4,1,1,IN_PROGRESS,0,5,2,3,76,0,0,1,1
108,5,9,8,IN_PROGRESS,1,0,5,6,0,0,0,0,0
108,6,8,1,IN_PROGRESS,0,0,3,7,0,0,0,0,0
108,7,9,1,IN_PROGRESS,0,0,3,7,0,0,0,0,0
108,8,10,1,IN_PROGRESS,0,8,5,7,104,0,0,1,1
108,9,11,8,IN_PROGRESS,1,0,2,6,0,0,0,0,0
108,10,12,1,IN_PROGRESS,0,0,5,6,0,0,0,0,0
108,11,13,1,IN_PROGRESS,0,0,4,7,0,0,0,0,0
108,12,14,1,IN_PROGRESS,0,10,3,7,104,0,0,1,1
108,13,10,10,IN_PROGRESS,1,1,5,5,83,0,0,1,1
108,14,16,8,IN_PROGRESS,1,0,0,1,0,0,0,0,0
108,15,12,2,IN_PROGRESS,0,6,4,6,65,0,0,1,1
108,16,18,1,IN_PROGRESS,0,0,3,7,0,0,0,0,0
108,17,19,1,IN_PROGRESS,0,6,4,6,104,0,0,1,1
108,18,20,1,IN_PROGRESS,0,8,5,5,81,0,0,1,1
108,19,21,1,IN_PROGRESS,0,11,5,5,104,0,0,1,1
108,20,22,1,IN_PROGRESS,0,0,4,5,0,0,0,0,0
108,21,23,1,IN_PROGRESS,0,10,3,5,104,0,0,1,1
108,22,7,10,IN_PROGRESS,1,14,4,5,84,0,0,1,1
108,23,8,10,IN_PROGRESS,1,6,4,6,84,0,0,1,1
108,24,4,22,IN_PROGRESS,0,0,1,1,0,0,0,0,0
108,25,5,22,IN_PROGRESS,0,10,1,1,104,0,0,1,1
108,26,9,10,IN_PROGRESS,1,16,4,7,84,0,0,1,1
108,27,7,18,IN_PROGRESS,0,2,3,5,91,0,0,1,1
108,28,9,15,IN_PROGRESS,1,0,2,6,0,0,0,0,0
108,29,9,16,IN_PROGRESS,1,27,4,5,93,0,0,1,1
108,30,9,18,IN_PROGRESS,1,17,5,5,82,0,0,1,1
108,31,8,18,IN_PROGRESS,1,21,4,5,92,0,0,1,1
108,32,12,22,IN_PROGRESS,0,0,4,4,0,0,0,0,0
108,33,13,22,IN_PROGRESS,0,0,4,4,0,0,0,0,0
108,34,14,22,IN_PROGRESS,0,7,4,4,85,0,0,1,1
108,35,15,22,IN_PROGRESS,0,0,3,4,0,0,0,0,0
108,36,17,15,IN_PROGRESS,1,6,2,5,79,0,0,1,1
108,37,17,14,IN_PROGRESS,0,8,2,4,79,0,0,1,1
108,38,12,21,IN_PROGRESS,0,7,3,5,55,0,0,1,1
108,39,19,18,IN_PROGRESS,1,20,1,3,82,0,0,1,1
108,40,18,18,IN_PROGRESS,0,2,1,3,90,0,0,1,1
108,41,10,18,IN_PROGRESS,1,12,4,6,78,0,0,1,1
108,42,21,15,IN_PROGRESS,1,0,0,3,0,0,0,0,0
108,43,17,13,IN_PROGRESS,0,15,2,2,61,0,0,1,1
109,0,2,1,IN_PROGRESS,0,0,3,3,0,0,0,0,0
109,1,3,1,IN_PROGRESS,0,0,3,4,0,0,0,0,0
109,2,6,8,IN_PROGRESS,1,0,2,5,0,0,0,0,0
109,3,5,1,IN_PROGRESS,0,0,3,6,0,0,0,0,0
109,4,1,1,IN_PROGRESS,0,5,2,3,77,0,0,1,1
109,5,9,8,IN_PROGRESS,1,0,5,6,0,0,0,0,0
109,6,8,1,IN_PROGRESS,0,0,3,7,0,0,0,0,0
109,7,9,1,IN_PROGRESS,0,0,3,7,0,0,0,0,0
109,8,10,1,IN_PROGRESS,0,8,5,7,105,0,0,1,1
109,9,11,8,IN_PROGRESS,1,0,2,6,0,0,0,0,0
109,10,12,1,IN_PROGRESS,0,0,5,6,0,0,0,0,0
109,11,13,1,IN_PROGRESS,0,0,4,7,0,0,0,0,0
109,12,14,1,IN_PROGRESS,0,10,3,7,105,0,0,1,1
109,13,10,10,IN_PROGRESS,1,1,5,5,84,0,0,1,1
109,14,16,8,IN_PROGRESS,1,0,0,1,0,0,0,0,0
109,15,12,2,IN_PROGRESS,0,6,4,6,66,0,0,1,1
109,16,18,1,IN_PROGRESS,0,0,3,7,0,0,0,0,0
109,17,19,1,IN_PROGRESS,0,6,4,6,105,0,0,1,1
109,18,20,1,IN_PROGRESS,0,8,5,5,82,0,0,1,1
109,19,21,1,IN_PROGRESS,0,11,5,5,105,0,0,1,1
109,20,22,1,IN_PROGRESS,0,0,4,5,0,0,0,0,0
109,21,23,1,IN_PROGRESS,0,10,3,5,105,0,0,1,1
109,22,7,10,IN_PROGRESS,1,14,4,5,85,0,0,1,1
109,23,8,10,IN_PROGRESS,1,6,4,6,85,0,0,1,1
109,24,4,22,IN_PROGRESS,0,0,1,1,0,0,0,0,0
109,25,5,22,IN_PROGRESS,0,10,1,1,105,0,0,1,1
109,26,9,10,IN_PROGRESS,1,16,4,7,85,0,0,1,1
109,27,7,18,IN_PROGRESS,0,2,3,5,92,0,0,1,1
109,28,9,15,IN_PROGRESS,1,0,2,6,0,0,0,0,0
109,29,9,16,IN_PROGRESS,1,27,4,5,94,0,0,1,1
109,30,9,18,IN_PROGRESS,1,17,5,5,83,0,0,1,1
109,31,8,18,IN_PROGRESS,1,21,4,5,93,0,0,1,1
109,32,12,22,IN_PROGRESS,0,0,4,4,0,0,0,0,0
109,33,13,22,IN_PROGRESS,0,0,4,4,0,0,0,0,0
109,34,14,22,IN_PROGRESS,0,7,4,4,86,0,0,1,1
109,35,15,22,IN_PROGRESS,0,0,3,4,0,0,0,0,0
109,36,17,15,IN_PROGRESS,1,6,2,5,80,0,0,1,1
109,37,17,14,IN_PROGRESS,0,8,2,4,80,0,0,1,1
109,38,12,21,IN_PROGRESS,0,7,3,5,56,0,0,1,1
109,39,19,18,IN_PROGRESS,1,20,1,3,83,0,0,1,1
109,40,18,18,IN_PROGRESS,0,2,1,3,91,0,0,1,1
109,41,10,18,IN_PROGRESS,1,12,4,6,79,0,0,1,1
109,42,21,15,IN_PROGRESS,1,0,0,3,0,0,0,0,0
109,43,17,13,IN_PROGRESS,0,15,2,2,62,0,0,1,1
110,0,2,1,IN_PROGRESS,0,0,3,3,0,0,0,0,0
110,1,3,1,IN_PROGRESS,0,0,3,4,0,0,0,0,0
110,2,6,8,IN_PROGRESS,1,0,2,5,0,0,0,0,0
110,3,5,1,IN_PROGRESS,0,0,3,6,0,0,0,0,0
110,4,1,1,IN_PROGRESS,0,5,2,3,78,0,0,1,1
110,5,9,8,IN_PROGRESS,1,0,5,6,0,0,0,0,0
110,6,8,1,IN_PROGRESS,0,0,3,7,0,0,0,0,0
110,7,9,1,IN_PROGRESS,0,0,3,7,0,0,0,0,0
110,8,10,1,IN_PROGRESS,0,8,5,7,106,0,0,1,1
110,9,11,8,IN_PROGRESS,1,0,2,6,0,0,0,0,0
110,10,12,1,IN_PROGRESS,0,0,5,6,0,0,0,0,0
110,11,13,1,IN_PROGRESS,0,0,4,7,0,0,0,0,0
110,12,14,1,IN_PROGRESS,0,10,3,7,106,0,0,1,1
110,13,10,10,IN_PROGRESS,1,1,5,5,85,0,0,1,1
110,14,16,8,IN_PROGRESS,1,0,0,1,0,0,0,0,0
110,15,12,2,IN_PROGRESS,0,6,4,6,67,0,0,1,1
110,16,18,1,IN_PROGRESS,0,0,3,7,0,0,0,0,0
110,17,19,1,IN_PROGRESS,0,6,4,6,106,0,0,1,1
110,18,20,1,IN_PROGRESS,0,8,5,5,83,0,0,1,1
110,19,21,1,IN_PROGRESS,0,11,5,5,106,0,0,1,1
110,20,22,1,IN_PROGRESS,0,0,4,5,0,0,0,0,0
110,21,23,1,IN_PROGRESS,0,10,3,5,106,0,0,1,1
110,22,7,10,IN_PROGRESS,1,14,4,5,86,0,0,1,1
110,23,8,10,IN_PROGRESS,1,6,4,6,86,0,0,1,1
110,24,4,22,IN_PROGRESS,0,0,1,1,0,0,0,0,0
110,25,5,22,IN_PROGRESS,0,10,1,1,106,0,0,1,1
110,26,9,10,IN_PROGRESS,1,16,4,7,86,0,0,1,1
110,27,7,18,IN_PROGRESS,0,2,3,5,93,0,0,1,1
110,28,9,15,IN_PROGRESS,1,0,2,6,0,0,0,0,0
110,29,9,16,IN_PROGRESS,1,27,4,5,95,0,0,1,1
110,30,9,18,IN_PROGRESS,1,17,5,5,84,0,0,1,1
110,31,8,18,IN_PROGRESS,1,21,4,5,94,0,0,1,1
110,32,12,22,IN_PROGRESS,0,0,4,4,0,0,0,0,0
110,33,13,22,IN_PROGRESS,0,0,4,4,0,0,0,0,0
110,34,14,22,IN_PROGRESS,0,7,4,4,87,0,0,1,1
110,35,15,22,IN_PROGRESS,0,0,3,4,0,0,0,0,0
110,36,17,15,IN_PROGRESS,1,6,2,5,81,0,0,1,1
110,37,17,14,IN_PROGRESS,0,8,2,4,81,0,0,1,1
110,38,12,21,IN_PROGRESS,0,7,3,5,57,0,0,1,1
110,39,19,18,IN_PROGRESS,1,20,1,3,84,0,0,1,1
110,40,18,18,IN_PROGRESS,0,2,1,3,92,0,0,1,1
110,41,10,18,IN_PROGRESS,1,12,4,6,80,0,0,1,1
110,42,21,15,IN_PROGRESS,1,0,0,3,0,0,0,0,0
110,43,17,13,IN_PROGRESS,0,15,2,2,63,0,0,1,1
111,0,2,1,IN_PROGRESS,0,0,3,3,0,0,0,0,0
111,1,3,1,IN_PROGRESS,0,0,3,4,0,0,0,0,0
111,2,6,8,IN_PROGRESS,1,0,2,5,0,0,0,0,0
111,3,5,1,IN_PROGRESS,0,0,3,6,0,0,0,0,0
111,4,1,1,IN_PROGRESS,0,5,2,3,79,0,0,1,1
111,5,9,8,IN_PROGRESS,1,0,5,6,0,0,0,0,0
111,6,8,1,IN_PROGRESS,0,0,3,7,0,0,0,0,0
111,7,9,1,IN_PROGRESS,0,0,3,7,0,0,0,0,0
111,8,10,1,IN_PROGRESS,0,8,5,7,107,0,0,1,1
111,9,11,8,IN_PROGRESS,1,0,2,6,0,0,0,0,0
111,10,12,1,IN_PROGRESS,0,0,5,6,0,0,0,0,0
111,11,13,1,IN_PROGRESS,0,0,4,7,0,0,0,0,0
111,12,14,1,IN_PROGRESS,0,10,3,7,107,0,0,1,1
111,13,10,10,IN_PROGRESS,1,1,5,5,86,0,0,1,1
111,14,16,8,IN_PROGRESS,1,0,0,1,0,0,0,0,0
111,15,12,2,IN_PROGRESS,0,6,4,6,68,0,0,1,1
111,16,18,1,IN_PROGRESS,0,0,3,7,0,0,0,0,0
111,17,19,1,IN_PROGRESS,0,6,4,6,107,0,0,1,1
111,18,20,1,IN_PROGRESS,0,8,5,5,84,0,0,1,1
111,19,21,1,IN_PROGRESS,0,11,5,5,107,0,0,1,1
111,20,22,1,IN_PROGRESS,0,0,4,5,0,0,0,0,0
111,21,23,1,IN_PROGRESS,0,10,3,5,107,0,0,1,1
111,22,7,10,IN_PROGRESS,1,14,4,5,87,0,0,1,1
111,23,8,10,IN_PROGRESS,1,6,4,6,87,0,0,1,1
111,24,4,22,IN_PROGRESS,0,0,1,1,0,0,0,0,0
111,25,5,22,IN_PROGRESS,0,10,1,1,107,0,0,1,1
111,26,9,10,IN_PROGRESS,1,16,4,7,87,0,0,1,1
111,27,7,18,IN_PROGRESS,0,2,3,5,94,0,0,1,1
111,28,9,15,IN_PROGRESS,1,0,2,6,0,0,0,0,0
111,29,9,16,IN_PROGRESS,1,27,4,5,96,0,0,1,1
111,30,9,18,IN_PROGRESS,1,17,5,5,85,0,0,1,1
111,31,8,18,IN_PROGRESS,1,21,4,5,95,0,0,1,1
111,32,12,22,IN_PROGRESS,0,0,4,4,0,0,0,0,0
111,33,13,22,IN_PROGRESS,0,0,4,4,0,0,0,0,0
111,34,14,22,IN_PROGRESS,0,7,4,4,88,0,0,1,1
111,35,15,22,IN_PROGRESS,0,0,3,4,0,0,0,0,0
111,36,17,15,IN_PROGRESS,1,6,2,5,82,0,0,1,1
111,37,17,14,IN_PROGRESS,0,8,2,4,82,0,0,1,1
111,38,12,21,IN_PROGRESS,0,7,3,5,58,0,0,1,1
111,39,19,18,IN_PROGRESS,1,20,1,3,85,0,0,1,1
111,40,18,18,IN_PROGRESS,0,2,1,3,93,0,0,1,1
111,41,10,18,IN_PROGRESS,1,12,4,6,81,0,0,1,1
111,42,21,15,IN_PROGRESS,1,0,0,3,0,0,0,0,0
111,43,17,13,IN_PROGRESS,0,15,2,2,64,0,0,1,1
112,0,2,1,IN_PROGRESS,0,0,3,3,0,0,0,0,0
112,1,3,1,IN_PROGRESS,0,0,3,4,0,0,0,0,0
112,2,6,8,IN_PROGRESS,1,0,2,5,0,0,0,0,0
112,3,5,1,IN_PROGRESS,0,0,3,6,0,0,0,0,0
112,4,1,1,IN_PROGRESS,0,5,2,3,80,0,0,1,1
112,5,9,8,IN_PROGRESS,1,0,5,6,0,0,0,0,0
112,6,8,1,IN_PROGRESS,0,0,3,7,0,0,0,0,0
112,7,9,1,IN_PROGRESS,0,0,3,7,0,0,0,0,0
112,8,10,1,IN_PROGRESS,0,8,5,7,108,0,0,1,1
112,9,11,8,IN_PROGRESS,1,0,2,6,0,0,0,0,0
112,10,12,1,IN_PROGRESS,0,0,5,6,0,0,0,0,0
112,11,13,1,IN_PROGRESS,0,0,4,7,0,0,0,0,0
112,12,14,1,IN_PROGRESS,0,10,3,7,108,0,0,1,1
112,13,10,10,IN_PROGRESS,1,1,5,5,87,0,0,1,1
112,14,16,8,IN_PROGRESS,1,0,0,1,0,0,0,0,0
112,15,12,2,IN_PROGRESS,0,6,4,6,69,0,0,1,1
112,16,18,1,IN_PROGRESS,0,0,3,7,0,0,0,0,0
112,17,19,1,IN_PROGRESS,0,6,4,6,108,0,0,1,1
112,18,20,1,IN_PROGRESS,0,8,5,5,85,0,0,1,1
112,19,21,1,IN_PROGRESS,0,11,5,5,108,0,0,1,1
112,20,22,1,IN_PROGRESS,0,0,4,5,0,0,0,0,0
112,21,23,1,IN_PROGRESS,0,10,3,5,108,0,0,1,1
112,22,7,10,IN_PROGRESS,1,14,4,5,88,0,0,1,1
112,23,8,10,IN_PROGRESS,1,6,4,6,88,0,0,1,1
112,24,4,22,IN_PROGRESS,0,0,1,1,0,0,0,0,0
112,25,5,22,IN_PROGRESS,0,10,1,1,108,0,0,1,1
112,26,9,10,IN_PROGRESS,1,16,4,7,88,0,0,1,1
112,27,7,18,IN_PROGRESS,0,2,3,5,95,0,0,1,1
112,28,9,15,IN_PROGRESS,1,0,2,6,0,0,0,0,0
112,29,9,16,IN_PROGRESS,1,27,4,5,97,0,0,1,1
112,30,9,18,IN_PROGRESS,1,17,5,5,86,0,0,1,1
112,31,8,18,IN_PROGRESS,1,21,4,5,96,0,0,1,1
112,32,12,22,IN_PROGRESS,0,0,4,4,0,0,0,0,0
112,33,13,22,IN_PROGRESS,0,0,4,4,0,0,0,0,0
112,34,14,22,IN_PROGRESS,0,7,4,4,89,0,0,1,1
112,35,15,22,IN_PROGRESS,0,0,3,4,0,0,0,0,0
112,36,17,15,IN_PROGRESS,1,6,2,5,83,0,0,1,1
112,37,17,14,IN_PROGRESS,0,8,2,4,83,0,0,1,1
112,38,12,21,IN_PROGRESS,0,7,3,5,59,0,0,1,1
112,39,19,18,IN_PROGRESS,1,20,1,3,86,0,0,1,1
112,40,18,18,IN_PROGRESS,0,2,1,3,94,0,0,1,1
112,41,10,18,IN_PROGRESS,1,12,4,6,82,0,0,1,1
112,42,21,15,IN_PROGRESS,1,0,0,3,0,0,0,0,0
112,43,17,13,IN_PROGRESS,0,15,2,2,65,0,0,1,1
113,0,2,1,IN_PROGRESS,0,0,3,3,0,0,0,0,0
113,1,3,1,IN_PROGRESS,0,0,3,4,0,0,0,0,0
113,2,6,8,IN_PROGRESS,1,0,2,5,0,0,0,0,0
113,3,5,1,IN_PROGRESS,0,0,3,6,0,0,0,0,0
113,4,1,1,IN_PROGRESS,0,5,2,3,81,0,0,1,1
113,5,9,8,IN_PROGRESS,1,0,5,6,0,0,0,0,0
113,6,8,1,IN_PROGRESS,0,0,3,7,0,0,0,0,0
113,7,9,1,IN_PROGRESS,0,0,3,7,0,0,0,0,0
113,8,10,1,IN_PROGRESS,0,8,5,7,109,0,0,1,1
113,9,11,8,IN_PROGRESS,1,0,2,6,0,0,0,0,0
113,10,12,1,IN_PROGRESS,0,0,5,6,0,0,0,0,0
113,11,13,1,IN_PROGRESS,0,0,4,7,0,0,0,0,0
113,12,14,1,IN_PROGRESS,0,10,3,7,109,0,0,1,1
113,13,10,10,IN_PROGRESS,1,1,5,5,88,0,0,1,1
113,14,16,8,IN_PROGRESS,1,0,0,1,0,0,0,0,0
113,15,12,2,IN_PROGRESS,0,6,4,6,70,0,0,1,1
113,16,18,1,IN_PROGRESS,0,0,3,7,0,0,0,0,0
113,17,19,1,IN_PROGRESS,0,6,4,6,109,0,0,1,1
113,18,20,1,IN_PROGRESS,0,8,5,5,86,0,0,1,1
113,19,21,1,IN_PROGRESS,0,11,5,5,109,0,0,1,1
113,20,22,1,IN_PROGRESS,0,0,4,5,0,0,0,0,0
113,21,23,1,IN_PROGRESS,0,10,3,5,109,0,0,1,1
113,22,7,10,IN_PROGRESS,1,14,4,5,89,0,0,1,1
113,23,8,10,IN_PROGRESS,1,6,4,6,89,0,0,1,1
113,24,4,22,IN_PROGRESS,0,0,1,1,0,0,0,0,0
113,25,5,22,IN_PROGRESS,0,10,1,1,109,0,0,1,1
113,26,9,10,IN_PROGRESS,1,16,4,7,89,0,0,1,1
113,27,7,18,IN_PROGRESS,0,2,3,5,96,0,0,1,1
113,28,9,15,IN_PROGRESS,1,0,2,6,0,0,0,0,0
113,29,9,16,IN_PROGRESS,1,27,4,5,98,0,0,1,1
113,30,9,18,IN_PROGRESS,1,17,5,5,87,0,0,1,1
113,31,8,18,IN_PROGRESS,1,21,4,5,97,0,0,1,1
113,32,12,22,IN_PROGRESS,0,0,4,4,0,0,0,0,0
113,33,13,22,IN_PROGRESS,0,0,4,4,0,0,0,0,0
113,34,14,22,IN_PROGRESS,0,7,4,4,90,0,0,1,1
113,35,15,22,IN_PROGRESS,0,0,3,4,0,0,0,0,0
113,36,17,15,IN_PROGRESS,1,6,2,5,84,0,0,1,1
113,37,17,14,IN_PROGRESS,0,8,2,4,84,0,0,1,1
113,38,12,21,IN_PROGRESS,0,7,3,5,60,0,0,1,1
113,39,19,18,IN_PROGRESS,1,20,1,3,87,0,0,1,1
113,40,18,18,IN_PROGRESS,0,2,1,3,95,0,0,1,1
113,41,10,18,IN_PROGRESS,1,12,4,6,83,0,0,1,1
113,42,21,15,IN_PROGRESS,1,0,0,3,0,0,0,0,0
113,43,17,13,IN_PROGRESS,0,15,2,2,66,0,0,1,1
114,0,2,1,IN_PROGRESS,0,0,3,3,0,0,0,0,0
114,1,3,1,IN_PROGRESS,0,0,3,4,0,0,0,0,0
114,2,6,8,IN_PROGRESS,1,0,2,5,0,0,0,0,0
114,3,5,1,IN_PROGRESS,0,0,3,6,0,0,0,0,0
114,4,1,1,IN_PROGRESS,0,5,2,3,82,0,0,1,1
114,5,9,8,IN_PROGRESS,1,0,5,6,0,0,0,0,0
114,6,8,1,IN_PROGRESS,0,0,3,7,0,0,0,0,0
114,7,9,1,IN_PROGRESS,0,0,3,7,0,0,0,0,0
114,8,10,1,IN_PROGRESS,0,8,5,7,110,0,0,1,1
114,9,11,8,IN_PROGRESS,1,0,2,6,0,0,0,0,0
114,10,12,1,IN_PROGRESS,0,0,5,6,0,0,0,0,0
114,11,13,1,IN_PROGRESS,0,0,4,7,0,0,0,0,0
114,12,14,1,IN_PROGRESS,0,10,3,7,110,0,0,1,1
114,13,10,10,IN_PROGRESS,1,1,5,5,89,0,0,1,1
114,14,16,8,IN_PROGRESS,1,0,0,1,0,0,0,0,0
114,15,12,2,IN_PROGRESS,0,6,4,6,71,0,0,1,1
114,16,18,1,IN_PROGRESS,0,0,3,7,0,0,0,0,0
114,17,19,1,IN_PROGRESS,0,6,4,6,110,0,0,1,1
114,18,20,1,IN_PROGRESS,0,8,5,5,87,0,0,1,1
114,19,21,1,IN_PROGRESS,0,11,5,5,110,0,0,1,1
114,20,22,1,IN_PROGRESS,0,0,4,5,0,0,0,0,0
114,21,23,1,IN_PROGRESS,0,10,3,5,110,0,0,1,1
114,22,7,10,IN_PROGRESS,1,14,4,5,90,0,0,1,1
114,23,8,10,IN_PROGRESS,1,6,4,6,90,0,0,1,1
114,24,4,22,IN_PROGRESS,0,0,1,1,0,0,0,0,0
114,25,5,22,IN_PROGRESS,0,10,1,1,110,0,0,1,1
114,26,9,10,IN_PROGRESS,1,16,4,7,90,0,0,1,1
114,27,7,18,IN_PROGRESS,0,2,3,5,97,0,0,1,1
114,28,9,15,IN_PROGRESS,1,0,2,6,0,0,0,0,0
114,29,9,16,IN_PROGRESS,1,27,4,5,99,0,0,1,1
114,30,9,18,IN_PROGRESS,1,17,5,5,88,0,0,1,1
114,31,8,18,IN_PROGRESS,1,21,4,5,98,0,0,1,1
114,32,12,22,IN_PROGRESS,0,0,4,4,0,0,0,0,0
114,33,13,22,IN_PROGRESS,0,0,4,4,0,0,0,0,0
114,34,14,22,IN_PROGRESS,0,7,4,4,91,0,0,1,1
114,35,15,22,IN_PROGRESS,0,0,3,4,0,0,0,0,0
114,36,17,15,IN_PROGRESS,1,6,2,5,85,0,0,1,1
114,37,17,14,IN_PROGRESS,0,8,2,4,85,0,0,1,1
114,38,12,21,IN_PROGRESS,0,7,3,5,61,0,0,1,1
114,39,19,18,IN_PROGRESS,1,20,1,3,88,0,0,1,1
114,40,18,18,IN_PROGRESS,0,2,1,3,96,0,0,1,1
114,41,10,18,IN_PROGRESS,1,12,4,6,84,0,0,1,1
114,42,21,15,IN_PROGRESS,1,0,0,3,0,0,0,0,0
114,43,17,13,IN_PROGRESS,0,15,2,2,67,0,0,1,1
115,0,2,1,IN_PROGRESS,0,0,3,3,0,0,0,0,0
115,1,3,1,IN_PROGRESS,0,0,3,4,0,0,0,0,0
115,2,6,8,IN_PROGRESS,1,0,2,5,0,0,0,0,0
115,3,5,1,IN_PROGRESS,0,0,3,6,0,0,0,0,0
115,4,1,1,IN_PROGRESS,0,5,2,3,83,0,0,1,1
115,5,9,8,IN_PROGRESS,1,0,5,6,0,0,0,0,0
115,6,8,1,IN_PROGRESS,0,0,3,7,0,0,0,0,0
115,7,9,1,IN_PROGRESS,0,0,3,7,0,0,0,0,0
115,8,10,1,IN_PROGRESS,0,8,5,7,111,0,0,1,1
115,9,11,8,IN_PROGRESS,1,0,2,6,0,0,0,0,0
115,10,12,1,IN_PROGRESS,0,0,5,6,0,0,0,0,0
115,11,13,1,IN_PROGRESS,0,0,4,7,0,0,0,0,0
115,12,14,1,IN_PROGRESS,0,10,3,7,111,0,0,1,1
115,13,10,10,IN_PROGRESS,1,1,5,5,90,0,0,1,1
115,14,16,8,IN_PROGRESS,1,0,0,1,0,0,0,0,0
115,15,12,2,IN_PROGRESS,0,6,4,6,72,0,0,1,1
115,16,18,1,IN_PROGRESS,0,0,3,7,0,0,0,0,0
115,17,19,1,IN_PROGRESS,0,6,4,6,111,0,0,1,1
115,18,20,1,IN_PROGRESS,0,8,5,5,88,0,0,1,1
115,19,21,1,IN_PROGRESS,0,11,5,5,111,0,0,1,1
115,20,22,1,IN_PROGRESS,0,0,4,5,0,0,0,0,0
115,21,23,1,IN_PROGRESS,0,10,3,5,111,0,0,1,1
115,22,7,10,IN_PROGRESS,1,14,4,5,91,0,0,1,1
115,23,8,10,IN_PROGRESS,1,6,4,6,91,0,0,1,1
115,24,4,22,IN_PROGRESS,0,0,1,1,0,0,0,0,0
115,25,5,22,IN_PROGRESS,0,10,1,1,111,0,0,1,1
115,26,9,10,IN_PROGRESS,1,16,4,7,91,0,0,1,1
115,27,7,18,IN_PROGRESS,0,2,3,5,98,0,0,1,1
115,28,9,15,IN_PROGRESS,1,0,2,6,0,0,0,0,0
115,29,9,16,IN_PROGRESS,1,27,4,5,100,0,0,1,1
115,30,9,18,IN_PROGRESS,1,17,5,5,89,0,0,1,1
115,31,8,18,IN_PROGRESS,1,21,4,5,99,0,0,1,1
115,32,12,22,IN_PROGRESS,0,0,4,4,0,0,0,0,0
115,33,13,22,IN_PROGRESS,0,0,4,4,0,0,0,0,0
115,34,14,22,IN_PROGRESS,0,7,4,4,92,0,0,1,1
115,35,15,22,IN_PROGRESS,0,0,3,4,0,0,0,0,0
115,36,17,15,IN_PROGRESS,1,6,2,5,86,0,0,1,1
115,37,17,14,IN_PROGRESS,0,8,2,4,86,0,0,1,1
115,38,12,21,IN_PROGRESS,0,7,3,5,62,0,0,1,1
115,39,19,18,IN_PROGRESS,1,20,1,3,89,0,0,1,1
115,40,18,18,IN_PROGRESS,0,2,1,3,97,0,0,1,1
115,41,10,18,IN_PROGRESS,1,12,4,6,85,0,0,1,1
115,42,21,15,IN_PROGRESS,1,0,0,3,0,0,0,0,0
115,43,17,13,IN_PROGRESS,0,15,2,2,68,0,0,1,1
116,0,2,1,IN_PROGRESS,0,0,3,3,0,0,0,0,0
116,1,3,1,IN_PROGRESS,0,0,3,4,0,0,0,0,0
116,2,6,8,IN_PROGRESS,1,0,2,5,0,0,0,0,0
116,3,5,1,IN_PROGRESS,0,0,3,6,0,0,0,0,0
116,4,1,1,IN_PROGRESS,0,5,2,3,84,0,0,1,1
116,5,9,8,IN_PROGRESS,1,0,5,6,0,0,0,0,0
116,6,8,1,IN_PROGRESS,0,0,3,7,0,0,0,0,0
116,7,9,1,IN_PROGRESS,0,0,3,7,0,0,0,0,0
116,8,10,1,IN_PROGRESS,0,8,5,7,112,0,0,1,1
116,9,11,8,IN_PROGRESS,1,0,2,6,0,0,0,0,0
116,10,12,1,IN_PROGRESS,0,0,5,6,0,0,0,0,0
116,11,13,1,IN_PROGRESS,0,0,4,7,0,0,0,0,0
116,12,14,1,IN_PROGRESS,0,10,3,7,112,0,0,1,1
116,13,10,10,IN_PROGRESS,1,1,5,5,91,0,0,1,1
116,14,16,8,IN_PROGRESS,1,0,0,1,0,0,0,0,0
116,15,12,2,IN_PROGRESS,0,6,4,6,73,0,0,1,1
116,16,18,1,IN_PROGRESS,0,0,3,7,0,0,0,0,0
116,17,19,1,IN_PROGRESS,0,6,4,6,112,0,0,1,1
116,18,20,1,IN_PROGRESS,0,8,5,5,89,0,0,1,1
116,19,21,1,IN_PROGRESS,0,11,5,5,112,0,0,1,1
116,20,22,1,IN_PROGRESS,0,0,4,5,0,0,0,0,0
116,21,23,1,IN_PROGRESS,0,10,3,5,112,0,0,1,1
116,22,7,10,IN_PROGRESS,1,14,4,5,92,0,0,1,1
116,23,8,10,IN_PROGRESS,1,6,4,6,92,0,0,1,1
116,24,4,22,IN_PROGRESS,0,0,1,1,0,0,0,0,0
116,25,5,22,IN_PROGRESS,0,10,1,1,112,0,0,1,1
116,26,9,10,IN_PROGRESS,1,16,4,7,92,0,0,1,1
116,27,7,18,IN_PROGRESS,0,2,3,5,99,0,0,1,1
116,28,9,15,IN_PROGRESS,1,0,2,6,0,0,0,0,0
116,29,9,16,IN_PROGRESS,1,27,4,5,101,0,0,1,1
116,30,9,18,IN_PROGRESS,1,17,5,5,90,0,0,1,1
116,31,8,18,IN_PROGRESS,1,21,4,5,100,0,0,1,1
116,32,12,22,IN_PROGRESS,0,0,4,4,0,0,0,0,0
116,33,13,22,IN_PROGRESS,0,0,4,4,0,0,0,0,0
116,34,14,22,IN_PROGRESS,0,7,4,4,93,0,0,1,1
116,35,15,22,IN_PROGRESS,0,0,3,4,0,0,0,0,0
116,36,17,15,IN_PROGRESS,1,6,2,5,87,0,0,1,1
116,37,17,14,IN_PROGRESS,0,8,2,4,87,0,0,1,1
116,38,12,21,IN_PROGRESS,0,7,3,5,63,0,0,1,1
116,39,19,18,IN_PROGRESS,1,20,1,3,90,0,0,1,1
116,40,18,18,IN_PROGRESS,0,2,1,3,98,0,0,1,1
116,41,10,18,IN_PROGRESS,1,12,4,6,86,0,0,1,1
116,42,21,15,IN_PROGRESS,1,0,0,3,0,0,0,0,0
116,43,17,13,IN_PROGRESS,0,15,2,2,69,0,0,1,1
117,0,2,1,IN_PROGRESS,0,0,3,3,0,0,0,0,0
117,1,3,1,IN_PROGRESS,0,0,3,4,0,0,0,0,0
117,2,6,8,IN_PROGRESS,1,0,2,5,0,0,0,0,0
117,3,5,1,IN_PROGRESS,0,0,3,6,0,0,0,0,0
117,4,1,1,IN_PROGRESS,0,5,2,3,85,0,0,1,1
117,5,9,8,IN_PROGRESS,1,0,5,6,0,0,0,0,0
117,6,8,1,IN_PROGRESS,0,0,3,7,0,0,0,0,0
117,7,9,1,IN_PROGRESS,0,0,3,7,0,0,0,0,0
117,8,10,1,IN_PROGRESS,0,8,5,7,113,0,0,1,1
117,9,11,8,IN_PROGRESS,1,0,2,6,0,0,0,0,0
117,10,12,1,IN_PROGRESS,0,0,5,6,0,0,0,0,0
117,11,13,1,IN_PROGRESS,0,0,4,7,0,0,0,0,0
117,12,14,1,IN_PROGRESS,0,10,3,7,113,0,0,1,1
117,13,10,10,IN_PROGRESS,1,1,5,5,92,0,0,1,1
117,14,16,8,IN_PROGRESS,1,0,0,1,0,0,0,0,0
117,15,12,2,IN_PROGRESS,0,6,4,6,74,0,0,1,1
117,16,18,1,IN_PROGRESS,0,0,3,7,0,0,0,0,0
117,17,19,1,IN_PROGRESS,0,6,4,6,113,0,0,1,1
117,18,20,1,IN_PROGRESS,0,8,5,5,90,0,0,1,1
117,19,21,1,IN_PROGRESS,0,11,5,5,113,0,0,1,1
117,20,22,1,IN_PROGRESS,0,0,4,5,0,0,0,0,0
117,21,23,1,IN_PROGRESS,0,10,3,5,113,0,0,1,1
117,22,7,10,IN_PROGRESS,1,14,4,5,93,0,0,1,1
117,23,8,10,IN_PROGRESS,1,6,4,6,93,0,0,1,1
117,24,4,22,IN_PROGRESS,0,0,1,1,0,0,0,0,0
117,25,5,22,IN_PROGRESS,0,10,1,1,113,0,0,1,1
117,26,9,10,IN_PROGRESS,1,16,4,7,93,0,0,1,1
117,27,7,18,IN_PROGRESS,0,2,3,5,100,0,0,1,1
117,28,9,15,IN_PROGRESS,1,0,2,6,0,0,0,0,0
117,29,9,16,IN_PROGRESS,1,27,4,5,102,0,0,1,1
117,30,9,18,IN_PROGRESS,1,18,5,5,91,0,0,1,1
117,31,8,18,IN_PROGRESS,1,21,4,5,101,0,0,1,1
117,32,12,22,IN_PROGRESS,0,0,4,4,0,0,0,0,0
117,33,13,22,IN_PROGRESS,0,0,4,4,0,0,0,0,0
117,34,14,22,IN_PROGRESS,0,7,4,4,94,0,0,1,1
117,35,15,22,IN_PROGRESS,0,0,3,4,0,0,0,0,0
117,36,17,15,IN_PROGRESS,1,6,2,5,88,0,0,1,1
117,37,17,14,IN_PROGRESS,0,8,2,4,88,0,0,1,1
117,38,12,21,IN_PROGRESS,0,7,3,5,64,0,0,1,1
117,39,19,18,IN_PROGRESS,1,20,1,3,91,0,0,1,1
117,40,18,18,IN_PROGRESS,0,2,1,3,99,0,0,1,1
117,41,10,18,IN_PROGRESS,1,12,4,6,87,0,0,1,1
117,42,21,15,IN_PROGRESS,1,0,0,3,0,0,0,0,0
117,43,17,13,IN_PROGRESS,0,15,2,2,70,0,0,1,1
118,0,2,1,IN_PROGRESS,0,0,3,3,0,0,0,0,0
118,1,3,1,IN_PROGRESS,0,0,3,4,0,0,0,0,0
118,2,6,8,IN_PROGRESS,1,0,2,5,0,0,0,0,0
118,3,5,1,IN_PROGRESS,0,0,3,6,0,0,0,0,0
118,4,1,1,IN_PROGRESS,0,5,2,3,86,0,0,1,1
118,5,9,8,IN_PROGRESS,1,0,5,6,0,0,0,0,0
118,6,8,1,IN_PROGRESS,0,0,3,7,0,0,0,0,0
118,7,9,1,IN_PROGRESS,0,0,3,7,0,0,0,0,0
118,8,10,1,IN_PROGRESS,0,8,5,7,114,0,0,1,1
118,9,11,8,IN_PROGRESS,1,0,2,6,0,0,0,0,0
118,10,12,1,IN_PROGRESS,0,0,5,6,0,0,0,0,0
118,11,13,1,IN_PROGRESS,0,0,4,7,0,0,0,0,0
118,12,14,1,IN_PROGRESS,0,10,3,7,114,0,0,1,1
118,13,10,10,IN_PROGRESS,1,1,5,5,93,0,0,1,1
118,14,16,8,IN_PROGRESS,1,0,0,1,0,0,0,0,0
118,15,12,2,IN_PROGRESS,0,6,4,6,75,0,0,1,1
118,16,18,1,IN_PROGRESS,0,0,3,7,0,0,0,0,0
118,17,19,1,IN_PROGRESS,0,6,4,6,114,0,0,1,1
118,18,20,1,IN_PROGRESS,0,8,5,5,91,0,0,1,1
118,19,21,1,IN_PROGRESS,0,11,5,5,114,0,0,1,1
118,20,22,1,IN_PROGRESS,0,0,4,5,0,0,0,0,0
118,21,23,1,IN_PROGRESS,0,10,3,5,114,0,0,1,1
118,22,7,10,IN_PROGRESS,1,14,4,5,94,0,0,1,1
118,23,8,10,IN_PROGRESS,1,6,4,6,94,0,0,1,1
118,24,4,22,IN_PROGRESS,0,0,1,1,0,0,0,0,0
118,25,5,22,IN_PROGRESS,0,10,1,1,114,0,0,1,1
118,26,9,10,IN_PROGRESS,1,16,4,7,94,0,0,1,1
118,27,7,18,IN_PROGRESS,0,2,3,5,101,0,0,1,1
118,28,9,15,IN_PROGRESS,1,0,2,6,0,0,0,0,0
118,29,9,16,IN_PROGRESS,1,27,4,5,103,0,0,1,1
118,30,9,18,IN_PROGRESS,1,17,5,5,92,0,0,1,1
118,31,8,18,IN_PROGRESS,1,21,4,5,102,0,0,1,1
118,32,12,22,IN_PROGRESS,0,0,4,4,0,0,0,0,0
118,33,13,22,IN_PROGRESS,0,0,4,4,0,0,0,0,0
118,34,14,22,IN_PROGRESS,0,7,4,4,95,0,0,1,1
118,35,15,22,IN_PROGRESS,0,0,3,4,0,0,0,0,0
118,36,17,15,IN_PROGRESS,1,6,2,5,89,0,0,1,1
118,37,17,14,IN_PROGRESS,0,8,2,4,89,0,0,1,1
118,38,12,21,IN_PROGRESS,0,7,3,5,65,0,0,1,1
118,39,19,18,IN_PROGRESS,1,20,1,3,92,0,0,1,1
118,40,18,18,IN_PROGRESS,0,2,1,3,100,0,0,1,1
118,41,10,18,IN_PROGRESS,1,12,4,6,88,0,0,1,1
118,42,21,15,IN_PROGRESS,1,0,0,3,0,0,0,0,0
118,43,17,13,IN_PROGRESS,0,15,2,2,71,0,0,1,1
119,0,2,1,IN_PROGRESS,0,0,3,3,0,0,0,0,0
119,1,3,1,IN_PROGRESS,0,0,3,4,0,0,0,0,0
119,2,6,8,IN_PROGRESS,1,0,2,5,0,0,0,0,0
119,3,5,1,IN_PROGRESS,0,0,3,6,0,0,0,0,0
119,4,1,1,IN_PROGRESS,0,5,2,3,87,0,0,1,1
119,5,9,8,IN_PROGRESS,1,0,5,6,0,0,0,0,0
119,6,8,1,IN_PROGRESS,0,0,3,7,0,0,0,0,0
119,7,9,1,IN_PROGRESS,0,0,3,7,0,0,0,0,0
119,8,10,1,IN_PROGRESS,0,8,5,7,115,0,0,1,1
119,9,11,8,IN_PROGRESS,1,0,2,6,0,0,0,0,0
119,10,12,1,IN_PROGRESS,0,0,5,6,0,0,0,0,0
119,11,13,1,IN_PROGRESS,0,0,4,7,0,0,0,0,0
119,12,14,1,IN_PROGRESS,0,10,3,7,115,0,0,1,1
119,13,10,10,IN_PROGRESS,1,1,5,5,94,0,0,1,1
119,14,16,8,IN_PROGRESS,1,0,0,1,0,0,0,0,0
119,15,12,2,IN_PROGRESS,0,6,4,6,76,0,0,1,1
119,16,18,1,IN_PROGRESS,0,0,3,7,0,0,0,0,0
119,17,19,1,IN_PROGRESS,0,6,4,6,115,0,0,1,1
119,18,20,1,IN_PROGRESS,0,8,5,5,92,0,0,1,1
119,19,21,1,IN_PROGRESS,0,11,5,5,115,0,0,1,1
119,20,22,1,IN_PROGRESS,0,0,4,5,0,0,0,0,0
119,21,23,1,IN_PROGRESS,0,10,3,5,115,0,0,1,1
119,22,7,10,IN_PROGRESS,1,14,4,5,95,0,0,1,1
119,23,8,10,IN_PROGRESS,1,6,4,6,95,0,0,1,1
119,24,4,22,IN_PROGRESS,0,0,1,1,0,0,0,0,0
119,25,5,22,IN_PROGRESS,0,10,1,1,115,0,0,1,1
119,26,9,10,IN_PROGRESS,1,16,4,7,95,0,0,1,1
119,27,7,18,IN_PROGRESS,0,2,3,5,102,0,0,1,1
119,28,9,15,IN_PROGRESS,1,0,2,6,0,0,0,0,0
119,29,9,16,IN_PROGRESS,1,27,4,5,104,0,0,1,1
119,30,9,18,IN_PROGRESS,1,17,5,5,93,0,0,1,1
119,31,8,18,IN_PROGRESS,1,21,4,5,103,0,0,1,1
119,32,12,22,IN_PROGRESS,0,0,4,4,0,0,0,0,0
119,33,13,22,IN_PROGRESS,0,0,4,4,0,0,0,0,0
119,34,14,22,IN_PROGRESS,0,7,4,4,96,0,0,1,1
119,35,15,22,IN_PROGRESS,0,0,3,4,0,0,0,0,0
119,36,17,15,IN_PROGRESS,1,6,2,5,90,0,0,1,1
119,37,17,14,IN_PROGRESS,0,8,2,4,90,0,0,1,1
119,38,12,21,IN_PROGRESS,0,7,3,5,66,0,0,1,1
119,39,19,18,IN_PROGRESS,1,20,1,3,93,0,0,1,1
119,40,18,18,IN_PROGRESS,0,2,1,3,101,0,0,1,1
119,41,10,18,IN_PROGRESS,1,12,4,6,89,0,0,1,1
119,42,21,15,IN_PROGRESS,1,0,0,3,0,0,0,0,0
119,43,17,13,IN_PROGRESS,0,15,2,2,72,0,0,1,1
120,0,2,1,IN_PROGRESS,0,0,3,3,0,0,0,0,0
120,1,3,1,IN_PROGRESS,0,0,3,4,0,0,0,0,0
120,2,6,8,IN_PROGRESS,1,0,2,5,0,0,0,0,0
120,3,5,1,IN_PROGRESS,0,0,3,6,0,0,0,0,0
120,4,1,1,IN_PROGRESS,0,5,2,3,88,0,0,1,1
120,5,9,8,IN_PROGRESS,1,0,5,6,0,0,0,0,0
120,6,8,1,IN_PROGRESS,0,0,3,7,0,0,0,0,0
120,7,9,1,IN_PROGRESS,0,0,3,7,0,0,0,0,0
120,8,10,1,IN_PROGRESS,0,8,5,7,116,0,0,1,1
120,9,11,8,IN_PROGRESS,1,0,2,6,0,0,0,0,0
120,10,12,1,IN_PROGRESS,0,0,5,6,0,0,0,0,0
120,11,13,1,IN_PROGRESS,0,0,4,7,0,0,0,0,0
120,12,14,1,IN_PROGRESS,0,11,3,7,116,0,0,1,1
120,13,10,10,IN_PROGRESS,1,1,5,5,95,0,0,1,1
120,14,16,8,IN_PROGRESS,1,0,0,1,0,0,0,0,0
120,15,12,2,IN_PROGRESS,0,6,4,6,77,0,0,1,1
120,16,18,1,IN_PROGRESS,0,0,3,7,0,0,0,0,0
120,17,19,1,IN_PROGRESS,0,6,4,6,116,0,0,1,1
120,18,20,1,IN_PROGRESS,0,8,5,5,93,0,0,1,1
120,19,21,1,IN_PROGRESS,0,11,5,5,116,0,0,1,1
120,20,22,1,IN_PROGRESS,0,0,4,5,0,0,0,0,0
120,21,23,1,IN_PROGRESS,0,11,3,5,116,0,0,1,1
120,22,7,10,IN_PROGRESS,1,14,4,5,96,0,0,1,1
120,23,8,10,IN_PROGRESS,1,6,4,6,96,0,0,1,1
120,24,4,22,IN_PROGRESS,0,0,1,1,0,0,0,0,0
120,25,5,22,IN_PROGRESS,0,10,1,1,116,0,0,1,1
120,26,9,10,IN_PROGRESS,1,16,4,7,96,0,0,1,1
120,27,7,18,IN_PROGRESS,0,2,3,5,103,0,0,1,1
120,28,9,15,IN_PROGRESS,1,0,2,6,0,0,0,0,0
120,29,9,16,IN_PROGRESS,1,27,4,5,105,0,0,1,1
120,30,9,18,IN_PROGRESS,1,17,5,5,94,0,0,1,1
120,31,8,18,IN_PROGRESS,1,21,4,5,104,0,0,1,1
120,32,12,22,IN_PROGRESS,0,0,4,4,0,0,0,0,0
120,33,13,22,IN_PROGRESS,0,0,4,4,0,0,0,0,0
120,34,14,22,IN_PROGRESS,0,7,4,4,97,0,0,1,1
120,35,15,22,IN_PROGRESS,0,0,3,4,0,0,0,0,0
120,36,17,15,IN_PROGRESS,1,6,2,5,91,0,0,1,1
120,37,17,14,IN_PROGRESS,0,8,2,4,91,0,0,1,1
120,38,12,21,IN_PROGRESS,0,7,3,5,67,0,0,1,1
120,39,19,18,IN_PROGRESS,1,20,1,3,94,0,0,1,1
120,40,18,18,IN_PROGRESS,0,2,1,3,102,0,0,1,1
120,41,10,18,IN_PROGRESS,1,12,4,6,90,0,0,1,1
120,42,21,15,IN_PROGRESS,1,0,0,3,0,0,0,0,0
120,43,17,13,IN_PROGRESS,0,15,2,2,73,0,0,1,1
121,0,2,1,IN_PROGRESS,0,0,3,3,0,0,0,0,0
121,1,3,1,IN_PROGRESS,0,0,3,4,0,0,0,0,0
121,2,6,8,IN_PROGRESS,1,0,2,5,0,0,0,0,0
121,3,5,1,IN_PROGRESS,0,0,3,6,0,0,0,0,0
121,4,1,1,IN_PROGRESS,0,5,2,3,89,0,0,1,1
121,5,9,8,IN_PROGRESS,1,0,5,6,0,0,0,0,0
121,6,8,1,IN_PROGRESS,0,0,3,7,0,0,0,0,0
121,7,9,1,IN_PROGRESS,0,0,3,7,0,0,0,0,0
121,8,10,1,IN_PROGRESS,0,8,5,7,117,0,0,1,1
121,9,11,8,IN_PROGRESS,1,0,2,6,0,0,0,0,0
121,10,12,1,IN_PROGRESS,0,0,5,6,0,0,0,0,0
121,11,13,1,IN_PROGRESS,0,0,4,7,0,0,0,0,0
121,12,14,1,IN_PROGRESS,0,10,3,7,117,0,0,1,1
121,13,10,10,IN_PROGRESS,1,1,5,5,96,0,0,1,1
121,14,16,8,IN_PROGRESS,1,0,0,1,0,0,0,0,0
121,15,12,2,IN_PROGRESS,0,6,4,6,78,0,0,1,1
121,16,18,1,IN_PROGRESS,0,0,3,7,0,0,0,0,0
121,17,19,1,IN_PROGRESS,0,6,4,6,117,0,0,1,1
121,18,20,1,IN_PROGRESS,0,8,5,5,94,0,0,1,1
121,19,21,1,IN_PROGRESS,0,11,5,5,117,0,0,1,1
121,20,22,1,IN_PROGRESS,0,0,4,5,0,0,0,0,0
121,21,23,1,IN_PROGRESS,0,10,3,5,117,0,0,1,1
121,22,7,10,IN_PROGRESS,1,14,4,5,97,0,0,1,1
121,23,8,10,IN_PROGRESS,1,6,4,6,97,0,0,1,1
121,24,4,22,IN_PROGRESS,0,0,1,1,0,0,0,0,0
121,25,5,22,IN_PROGRESS,0,10,1,1,117,0,0,1,1
121,26,9,10,IN_PROGRESS,1,16,4,7,97,0,0,1,1
121,27,7,18,IN_PROGRESS,0,2,3,5,104,0,0,1,1
121,28,9,15,IN_PROGRESS,1,0,2,6,0,0,0,0,0
121,29,9,16,IN_PROGRESS,1,27,4,5,106,0,0,1,1
121,30,9,18,IN_PROGRESS,1,17,5,5,95,0,0,1,1
121,31,8,18,IN_PROGRESS,1,21,4,5,105,0,0,1,1
121,32,12,22,IN_PROGRESS,0,0,4,4,0,0,0,0,0
121,33,13,22,IN_PROGRESS,0,0,4,4,0,0,0,0,0
121,34,14,22,IN_PROGRESS,0,7,4,4,98,0,0,1,1
121,35,15,22,IN_PROGRESS,0,0,3,4,0,0,0,0,0
121,36,17,15,IN_PROGRESS,1,6,2,5,92,0,0,1,1
121,37,17,14,IN_PROGRESS,0,8,2,4,92,0,0,1,1
121,38,12,21,IN_PROGRESS,0,7,3,5,68,0,0,1,1
121,39,19,18,IN_PROGRESS,1,20,1,3,95,0,0,1,1
121,40,18,18,IN_PROGRESS,0,2,1,3,103,0,0,1,1
121,41,10,18,IN_PROGRESS,1,12,4,6,91,0,0,1,1
121,42,21,15,IN_PROGRESS,1,0,0,3,0,0,0,0,0
121,43,17,13,IN_PROGRESS,0,15,2,2,74,0,0,1,1
122,0,2,1,IN_PROGRESS,0,0,3,3,0,0,0,0,0
122,1,3,1,IN_PROGRESS,0,0,3,4,0,0,0,0,0
122,2,6,8,IN_PROGRESS,1,0,2,5,0,0,0,0,0
122,3,5,1,IN_PROGRESS,0,0,3,6,0,0,0,0,0
122,4,1,1,IN_PROGRESS,0,5,2,3,90,0,0,1,1
122,5,9,8,IN_PROGRESS,1,0,5,6,0,0,0,0,0
122,6,8,1,IN_PROGRESS,0,0,3,7,0,0,0,0,0
122,7,9,1,IN_PROGRESS,0,0,3,7,0,0,0,0,0
122,8,10,1,IN_PROGRESS,0,8,5,7,118,0,0,1,1
122,9,11,8,IN_PROGRESS,1,0,2,6,0,0,0,0,0
122,10,12,1,IN_PROGRESS,0,0,5,6,0,0,0,0,0
122,11,13,1,IN_PROGRESS,0,0,4,7,0,0,0,0,0
122,12,14,1,IN_PROGRESS,0,10,3,7,118,0,0,1,1
122,13,10,10,IN_PROGRESS,1,1,5,5,97,0,0,1,1
122,14,16,8,IN_PROGRESS,1,0,0,1,0,0,0,0,0
122,15,12,2,IN_PROGRESS,0,6,4,6,79,0,0,1,1
122,16,18,1,IN_PROGRESS,0,0,3,7,0,0,0,0,0
122,17,19,1,IN_PROGRESS,0,6,4,6,118,0,0,1,1
122,18,20,1,IN_PROGRESS,0,8,5,5,95,0,0,1,1
122,19,21,1,IN_PROGRESS,0,11,5,5,118,0,0,1,1
122,20,22,1,IN_PROGRESS,0,0,4,5,0,0,0,0,0
122,21,23,1,IN_PROGRESS,0,10,3,5,118,0,0,1,1
122,22,7,10,IN_PROGRESS,1,14,4,5,98,0,0,1,1
122,23,8,10,IN_PROGRESS,1,6,4,6,98,0,0,1,1
122,24,4,22,IN_PROGRESS,0,0,1,1,0,0,0,0,0
122,25,5,22,IN_PROGRESS,0,10,1,1,118,0,0,1,1
122,26,9,10,IN_PROGRESS,1,16,4,7,98,0,0,1,1
122,27,7,18,IN_PROGRESS,0,2,3,5,105,0,0,1,1
122,28,9,15,IN_PROGRESS,1,0,2,6,0,0,0,0,0
122,29,9,16,IN_PROGRESS,1,27,4,5,107,0,0,1,1
122,30,9,18,IN_PROGRESS,1,17,5,5,96,0,0,1,1
122,31,8,18,IN_PROGRESS,1,21,4,5,106,0,0,1,1
122,32,12,22,IN_PROGRESS,0,0,4,4,0,0,0,0,0
122,33,13,22,IN_PROGRESS,0,0,4,4,0,0,0,0,0
122,34,14,22,IN_PROGRESS,0,7,4,4,99,0,0,1,1
122,35,15,22,IN_PROGRESS,0,0,3,4,0,0,0,0,0
122,36,17,15,IN_PROGRESS,1,6,2,5,93,0,0,1,1
122,37,17,14,IN_PROGRESS,0,8,2,4,93,0,0,1,1
122,38,12,21,IN_PROGRESS,0,7,3,5,69,0,0,1,1
122,39,19,18,IN_PROGRESS,1,20,1,3,96,0,0,1,1
122,40,18,18,IN_PROGRESS,0,2,1,3,104,0,0,1,1
122,41,10,18,IN_PROGRESS,1,12,4,6,92,0,0,1,1
122,42,21,15,IN_PROGRESS,1,0,0,3,0,0,0,0,0
122,43,17,13,IN_PROGRESS,0,15,2,2,75,0,0,1,1
123,0,2,1,IN_PROGRESS,0,0,3,3,0,0,0,0,0
123,1,3,1,IN_PROGRESS,0,0,3,4,0,0,0,0,0
123,2,6,8,IN_PROGRESS,1,0,2,5,0,0,0,0,0
123,3,5,1,IN_PROGRESS,0,0,3,6,0,0,0,0,0
123,4,1,1,IN_PROGRESS,0,5,2,3,91,0,0,1,1
123,5,9,8,IN_PROGRESS,1,0,5,6,0,0,0,0,0
123,6,8,1,IN_PROGRESS,0,0,3,7,0,0,0,0,0
123,7,9,1,IN_PROGRESS,0,0,3,7,0,0,0,0,0
123,8,10,1,IN_PROGRESS,0,8,5,7,119,0,0,1,1
123,9,11,8,IN_PROGRESS,1,0,2,6,0,0,0,0,0
123,10,12,1,IN_PROGRESS,0,0,5,6,0,0,0,0,0
123,11,13,1,IN_PROGRESS,0,0,4,7,0,0,0,0,0
123,12,14,1,IN_PROGRESS,0,10,3,7,119,0,0,1,1
123,13,10,10,IN_PROGRESS,1,1,5,5,98,0,0,1,1
123,14,16,8,IN_PROGRESS,1,0,0,1,0,0,0,0,0
123,15,12,2,IN_PROGRESS,0,6,4,6,80,0,0,1,1
123,16,18,1,IN_PROGRESS,0,0,3,7,0,0,0,0,0
123,17,19,1,IN_PROGRESS,0,6,4,6,119,0,0,1,1
123,18,20,1,IN_PROGRESS,0,8,5,5,96,0,0,1,1
123,19,21,1,IN_PROGRESS,0,11,5,5,119,0,0,1,1
123,20,22,1,IN_PROGRESS,0,0,4,5,0,0,0,0,0
123,21,23,1,IN_PROGRESS,0,10,3,5,119,0,0,1,1
123,22,7,10,IN_PROGRESS,1,14,4,5,99,0,0,1,1
123,23,8,10,IN_PROGRESS,1,6,4,6,99,0,0,1,1
123,24,4,22,IN_PROGRESS,0,0,1,1,0,0,0,0,0
123,25,5,22,IN_PROGRESS,0,10,1,1,119,0,0,1,1
123,26,9,10,IN_PROGRESS,1,16,4,7,99,0,0,1,1
123,27,7,18,IN_PROGRESS,0,2,3,5,106,0,0,1,1
123,28,9,15,IN_PROGRESS,1,0,2,6,0,0,0,0,0
123,29,9,16,IN_PROGRESS,1,27,4,5,108,0,0,1,1
123,30,9,18,IN_PROGRESS,1,17,5,5,97,0,0,1,1
123,31,8,18,IN_PROGRESS,1,21,4,5,107,0,0,1,1
123,32,12,22,IN_PROGRESS,0,0,4,4,0,0,0,0,0
123,33,13,22,IN_PROGRESS,0,0,4,4,0,0,0,0,0
123,34,14,22,IN_PROGRESS,0,7,4,4,100,0,0,1,1
123,35,15,22,IN_PROGRESS,0,0,3,4,0,0,0,0,0
123,36,17,15,IN_PROGRESS,1,6,2,5,94,0,0,1,1
123,37,17,14,IN_PROGRESS,0,8,2,4,94,0,0,1,1
123,38,12,21,IN_PROGRESS,0,7,3,5,70,0,0,1,1
123,39,19,18,IN_PROGRESS,1,20,1,3,97,0,0,1,1
123,40,18,18,IN_PROGRESS,0,2,1,3,105,0,0,1,1
123,41,10,18,IN_PROGRESS,1,12,4,6,93,0,0,1,1
123,42,21,15,IN_PROGRESS,1,0,0,3,0,0,0,0,0
123,43,17,13,IN_PROGRESS,0,15,2,2,76,0,0,1,1
124,0,2,1,IN_PROGRESS,0,0,3,3,0,0,0,0,0
124,1,3,1,IN_PROGRESS,0,0,3,4,0,0,0,0,0
124,2,6,8,IN_PROGRESS,1,0,2,5,0,0,0,0,0
124,3,5,1,IN_PROGRESS,0,0,3,6,0,0,0,0,0
124,4,1,1,IN_PROGRESS,0,5,2,3,92,0,0,1,1
124,5,9,8,IN_PROGRESS,1,0,5,6,0,0,0,0,0
124,6,8,1,IN_PROGRESS,0,0,3,7,0,0,0,0,0
124,7,9,1,IN_PROGRESS,0,0,3,7,0,0,0,0,0
124,8,10,1,IN_PROGRESS,0,8,5,7,120,0,0,1,1
124,9,11,8,IN_PROGRESS,1,0,2,6,0,0,0,0,0
124,10,12,1,IN_PROGRESS,0,0,5,6,0,0,0,0,0
124,11,13,1,IN_PROGRESS,0,0,4,7,0,0,0,0,0
124,12,14,1,IN_PROGRESS,0,10,3,7,120,0,0,1,1
124,13,10,10,IN_PROGRESS,1,1,5,5,99,0,0,1,1
124,14,16,8,IN_PROGRESS,1,0,0,1,0,0,0,0,0
124,15,12,2,IN_PROGRESS,0,6,4,6,81,0,0,1,1
124,16,18,1,IN_PROGRESS,0,0,3,7,0,0,0,0,0
124,17,19,1,IN_PROGRESS,0,6,4,6,120,0,0,1,1
124,18,20,1,IN_PROGRESS,0,8,5,5,97,0,0,1,1
124,19,21,1,IN_PROGRESS,0,11,5,5,120,0,0,1,1
124,20,22,1,IN_PROGRESS,0,0,4,5,0,0,0,0,0
124,21,23,1,IN_PROGRESS,0,10,3,5,120,0,0,1,1
124,22,7,10,IN_PROGRESS,1,14,4,5,100,0,0,1,1
124,23,8,10,IN_PROGRESS,1,6,4,6,100,0,0,1,1
124,24,4,22,IN_PROGRESS,0,0,1,1,0,0,0,0,0
124,25,5,22,IN_PROGRESS,0,10,1,1,120,0,0,1,1
124,26,9,10,IN_PROGRESS,1,16,4,7,100,0,0,1,1
124,27,7,18,IN_PROGRESS,0,2,3,5,107,0,0,1,1
124,28,9,15,IN_PROGRESS,1,0,2,6,0,0,0,0,0
124,29,9,16,IN_PROGRESS,1,27,4,5,109,0,0,1,1
124,30,9,18,IN_PROGRESS,1,17,5,5,98,0,0,1,1
124,31,8,18,IN_PROGRESS,1,21,4,5,108,0,0,1,1
124,32,12,22,IN_PROGRESS,0,0,4,4,0,0,0,0,0
124,33,13,22,IN_PROGRESS,0,0,4,4,0,0,0,0,0
124,34,14,22,IN_PROGRESS,0,7,4,4,101,0,0,1,1
124,35,15,22,IN_PROGRESS,0,0,3,4,0,0,0,0,0
124,36,17,15,IN_PROGRESS,1,6,2,5,95,0,0,1,1
124,37,17,14,IN_PROGRESS,0,8,2,4,95,0,0,1,1
124,38,12,21,IN_PROGRESS,0,7,3,5,71,0,0,1,1
124,39,19,18,IN_PROGRESS,1,20,1,3,98,0,0,1,1
124,40,18,18,IN_PROGRESS,0,2,1,3,106,0,0,1,1
124,41,10,18,IN_PROGRESS,1,12,4,6,94,0,0,1,1
124,42,21,15,IN_PROGRESS,1,0,0,3,0,0,0,0,0
124,43,17,13,IN_PROGRESS,0,15,2,2,77,0,0,1,1
125,0,2,1,IN_PROGRESS,0,0,3,3,0,0,0,0,0
125,1,3,1,IN_PROGRESS,0,0,3,4,0,0,0,0,0
125,2,6,8,IN_PROGRESS,1,0,2,5,0,0,0,0,0
125,3,5,1,IN_PROGRESS,0,0,3,6,0,0,0,0,0
125,4,1,1,IN_PROGRESS,0,5,2,3,93,0,0,1,1
125,5,9,8,IN_PROGRESS,1,0,5,6,0,0,0,0,0
125,6,8,1,IN_PROGRESS,0,0,3,7,0,0,0,0,0
125,7,9,1,IN_PROGRESS,0,0,3,7,0,0,0,0,0
125,8,10,1,IN_PROGRESS,0,8,5,7,121,0,0,1,1
125,9,11,8,IN_PROGRESS,1,0,2,6,0,0,0,0,0
125,10,12,1,IN_PROGRESS,0,0,5,6,0,0,0,0,0
125,11,13,1,IN_PROGRESS,0,0,4,7,0,0,0,0,0
125,12,14,1,IN_PROGRESS,0,10,3,7,121,0,0,1,1
125,13,10,10,IN_PROGRESS,1,1,5,5,100,0,0,1,1
125,14,16,8,IN_PROGRESS,1,0,0,1,0,0,0,0,0
125,15,12,2,IN_PROGRESS,0,6,4,6,82,0,0,1,1
125,16,18,1,IN_PROGRESS,0,0,3,7,0,0,0,0,0
125,17,19,1,IN_PROGRESS,0,6,4,6,121,0,0,1,1
125,18,20,1,IN_PROGRESS,0,8,5,5,98,0,0,1,1
125,19,21,1,IN_PROGRESS,0,11,5,5,121,0,0,1,1
125,20,22,1,IN_PROGRESS,0,0,4,5,0,0,0,0,0
125,21,23,1,IN_PROGRESS,0,10,3,5,121,0,0,1,1
125,22,7,10,IN_PROGRESS,1,14,4,5,101,0,0,1,1
125,23,8,10,IN_PROGRESS,1,6,4,6,101,0,0,1,1
125,24,4,22,IN_PROGRESS,0,0,1,1,0,0,0,0,0
125,25,5,22,IN_PROGRESS,0,10,1,1,121,0,0,1,1
125,26,9,10,IN_PROGRESS,1,16,4,7,101,0,0,1,1
125,27,7,18,IN_PROGRESS,0,2,3,5,108,0,0,1,1
125,28,9,15,IN_PROGRESS,1,0,2,6,0,0,0,0,0
125,29,9,16,IN_PROGRESS,1,27,4,5,110,0,0,1,1
125,30,9,18,IN_PROGRESS,1,17,5,5,99,0,0,1,1
125,31,8,18,IN_PROGRESS,1,21,4,5,109,0,0,1,1
125,32,12,22,IN_PROGRESS,0,0,4,4,0,0,0,0,0
125,33,13,22,IN_PROGRESS,0,0,4,4,0,0,0,0,0
125,34,14,22,IN_PROGRESS,0,7,4,4,102,0,0,1,1
125,35,15,22,IN_PROGRESS,0,0,3,4,0,0,0,0,0
125,36,17,15,IN_PROGRESS,1,6,2,5,96,0,0,1,1
125,37,17,14,IN_PROGRESS,0,8,2,4,96,0,0,1,1
125,38,12,21,IN_PROGRESS,0,7,3,5,72,0,0,1,1
125,39,19,18,IN_PROGRESS,1,20,1,3,99,0,0,1,1
125,40,18,18,IN_PROGRESS,0,2,1,3,107,0,0,1,1
125,41,10,18,IN_PROGRESS,1,12,4,6,95,0,0,1,1
125,42,21,15,IN_PROGRESS,1,0,0,3,0,0,0,0,0
125,43,17,13,IN_PROGRESS,0,15,2,2,78,0,0,1,1
126,0,2,1,IN_PROGRESS,0,0,3,3,0,0,0,0,0
126,1,3,1,IN_PROGRESS,0,0,3,4,0,0,0,0,0
126,2,6,8,IN_PROGRESS,1,0,2,5,0,0,0,0,0
126,3,5,1,IN_PROGRESS,0,0,3,6,0,0,0,0,0
126,4,1,1,IN_PROGRESS,0,5,2,3,94,0,0,1,1
126,5,9,8,IN_PROGRESS,1,0,5,6,0,0,0,0,0
126,6,8,1,IN_PROGRESS,0,0,3,7,0,0,0,0,0
126,7,9,1,IN_PROGRESS,0,0,3,7,0,0,0,0,0
126,8,10,1,IN_PROGRESS,0,8,5,7,122,0,0,1,1
126,9,11,8,IN_PROGRESS,1,0,2,6,0,0,0,0,0
126,10,12,1,IN_PROGRESS,0,0,5,6,0,0,0,0,0
126,11,13,1,IN_PROGRESS,0,0,4,7,0,0,0,0,0
126,12,14,1,IN_PROGRESS,0,10,3,7,122,0,0,1,1
126,13,10,10,IN_PROGRESS,1,1,5,5,101,0,0,1,1
126,14,16,8,IN_PROGRESS,1,0,0,1,0,0,0,0,0
126,15,12,2,IN_PROGRESS,0,6,4,6,83,0,0,1,1
126,16,18,1,IN_PROGRESS,0,0,3,7,0,0,0,0,0
126,17,19,1,IN_PROGRESS,0,6,4,6,122,0,0,1,1
126,18,20,1,IN_PROGRESS,0,8,5,5,99,0,0,1,1
126,19,21,1,IN_PROGRESS,0,11,5,5,122,0,0,1,1
126,20,22,1,IN_PROGRESS,0,0,4,5,0,0,0,0,0
126,21,23,1,IN_PROGRESS,0,10,3,5,122,0,0,1,1
126,22,7,10,IN_PROGRESS,1,14,4,5,102,0,0,1,1
126,23,8,10,IN_PROGRESS,1,6,4,6,102,0,0,1,1
126,24,4,22,IN_PROGRESS,0,0,1,1,0,0,0,0,0
126,25,5,22,IN_PROGRESS,0,10,1,1,122,0,0,1,1
126,26,9,10,IN_PROGRESS,1,16,4,7,102,0,0,1,1
126,27,7,18,IN_PROGRESS,0,2,3,5,109,0,0,1,1
126,28,9,15,IN_PROGRESS,1,0,2,6,0,0,0,0,0
126,29,9,16,IN_PROGRESS,1,27,4,5,111,0,0,1,1
126,30,9,18,IN_PROGRESS,1,17,5,5,100,0,0,1,1
126,31,8,18,IN_PROGRESS,1,21,4,5,110,0,0,1,1
126,32,12,22,IN_PROGRESS,0,0,4,4,0,0,0,0,0
126,33,13,22,IN_PROGRESS,0,0,4,4,0,0,0,0,0
126,34,14,22,IN_PROGRESS,0,7,4,4,103,0,0,1,1
126,35,15,22,IN_PROGRESS,0,0,3,4,0,0,0,0,0
126,36,17,15,IN_PROGRESS,1,6,2,5,97,0,0,1,1
126,37,17,14,IN_PROGRESS,0,8,2,4,97,0,0,1,1
126,38,12,21,IN_PROGRESS,0,7,3,5,73,0,0,1,1
126,39,19,18,IN_PROGRESS,1,20,1,3,100,0,0,1,1
126,40,18,18,IN_PROGRESS,0,2,1,3,108,0,0,1,1
126,41,10,18,IN_PROGRESS,1,12,4,6,96,0,0,1,1
126,42,21,15,IN_PROGRESS,1,0,0,3,0,0,0,0,0
126,43,17,13,IN_PROGRESS,0,15,2,2,79,0,0,1,1
127,0,2,1,IN_PROGRESS,0,0,3,3,0,0,0,0,0
127,1,3,1,IN_PROGRESS,0,0,3,4,0,0,0,0,0
127,2,6,8,IN_PROGRESS,1,0,2,5,0,0,0,0,0
127,3,5,1,IN_PROGRESS,0,0,3,6,0,0,0,0,0
127,4,1,1,IN_PROGRESS,0,5,2,3,95,0,0,1,1
127,5,9,8,IN_PROGRESS,1,0,5,6,0,0,0,0,0
127,6,8,1,IN_PROGRESS,0,0,3,7,0,0,0,0,0
127,7,9,1,IN_PROGRESS,0,0,3,7,0,0,0,0,0
127,8,10,1,IN_PROGRESS,0,8,5,7,123,0,0,1,1
127,9,11,8,IN_PROGRESS,1,0,2,6,0,0,0,0,0
127,10,12,1,IN_PROGRESS,0,0,5,6,0,0,0,0,0
127,11,13,1,IN_PROGRESS,0,0,4,7,0,0,0,0,0
127,12,14,1,IN_PROGRESS,0,10,3,7,123,0,0,1,1
127,13,10,10,IN_PROGRESS,1,1,5,5,102,0,0,1,1
127,14,16,8,IN_PROGRESS,1,0,0,1,0,0,0,0,0
127,15,12,2,IN_PROGRESS,0,6,4,6,84,0,0,1,1
127,16,18,1,IN_PROGRESS,0,0,3,7,0,0,0,0,0
127,17,19,1,IN_PROGRESS,0,6,4,6,123,0,0,1,1
127,18,20,1,IN_PROGRESS,0,8,5,5,100,0,0,1,1
127,19,21,1,IN_PROGRESS,0,11,5,5,123,0,0,1,1
127,20,22,1,IN_PROGRESS,0,0,4,5,0,0,0,0,0
127,21,23,1,IN_PROGRESS,0,10,3,5,123,0,0,1,1
127,22,7,10,IN_PROGRESS,1,14,4,5,103,0,0,1,1
127,23,8,10,IN_PROGRESS,1,6,4,6,103,0,0,1,1
127,24,4,22,IN_PROGRESS,0,0,1,1,0,0,0,0,0
127,25,5,22,IN_PROGRESS,0,10,1,1,123,0,0,1,1
127,26,9,10,IN_PROGRESS,1,16,4,7,103,0,0,1,1
127,27,7,18,IN_PROGRESS,0,2,3,5,110,0,0,1,1
127,28,9,15,IN_PROGRESS,1,0,2,6,0,0,0,0,0
127,29,9,16,IN_PROGRESS,1,27,4,5,112,0,0,1,1
127,30,9,18,IN_PROGRESS,1,17,5,5,101,0,0,1,1
127,31,8,18,IN_PROGRESS,1,21,4,5,111,0,0,1,1
127,32,12,22,IN_PROGRESS,0,0,4,4,0,0,0,0,0
127,33,13,22,IN_PROGRESS,0,0,4,4,0,0,0,0,0
127,34,14,22,IN_PROGRESS,0,7,4,4,104,0,0,1,1
127,35,15,22,IN_PROGRESS,0,0,3,4,0,0,0,0,0
127,36,17,15,IN_PROGRESS,1,6,2,5,98,0,0,1,1
127,37,17,14,IN_PROGRESS,0,8,2,4,98,0,0,1,1
127,38,12,21,IN_PROGRESS,0,7,3,5,74,0,0,1,1
127,39,19,18,IN_PROGRESS,1,20,1,3,101,0,0,1,1
127,40,18,18,IN_PROGRESS,0,2,1,3,109,0,0,1,1
127,41,10,18,IN_PROGRESS,1,12,4,6,97,0,0,1,1
127,42,21,15,IN_PROGRESS,1,0,0,3,0,0,0,0,0
127,43,17,13,IN_PROGRESS,0,15,2,2,80,0,0,1,1
