t,robot_id,x,y,state,held_item,path_length,local_density_3,local_density_5,stuck_duration,collision_vertex,collision_edge,is_stuck,is_deadlocked
12,0,2,8,IN_PROGRESS,0,3,0,1,1,0,0,0,0
12,1,3,1,IN_PROGRESS,0,0,2,3,0,0,0,0,0
12,2,4,1,IN_PROGRESS,0,6,2,4,1,0,0,0,0
12,3,5,1,IN_PROGRESS,0,8,3,6,1,0,0,0,0
12,4,6,5,IN_PROGRESS,1,0,1,3,0,0,0,0,0
12,5,6,7,IN_PROGRESS,0,1,1,3,1,0,0,0,0
12,6,8,1,IN_PROGRESS,0,0,3,6,0,0,0,0,0
12,7,9,1,IN_PROGRESS,0,0,2,6,0,0,0,0,0
12,8,10,1,IN_PROGRESS,0,10,3,7,1,0,0,0,0
12,9,11,5,IN_PROGRESS,1,0,1,4,0,0,0,0,0
12,10,11,7,IN_PROGRESS,0,1,1,2,1,0,0,0,0
12,11,13,1,IN_PROGRESS,0,0,4,6,0,0,0,0,0
12,12,14,1,IN_PROGRESS,0,9,3,6,1,0,0,0,0
12,13,15,1,IN_PROGRESS,0,11,3,5,1,0,0,0,0
12,14,16,6,IN_PROGRESS,0,2,2,4,1,0,0,0,0
12,15,15,5,IN_PROGRESS,1,0,1,7,0,0,0,0,0
12,16,16,1,IN_PROGRESS,0,11,3,6,1,0,0,0,0
12,17,20,5,IN_PROGRESS,0,1,1,4,1,0,0,0,0
12,18,18,6,IN_PROGRESS,0,4,2,3,1,0,0,0,0
12,19,21,1,IN_PROGRESS,0,0,2,4,0,0,0,0,0
12,20,22,1,IN_PROGRESS,0,0,2,2,0,0,0,0,0
12,21,23,1,IN_PROGRESS,0,17,2,2,1,0,0,0,0
12,22,2,15,IN_PROGRESS,0,13,2,3,1,0,0,0,0
12,23,3,16,IN_PROGRESS,0,24,3,4,1,0,0,0,0
12,24,3,17,IN_PROGRESS,0,10,3,4,1,0,0,0,0
12,25,3,18,IN_PROGRESS,0,2,3,4,1,0,0,0,0
12,26,6,18,IN_PROGRESS,1,0,2,6,0,0,0,0,0
12,27,9,18,IN_PROGRESS,1,0,2,7,0,0,0,0,0
12,28,8,15,IN_PROGRESS,0,1,0,4,1,0,0,0,0
12,29,9,22,IN_PROGRESS,0,0,1,3,0,0,0,0,0
12,30,10,22,IN_PROGRESS,0,11,1,3,1,0,0,0,0
12,31,10,18,IN_PROGRESS,0,0,2,9,0,0,0,0,0
12,32,12,15,IN_PROGRESS,0,9,1,6,1,0,0,0,0
12,33,14,18,IN_PROGRESS,1,15,2,5,1,0,0,0,0
12,34,13,16,IN_PROGRESS,0,2,3,5,1,0,0,0,0
12,35,13,18,IN_PROGRESS,0,2,3,5,1,0,0,0,0
12,36,16,22,IN_PROGRESS,0,0,2,4,0,0,0,0,0
12,37,17,15,IN_PROGRESS,0,2,0,3,1,0,0,0,0
12,38,18,22,IN_PROGRESS,0,0,4,5,0,0,0,0,0
12,39,19,22,IN_PROGRESS,0,6,4,5,1,0,0,0,0
12,40,20,22,IN_PROGRESS,0,11,4,5,1,0,0,0,0
12,41,21,22,IN_PROGRESS,0,0,4,5,0,0,0,0,0
12,42,21,16,IN_PROGRESS,0,1,0,1,1,0,0,0,0
12,43,23,22,IN_PROGRESS,0,0,2,4,0,0,0,0,0
13,0,3,8,IN_PROGRESS,0,2,1,1,0,0,0,0,0
13,1,3,1,IN_PROGRESS,0,0,2,3,0,0,0,0,0
13,2,4,1,IN_PROGRESS,0,6,2,4,2,0,0,1,0
13,3,5,1,IN_PROGRESS,0,8,3,6,2,0,0,1,0
13,4,6,5,IN_PROGRESS,1,9,1,3,1,0,0,0,0
13,5,6,8,IN_PROGRESS,0,0,2,3,0,0,0,0,0
13,6,8,1,IN_PROGRESS,0,0,3,6,0,0,0,0,0
13,7,9,1,IN_PROGRESS,0,0,2,6,0,0,0,0,0
13,8,10,1,IN_PROGRESS,0,10,3,7,2,0,0,1,0
13,9,11,5,IN_PROGRESS,1,11,1,4,1,0,0,0,0
13,10,11,8,IN_PROGRESS,0,0,1,2,0,0,0,0,0
13,11,13,1,IN_PROGRESS,0,0,4,6,0,0,0,0,0
13,12,14,1,IN_PROGRESS,0,9,3,6,2,0,0,1,0
13,13,15,1,IN_PROGRESS,0,11,3,5,2,0,0,1,0
13,14,16,7,IN_PROGRESS,0,1,2,2,0,0,0,0,0
13,15,15,5,IN_PROGRESS,1,19,1,6,1,0,0,0,0
13,16,16,1,IN_PROGRESS,0,11,3,5,2,0,0,1,0
13,17,21,5,IN_PROGRESS,0,0,0,3,0,0,0,0,0
13,18,18,7,IN_PROGRESS,0,3,1,3,0,0,0,0,0
13,19,21,1,IN_PROGRESS,0,0,2,4,0,0,0,0,0
13,20,22,1,IN_PROGRESS,0,0,2,3,0,0,0,0,0
13,21,23,1,IN_PROGRESS,0,17,2,2,2,0,0,1,0
13,22,3,15,IN_PROGRESS,0,12,2,3,0,0,0,0,0
13,23,3,16,IN_PROGRESS,0,24,3,4,2,0,0,1,0
13,24,3,17,IN_PROGRESS,0,10,3,4,2,0,0,1,0
13,25,4,18,IN_PROGRESS,0,1,3,5,0,0,0,0,0
13,26,6,18,IN_PROGRESS,1,10,2,5,1,0,0,0,0
13,27,9,18,IN_PROGRESS,1,8,3,7,1,0,0,0,0
13,28,9,15,IN_PROGRESS,0,0,1,4,0,0,0,0,0
13,29,9,22,IN_PROGRESS,0,6,1,3,1,0,0,0,0
13,30,10,22,IN_PROGRESS,0,11,1,3,2,0,0,1,0
13,31,10,18,IN_PROGRESS,1,0,1,7,0,0,0,0,0
13,32,12,14,IN_PROGRESS,0,8,1,3,0,0,0,0,0
13,33,14,17,IN_PROGRESS,1,14,2,4,0,0,0,0,0
13,34,13,15,IN_PROGRESS,0,1,2,5,0,0,0,0,0
13,35,14,18,IN_PROGRESS,0,1,1,4,0,0,0,0,0
13,36,16,22,IN_PROGRESS,0,0,2,4,0,0,0,0,0
13,37,18,15,IN_PROGRESS,0,1,1,2,0,0,0,0,0
13,38,18,22,IN_PROGRESS,0,0,4,5,0,0,0,0,0
13,39,19,22,IN_PROGRESS,0,6,4,5,2,0,0,1,0
13,40,20,22,IN_PROGRESS,0,11,4,5,2,0,0,1,0
13,41,21,22,IN_PROGRESS,0,0,4,5,0,0,0,0,0
13,42,21,15,IN_PROGRESS,0,0,1,1,0,0,0,0,0
13,43,23,22,IN_PROGRESS,0,0,2,4,0,0,0,0,0
14,0,4,8,IN_PROGRESS,0,1,1,2,0,0,0,0,0
14,1,3,1,IN_PROGRESS,0,0,2,3,0,0,0,0,0
14,2,4,1,IN_PROGRESS,0,6,2,5,3,0,0,1,0
14,3,5,1,IN_PROGRESS,0,8,3,6,3,0,0,1,0
14,4,5,5,IN_PROGRESS,1,8,0,5,0,0,0,0,0
14,5,6,8,IN_PROGRESS,1,0,1,3,0,0,0,0,0
14,6,8,1,IN_PROGRESS,0,0,3,6,0,0,0,0,0
14,7,9,1,IN_PROGRESS,0,0,2,7,0,0,0,0,0
14,8,10,1,IN_PROGRESS,0,10,3,7,3,0,0,1,0
14,9,10,5,IN_PROGRESS,1,10,0,5,0,0,0,0,0
14,10,11,8,IN_PROGRESS,1,0,0,3,0,0,0,0,0
14,11,13,1,IN_PROGRESS,0,0,4,7,0,0,0,0,0
14,12,14,1,IN_PROGRESS,0,9,3,6,3,0,0,1,0
14,13,15,1,IN_PROGRESS,0,11,3,5,3,0,0,1,0
14,14,16,8,IN_PROGRESS,0,0,1,3,0,0,0,0,0
14,15,14,5,IN_PROGRESS,1,18,0,5,0,0,0,0,0
14,16,16,1,IN_PROGRESS,0,11,3,4,3,0,0,1,0
14,17,21,5,IN_PROGRESS,1,0,0,2,0,0,0,0,0
14,18,18,8,IN_PROGRESS,0,2,1,1,0,0,0,0,0
14,19,21,1,IN_PROGRESS,0,0,2,4,0,0,0,0,0
14,20,22,1,IN_PROGRESS,0,0,2,3,0,0,0,0,0
14,21,23,1,IN_PROGRESS,0,17,2,2,3,0,0,1,0
14,22,4,15,IN_PROGRESS,0,11,2,5,0,0,0,0,0
14,23,3,15,IN_PROGRESS,0,23,2,4,0,0,0,0,0
14,24,3,16,IN_PROGRESS,0,9,2,4,0,0,0,0,0
14,25,5,18,IN_PROGRESS,0,0,2,6,0,0,0,0,0
14,26,6,17,IN_PROGRESS,1,9,2,7,0,0,0,0,0
14,27,8,18,IN_PROGRESS,1,7,3,6,0,0,0,0,0
14,28,9,15,IN_PROGRESS,1,0,0,6,0,0,0,0,0
14,29,8,22,IN_PROGRESS,0,5,1,2,0,0,0,0,0
14,30,9,22,IN_PROGRESS,0,10,1,3,0,0,0,0,0
14,31,10,18,IN_PROGRESS,1,0,1,6,0,0,0,0,0
14,32,12,13,IN_PROGRESS,0,7,0,3,0,0,0,0,0
14,33,14,16,IN_PROGRESS,1,13,2,3,0,0,0,0,0
14,34,14,15,IN_PROGRESS,0,0,1,5,0,0,0,0,0
14,35,15,18,IN_PROGRESS,0,0,1,4,0,0,0,0,0
14,36,16,22,IN_PROGRESS,0,0,2,5,0,0,0,0,0
14,37,19,15,IN_PROGRESS,0,0,1,2,0,0,0,0,0
14,38,18,22,IN_PROGRESS,0,0,4,5,0,0,0,0,0
14,39,19,22,IN_PROGRESS,0,6,4,5,3,0,0,1,0
14,40,20,22,IN_PROGRESS,0,11,4,5,3,0,0,1,0
14,41,21,22,IN_PROGRESS,0,0,4,5,0,0,0,0,0
14,42,21,15,IN_PROGRESS,1,0,1,1,0,0,0,0,0
14,43,23,22,IN_PROGRESS,0,0,2,4,0,0,0,0,0
15,0,5,8,IN_PROGRESS,0,0,1,2,0,0,0,0,0
15,1,3,1,IN_PROGRESS,0,0,2,4,0,0,0,0,0
15,2,4,1,IN_PROGRESS,0,6,2,5,4,0,0,1,0
15,3,5,1,IN_PROGRESS,0,8,3,6,4,0,0,1,0
15,4,4,5,IN_PROGRESS,1,7,0,6,0,0,0,0,0
15,5,6,8,IN_PROGRESS,1,15,1,3,1,0,0,0,0
15,6,8,1,IN_PROGRESS,0,0,3,7,0,0,0,0,0
15,7,9,1,IN_PROGRESS,0,0,2,7,0,0,0,0,0
15,8,10,1,IN_PROGRESS,0,10,3,7,4,0,0,1,0
15,9,9,5,IN_PROGRESS,1,9,0,6,0,0,0,0,0
15,10,11,8,IN_PROGRESS,1,0,0,5,0,0,0,0,0
15,11,13,1,IN_PROGRESS,0,0,4,7,0,0,0,0,0
15,12,14,1,IN_PROGRESS,0,9,3,6,4,0,0,1,0
15,13,15,1,IN_PROGRESS,0,11,3,4,4,0,0,1,0
15,14,16,8,IN_PROGRESS,1,0,1,2,0,0,0,0,0
15,15,13,5,IN_PROGRESS,1,17,0,4,0,0,0,0,0
15,16,16,1,IN_PROGRESS,0,11,3,4,4,0,0,1,0
15,17,21,5,IN_PROGRESS,1,20,0,3,1,0,0,0,0
15,18,19,8,IN_PROGRESS,0,1,1,2,0,0,0,0,0
15,19,21,1,IN_PROGRESS,0,0,2,4,0,0,0,0,0
15,20,22,1,IN_PROGRESS,0,0,2,3,0,0,0,0,0
15,21,23,1,IN_PROGRESS,0,17,2,2,4,0,0,1,0
15,22,5,15,IN_PROGRESS,0,10,4,6,0,0,0,0,0
15,23,3,14,IN_PROGRESS,0,22,2,3,0,0,0,0,0
15,24,3,15,IN_PROGRESS,0,8,2,4,0,0,0,0,0
15,25,5,18,IN_PROGRESS,1,0,3,5,0,0,0,0,0
15,26,6,16,IN_PROGRESS,1,8,3,6,0,0,0,0,0
15,27,7,18,IN_PROGRESS,1,6,3,7,0,0,0,0,0
15,28,9,15,IN_PROGRESS,1,0,0,5,0,0,0,0,0
15,29,8,21,IN_PROGRESS,0,4,1,3,0,0,0,0,0
15,30,8,22,IN_PROGRESS,0,9,1,2,0,0,0,0,0
15,31,10,18,IN_PROGRESS,1,0,1,5,0,0,0,0,0
15,32,12,12,IN_PROGRESS,0,6,0,2,0,0,0,0,0
15,33,14,16,IN_PROGRESS,1,13,2,2,1,0,0,0,0
15,34,14,15,IN_PROGRESS,1,0,1,5,0,0,0,0,0
15,35,15,18,IN_PROGRESS,1,0,1,4,0,0,0,0,0
15,36,16,22,IN_PROGRESS,0,0,2,5,0,0,0,0,0
15,37,19,15,IN_PROGRESS,1,0,1,2,0,0,0,0,0
15,38,18,22,IN_PROGRESS,0,0,4,5,0,0,0,0,0
15,39,19,22,IN_PROGRESS,0,6,4,5,4,0,0,1,0
15,40,20,22,IN_PROGRESS,0,11,4,5,4,0,0,1,0
15,41,21,22,IN_PROGRESS,0,9,4,5,1,0,0,0,0
15,42,21,15,IN_PROGRESS,1,22,1,1,1,0,0,0,0
15,43,23,22,IN_PROGRESS,0,0,2,4,0,0,0,0,0
16,0,5,8,IN_PROGRESS,1,0,1,2,0,0,0,0,0
16,1,3,1,IN_PROGRESS,0,0,2,4,0,0,0,0,0
16,2,4,1,IN_PROGRESS,0,6,2,5,5,0,0,1,0
16,3,5,1,IN_PROGRESS,0,8,3,5,5,0,0,1,0
16,4,3,5,IN_PROGRESS,1,6,0,4,0,0,0,0,0
16,5,7,8,IN_PROGRESS,1,14,1,3,0,0,0,0,0
16,6,8,1,IN_PROGRESS,0,0,3,7,0,0,0,0,0
16,7,9,1,IN_PROGRESS,0,0,2,7,0,0,0,0,0
16,8,10,1,IN_PROGRESS,0,10,3,6,5,0,0,1,0
16,9,8,5,IN_PROGRESS,1,8,0,5,0,0,0,0,0
16,10,11,8,IN_PROGRESS,1,0,0,4,0,0,0,0,0
16,11,13,1,IN_PROGRESS,0,0,4,7,0,0,0,0,0
16,12,14,1,IN_PROGRESS,0,9,3,5,5,0,0,1,0
16,13,15,1,IN_PROGRESS,0,11,3,4,5,0,0,1,0
16,14,16,8,IN_PROGRESS,1,12,0,2,1,0,0,0,0
16,15,12,5,IN_PROGRESS,1,16,0,3,0,0,0,0,0
16,16,16,1,IN_PROGRESS,0,11,3,4,5,0,0,1,0
16,17,20,5,IN_PROGRESS,1,19,1,2,0,0,0,0,0
16,18,20,8,IN_PROGRESS,0,0,1,2,0,0,0,0,0
16,19,21,1,IN_PROGRESS,0,0,2,4,0,0,0,0,0
16,20,22,1,IN_PROGRESS,0,5,2,2,1,0,0,0,0
16,21,23,1,IN_PROGRESS,0,17,2,2,5,0,0,1,0
16,22,5,15,IN_PROGRESS,0,10,3,6,1,0,0,0,0
16,23,3,13,IN_PROGRESS,0,21,1,3,0,0,0,0,0
16,24,3,14,IN_PROGRESS,0,7,2,3,0,0,0,0,0
16,25,5,18,IN_PROGRESS,1,12,2,5,1,0,0,0,0
16,26,6,15,IN_PROGRESS,1,7,3,6,0,0,0,0,0
16,27,7,17,IN_PROGRESS,1,5,2,7,0,0,0,0,0
16,28,9,15,IN_PROGRESS,1,0,1,5,0,0,0,0,0
16,29,8,20,IN_PROGRESS,0,3,1,4,0,0,0,0,0
16,30,8,21,IN_PROGRESS,0,8,1,3,0,0,0,0,0
16,31,10,18,IN_PROGRESS,1,0,0,6,0,0,0,0,0
16,32,12,11,IN_PROGRESS,0,5,0,1,0,0,0,0,0
16,33,14,16,IN_PROGRESS,1,13,2,2,2,0,0,1,0
16,34,14,15,IN_PROGRESS,1,0,1,4,0,0,0,0,0
16,35,15,18,IN_PROGRESS,1,0,1,4,0,0,0,0,0
16,36,16,22,IN_PROGRESS,0,0,2,4,0,0,0,0,0
16,37,19,15,IN_PROGRESS,1,0,1,2,0,0,0,0,0
16,38,18,22,IN_PROGRESS,0,0,3,5,0,0,0,0,0
16,39,19,22,IN_PROGRESS,0,6,4,5,5,0,0,1,0
16,40,20,22,IN_PROGRESS,0,11,4,5,5,0,0,1,0
16,41,21,21,IN_PROGRESS,0,8,3,4,0,0,0,0,0
16,42,20,15,IN_PROGRESS,1,21,1,1,0,0,0,0,0
16,43,23,22,IN_PROGRESS,0,0,2,4,0,0,0,0,0
17,0,5,8,IN_PROGRESS,1,0,1,2,0,0,0,0,0
17,1,3,1,IN_PROGRESS,0,0,2,4,0,0,0,0,0
17,2,4,1,IN_PROGRESS,0,6,2,4,6,0,0,1,1
17,3,5,1,IN_PROGRESS,0,8,3,5,6,0,0,1,1
17,4,2,5,IN_PROGRESS,1,5,0,2,0,0,0,0,0
17,5,7,9,IN_PROGRESS,1,13,1,3,0,0,0,0,0
17,6,8,1,IN_PROGRESS,0,0,3,7,0,0,0,0,0
17,7,9,1,IN_PROGRESS,0,0,2,6,0,0,0,0,0
17,8,10,1,IN_PROGRESS,0,10,3,7,6,0,0,1,1
17,9,7,5,IN_PROGRESS,1,7,0,5,0,0,0,0,0
17,10,11,8,IN_PROGRESS,1,0,2,3,0,0,0,0,0
17,11,13,1,IN_PROGRESS,0,0,4,6,0,0,0,0,0
17,12,14,1,IN_PROGRESS,0,9,3,5,6,0,0,1,1
17,13,15,1,IN_PROGRESS,0,11,3,4,6,0,0,1,1
17,14,16,7,IN_PROGRESS,1,11,0,2,0,0,0,0,0
17,15,11,5,IN_PROGRESS,1,15,1,3,0,0,0,0,0
17,16,16,1,IN_PROGRESS,0,11,3,4,6,0,0,1,1
17,17,19,5,IN_PROGRESS,1,18,0,2,0,0,0,0,0
17,18,20,8,IN_PROGRESS,1,0,0,2,0,0,0,0,0
17,19,21,1,IN_PROGRESS,0,0,2,3,0,0,0,0,0
17,20,22,2,IN_PROGRESS,0,4,2,2,0,0,0,0,0
17,21,22,1,IN_PROGRESS,0,16,2,2,0,0,0,0,0
17,22,6,15,IN_PROGRESS,0,9,4,5,0,0,0,0,0
17,23,3,12,IN_PROGRESS,0,20,1,1,0,0,0,0,0
17,24,3,13,IN_PROGRESS,0,6,1,2,0,0,0,0,0
17,25,5,17,IN_PROGRESS,1,11,2,4,0,0,0,0,0
17,26,7,15,IN_PROGRESS,1,6,3,5,0,0,0,0,0
17,27,7,16,IN_PROGRESS,1,4,4,7,0,0,0,0,0
17,28,9,15,IN_PROGRESS,1,0,3,6,0,0,0,0,0
17,29,8,19,IN_PROGRESS,0,2,2,6,0,0,0,0,0
17,30,8,20,IN_PROGRESS,0,7,1,3,0,0,0,0,0
17,31,10,18,IN_PROGRESS,1,0,1,5,0,0,0,0,0
17,32,12,10,IN_PROGRESS,0,4,1,1,0,0,0,0,0
17,33,14,16,IN_PROGRESS,1,13,2,2,3,0,0,1,0
17,34,14,15,IN_PROGRESS,1,0,1,4,0,0,0,0,0
17,35,15,18,IN_PROGRESS,1,0,1,4,0,0,0,0,0
17,36,16,22,IN_PROGRESS,0,0,2,4,0,0,0,0,0
17,37,19,15,IN_PROGRESS,1,0,1,2,0,0,0,0,0
17,38,18,22,IN_PROGRESS,0,0,3,5,0,0,0,0,0
17,39,19,22,IN_PROGRESS,0,6,3,5,6,0,0,1,1
17,40,20,22,IN_PROGRESS,0,11,4,5,6,0,0,1,1
17,41,21,20,IN_PROGRESS,0,7,1,4,0,0,0,0,0
17,42,20,15,IN_PROGRESS,1,21,1,1,1,0,0,0,0
17,43,23,22,IN_PROGRESS,0,0,1,4,0,0,0,0,0
18,0,5,8,IN_PROGRESS,1,0,0,3,0,0,0,0,0
18,1,3,1,IN_PROGRESS,0,0,2,3,0,0,0,0,0
18,2,4,1,IN_PROGRESS,0,6,2,4,7,0,0,1,1
18,3,5,1,IN_PROGRESS,0,8,3,6,7,0,0,1,1
18,4,1,5,IN_PROGRESS,1,4,0,1,0,0,0,0,0
18,5,7,10,IN_PROGRESS,1,12,0,4,0,0,0,0,0
18,6,8,1,IN_PROGRESS,0,0,3,6,0,0,0,0,0
18,7,9,1,IN_PROGRESS,0,0,2,7,0,0,0,0,0
18,8,10,1,IN_PROGRESS,0,10,3,7,7,0,0,1,1
18,9,6,5,IN_PROGRESS,1,6,0,4,0,0,0,0,0
18,10,11,8,IN_PROGRESS,1,0,1,2,0,0,0,0,0
18,11,13,1,IN_PROGRESS,0,0,4,6,0,0,0,0,0
18,12,14,1,IN_PROGRESS,0,9,3,5,7,0,0,1,1
18,13,15,1,IN_PROGRESS,0,11,3,4,7,0,0,1,1
18,14,16,6,IN_PROGRESS,1,10,1,2,0,0,0,0,0
18,15,10,5,IN_PROGRESS,1,14,0,4,0,0,0,0,0
18,16,16,1,IN_PROGRESS,0,11,3,5,7,0,0,1,1
18,17,18,5,IN_PROGRESS,1,17,1,2,0,0,0,0,0
18,18,20,8,IN_PROGRESS,1,5,0,1,1,0,0,0,0
18,19,21,1,IN_PROGRESS,0,0,2,3,0,0,0,0,0
18,20,22,3,IN_PROGRESS,0,3,2,2,0,0,0,0,0
18,21,22,1,IN_PROGRESS,0,16,2,2,1,0,0,0,0
18,22,7,15,IN_PROGRESS,0,8,4,7,0,0,0,0,0
18,23,3,11,IN_PROGRESS,0,19,1,3,0,0,0,0,0
18,24,3,12,IN_PROGRESS,0,5,1,1,0,0,0,0,0
18,25,5,16,IN_PROGRESS,1,10,2,5,0,0,0,0,0
18,26,7,14,IN_PROGRESS,1,5,3,6,0,0,0,0,0
18,27,7,16,IN_PROGRESS,1,4,5,7,1,0,0,0,0
18,28,9,15,IN_PROGRESS,1,0,3,8,0,0,0,0,0
18,29,8,18,IN_PROGRESS,0,1,3,7,0,0,0,0,0
18,30,8,19,IN_PROGRESS,0,6,2,5,0,0,0,0,0
18,31,10,18,IN_PROGRESS,1,0,2,5,0,0,0,0,0
18,32,12,9,IN_PROGRESS,0,3,1,1,0,0,0,0,0
18,33,14,16,IN_PROGRESS,1,13,2,2,4,0,0,1,0
18,34,14,15,IN_PROGRESS,1,0,1,4,0,0,0,0,0
18,35,15,18,IN_PROGRESS,1,0,1,4,0,0,0,0,0
18,36,16,22,IN_PROGRESS,0,0,2,4,0,0,0,0,0
18,37,19,15,IN_PROGRESS,1,0,1,2,0,0,0,0,0
18,38,18,22,IN_PROGRESS,0,0,3,4,0,0,0,0,0
18,39,19,22,IN_PROGRESS,0,6,3,5,7,0,0,1,1
18,40,20,22,IN_PROGRESS,0,11,3,5,7,0,0,1,1
18,41,22,20,IN_PROGRESS,0,6,1,3,0,0,0,0,0
18,42,20,15,IN_PROGRESS,1,21,1,1,2,0,0,1,0
18,43,23,22,IN_PROGRESS,0,0,2,4,0,0,0,0,0
19,0,5,8,IN_PROGRESS,1,0,1,4,0,0,0,0,0
19,1,3,1,IN_PROGRESS,0,0,2,3,0,0,0,0,0
19,2,4,1,IN_PROGRESS,0,6,2,5,8,0,0,1,1
19,3,5,1,IN_PROGRESS,0,8,3,6,8,0,0,1,1
19,4,1,6,IN_PROGRESS,1,3,0,1,0,0,0,0,0
19,5,7,10,IN_PROGRESS,1,12,1,5,1,0,0,0,0
19,6,8,1,IN_PROGRESS,0,0,3,7,0,0,0,0,0
19,7,9,1,IN_PROGRESS,0,0,2,7,0,0,0,0,0
19,8,10,1,IN_PROGRESS,0,10,3,7,8,0,0,1,1
19,9,5,5,IN_PROGRESS,1,5,1,5,0,0,0,0,0
19,10,11,8,IN_PROGRESS,1,0,1,2,0,0,0,0,0
19,11,13,1,IN_PROGRESS,0,0,4,6,0,0,0,0,0
19,12,14,1,IN_PROGRESS,0,9,3,5,8,0,0,1,1
19,13,15,1,IN_PROGRESS,0,11,3,5,8,0,0,1,1
19,14,16,5,IN_PROGRESS,1,9,1,3,0,0,0,0,0
19,15,9,5,IN_PROGRESS,1,13,0,5,0,0,0,0,0
19,16,16,1,IN_PROGRESS,0,11,3,6,8,0,0,1,1
19,17,17,5,IN_PROGRESS,1,16,1,2,0,0,0,0,0
19,18,21,8,IN_PROGRESS,1,4,0,1,0,0,0,0,0
19,19,21,1,IN_PROGRESS,0,0,1,3,0,0,0,0,0
19,20,22,4,IN_PROGRESS,0,2,1,3,0,0,0,0,0
19,21,22,1,IN_PROGRESS,0,16,2,2,2,0,0,1,0
19,22,8,15,IN_PROGRESS,0,7,5,7,0,0,0,0,0
19,23,3,10,IN_PROGRESS,0,18,1,3,0,0,0,0,0
19,24,3,11,IN_PROGRESS,0,4,1,3,0,0,0,0,0
19,25,5,15,IN_PROGRESS,1,9,2,4,0,0,0,0,0
19,26,7,13,IN_PROGRESS,1,4,3,5,0,0,0,0,0
19,27,7,15,IN_PROGRESS,1,3,4,7,0,0,0,0,0
19,28,9,15,IN_PROGRESS,1,0,3,8,0,0,0,0,0
19,29,9,18,IN_PROGRESS,0,0,3,5,0,0,0,0,0
19,30,8,18,IN_PROGRESS,0,5,3,5,0,0,0,0,0
19,31,10,18,IN_PROGRESS,1,0,2,5,0,0,0,0,0
19,32,12,8,IN_PROGRESS,0,2,1,1,0,0,0,0,0
19,33,14,16,IN_PROGRESS,1,13,2,2,5,0,0,1,0
19,34,14,15,IN_PROGRESS,1,0,1,4,0,0,0,0,0
19,35,15,18,IN_PROGRESS,1,0,1,4,0,0,0,0,0
19,36,16,22,IN_PROGRESS,0,0,2,4,0,0,0,0,0
19,37,19,15,IN_PROGRESS,1,0,1,2,0,0,0,0,0
19,38,18,22,IN_PROGRESS,0,0,3,4,0,0,0,0,0
19,39,19,22,IN_PROGRESS,0,6,3,4,8,0,0,1,1
19,40,20,22,IN_PROGRESS,0,11,3,5,8,0,0,1,1
19,41,22,19,IN_PROGRESS,0,5,0,2,0,0,0,0,0
19,42,20,15,IN_PROGRESS,1,21,1,1,3,0,0,1,0
19,43,23,22,IN_PROGRESS,0,0,1,4,0,0,0,0,0
20,0,5,8,IN_PROGRESS,1,0,1,5,0,0,0,0,0
20,1,3,1,IN_PROGRESS,0,0,2,4,0,0,0,0,0
20,2,4,1,IN_PROGRESS,0,6,2,5,9,0,0,1,1
20,3,5,1,IN_PROGRESS,0,8,3,6,9,0,0,1,1
20,4,1,7,IN_PROGRESS,1,2,0,4,0,0,0,0,0
20,5,8,10,IN_PROGRESS,1,11,0,7,0,0,0,0,0
20,6,8,1,IN_PROGRESS,0,0,3,7,0,0,0,0,0
20,7,9,1,IN_PROGRESS,0,0,2,7,0,0,0,0,0
20,8,10,1,IN_PROGRESS,0,10,3,6,9,0,0,1,1
20,9,4,5,IN_PROGRESS,1,4,0,7,0,0,0,0,0
20,10,11,8,IN_PROGRESS,1,0,1,2,0,0,0,0,0
20,11,13,1,IN_PROGRESS,0,0,4,6,0,0,0,0,0
20,12,14,1,IN_PROGRESS,0,9,3,5,9,0,0,1,1
20,13,15,1,IN_PROGRESS,0,11,3,5,9,0,0,1,1
20,14,16,5,IN_PROGRESS,1,9,1,3,1,0,0,0,0
20,15,8,5,IN_PROGRESS,1,12,0,4,0,0,0,0,0
20,16,16,1,IN_PROGRESS,0,11,3,6,9,0,0,1,1
20,17,17,5,IN_PROGRESS,1,16,1,3,1,0,0,0,0
20,18,22,8,IN_PROGRESS,1,3,1,1,0,0,0,0,0
20,19,21,1,IN_PROGRESS,0,0,1,3,0,0,0,0,0
20,20,22,5,IN_PROGRESS,0,1,1,4,0,0,0,0,0
20,21,22,1,IN_PROGRESS,0,16,1,2,3,0,0,1,0
20,22,8,15,IN_PROGRESS,0,7,4,8,1,0,0,0,0
20,23,3,9,IN_PROGRESS,0,17,2,4,0,0,0,0,0
20,24,3,10,IN_PROGRESS,0,3,1,4,0,0,0,0,0
20,25,6,15,IN_PROGRESS,1,8,4,5,0,0,0,0,0
20,26,6,13,IN_PROGRESS,1,3,2,5,0,0,0,0,0
20,27,7,14,IN_PROGRESS,1,2,4,6,0,0,0,0,0
20,28,9,15,IN_PROGRESS,1,0,5,8,0,0,0,0,0
20,29,9,18,IN_PROGRESS,1,0,3,4,0,0,0,0,0
20,30,8,17,IN_PROGRESS,0,4,4,6,0,0,0,0,0
20,31,10,18,IN_PROGRESS,1,0,2,5,0,0,0,0,0
20,32,12,8,IN_PROGRESS,0,2,1,1,1,0,0,0,0
20,33,14,16,IN_PROGRESS,1,13,2,2,6,0,0,1,1
20,34,14,15,IN_PROGRESS,1,0,1,4,0,0,0,0,0
20,35,15,18,IN_PROGRESS,1,0,1,4,0,0,0,0,0
20,36,16,22,IN_PROGRESS,0,0,2,4,0,0,0,0,0
20,37,19,15,IN_PROGRESS,1,0,1,2,0,0,0,0,0
20,38,18,22,IN_PROGRESS,0,0,3,4,0,0,0,0,0
20,39,19,22,IN_PROGRESS,0,6,3,4,9,0,0,1,1
20,40,20,22,IN_PROGRESS,0,11,3,4,9,0,0,1,1
20,41,22,18,IN_PROGRESS,0,4,0,2,0,0,0,0,0
20,42,20,15,IN_PROGRESS,1,21,1,2,4,0,0,1,0
20,43,23,22,IN_PROGRESS,0,0,1,4,0,0,0,0,0
21,0,5,8,IN_PROGRESS,1,0,2,6,0,0,0,0,0
21,1,3,1,IN_PROGRESS,0,0,2,4,0,0,0,0,0
21,2,4,1,IN_PROGRESS,0,6,2,5,10,0,0,1,1
21,3,5,1,IN_PROGRESS,0,8,3,6,10,0,0,1,1
21,4,1,8,IN_PROGRESS,1,1,2,3,0,0,0,0,0
21,5,9,10,IN_PROGRESS,1,10,0,5,0,0,0,0,0
21,6,8,1,IN_PROGRESS,0,0,3,7,0,0,0,0,0
21,7,9,1,IN_PROGRESS,0,0,2,6,0,0,0,0,0
21,8,10,1,IN_PROGRESS,0,10,3,6,10,0,0,1,1
21,9,4,5,IN_PROGRESS,1,4,1,7,1,0,0,0,0
21,10,11,8,IN_PROGRESS,1,0,1,2,0,0,0,0,0
21,11,13,1,IN_PROGRESS,0,0,4,6,0,0,0,0,0
21,12,14,1,IN_PROGRESS,0,9,3,5,10,0,0,1,1
21,13,15,1,IN_PROGRESS,0,11,3,5,10,0,0,1,1
21,14,16,5,IN_PROGRESS,1,9,1,4,2,0,0,1,0
21,15,7,5,IN_PROGRESS,1,11,1,3,0,0,0,0,0
21,16,16,1,IN_PROGRESS,0,11,3,6,10,0,0,1,1
21,17,17,5,IN_PROGRESS,1,16,1,3,2,0,0,1,0
21,18,22,9,IN_PROGRESS,1,2,0,1,0,0,0,0,0
21,19,21,1,IN_PROGRESS,0,0,1,3,0,0,0,0,0
21,20,21,5,IN_PROGRESS,0,0,0,5,0,0,0,0,0
21,21,22,1,IN_PROGRESS,0,16,1,2,4,0,0,1,0
21,22,8,15,IN_PROGRESS,0,7,4,7,2,0,0,1,0
21,23,3,8,IN_PROGRESS,0,16,3,4,0,0,0,0,0
21,24,3,9,IN_PROGRESS,0,2,3,4,0,0,0,0,0
21,25,7,15,IN_PROGRESS,1,7,4,6,0,0,0,0,0
21,26,6,12,IN_PROGRESS,1,2,1,5,0,0,0,0,0
21,27,7,13,IN_PROGRESS,1,1,3,6,0,0,0,0,0
21,28,9,15,IN_PROGRESS,1,0,4,8,0,0,0,0,0
21,29,9,18,IN_PROGRESS,1,0,3,5,0,0,0,0,0
21,30,8,16,IN_PROGRESS,0,3,4,6,0,0,0,0,0
21,31,10,18,IN_PROGRESS,1,0,1,5,0,0,0,0,0
21,32,12,8,IN_PROGRESS,0,2,1,2,2,0,0,1,0
21,33,14,16,IN_PROGRESS,1,13,2,2,7,0,0,1,1
21,34,14,15,IN_PROGRESS,1,0,1,4,0,0,0,0,0
21,35,15,18,IN_PROGRESS,1,0,1,4,0,0,0,0,0
21,36,16,22,IN_PROGRESS,0,0,2,4,0,0,0,0,0
21,37,19,15,IN_PROGRESS,1,0,1,3,0,0,0,0,0
21,38,18,22,IN_PROGRESS,0,0,3,4,0,0,0,0,0
21,39,19,22,IN_PROGRESS,0,6,3,4,10,0,0,1,1
21,40,20,22,IN_PROGRESS,0,11,3,5,10,0,0,1,1
21,41,21,18,IN_PROGRESS,0,3,0,3,0,0,0,0,0
21,42,20,15,IN_PROGRESS,1,21,1,2,5,0,0,1,0
21,43,23,22,IN_PROGRESS,0,0,1,3,0,0,0,0,0
22,0,5,8,IN_PROGRESS,1,0,2,6,0,0,0,0,0
22,1,3,1,IN_PROGRESS,0,0,2,4,0,0,0,0,0
22,2,4,1,IN_PROGRESS,0,6,2,5,11,0,0,1,1
22,3,5,1,IN_PROGRESS,0,8,3,5,11,0,0,1,1
22,4,1,9,IN_PROGRESS,1,0,1,3,0,0,0,0,0
22,5,10,10,IN_PROGRESS,1,9,1,3,0,0,0,0,0
22,6,8,1,IN_PROGRESS,0,0,3,6,0,0,0,0,0
22,7,9,1,IN_PROGRESS,0,0,2,6,0,0,0,0,0
22,8,10,1,IN_PROGRESS,0,10,3,6,11,0,0,1,1
22,9,3,5,IN_PROGRESS,1,3,1,6,0,0,0,0,0
22,10,11,8,IN_PROGRESS,1,0,2,2,0,0,0,0,0
22,11,13,1,IN_PROGRESS,0,0,4,6,0,0,0,0,0
22,12,14,1,IN_PROGRESS,0,9,3,5,11,0,0,1,1
22,13,15,1,IN_PROGRESS,0,11,3,5,11,0,0,1,1
22,14,16,5,IN_PROGRESS,1,9,1,4,3,0,0,1,0
22,15,7,6,IN_PROGRESS,1,10,0,3,0,0,0,0,0
22,16,16,1,IN_PROGRESS,0,11,3,6,11,0,0,1,1
22,17,17,5,IN_PROGRESS,1,16,1,3,3,0,0,1,0
22,18,23,9,IN_PROGRESS,1,1,0,0,0,0,0,0,0
22,19,21,1,IN_PROGRESS,0,0,1,3,0,0,0,0,0
22,20,21,5,IN_PROGRESS,1,0,0,4,0,0,0,0,0
22,21,22,1,IN_PROGRESS,0,16,1,2,5,0,0,1,0
22,22,8,15,IN_PROGRESS,0,7,3,6,3,0,0,1,0
22,23,4,8,IN_PROGRESS,0,15,2,6,0,0,0,0,0
22,24,3,8,IN_PROGRESS,0,1,4,4,0,0,0,0,0
22,25,7,14,IN_PROGRESS,1,6,4,5,0,0,0,0,0
22,26,6,11,IN_PROGRESS,1,1,1,5,0,0,0,0,0
22,27,6,13,IN_PROGRESS,1,0,2,5,0,0,0,0,0
22,28,9,15,IN_PROGRESS,1,0,4,7,0,0,0,0,0
22,29,9,18,IN_PROGRESS,1,0,3,4,0,0,0,0,0
22,30,8,16,IN_PROGRESS,0,3,4,6,1,0,0,0,0
22,31,10,18,IN_PROGRESS,1,0,1,5,0,0,0,0,0
22,32,12,8,IN_PROGRESS,0,2,1,2,3,0,0,1,0
22,33,14,16,IN_PROGRESS,1,13,2,2,8,0,0,1,1
22,34,14,15,IN_PROGRESS,1,0,1,4,0,0,0,0,0
22,35,15,18,IN_PROGRESS,1,0,1,4,0,0,0,0,0
22,36,16,22,IN_PROGRESS,0,0,2,4,0,0,0,0,0
22,37,19,15,IN_PROGRESS,1,0,1,3,0,0,0,0,0
22,38,18,22,IN_PROGRESS,0,0,3,4,0,0,0,0,0
22,39,19,22,IN_PROGRESS,0,6,3,4,11,0,0,1,1
22,40,20,22,IN_PROGRESS,0,11,3,4,11,0,0,1,1
22,41,21,17,IN_PROGRESS,0,2,1,2,0,0,0,0,0
22,42,20,15,IN_PROGRESS,1,21,2,2,6,0,0,1,1
22,43,23,22,IN_PROGRESS,0,0,1,3,0,0,0,0,0
23,0,5,8,IN_PROGRESS,1,0,4,5,0,0,0,0,0
23,1,3,1,IN_PROGRESS,0,0,2,4,0,0,0,0,0
23,2,4,1,IN_PROGRESS,0,6,2,4,12,0,0,1,1
23,3,5,1,IN_PROGRESS,0,8,3,5,12,0,0,1,1
23,4,1,9,IN_PROGRESS,0,0,1,4,0,0,0,0,0
23,5,11,10,IN_PROGRESS,1,8,2,3,0,0,0,0,0
23,6,8,1,IN_PROGRESS,0,0,3,6,0,0,0,0,0
23,7,9,1,IN_PROGRESS,0,0,2,6,0,0,0,0,0
23,8,10,1,IN_PROGRESS,0,10,3,6,12,0,0,1,1
23,9,2,5,IN_PROGRESS,1,2,0,4,0,0,0,0,0
23,10,11,8,IN_PROGRESS,1,0,2,3,0,0,0,0,0
23,11,13,1,IN_PROGRESS,0,0,4,6,0,0,0,0,0
23,12,14,1,IN_PROGRESS,0,9,3,5,12,0,0,1,1
23,13,15,1,IN_PROGRESS,0,11,3,5,12,0,0,1,1
23,14,16,5,IN_PROGRESS,1,9,1,4,4,0,0,1,0
23,15,7,7,IN_PROGRESS,1,9,1,5,0,0,0,0,0
23,16,16,1,IN_PROGRESS,0,11,3,6,12,0,0,1,1
23,17,17,5,IN_PROGRESS,1,16,1,3,4,0,0,1,0
23,18,24,9,IN_PROGRESS,1,0,0,0,0,0,0,0,0
23,19,21,1,IN_PROGRESS,0,0,1,3,0,0,0,0,0
23,20,21,5,IN_PROGRESS,1,0,0,4,0,0,0,0,0
23,21,22,1,IN_PROGRESS,0,16,1,2,6,0,0,1,1
23,22,8,15,IN_PROGRESS,0,7,3,6,4,0,0,1,0
23,23,4,8,IN_PROGRESS,0,15,2,6,1,0,0,0,0
23,24,3,8,IN_PROGRESS,0,1,3,6,1,0,0,0,0
23,25,7,13,IN_PROGRESS,1,5,2,5,0,0,0,0,0
23,26,6,10,IN_PROGRESS,1,0,2,7,0,0,0,0,0
23,27,6,13,IN_PROGRESS,0,0,2,5,0,0,0,0,0
23,28,9,15,IN_PROGRESS,1,0,3,7,0,0,0,0,0
23,29,9,18,IN_PROGRESS,1,0,3,4,0,0,0,0,0
23,30,8,16,IN_PROGRESS,0,3,3,6,2,0,0,1,0
23,31,10,18,IN_PROGRESS,1,0,1,5,0,0,0,0,0
23,32,12,8,IN_PROGRESS,0,2,2,2,4,0,0,1,0
23,33,14,16,IN_PROGRESS,1,13,2,2,9,0,0,1,1
23,34,14,15,IN_PROGRESS,1,0,1,4,0,0,0,0,0
23,35,15,18,IN_PROGRESS,1,0,1,4,0,0,0,0,0
23,36,16,22,IN_PROGRESS,0,0,2,4,0,0,0,0,0
23,37,19,15,IN_PROGRESS,1,0,2,3,0,0,0,0,0
23,38,18,22,IN_PROGRESS,0,0,3,4,0,0,0,0,0
23,39,19,22,IN_PROGRESS,0,6,3,4,12,0,0,1,1
23,40,20,22,IN_PROGRESS,0,11,3,4,12,0,0,1,1
23,41,21,16,IN_PROGRESS,0,1,2,2,0,0,0,0,0
23,42,20,15,IN_PROGRESS,1,21,2,2,7,0,0,1,1
23,43,23,22,IN_PROGRESS,0,0,1,3,0,0,0,0,0
24,0,5,8,IN_PROGRESS,1,0,4,5,0,0,0,0,0
24,1,3,1,IN_PROGRESS,0,0,2,3,0,0,0,0,0
24,2,4,1,IN_PROGRESS,0,6,2,4,13,0,0,1,1
24,3,5,1,IN_PROGRESS,0,8,3,5,13,0,0,1,1
24,4,1,9,IN_PROGRESS,0,14,1,4,1,0,0,0,0
24,5,12,10,IN_PROGRESS,1,7,2,2,0,0,0,0,0
24,6,8,1,IN_PROGRESS,0,0,3,6,0,0,0,0,0
24,7,9,1,IN_PROGRESS,0,0,2,6,0,0,0,0,0
24,8,10,1,IN_PROGRESS,0,10,3,6,13,0,0,1,1
24,9,1,5,IN_PROGRESS,1,1,0,2,0,0,0,0,0
24,10,11,8,IN_PROGRESS,1,0,2,3,0,0,0,0,0
24,11,13,1,IN_PROGRESS,0,0,4,6,0,0,0,0,0
24,12,14,1,IN_PROGRESS,0,9,3,5,13,0,0,1,1
24,13,15,1,IN_PROGRESS,0,11,3,5,13,0,0,1,1
24,14,16,5,IN_PROGRESS,1,9,1,4,5,0,0,1,0
24,15,7,8,IN_PROGRESS,1,8,3,7,0,0,0,0,0
24,16,16,1,IN_PROGRESS,0,11,3,6,13,0,0,1,1
24,17,17,5,IN_PROGRESS,1,16,1,3,5,0,0,1,0
24,18,24,9,IN_PROGRESS,0,0,0,0,0,0,0,0,0
24,19,21,1,IN_PROGRESS,0,0,1,3,0,0,0,0,0
24,20,21,5,IN_PROGRESS,1,0,0,4,0,0,0,0,0
24,21,22,1,IN_PROGRESS,0,16,1,2,7,0,0,1,1
24,22,8,15,IN_PROGRESS,0,7,2,6,5,0,0,1,0
24,23,4,8,IN_PROGRESS,0,15,3,5,2,0,0,1,0
24,24,3,8,IN_PROGRESS,0,1,3,6,2,0,0,1,0
24,25,7,12,IN_PROGRESS,1,4,2,6,0,0,0,0,0
24,26,6,10,IN_PROGRESS,0,0,4,6,0,0,0,0,0
24,27,6,13,IN_PROGRESS,0,10,2,5,1,0,0,0,0
24,28,9,15,IN_PROGRESS,1,0,3,7,0,0,0,0,0
24,29,9,18,IN_PROGRESS,1,0,3,4,0,0,0,0,0
24,30,8,16,IN_PROGRESS,0,3,3,6,3,0,0,1,0
24,31,10,18,IN_PROGRESS,1,9,1,5,1,0,0,0,0
24,32,12,8,IN_PROGRESS,0,2,2,3,5,0,0,1,0
24,33,14,16,IN_PROGRESS,1,13,2,2,10,0,0,1,1
24,34,14,15,IN_PROGRESS,1,0,1,4,0,0,0,0,0
24,35,15,18,IN_PROGRESS,1,0,1,4,0,0,0,0,0
24,36,16,22,IN_PROGRESS,0,0,2,4,0,0,0,0,0
24,37,19,15,IN_PROGRESS,1,0,2,3,0,0,0,0,0
24,38,18,22,IN_PROGRESS,0,0,3,4,0,0,0,0,0
24,39,19,22,IN_PROGRESS,0,6,3,4,13,0,0,1,1
24,40,20,22,IN_PROGRESS,0,11,3,4,13,0,0,1,1
24,41,21,15,IN_PROGRESS,0,0,2,2,0,0,0,0,0
24,42,20,15,IN_PROGRESS,1,21,2,2,8,0,0,1,1
24,43,23,22,IN_PROGRESS,0,0,1,3,0,0,0,0,0
25,0,5,8,IN_PROGRESS,1,0,4,6,0,0,0,0,0
25,1,3,1,IN_PROGRESS,0,0,2,4,0,0,0,0,0
25,2,4,1,IN_PROGRESS,0,6,2,4,14,0,0,1,1
25,3,5,1,IN_PROGRESS,0,8,3,5,14,0,0,1,1
25,4,1,9,IN_PROGRESS,0,13,1,4,2,0,0,1,0
25,5,13,10,IN_PROGRESS,1,6,1,2,0,0,0,0,0
25,6,8,1,IN_PROGRESS,0,0,3,6,0,0,0,0,0
25,7,9,1,IN_PROGRESS,0,0,2,6,0,0,0,0,0
25,8,10,1,IN_PROGRESS,0,10,3,6,14,0,0,1,1
25,9,1,4,IN_PROGRESS,1,0,0,2,0,0,0,0,0
25,10,11,8,IN_PROGRESS,1,0,1,3,0,0,0,0,0
25,11,13,1,IN_PROGRESS,0,0,4,6,0,0,0,0,0
25,12,14,1,IN_PROGRESS,0,9,3,5,14,0,0,1,1
25,13,15,1,IN_PROGRESS,0,11,3,5,14,0,0,1,1
25,14,16,5,IN_PROGRESS,1,9,1,4,6,0,0,1,1
25,15,7,9,IN_PROGRESS,1,7,3,7,0,0,0,0,0
25,16,16,1,IN_PROGRESS,0,11,3,6,14,0,0,1,1
25,17,17,5,IN_PROGRESS,1,16,1,3,6,0,0,1,1
25,18,24,9,IN_PROGRESS,0,12,0,0,1,0,0,0,0
25,19,21,1,IN_PROGRESS,0,0,1,3,0,0,0,0,0
25,20,21,5,IN_PROGRESS,1,0,0,4,0,0,0,0,0
25,21,22,1,IN_PROGRESS,0,16,1,2,8,0,0,1,1
25,22,8,15,IN_PROGRESS,0,7,3,6,6,0,0,1,1
25,23,4,8,IN_PROGRESS,0,15,2,5,3,0,0,1,0
25,24,3,8,IN_PROGRESS,0,1,3,5,3,0,0,1,0
25,25,7,11,IN_PROGRESS,1,3,3,5,0,0,0,0,0
25,26,6,10,IN_PROGRESS,0,14,3,6,1,0,0,0,0
25,27,7,13,IN_PROGRESS,0,9,2,6,0,0,0,0,0
25,28,9,15,IN_PROGRESS,1,0,3,6,0,0,0,0,0
25,29,9,18,IN_PROGRESS,1,24,3,4,1,0,0,0,0
25,30,8,16,IN_PROGRESS,0,3,3,5,4,0,0,1,0
25,31,10,18,IN_PROGRESS,1,9,1,5,2,0,0,1,0
25,32,12,8,IN_PROGRESS,0,2,2,2,6,0,0,1,1
25,33,14,16,IN_PROGRESS,1,13,2,2,11,0,0,1,1
25,34,14,15,IN_PROGRESS,1,0,1,4,0,0,0,0,0
25,35,15,18,IN_PROGRESS,1,0,1,4,0,0,0,0,0
25,36,16,22,IN_PROGRESS,0,0,2,4,0,0,0,0,0
25,37,19,15,IN_PROGRESS,1,0,2,3,0,0,0,0,0
25,38,18,22,IN_PROGRESS,0,0,3,4,0,0,0,0,0
25,39,19,22,IN_PROGRESS,0,6,3,4,14,0,0,1,1
25,40,20,22,IN_PROGRESS,0,11,3,4,14,0,0,1,1
25,41,21,15,IN_PROGRESS,1,0,2,2,0,0,0,0,0
25,42,20,15,IN_PROGRESS,1,21,2,2,9,0,0,1,1
25,43,23,22,IN_PROGRESS,0,0,1,3,0,0,0,0,0
26,0,5,8,IN_PROGRESS,1,0,2,6,0,0,0,0,0
26,1,3,1,IN_PROGRESS,0,0,2,4,0,0,0,0,0
26,2,4,1,IN_PROGRESS,0,6,2,4,15,0,0,1,1
26,3,5,1,IN_PROGRESS,0,8,3,5,15,0,0,1,1
26,4,1,8,IN_PROGRESS,0,12,2,4,0,0,0,0,0
26,5,14,10,IN_PROGRESS,1,5,0,3,0,0,0,0,0
26,6,8,1,IN_PROGRESS,0,0,3,6,0,0,0,0,0
26,7,9,1,IN_PROGRESS,0,0,2,6,0,0,0,0,0
26,8,10,1,IN_PROGRESS,0,10,3,6,15,0,0,1,1
26,9,1,4,IN_PROGRESS,0,0,0,2,0,0,0,0,0
26,10,11,8,IN_PROGRESS,1,0,1,2,0,0,0,0,0
26,11,13,1,IN_PROGRESS,0,0,4,6,0,0,0,0,0
26,12,14,1,IN_PROGRESS,0,9,3,5,15,0,0,1,1
26,13,15,1,IN_PROGRESS,0,11,3,5,15,0,0,1,1
26,14,16,5,IN_PROGRESS,1,9,1,4,7,0,0,1,1
26,15,7,10,IN_PROGRESS,1,6,2,5,0,0,0,0,0
26,16,16,1,IN_PROGRESS,0,11,3,6,15,0,0,1,1
26,17,17,5,IN_PROGRESS,1,16,1,3,7,0,0,1,1
26,18,23,9,IN_PROGRESS,0,11,0,0,0,0,0,0,0
26,19,21,1,IN_PROGRESS,0,0,1,3,0,0,0,0,0
26,20,21,5,IN_PROGRESS,1,0,0,4,0,0,0,0,0
26,21,22,1,IN_PROGRESS,0,16,1,2,9,0,0,1,1
26,22,8,15,IN_PROGRESS,0,7,4,6,7,0,0,1,1
26,23,4,8,IN_PROGRESS,0,15,3,5,4,0,0,1,0
26,24,3,8,IN_PROGRESS,0,1,3,3,4,0,0,1,0
26,25,7,11,IN_PROGRESS,1,3,3,5,1,0,0,0,0
26,26,6,11,IN_PROGRESS,0,13,2,5,0,0,0,0,0
26,27,7,14,IN_PROGRESS,0,8,4,7,0,0,0,0,0
26,28,9,15,IN_PROGRESS,1,0,5,6,0,0,0,0,0
26,29,9,17,IN_PROGRESS,1,23,4,5,0,0,0,0,0
26,30,8,16,IN_PROGRESS,0,3,5,5,5,0,0,1,0
26,31,9,18,IN_PROGRESS,1,8,3,4,0,0,0,0,0
26,32,12,8,IN_PROGRESS,0,2,1,2,7,0,0,1,1
26,33,14,16,IN_PROGRESS,1,13,2,2,12,0,0,1,1
26,34,14,15,IN_PROGRESS,1,0,1,5,0,0,0,0,0
26,35,15,18,IN_PROGRESS,1,0,1,3,0,0,0,0,0
26,36,16,22,IN_PROGRESS,0,0,2,4,0,0,0,0,0
26,37,19,15,IN_PROGRESS,1,0,2,3,0,0,0,0,0
26,38,18,22,IN_PROGRESS,0,0,3,4,0,0,0,0,0
26,39,19,22,IN_PROGRESS,0,6,3,4,15,0,0,1,1
26,40,20,22,IN_PROGRESS,0,11,3,4,15,0,0,1,1
26,41,21,15,IN_PROGRESS,1,0,2,2,0,0,0,0,0
26,42,20,15,IN_PROGRESS,1,21,2,2,10,0,0,1,1
26,43,23,22,IN_PROGRESS,0,0,1,3,0,0,0,0,0
27,0,5,8,IN_PROGRESS,1,0,3,6,0,0,0,0,0
27,1,3,1,IN_PROGRESS,0,0,2,4,0,0,0,0,0
27,2,4,1,IN_PROGRESS,0,6,2,4,16,0,0,1,1
27,3,5,1,IN_PROGRESS,0,8,3,5,16,0,0,1,1
27,4,1,7,IN_PROGRESS,0,11,2,4,0,0,0,0,0
27,5,15,10,IN_PROGRESS,1,4,0,1,0,0,0,0,0
27,6,8,1,IN_PROGRESS,0,0,3,6,0,0,0,0,0
27,7,9,1,IN_PROGRESS,0,0,2,6,0,0,0,0,0
27,8,10,1,IN_PROGRESS,0,10,3,6,16,0,0,1,1
27,9,1,4,IN_PROGRESS,0,13,1,2,1,0,0,0,0
27,10,11,8,IN_PROGRESS,1,0,1,1,0,0,0,0,0
27,11,13,1,IN_PROGRESS,0,0,4,6,0,0,0,0,0
27,12,14,1,IN_PROGRESS,0,9,3,5,16,0,0,1,1
27,13,15,1,IN_PROGRESS,0,11,3,5,16,0,0,1,1
27,14,16,5,IN_PROGRESS,1,9,1,4,8,0,0,1,1
27,15,6,10,IN_PROGRESS,1,5,3,5,0,0,0,0,0
27,16,16,1,IN_PROGRESS,0,11,3,6,16,0,0,1,1
27,17,17,5,IN_PROGRESS,1,16,1,3,8,0,0,1,1
27,18,22,9,IN_PROGRESS,0,10,0,1,0,0,0,0,0
27,19,21,1,IN_PROGRESS,0,0,1,3,0,0,0,0,0
27,20,21,5,IN_PROGRESS,1,0,0,5,0,0,0,0,0
27,21,22,1,IN_PROGRESS,0,16,1,2,10,0,0,1,1
27,22,8,15,IN_PROGRESS,0,7,5,6,8,0,0,1,1
27,23,4,8,IN_PROGRESS,0,15,2,5,5,0,0,1,0
27,24,3,8,IN_PROGRESS,0,1,3,4,5,0,0,1,0
27,25,7,10,IN_PROGRESS,1,2,2,5,0,0,0,0,0
27,26,6,12,IN_PROGRESS,0,12,2,5,0,0,0,0,0
27,27,7,15,IN_PROGRESS,0,7,4,7,0,0,0,0,0
27,28,9,15,IN_PROGRESS,1,0,4,6,0,0,0,0,0
27,29,9,16,IN_PROGRESS,1,22,5,6,0,0,0,0,0
27,30,8,16,IN_PROGRESS,0,3,5,5,6,0,0,1,1
27,31,8,18,IN_PROGRESS,1,7,3,5,0,0,0,0,0
27,32,12,8,IN_PROGRESS,0,2,1,2,8,0,0,1,1
27,33,14,16,IN_PROGRESS,1,13,2,3,13,0,0,1,1
27,34,14,15,IN_PROGRESS,1,0,1,4,0,0,0,0,0
27,35,15,18,IN_PROGRESS,1,0,1,3,0,0,0,0,0
27,36,16,22,IN_PROGRESS,0,0,2,4,0,0,0,0,0
27,37,19,15,IN_PROGRESS,1,0,2,3,0,0,0,0,0
27,38,18,22,IN_PROGRESS,0,0,3,4,0,0,0,0,0
27,39,19,22,IN_PROGRESS,0,6,3,4,16,0,0,1,1
27,40,20,22,IN_PROGRESS,0,11,3,4,16,0,0,1,1
27,41,21,15,IN_PROGRESS,1,0,2,2,0,0,0,0,0
27,42,20,15,IN_PROGRESS,1,21,2,2,11,0,0,1,1
27,43,23,22,IN_PROGRESS,0,0,1,3,0,0,0,0,0
28,0,5,8,IN_PROGRESS,1,0,3,4,0,0,0,0,0
28,1,3,1,IN_PROGRESS,0,0,2,4,0,0,0,0,0
28,2,4,1,IN_PROGRESS,0,6,2,5,17,0,0,1,1
28,3,5,1,IN_PROGRESS,0,8,3,5,17,0,0,1,1
28,4,1,6,IN_PROGRESS,0,10,1,3,0,0,0,0,0
28,5,16,10,IN_PROGRESS,1,3,0,1,0,0,0,0,0
28,6,8,1,IN_PROGRESS,0,0,3,6,0,0,0,0,0
28,7,9,1,IN_PROGRESS,0,0,2,6,0,0,0,0,0
28,8,10,1,IN_PROGRESS,0,10,3,6,17,0,0,1,1
28,9,1,3,IN_PROGRESS,0,12,1,3,0,0,0,0,0
28,10,11,8,IN_PROGRESS,1,0,1,2,0,0,0,0,0
28,11,13,1,IN_PROGRESS,0,0,4,6,0,0,0,0,0
28,12,14,1,IN_PROGRESS,0,9,3,5,17,0,0,1,1
28,13,15,1,IN_PROGRESS,0,11,3,5,17,0,0,1,1
28,14,16,5,IN_PROGRESS,1,9,1,5,9,0,0,1,1
28,15,5,10,IN_PROGRESS,1,4,3,5,0,0,0,0,0
28,16,16,1,IN_PROGRESS,0,11,3,6,17,0,0,1,1
28,17,17,5,IN_PROGRESS,1,16,1,3,9,0,0,1,1
28,18,22,8,IN_PROGRESS,0,9,0,1,0,0,0,0,0
28,19,21,1,IN_PROGRESS,0,0,1,3,0,0,0,0,0
28,20,21,5,IN_PROGRESS,1,0,0,5,0,0,0,0,0
28,21,22,1,IN_PROGRESS,0,16,1,2,11,0,0,1,1
28,22,8,15,IN_PROGRESS,0,7,4,7,9,0,0,1,1
28,23,4,8,IN_PROGRESS,0,15,3,4,6,0,0,1,1
28,24,3,8,IN_PROGRESS,0,1,2,4,6,0,0,1,1
28,25,8,10,IN_PROGRESS,1,1,1,5,0,0,0,0,0
28,26,6,13,IN_PROGRESS,0,11,0,6,0,0,0,0,0
28,27,7,16,IN_PROGRESS,0,6,5,6,0,0,0,0,0
28,28,9,15,IN_PROGRESS,1,0,4,7,0,0,0,0,0
28,29,9,16,IN_PROGRESS,1,22,4,6,1,0,0,0,0
28,30,8,16,IN_PROGRESS,0,3,5,6,7,0,0,1,1
28,31,7,18,IN_PROGRESS,1,6,2,5,0,0,0,0,0
28,32,12,8,IN_PROGRESS,0,2,1,1,9,0,0,1,1
28,33,14,16,IN_PROGRESS,1,13,2,3,14,0,0,1,1
28,34,14,15,IN_PROGRESS,1,0,1,4,0,0,0,0,0
28,35,15,18,IN_PROGRESS,1,0,1,3,0,0,0,0,0
28,36,16,22,IN_PROGRESS,0,0,2,4,0,0,0,0,0
28,37,19,15,IN_PROGRESS,1,0,2,3,0,0,0,0,0
28,38,18,22,IN_PROGRESS,0,0,3,4,0,0,0,0,0
28,39,19,22,IN_PROGRESS,0,6,3,4,17,0,0,1,1
28,40,20,22,IN_PROGRESS,0,11,3,4,17,0,0,1,1
28,41,21,15,IN_PROGRESS,1,0,2,2,0,0,0,0,0
28,42,20,15,IN_PROGRESS,1,21,2,2,12,0,0,1,1
28,43,23,22,IN_PROGRESS,0,0,1,3,0,0,0,0,0
29,0,5,8,IN_PROGRESS,1,0,3,3,0,0,0,0,0
29,1,3,1,IN_PROGRESS,0,0,3,4,0,0,0,0,0
29,2,4,1,IN_PROGRESS,0,6,2,5,18,0,0,1,1
29,3,5,1,IN_PROGRESS,0,8,3,6,18,0,0,1,1
29,4,1,5,IN_PROGRESS,0,9,1,2,0,0,0,0,0
29,5,17,10,IN_PROGRESS,1,2,0,1,0,0,0,0,0
29,6,8,1,IN_PROGRESS,0,0,3,6,0,0,0,0,0
29,7,9,1,IN_PROGRESS,0,0,2,6,0,0,0,0,0
29,8,10,1,IN_PROGRESS,0,10,3,6,18,0,0,1,1
29,9,1,2,IN_PROGRESS,0,11,2,4,0,0,0,0,0
29,10,11,8,IN_PROGRESS,1,0,1,2,0,0,0,0,0
29,11,13,1,IN_PROGRESS,0,0,4,6,0,0,0,0,0
29,12,14,1,IN_PROGRESS,0,9,3,5,18,0,0,1,1
29,13,15,1,IN_PROGRESS,0,11,3,5,18,0,0,1,1
29,14,16,5,IN_PROGRESS,1,9,1,4,10,0,0,1,1
29,15,4,10,IN_PROGRESS,1,3,3,4,0,0,0,0,0
29,16,16,1,IN_PROGRESS,0,11,3,6,18,0,0,1,1
29,17,17,5,IN_PROGRESS,1,16,1,4,10,0,0,1,1
29,18,22,7,IN_PROGRESS,0,8,1,1,0,0,0,0,0
29,19,21,1,IN_PROGRESS,0,0,1,3,0,0,0,0,0
29,20,21,5,IN_PROGRESS,1,0,1,5,0,0,0,0,0
29,21,22,1,IN_PROGRESS,0,16,1,2,12,0,0,1,1
29,22,8,15,IN_PROGRESS,0,7,6,6,10,0,0,1,1
29,23,4,8,IN_PROGRESS,0,15,3,3,7,0,0,1,1
29,24,3,8,IN_PROGRESS,0,1,3,4,7,0,0,1,1
29,25,9,10,IN_PROGRESS,1,0,0,5,0,0,0,0,0
29,26,7,13,IN_PROGRESS,0,10,2,7,0,0,0,0,0
29,27,7,16,IN_PROGRESS,0,6,6,6,1,0,0,0,0
29,28,9,15,IN_PROGRESS,1,0,4,8,0,0,0,0,0
29,29,9,16,IN_PROGRESS,1,22,5,7,2,0,0,1,0
29,30,8,16,IN_PROGRESS,0,3,5,6,8,0,0,1,1
29,31,7,17,IN_PROGRESS,1,5,4,6,0,0,0,0,0
29,32,12,8,IN_PROGRESS,0,2,1,2,10,0,0,1,1
29,33,14,16,IN_PROGRESS,1,13,2,3,15,0,0,1,1
29,34,14,15,IN_PROGRESS,1,0,1,4,0,0,0,0,0
29,35,15,18,IN_PROGRESS,1,0,1,3,0,0,0,0,0
29,36,16,22,IN_PROGRESS,0,0,2,4,0,0,0,0,0
29,37,19,15,IN_PROGRESS,1,0,2,3,0,0,0,0,0
29,38,18,22,IN_PROGRESS,0,0,3,4,0,0,0,0,0
29,39,19,22,IN_PROGRESS,0,6,3,4,18,0,0,1,1
29,40,20,22,IN_PROGRESS,0,11,3,4,18,0,0,1,1
29,41,21,15,IN_PROGRESS,1,0,2,2,0,0,0,0,0
29,42,20,15,IN_PROGRESS,1,21,2,2,13,0,0,1,1
29,43,23,22,IN_PROGRESS,0,0,1,3,0,0,0,0,0
30,0,5,8,IN_PROGRESS,1,0,2,3,0,0,0,0,0
30,1,3,1,IN_PROGRESS,0,0,3,5,0,0,0,0,0
30,2,4,1,IN_PROGRESS,0,6,3,5,19,0,0,1,1
30,3,5,1,IN_PROGRESS,0,8,3,6,19,0,0,1,1
30,4,1,4,IN_PROGRESS,0,8,1,2,0,0,0,0,0
30,5,18,10,IN_PROGRESS,1,1,0,0,0,0,0,0,0
30,6,8,1,IN_PROGRESS,0,0,3,6,0,0,0,0,0
30,7,9,1,IN_PROGRESS,0,0,2,6,0,0,0,0,0
30,8,10,1,IN_PROGRESS,0,10,3,6,19,0,0,1,1
30,9,1,1,IN_PROGRESS,0,10,3,4,0,0,0,0,0
30,10,11,8,IN_PROGRESS,1,0,1,2,0,0,0,0,0
30,11,13,1,IN_PROGRESS,0,0,4,6,0,0,0,0,0
30,12,14,1,IN_PROGRESS,0,9,3,5,19,0,0,1,1
30,13,15,1,IN_PROGRESS,0,11,3,5,19,0,0,1,1
30,14,16,5,IN_PROGRESS,1,9,1,4,11,0,0,1,1
30,15,4,11,IN_PROGRESS,1,2,1,3,0,0,0,0,0
30,16,16,1,IN_PROGRESS,0,11,3,6,19,0,0,1,1
30,17,17,5,IN_PROGRESS,1,16,1,3,11,0,0,1,1
30,18,22,6,IN_PROGRESS,0,7,1,2,0,0,0,0,0
30,19,21,1,IN_PROGRESS,0,0,1,3,0,0,0,0,0
30,20,21,5,IN_PROGRESS,1,0,1,5,0,0,0,0,0
30,21,22,1,IN_PROGRESS,0,16,1,3,13,0,0,1,1
30,22,8,15,IN_PROGRESS,0,7,6,6,11,0,0,1,1
30,23,4,8,IN_PROGRESS,0,15,3,3,8,0,0,1,1
30,24,3,8,IN_PROGRESS,0,1,2,3,8,0,0,1,1
30,25,9,10,IN_PROGRESS,0,0,0,3,0,0,0,0,0
30,26,7,14,IN_PROGRESS,0,9,5,6,0,0,0,0,0
30,27,7,16,IN_PROGRESS,0,6,6,6,2,0,0,1,0
30,28,9,15,IN_PROGRESS,1,0,5,8,0,0,0,0,0
30,29,9,16,IN_PROGRESS,1,22,5,7,3,0,0,1,0
30,30,8,16,IN_PROGRESS,0,3,6,6,9,0,0,1,1
30,31,7,17,IN_PROGRESS,1,5,5,6,1,0,0,0,0
30,32,12,8,IN_PROGRESS,0,2,1,2,11,0,0,1,1
30,33,14,16,IN_PROGRESS,1,13,2,3,16,0,0,1,1
30,34,14,15,IN_PROGRESS,1,0,1,4,0,0,0,0,0
30,35,15,18,IN_PROGRESS,1,0,1,3,0,0,0,0,0
30,36,16,22,IN_PROGRESS,0,0,2,4,0,0,0,0,0
30,37,19,15,IN_PROGRESS,1,0,2,3,0,0,0,0,0
30,38,18,22,IN_PROGRESS,0,0,3,4,0,0,0,0,0
30,39,19,22,IN_PROGRESS,0,6,3,4,19,0,0,1,1
30,40,20,22,IN_PROGRESS,0,11,3,4,19,0,0,1,1
30,41,21,15,IN_PROGRESS,1,0,2,2,0,0,0,0,0
30,42,20,15,IN_PROGRESS,1,21,2,2,14,0,0,1,1
30,43,23,22,IN_PROGRESS,0,0,1,3,0,0,0,0,0
31,0,5,8,IN_PROGRESS,1,0,2,3,0,0,0,0,0
31,1,3,1,IN_PROGRESS,0,0,3,5,0,0,0,0,0
31,2,4,1,IN_PROGRESS,0,6,3,6,20,0,0,1,1
31,3,5,1,IN_PROGRESS,0,8,4,6,20,0,0,1,1
31,4,1,3,IN_PROGRESS,0,7,1,3,0,0,0,0,0
31,5,19,10,IN_PROGRESS,1,0,0,1,0,0,0,0,0
31,6,8,1,IN_PROGRESS,0,0,3,6,0,0,0,0,0
31,7,9,1,IN_PROGRESS,0,0,2,6,0,0,0,0,0
31,8,10,1,IN_PROGRESS,0,10,3,6,20,0,0,1,1
31,9,2,1,IN_PROGRESS,0,9,4,4,0,0,0,0,0
31,10,11,8,IN_PROGRESS,1,0,1,2,0,0,0,0,0
31,11,13,1,IN_PROGRESS,0,0,4,6,0,0,0,0,0
31,12,14,1,IN_PROGRESS,0,9,3,5,20,0,0,1,1
31,13,15,1,IN_PROGRESS,0,11,3,5,20,0,0,1,1
31,14,16,5,IN_PROGRESS,1,9,1,4,12,0,0,1,1
31,15,4,12,IN_PROGRESS,1,1,0,3,0,0,0,0,0
31,16,16,1,IN_PROGRESS,0,11,3,6,20,0,0,1,1
31,17,17,5,IN_PROGRESS,1,16,1,4,12,0,0,1,1
31,18,22,5,IN_PROGRESS,0,6,1,4,0,0,0,0,0
31,19,21,1,IN_PROGRESS,0,0,1,4,0,0,0,0,0
31,20,21,5,IN_PROGRESS,1,0,1,5,0,0,0,0,0
31,21,22,1,IN_PROGRESS,0,16,1,3,14,0,0,1,1
31,22,8,15,IN_PROGRESS,0,7,6,6,12,0,0,1,1
31,23,4,8,IN_PROGRESS,0,15,2,3,9,0,0,1,1
31,24,3,8,IN_PROGRESS,0,1,2,3,9,0,0,1,1
31,25,9,10,IN_PROGRESS,0,16,0,3,1,0,0,0,0
31,26,7,15,IN_PROGRESS,0,8,6,6,0,0,0,0,0
31,27,7,16,IN_PROGRESS,0,6,6,6,3,0,0,1,0
31,28,9,15,IN_PROGRESS,1,0,5,8,0,0,0,0,0
31,29,9,16,IN_PROGRESS,1,22,6,7,4,0,0,1,0
31,30,8,16,IN_PROGRESS,0,3,6,6,10,0,0,1,1
31,31,7,17,IN_PROGRESS,1,5,5,6,2,0,0,1,0
31,32,12,8,IN_PROGRESS,0,2,1,2,12,0,0,1,1
31,33,14,16,IN_PROGRESS,1,13,2,3,17,0,0,1,1
31,34,14,15,IN_PROGRESS,1,0,1,4,0,0,0,0,0
31,35,15,18,IN_PROGRESS,1,0,1,3,0,0,0,0,0
31,36,16,22,IN_PROGRESS,0,0,2,4,0,0,0,0,0
31,37,19,15,IN_PROGRESS,1,0,2,4,0,0,0,0,0
31,38,18,22,IN_PROGRESS,0,0,3,4,0,0,0,0,0
31,39,19,22,IN_PROGRESS,0,6,3,4,20,0,0,1,1
31,40,20,22,IN_PROGRESS,0,11,3,4,20,0,0,1,1
31,41,21,15,IN_PROGRESS,1,0,2,2,0,0,0,0,0
31,42,20,15,IN_PROGRESS,1,21,2,2,15,0,0,1,1
31,43,23,22,IN_PROGRESS,0,0,1,3,0,0,0,0,0
32,0,5,8,IN_PROGRESS,1,0,2,3,0,0,0,0,0
32,1,3,1,IN_PROGRESS,0,0,4,5,0,0,0,0,0
32,2,4,1,IN_PROGRESS,0,6,3,6,21,0,0,1,1
32,3,5,1,IN_PROGRESS,0,8,4,7,21,0,0,1,1
32,4,1,2,IN_PROGRESS,0,6,2,4,0,0,0,0,0
32,5,19,10,IN_PROGRESS,0,0,0,1,0,0,0,0,0
32,6,8,1,IN_PROGRESS,0,0,3,6,0,0,0,0,0
32,7,9,1,IN_PROGRESS,0,0,2,6,0,0,0,0,0
32,8,10,1,IN_PROGRESS,0,10,3,6,21,0,0,1,1
32,9,2,1,IN_PROGRESS,0,9,4,4,1,0,0,0,0
32,10,11,8,IN_PROGRESS,1,0,1,2,0,0,0,0,0
32,11,13,1,IN_PROGRESS,0,0,4,6,0,0,0,0,0
32,12,14,1,IN_PROGRESS,0,9,3,5,21,0,0,1,1
32,13,15,1,IN_PROGRESS,0,11,3,5,21,0,0,1,1
32,14,16,5,IN_PROGRESS,1,9,1,4,13,0,0,1,1
32,15,4,13,IN_PROGRESS,1,0,0,2,0,0,0,0,0
32,16,16,1,IN_PROGRESS,0,11,3,6,21,0,0,1,1
32,17,17,5,IN_PROGRESS,1,16,1,3,13,0,0,1,1
32,18,22,4,IN_PROGRESS,0,5,2,3,0,0,0,0,0
32,19,21,1,IN_PROGRESS,0,0,1,4,0,0,0,0,0
32,20,21,5,IN_PROGRESS,1,0,1,5,0,0,0,0,0
32,21,22,1,IN_PROGRESS,0,16,2,3,15,0,0,1,1
32,22,8,15,IN_PROGRESS,0,7,6,7,13,0,0,1,1
32,23,4,8,IN_PROGRESS,0,15,2,3,10,0,0,1,1
32,24,3,8,IN_PROGRESS,0,1,2,2,10,0,0,1,1
32,25,8,10,IN_PROGRESS,0,15,0,3,0,0,0,0,0
32,26,7,15,IN_PROGRESS,0,8,6,7,1,0,0,0,0
32,27,7,16,IN_PROGRESS,0,6,6,6,4,0,0,1,0
32,28,9,15,IN_PROGRESS,1,0,5,7,0,0,0,0,0
32,29,9,16,IN_PROGRESS,1,22,6,7,5,0,0,1,0
32,30,8,16,IN_PROGRESS,0,3,6,6,11,0,0,1,1
32,31,7,17,IN_PROGRESS,1,5,5,6,3,0,0,1,0
32,32,12,8,IN_PROGRESS,0,2,1,1,13,0,0,1,1
32,33,14,16,IN_PROGRESS,1,13,2,3,18,0,0,1,1
32,34,14,15,IN_PROGRESS,1,0,1,4,0,0,0,0,0
32,35,15,18,IN_PROGRESS,1,14,1,3,1,0,0,0,0
32,36,16,22,IN_PROGRESS,0,0,2,4,0,0,0,0,0
32,37,19,15,IN_PROGRESS,1,0,2,4,0,0,0,0,0
32,38,18,22,IN_PROGRESS,0,0,3,4,0,0,0,0,0
32,39,19,22,IN_PROGRESS,0,6,3,4,21,0,0,1,1
32,40,20,22,IN_PROGRESS,0,11,3,4,21,0,0,1,1
32,41,21,15,IN_PROGRESS,1,0,2,2,0,0,0,0,0
32,42,20,15,IN_PROGRESS,1,21,2,2,16,0,0,1,1
32,43,23,22,IN_PROGRESS,0,0,1,3,0,0,0,0,0
33,0,5,8,IN_PROGRESS,1,0,2,3,0,0,0,0,0
33,1,3,1,IN_PROGRESS,0,0,4,5,0,0,0,0,0
33,2,4,1,IN_PROGRESS,0,6,4,6,22,0,0,1,1
33,3,5,1,IN_PROGRESS,0,8,4,7,22,0,0,1,1
33,4,1,1,IN_PROGRESS,0,5,3,4,0,0,0,0,0
33,5,19,10,IN_PROGRESS,0,21,0,1,1,0,0,0,0
33,6,8,1,IN_PROGRESS,0,0,3,6,0,0,0,0,0
33,7,9,1,IN_PROGRESS,0,0,2,6,0,0,0,0,0
33,8,10,1,IN_PROGRESS,0,10,3,6,22,0,0,1,1
33,9,2,1,IN_PROGRESS,0,9,4,4,2,0,0,1,0
33,10,11,8,IN_PROGRESS,1,0,1,1,0,0,0,0,0
33,11,13,1,IN_PROGRESS,0,0,4,6,0,0,0,0,0
33,12,14,1,IN_PROGRESS,0,9,3,5,22,0,0,1,1
33,13,15,1,IN_PROGRESS,0,11,3,5,22,0,0,1,1
33,14,16,5,IN_PROGRESS,1,9,1,4,14,0,0,1,1
33,15,4,13,IN_PROGRESS,0,0,0,2,0,0,0,0,0
33,16,16,1,IN_PROGRESS,0,11,3,6,22,0,0,1,1
33,17,17,5,IN_PROGRESS,1,16,1,3,14,0,0,1,1
33,18,22,3,IN_PROGRESS,0,4,3,3,0,0,0,0,0
33,19,21,1,IN_PROGRESS,0,0,2,4,0,0,0,0,0
33,20,21,5,IN_PROGRESS,1,0,1,5,0,0,0,0,0
33,21,22,1,IN_PROGRESS,0,16,2,3,16,0,0,1,1
33,22,8,15,IN_PROGRESS,0,7,6,6,14,0,0,1,1
33,23,4,8,IN_PROGRESS,0,15,2,4,11,0,0,1,1
33,24,3,8,IN_PROGRESS,0,1,2,2,11,0,0,1,1
33,25,7,10,IN_PROGRESS,0,14,0,3,0,0,0,0,0
33,26,7,15,IN_PROGRESS,0,8,6,8,2,0,0,1,0
33,27,7,16,IN_PROGRESS,0,6,6,6,5,0,0,1,0
33,28,9,15,IN_PROGRESS,1,0,5,7,0,0,0,0,0
33,29,9,16,IN_PROGRESS,1,22,6,7,6,0,0,1,1
33,30,8,16,IN_PROGRESS,0,3,6,6,12,0,0,1,1
33,31,7,17,IN_PROGRESS,1,5,5,6,4,0,0,1,0
33,32,12,8,IN_PROGRESS,0,2,1,1,14,0,0,1,1
33,33,14,16,IN_PROGRESS,1,13,2,3,19,0,0,1,1
33,34,14,15,IN_PROGRESS,1,0,2,4,0,0,0,0,0
33,35,14,18,IN_PROGRESS,1,13,2,2,0,0,0,0,0
33,36,16,22,IN_PROGRESS,0,0,2,3,0,0,0,0,0
33,37,19,15,IN_PROGRESS,1,0,2,4,0,0,0,0,0
33,38,18,22,IN_PROGRESS,0,0,3,4,0,0,0,0,0
33,39,19,22,IN_PROGRESS,0,6,3,4,22,0,0,1,1
33,40,20,22,IN_PROGRESS,0,11,3,4,22,0,0,1,1
33,41,21,15,IN_PROGRESS,1,0,2,2,0,0,0,0,0
33,42,20,15,IN_PROGRESS,1,21,2,2,17,0,0,1,1
33,43,23,22,IN_PROGRESS,0,0,1,3,0,0,0,0,0
34,0,5,8,IN_PROGRESS,1,0,2,3,0,0,0,0,0
34,1,3,1,IN_PROGRESS,0,0,4,5,0,0,0,0,0
34,2,4,1,IN_PROGRESS,0,6,4,6,23,0,0,1,1
34,3,5,1,IN_PROGRESS,0,8,4,7,23,0,0,1,1
34,4,1,1,IN_PROGRESS,0,5,3,4,1,0,0,0,0
34,5,18,10,IN_PROGRESS,0,20,0,0,0,0,0,0,0
34,6,8,1,IN_PROGRESS,0,0,3,6,0,0,0,0,0
34,7,9,1,IN_PROGRESS,0,0,2,6,0,0,0,0,0
34,8,10,1,IN_PROGRESS,0,10,3,6,23,0,0,1,1
34,9,2,1,IN_PROGRESS,0,9,4,4,3,0,0,1,0
34,10,11,8,IN_PROGRESS,1,0,1,1,0,0,0,0,0
34,11,13,1,IN_PROGRESS,0,0,4,6,0,0,0,0,0
34,12,14,1,IN_PROGRESS,0,9,3,5,23,0,0,1,1
34,13,15,1,IN_PROGRESS,0,11,3,5,23,0,0,1,1
34,14,16,5,IN_PROGRESS,1,9,1,4,15,0,0,1,1
34,15,4,13,IN_PROGRESS,0,25,0,3,1,0,0,0,0
34,16,16,1,IN_PROGRESS,0,11,3,6,23,0,0,1,1
34,17,17,5,IN_PROGRESS,1,16,1,3,15,0,0,1,1
34,18,21,3,IN_PROGRESS,0,3,3,3,0,0,0,0,0
34,19,21,1,IN_PROGRESS,0,0,2,4,0,0,0,0,0
34,20,21,5,IN_PROGRESS,1,0,1,5,0,0,0,0,0
34,21,22,1,IN_PROGRESS,0,16,2,3,17,0,0,1,1
34,22,8,15,IN_PROGRESS,0,7,6,7,15,0,0,1,1
34,23,4,8,IN_PROGRESS,0,15,2,3,12,0,0,1,1
34,24,3,8,IN_PROGRESS,0,1,2,2,12,0,0,1,1
34,25,7,11,IN_PROGRESS,0,13,0,5,0,0,0,0,0
34,26,7,15,IN_PROGRESS,0,8,6,8,3,0,0,1,0
34,27,7,16,IN_PROGRESS,0,6,6,7,6,0,0,1,1
34,28,9,15,IN_PROGRESS,1,7,5,7,1,0,0,0,0
34,29,9,16,IN_PROGRESS,1,22,6,7,7,0,0,1,1
34,30,8,16,IN_PROGRESS,0,3,6,6,13,0,0,1,1
34,31,7,17,IN_PROGRESS,1,5,5,6,5,0,0,1,0
34,32,12,8,IN_PROGRESS,0,2,1,1,15,0,0,1,1
34,33,14,16,IN_PROGRESS,1,13,2,3,20,0,0,1,1
34,34,14,15,IN_PROGRESS,1,0,1,4,0,0,0,0,0
34,35,13,18,IN_PROGRESS,1,12,1,2,0,0,0,0,0
34,36,16,22,IN_PROGRESS,0,0,2,3,0,0,0,0,0
34,37,19,15,IN_PROGRESS,1,0,2,3,0,0,0,0,0
34,38,18,22,IN_PROGRESS,0,0,3,4,0,0,0,0,0
34,39,19,22,IN_PROGRESS,0,6,3,4,23,0,0,1,1
34,40,20,22,IN_PROGRESS,0,11,3,4,23,0,0,1,1
34,41,21,15,IN_PROGRESS,1,0,2,2,0,0,0,0,0
34,42,20,15,IN_PROGRESS,1,21,2,2,18,0,0,1,1
34,43,23,22,IN_PROGRESS,0,0,1,3,0,0,0,0,0
35,0,5,8,IN_PROGRESS,1,0,2,3,0,0,0,0,0
35,1,3,1,IN_PROGRESS,0,0,4,5,0,0,0,0,0
35,2,4,1,IN_PROGRESS,0,6,4,6,24,0,0,1,1
35,3,5,1,IN_PROGRESS,0,8,4,7,24,0,0,1,1
35,4,1,1,IN_PROGRESS,0,5,3,4,2,0,0,1,0
35,5,17,10,IN_PROGRESS,0,19,0,1,0,0,0,0,0
35,6,8,1,IN_PROGRESS,0,0,3,6,0,0,0,0,0
35,7,9,1,IN_PROGRESS,0,0,2,6,0,0,0,0,0
35,8,10,1,IN_PROGRESS,0,10,3,6,24,0,0,1,1
35,9,2,1,IN_PROGRESS,0,9,4,4,4,0,0,1,0
35,10,11,8,IN_PROGRESS,1,0,1,1,0,0,0,0,0
35,11,13,1,IN_PROGRESS,0,0,4,6,0,0,0,0,0
35,12,14,1,IN_PROGRESS,0,9,3,5,24,0,0,1,1
35,13,15,1,IN_PROGRESS,0,11,3,5,24,0,0,1,1
35,14,16,5,IN_PROGRESS,1,9,1,4,16,0,0,1,1
35,15,4,12,IN_PROGRESS,0,24,1,4,0,0,0,0,0
35,16,16,1,IN_PROGRESS,0,11,3,6,24,0,0,1,1
35,17,17,5,IN_PROGRESS,1,16,1,5,16,0,0,1,1
35,18,20,3,IN_PROGRESS,0,2,2,4,0,0,0,0,0
35,19,21,1,IN_PROGRESS,0,0,2,4,0,0,0,0,0
35,20,21,5,IN_PROGRESS,1,0,1,5,0,0,0,0,0
35,21,22,1,IN_PROGRESS,0,16,1,3,18,0,0,1,1
35,22,8,15,IN_PROGRESS,0,7,6,7,16,0,0,1,1
35,23,4,8,IN_PROGRESS,0,15,2,3,13,0,0,1,1
35,24,3,8,IN_PROGRESS,0,1,2,3,13,0,0,1,1
35,25,7,12,IN_PROGRESS,0,12,2,7,0,0,0,0,0
35,26,7,15,IN_PROGRESS,0,8,7,7,4,0,0,1,0
35,27,7,16,IN_PROGRESS,0,6,6,7,7,0,0,1,1
35,28,9,15,IN_PROGRESS,1,7,5,8,2,0,0,1,0
35,29,9,16,IN_PROGRESS,1,22,6,8,8,0,0,1,1
35,30,8,16,IN_PROGRESS,0,3,6,7,14,0,0,1,1
35,31,7,17,IN_PROGRESS,1,5,5,7,6,0,0,1,1
35,32,12,8,IN_PROGRESS,0,2,1,1,16,0,0,1,1
35,33,14,16,IN_PROGRESS,1,13,1,3,21,0,0,1,1
35,34,14,15,IN_PROGRESS,1,0,1,4,0,0,0,0,0
35,35,12,18,IN_PROGRESS,1,11,0,3,0,0,0,0,0
35,36,16,22,IN_PROGRESS,0,0,2,3,0,0,0,0,0
35,37,19,15,IN_PROGRESS,1,0,2,3,0,0,0,0,0
35,38,18,22,IN_PROGRESS,0,0,3,4,0,0,0,0,0
35,39,19,22,IN_PROGRESS,0,6,3,4,24,0,0,1,1
35,40,20,22,IN_PROGRESS,0,11,3,4,24,0,0,1,1
35,41,21,15,IN_PROGRESS,1,0,2,2,0,0,0,0,0
35,42,20,15,IN_PROGRESS,1,21,2,2,19,0,0,1,1
35,43,23,22,IN_PROGRESS,0,0,1,3,0,0,0,0,0
36,0,5,8,IN_PROGRESS,1,0,2,3,0,0,0,0,0
36,1,3,1,IN_PROGRESS,0,0,4,5,0,0,0,0,0
36,2,4,1,IN_PROGRESS,0,6,4,6,25,0,0,1,1
36,3,5,1,IN_PROGRESS,0,8,4,7,25,0,0,1,1
36,4,1,1,IN_PROGRESS,0,5,3,4,3,0,0,1,0
36,5,16,10,IN_PROGRESS,0,18,0,1,0,0,0,0,0
36,6,8,1,IN_PROGRESS,0,0,3,6,0,0,0,0,0
36,7,9,1,IN_PROGRESS,0,0,2,6,0,0,0,0,0
36,8,10,1,IN_PROGRESS,0,10,3,6,25,0,0,1,1
36,9,2,1,IN_PROGRESS,0,9,4,4,5,0,0,1,0
36,10,11,8,IN_PROGRESS,1,0,1,1,0,0,0,0,0
36,11,13,1,IN_PROGRESS,0,0,4,6,0,0,0,0,0
36,12,14,1,IN_PROGRESS,0,9,3,5,25,0,0,1,1
36,13,15,1,IN_PROGRESS,0,11,3,5,25,0,0,1,1
36,14,16,5,IN_PROGRESS,1,9,1,5,17,0,0,1,1
36,15,4,11,IN_PROGRESS,0,23,1,4,0,0,0,0,0
36,16,16,1,IN_PROGRESS,0,11,3,7,25,0,0,1,1
36,17,17,5,IN_PROGRESS,1,16,1,3,17,0,0,1,1
36,18,20,2,IN_PROGRESS,0,1,2,4,0,0,0,0,0
36,19,21,1,IN_PROGRESS,0,0,2,4,0,0,0,0,0
36,20,21,5,IN_PROGRESS,1,0,0,5,0,0,0,0,0
36,21,22,1,IN_PROGRESS,0,16,2,3,19,0,0,1,1
36,22,8,15,IN_PROGRESS,0,7,7,7,17,0,0,1,1
36,23,4,8,IN_PROGRESS,0,15,3,3,14,0,0,1,1
36,24,3,8,IN_PROGRESS,0,1,2,3,14,0,0,1,1
36,25,7,13,IN_PROGRESS,0,11,3,8,0,0,0,0,0
36,26,7,15,IN_PROGRESS,0,8,7,7,5,0,0,1,0
36,27,7,16,IN_PROGRESS,0,6,7,7,8,0,0,1,1
36,28,9,15,IN_PROGRESS,1,7,5,9,3,0,0,1,0
36,29,9,16,IN_PROGRESS,1,22,6,9,9,0,0,1,1
36,30,8,16,IN_PROGRESS,0,3,6,8,15,0,0,1,1
36,31,7,17,IN_PROGRESS,1,5,5,8,7,0,0,1,1
36,32,12,8,IN_PROGRESS,0,2,1,1,17,0,0,1,1
36,33,14,16,IN_PROGRESS,1,13,2,3,22,0,0,1,1
36,34,14,15,IN_PROGRESS,1,0,1,4,0,0,0,0,0
36,35,12,17,IN_PROGRESS,1,10,1,6,0,0,0,0,0
36,36,16,22,IN_PROGRESS,0,0,2,3,0,0,0,0,0
36,37,19,15,IN_PROGRESS,1,0,2,3,0,0,0,0,0
36,38,18,22,IN_PROGRESS,0,0,3,4,0,0,0,0,0
36,39,19,22,IN_PROGRESS,0,6,3,4,25,0,0,1,1
36,40,20,22,IN_PROGRESS,0,11,3,4,25,0,0,1,1
36,41,21,15,IN_PROGRESS,1,0,2,2,0,0,0,0,0
36,42,20,15,IN_PROGRESS,1,21,2,2,20,0,0,1,1
36,43,23,22,IN_PROGRESS,0,0,1,3,0,0,0,0,0
37,0,5,8,IN_PROGRESS,1,0,3,3,0,0,0,0,0
37,1,3,1,IN_PROGRESS,0,0,4,5,0,0,0,0,0
37,2,4,1,IN_PROGRESS,0,6,4,6,26,0,0,1,1
37,3,5,1,IN_PROGRESS,0,8,4,7,26,0,0,1,1
37,4,1,1,IN_PROGRESS,0,5,3,4,4,0,0,1,0
37,5,15,10,IN_PROGRESS,0,17,0,1,0,0,0,0,0
37,6,8,1,IN_PROGRESS,0,0,3,6,0,0,0,0,0
37,7,9,1,IN_PROGRESS,0,0,2,6,0,0,0,0,0
37,8,10,1,IN_PROGRESS,0,10,3,6,26,0,0,1,1
37,9,2,1,IN_PROGRESS,0,9,4,4,6,0,0,1,1
37,10,11,8,IN_PROGRESS,1,0,1,1,0,0,0,0,0
37,11,13,1,IN_PROGRESS,0,0,4,6,0,0,0,0,0
37,12,14,1,IN_PROGRESS,0,9,3,5,26,0,0,1,1
37,13,15,1,IN_PROGRESS,0,11,3,6,26,0,0,1,1
37,14,16,5,IN_PROGRESS,1,9,1,4,18,0,0,1,1
37,15,4,10,IN_PROGRESS,0,22,3,3,0,0,0,0,0
37,16,16,1,IN_PROGRESS,0,11,3,7,26,0,0,1,1
37,17,17,5,IN_PROGRESS,1,16,1,3,18,0,0,1,1
37,18,20,1,IN_PROGRESS,0,0,2,5,0,0,0,0,0
37,19,21,1,IN_PROGRESS,0,0,2,4,0,0,0,0,0
37,20,21,5,IN_PROGRESS,1,0,0,5,0,0,0,0,0
37,21,22,1,IN_PROGRESS,0,16,2,3,20,0,0,1,1
37,22,8,15,IN_PROGRESS,0,7,7,8,18,0,0,1,1
37,23,4,8,IN_PROGRESS,0,15,3,3,15,0,0,1,1
37,24,3,8,IN_PROGRESS,0,1,3,3,15,0,0,1,1
37,25,7,14,IN_PROGRESS,0,10,6,7,0,0,0,0,0
37,26,7,15,IN_PROGRESS,0,8,7,7,6,0,0,1,1
37,27,7,16,IN_PROGRESS,0,6,7,8,9,0,0,1,1
37,28,9,15,IN_PROGRESS,1,7,6,9,4,0,0,1,0
37,29,9,16,IN_PROGRESS,1,22,7,9,10,0,0,1,1
37,30,8,16,IN_PROGRESS,0,3,7,8,16,0,0,1,1
37,31,7,17,IN_PROGRESS,1,5,6,7,8,0,0,1,1
37,32,12,8,IN_PROGRESS,0,2,1,2,18,0,0,1,1
37,33,14,16,IN_PROGRESS,1,13,2,3,23,0,0,1,1
37,34,14,15,IN_PROGRESS,1,0,2,4,0,0,0,0,0
37,35,12,16,IN_PROGRESS,1,9,3,7,0,0,0,0,0
37,36,16,22,IN_PROGRESS,0,0,2,3,0,0,0,0,0
37,37,19,15,IN_PROGRESS,1,0,2,3,0,0,0,0,0
37,38,18,22,IN_PROGRESS,0,0,3,4,0,0,0,0,0
37,39,19,22,IN_PROGRESS,0,6,3,4,26,0,0,1,1
37,40,20,22,IN_PROGRESS,0,11,3,4,26,0,0,1,1
37,41,21,15,IN_PROGRESS,1,0,2,2,0,0,0,0,0
37,42,20,15,IN_PROGRESS,1,21,2,2,21,0,0,1,1
37,43,23,22,IN_PROGRESS,0,0,1,3,0,0,0,0,0
38,0,5,8,IN_PROGRESS,1,0,3,3,0,0,0,0,0
38,1,3,1,IN_PROGRESS,0,0,4,5,0,0,0,0,0
38,2,4,1,IN_PROGRESS,0,6,4,6,27,0,0,1,1
38,3,5,1,IN_PROGRESS,0,8,4,7,27,0,0,1,1
38,4,1,1,IN_PROGRESS,0,5,3,4,5,0,0,1,0
38,5,14,10,IN_PROGRESS,0,16,0,3,0,0,0,0,0
38,6,8,1,IN_PROGRESS,0,0,3,6,0,0,0,0,0
38,7,9,1,IN_PROGRESS,0,0,2,6,0,0,0,0,0
38,8,10,1,IN_PROGRESS,0,10,3,6,27,0,0,1,1
38,9,2,1,IN_PROGRESS,0,9,4,4,7,0,0,1,1
38,10,11,8,IN_PROGRESS,1,0,1,2,0,0,0,0,0
38,11,13,1,IN_PROGRESS,0,0,4,6,0,0,0,0,0
38,12,14,1,IN_PROGRESS,0,9,3,5,27,0,0,1,1
38,13,15,1,IN_PROGRESS,0,11,3,6,27,0,0,1,1
38,14,16,5,IN_PROGRESS,1,9,1,4,19,0,0,1,1
38,15,5,10,IN_PROGRESS,0,21,2,3,0,0,0,0,0
38,16,16,1,IN_PROGRESS,0,11,3,7,27,0,0,1,1
38,17,17,5,IN_PROGRESS,1,16,1,3,19,0,0,1,1
38,18,20,1,IN_PROGRESS,0,0,2,5,0,0,0,0,0
38,19,21,1,IN_PROGRESS,0,0,2,4,0,0,0,0,0
38,20,21,5,IN_PROGRESS,1,0,0,5,0,0,0,0,0
38,21,22,1,IN_PROGRESS,0,16,2,3,21,0,0,1,1
38,22,8,15,IN_PROGRESS,0,7,7,8,19,0,0,1,1
38,23,4,8,IN_PROGRESS,0,15,3,3,16,0,0,1,1
38,24,3,8,IN_PROGRESS,0,1,2,3,16,0,0,1,1
38,25,7,14,IN_PROGRESS,0,10,6,7,1,0,0,0,0
38,26,7,15,IN_PROGRESS,0,8,7,8,7,0,0,1,1
38,27,7,16,IN_PROGRESS,0,6,7,7,10,0,0,1,1
38,28,9,15,IN_PROGRESS,1,7,7,9,5,0,0,1,0
38,29,9,16,IN_PROGRESS,1,22,6,9,11,0,0,1,1
38,30,8,16,IN_PROGRESS,0,3,7,8,17,0,0,1,1
38,31,7,17,IN_PROGRESS,1,5,6,7,9,0,0,1,1
38,32,12,8,IN_PROGRESS,0,2,1,2,19,0,0,1,1
38,33,14,16,IN_PROGRESS,1,13,2,3,24,0,0,1,1
38,34,14,15,IN_PROGRESS,1,0,2,5,0,0,0,0,0
38,35,12,15,IN_PROGRESS,1,8,3,7,0,0,0,0,0
38,36,16,22,IN_PROGRESS,0,0,2,3,0,0,0,0,0
38,37,19,15,IN_PROGRESS,1,0,2,3,0,0,0,0,0
38,38,18,22,IN_PROGRESS,0,0,3,4,0,0,0,0,0
38,39,19,22,IN_PROGRESS,0,6,3,4,27,0,0,1,1
38,40,20,22,IN_PROGRESS,0,11,3,4,27,0,0,1,1
38,41,21,15,IN_PROGRESS,1,0,2,2,0,0,0,0,0
38,42,20,15,IN_PROGRESS,1,21,2,2,22,0,0,1,1
38,43,23,22,IN_PROGRESS,0,0,1,3,0,0,0,0,0
39,0,5,8,IN_PROGRESS,1,0,3,3,0,0,0,0,0
39,1,3,1,IN_PROGRESS,0,0,4,5,0,0,0,0,0
39,2,4,1,IN_PROGRESS,0,6,4,6,28,0,0,1,1
39,3,5,1,IN_PROGRESS,0,8,4,7,28,0,0,1,1
39,4,1,1,IN_PROGRESS,0,5,3,4,6,0,0,1,1
39,5,13,10,IN_PROGRESS,0,15,1,3,0,0,0,0,0
39,6,8,1,IN_PROGRESS,0,0,3,6,0,0,0,0,0
39,7,9,1,IN_PROGRESS,0,0,2,6,0,0,0,0,0
39,8,10,1,IN_PROGRESS,0,10,3,6,28,0,0,1,1
39,9,2,1,IN_PROGRESS,0,9,4,4,8,0,0,1,1
39,10,11,8,IN_PROGRESS,1,0,1,2,0,0,0,0,0
39,11,13,1,IN_PROGRESS,0,0,4,6,0,0,0,0,0
39,12,14,1,IN_PROGRESS,0,9,3,5,28,0,0,1,1
39,13,15,1,IN_PROGRESS,0,11,3,6,28,0,0,1,1
39,14,16,5,IN_PROGRESS,1,9,1,4,20,0,0,1,1
39,15,6,10,IN_PROGRESS,0,20,1,4,0,0,0,0,0
39,16,16,1,IN_PROGRESS,0,11,3,7,28,0,0,1,1
39,17,17,5,IN_PROGRESS,1,16,1,3,20,0,0,1,1
39,18,20,1,IN_PROGRESS,0,21,2,5,1,0,0,0,0
39,19,21,1,IN_PROGRESS,0,0,2,4,0,0,0,0,0
39,20,21,5,IN_PROGRESS,1,0,0,5,0,0,0,0,0
39,21,22,1,IN_PROGRESS,0,16,2,3,22,0,0,1,1
39,22,8,15,IN_PROGRESS,0,7,7,8,20,0,0,1,1
39,23,4,8,IN_PROGRESS,0,15,2,3,17,0,0,1,1
39,24,3,8,IN_PROGRESS,0,1,2,3,17,0,0,1,1
39,25,7,14,IN_PROGRESS,0,10,6,9,2,0,0,1,0
39,26,7,15,IN_PROGRESS,0,8,7,7,8,0,0,1,1
39,27,7,16,IN_PROGRESS,0,6,7,7,11,0,0,1,1
39,28,9,15,IN_PROGRESS,1,7,6,9,6,0,0,1,1
39,29,9,16,IN_PROGRESS,1,22,6,9,12,0,0,1,1
39,30,8,16,IN_PROGRESS,0,3,7,7,18,0,0,1,1
39,31,7,17,IN_PROGRESS,1,5,6,7,10,0,0,1,1
39,32,12,8,IN_PROGRESS,0,2,2,2,20,0,0,1,1
39,33,14,16,IN_PROGRESS,1,13,1,3,25,0,0,1,1
39,34,14,15,IN_PROGRESS,1,0,2,4,0,0,0,0,0
39,35,12,14,IN_PROGRESS,1,7,1,7,0,0,0,0,0
39,36,16,22,IN_PROGRESS,0,0,2,3,0,0,0,0,0
39,37,19,15,IN_PROGRESS,1,0,2,3,0,0,0,0,0
39,38,18,22,IN_PROGRESS,0,0,3,4,0,0,0,0,0
39,39,19,22,IN_PROGRESS,0,6,3,4,28,0,0,1,1
39,40,20,22,IN_PROGRESS,0,11,3,4,28,0,0,1,1
39,41,21,15,IN_PROGRESS,1,0,2,2,0,0,0,0,0
39,42,20,15,IN_PROGRESS,1,21,2,2,23,0,0,1,1
39,43,23,22,IN_PROGRESS,0,0,1,3,0,0,0,0,0
40,0,5,8,IN_PROGRESS,1,0,2,3,0,0,0,0,0
40,1,3,1,IN_PROGRESS,0,0,4,5,0,0,0,0,0
40,2,4,1,IN_PROGRESS,0,6,4,6,29,0,0,1,1
40,3,5,1,IN_PROGRESS,0,8,4,7,29,0,0,1,1
40,4,1,1,IN_PROGRESS,0,5,3,4,7,0,0,1,1
40,5,12,10,IN_PROGRESS,0,14,3,4,0,0,0,0,0
40,6,8,1,IN_PROGRESS,0,0,3,6,0,0,0,0,0
40,7,9,1,IN_PROGRESS,0,0,2,6,0,0,0,0,0
40,8,10,1,IN_PROGRESS,0,10,3,6,29,0,0,1,1
40,9,2,1,IN_PROGRESS,0,9,4,4,9,0,0,1,1
40,10,11,8,IN_PROGRESS,1,0,2,2,0,0,0,0,0
40,11,13,1,IN_PROGRESS,0,0,4,6,0,0,0,0,0
40,12,14,1,IN_PROGRESS,0,9,3,6,29,0,0,1,1
40,13,15,1,IN_PROGRESS,0,11,3,6,29,0,0,1,1
40,14,16,5,IN_PROGRESS,1,9,1,4,21,0,0,1,1
40,15,7,10,IN_PROGRESS,0,19,0,5,0,0,0,0,0
40,16,16,1,IN_PROGRESS,0,11,4,7,29,0,0,1,1
40,17,17,5,IN_PROGRESS,1,16,1,3,21,0,0,1,1
40,18,19,1,IN_PROGRESS,0,20,3,5,0,0,0,0,0
40,19,21,1,IN_PROGRESS,0,0,2,4,0,0,0,0,0
40,20,21,5,IN_PROGRESS,1,0,0,4,0,0,0,0,0
40,21,22,1,IN_PROGRESS,0,16,2,3,23,0,0,1,1
40,22,8,15,IN_PROGRESS,0,7,7,7,21,0,0,1,1
40,23,4,8,IN_PROGRESS,0,15,2,3,18,0,0,1,1
40,24,3,8,IN_PROGRESS,0,1,2,2,18,0,0,1,1
40,25,7,14,IN_PROGRESS,0,10,6,8,3,0,0,1,0
40,26,7,15,IN_PROGRESS,0,8,7,8,9,0,0,1,1
40,27,7,16,IN_PROGRESS,0,6,7,7,12,0,0,1,1
40,28,9,15,IN_PROGRESS,1,7,6,9,7,0,0,1,1
40,29,9,16,IN_PROGRESS,1,22,6,8,13,0,0,1,1
40,30,8,16,IN_PROGRESS,0,3,7,7,19,0,0,1,1
40,31,7,17,IN_PROGRESS,1,5,6,7,11,0,0,1,1
40,32,12,8,IN_PROGRESS,0,2,2,3,21,0,0,1,1
40,33,14,16,IN_PROGRESS,1,13,1,3,26,0,0,1,1
40,34,14,15,IN_PROGRESS,1,0,1,4,0,0,0,0,0
40,35,12,13,IN_PROGRESS,1,6,1,5,0,0,0,0,0
40,36,16,22,IN_PROGRESS,0,0,2,3,0,0,0,0,0
40,37,19,15,IN_PROGRESS,1,0,2,3,0,0,0,0,0
40,38,18,22,IN_PROGRESS,0,0,3,4,0,0,0,0,0
40,39,19,22,IN_PROGRESS,0,6,3,4,29,0,0,1,1
40,40,20,22,IN_PROGRESS,0,11,3,4,29,0,0,1,1
40,41,21,15,IN_PROGRESS,1,0,2,2,0,0,0,0,0
40,42,20,15,IN_PROGRESS,1,21,2,2,24,0,0,1,1
40,43,23,22,IN_PROGRESS,0,0,1,3,0,0,0,0,0
41,0,5,8,IN_PROGRESS,1,0,3,3,0,0,0,0,0
41,1,3,1,IN_PROGRESS,0,0,4,5,0,0,0,0,0
41,2,4,1,IN_PROGRESS,0,6,4,6,30,0,0,1,1
41,3,5,1,IN_PROGRESS,0,8,4,7,30,0,0,1,1
41,4,1,1,IN_PROGRESS,0,5,3,4,8,0,0,1,1
41,5,11,10,IN_PROGRESS,0,13,3,4,0,0,0,0,0
41,6,8,1,IN_PROGRESS,0,0,3,6,0,0,0,0,0
41,7,9,1,IN_PROGRESS,0,0,2,6,0,0,0,0,0
41,8,10,1,IN_PROGRESS,0,10,3,6,30,0,0,1,1
41,9,2,1,IN_PROGRESS,0,9,4,4,10,0,0,1,1
41,10,11,8,IN_PROGRESS,1,0,2,4,0,0,0,0,0
41,11,13,1,IN_PROGRESS,0,0,4,7,0,0,0,0,0
41,12,14,1,IN_PROGRESS,0,9,3,6,30,0,0,1,1
41,13,15,1,IN_PROGRESS,0,11,4,6,30,0,0,1,1
41,14,16,5,IN_PROGRESS,1,9,1,4,22,0,0,1,1
41,15,7,9,IN_PROGRESS,0,18,1,6,0,0,0,0,0
41,16,16,1,IN_PROGRESS,0,11,4,7,30,0,0,1,1
41,17,17,5,IN_PROGRESS,1,16,1,4,22,0,0,1,1
41,18,18,1,IN_PROGRESS,0,19,3,7,0,0,0,0,0
41,19,21,1,IN_PROGRESS,0,0,2,4,0,0,0,0,0
41,20,21,5,IN_PROGRESS,1,0,0,4,0,0,0,0,0
41,21,22,1,IN_PROGRESS,0,16,1,3,24,0,0,1,1
41,22,8,15,IN_PROGRESS,0,7,7,8,22,0,0,1,1
41,23,4,8,IN_PROGRESS,0,15,2,3,19,0,0,1,1
41,24,3,8,IN_PROGRESS,0,1,2,3,19,0,0,1,1
41,25,7,14,IN_PROGRESS,0,10,6,9,4,0,0,1,0
41,26,7,15,IN_PROGRESS,0,8,7,7,10,0,0,1,1
41,27,7,16,IN_PROGRESS,0,6,7,7,13,0,0,1,1
41,28,9,15,IN_PROGRESS,1,7,6,9,8,0,0,1,1
41,29,9,16,IN_PROGRESS,1,22,6,9,14,0,0,1,1
41,30,8,16,IN_PROGRESS,0,3,7,7,20,0,0,1,1
41,31,7,17,IN_PROGRESS,1,5,6,7,12,0,0,1,1
41,32,12,8,IN_PROGRESS,0,2,2,2,22,0,0,1,1
41,33,14,16,IN_PROGRESS,1,13,1,2,27,0,0,1,1
41,34,14,15,IN_PROGRESS,1,0,1,4,0,0,0,0,0
41,35,11,13,IN_PROGRESS,1,5,1,7,0,0,0,0,0
41,36,16,22,IN_PROGRESS,0,0,2,3,0,0,0,0,0
41,37,19,15,IN_PROGRESS,1,0,2,3,0,0,0,0,0
41,38,18,22,IN_PROGRESS,0,0,3,4,0,0,0,0,0
41,39,19,22,IN_PROGRESS,0,6,3,4,30,0,0,1,1
41,40,20,22,IN_PROGRESS,0,11,3,4,30,0,0,1,1
41,41,21,15,IN_PROGRESS,1,0,2,2,0,0,0,0,0
41,42,20,15,IN_PROGRESS,1,21,2,2,25,0,0,1,1
41,43,23,22,IN_PROGRESS,0,0,1,3,0,0,0,0,0
42,0,5,8,IN_PROGRESS,1,0,3,3,0,0,0,0,0
42,1,3,1,IN_PROGRESS,0,0,4,5,0,0,0,0,0
42,2,4,1,IN_PROGRESS,0,6,4,6,31,0,0,1,1
42,3,5,1,IN_PROGRESS,0,8,4,7,31,0,0,1,1
42,4,1,1,IN_PROGRESS,0,5,3,4,9,0,0,1,1
42,5,10,10,IN_PROGRESS,0,12,2,4,0,0,0,0,0
42,6,8,1,IN_PROGRESS,0,0,3,6,0,0,0,0,0
42,7,9,1,IN_PROGRESS,0,0,2,6,0,0,0,0,0
42,8,10,1,IN_PROGRESS,0,10,3,6,31,0,0,1,1
42,9,2,1,IN_PROGRESS,0,9,4,4,11,0,0,1,1
42,10,11,8,IN_PROGRESS,1,0,2,3,0,0,0,0,0
42,11,13,1,IN_PROGRESS,0,0,4,7,0,0,0,0,0
42,12,14,1,IN_PROGRESS,0,9,4,6,31,0,0,1,1
42,13,15,1,IN_PROGRESS,0,11,4,6,31,0,0,1,1
42,14,16,5,IN_PROGRESS,1,9,1,5,23,0,0,1,1
42,15,7,8,IN_PROGRESS,0,17,2,6,0,0,0,0,0
42,16,16,1,IN_PROGRESS,0,11,4,7,31,0,0,1,1
42,17,17,5,IN_PROGRESS,1,16,1,4,23,0,0,1,1
42,18,17,1,IN_PROGRESS,0,18,3,8,0,0,0,0,0
42,19,21,1,IN_PROGRESS,0,0,1,4,0,0,0,0,0
42,20,21,5,IN_PROGRESS,1,0,0,4,0,0,0,0,0
42,21,22,1,IN_PROGRESS,0,16,1,3,25,0,0,1,1
42,22,8,15,IN_PROGRESS,0,7,7,8,23,0,0,1,1
42,23,4,8,IN_PROGRESS,0,15,3,3,20,0,0,1,1
42,24,3,8,IN_PROGRESS,0,1,2,3,20,0,0,1,1
42,25,7,14,IN_PROGRESS,0,10,6,8,5,0,0,1,0
42,26,7,15,IN_PROGRESS,0,8,7,8,11,0,0,1,1
42,27,7,16,IN_PROGRESS,0,6,7,7,14,0,0,1,1
42,28,9,15,IN_PROGRESS,1,7,7,9,9,0,0,1,1
42,29,9,16,IN_PROGRESS,1,22,6,9,15,0,0,1,1
42,30,8,16,IN_PROGRESS,0,3,7,8,21,0,0,1,1
42,31,7,17,IN_PROGRESS,1,5,6,7,13,0,0,1,1
42,32,12,8,IN_PROGRESS,0,2,1,3,23,0,0,1,1
42,33,14,16,IN_PROGRESS,1,13,1,2,28,0,0,1,1
42,34,14,15,IN_PROGRESS,1,0,1,3,0,0,0,0,0
42,35,10,13,IN_PROGRESS,1,4,2,7,0,0,0,0,0
42,36,16,22,IN_PROGRESS,0,0,2,3,0,0,0,0,0
42,37,19,15,IN_PROGRESS,1,0,2,3,0,0,0,0,0
42,38,18,22,IN_PROGRESS,0,0,3,4,0,0,0,0,0
42,39,19,22,IN_PROGRESS,0,6,3,4,31,0,0,1,1
42,40,20,22,IN_PROGRESS,0,11,3,4,31,0,0,1,1
42,41,21,15,IN_PROGRESS,1,0,2,2,0,0,0,0,0
42,42,20,15,IN_PROGRESS,1,21,2,2,26,0,0,1,1
42,43,23,22,IN_PROGRESS,0,0,1,3,0,0,0,0,0
43,0,5,8,IN_PROGRESS,1,0,3,3,0,0,0,0,0
43,1,3,1,IN_PROGRESS,0,0,4,5,0,0,0,0,0
43,2,4,1,IN_PROGRESS,0,6,4,6,32,0,0,1,1
43,3,5,1,IN_PROGRESS,0,8,4,7,32,0,0,1,1
43,4,1,1,IN_PROGRESS,0,5,3,4,10,0,0,1,1
43,5,9,10,IN_PROGRESS,0,11,1,5,0,0,0,0,0
43,6,8,1,IN_PROGRESS,0,0,3,6,0,0,0,0,0
43,7,9,1,IN_PROGRESS,0,0,2,6,0,0,0,0,0
43,8,10,1,IN_PROGRESS,0,10,3,6,32,0,0,1,1
43,9,2,1,IN_PROGRESS,0,9,4,4,12,0,0,1,1
43,10,11,8,IN_PROGRESS,1,0,1,3,0,0,0,0,0
43,11,13,1,IN_PROGRESS,0,0,4,7,0,0,0,0,0
43,12,14,1,IN_PROGRESS,0,9,3,6,32,0,0,1,1
43,13,15,1,IN_PROGRESS,0,11,4,6,32,0,0,1,1
43,14,16,5,IN_PROGRESS,1,9,1,5,24,0,0,1,1
43,15,7,7,IN_PROGRESS,0,16,1,5,0,0,0,0,0
43,16,16,1,IN_PROGRESS,0,11,4,7,32,0,0,1,1
43,17,17,5,IN_PROGRESS,1,16,2,4,24,0,0,1,1
43,18,17,2,IN_PROGRESS,0,17,3,7,0,0,0,0,0
43,19,21,1,IN_PROGRESS,0,0,1,4,0,0,0,0,0
43,20,21,5,IN_PROGRESS,1,0,0,4,0,0,0,0,0
43,21,22,1,IN_PROGRESS,0,16,1,2,26,0,0,1,1
43,22,8,15,IN_PROGRESS,0,7,8,8,24,0,0,1,1
43,23,4,8,IN_PROGRESS,0,15,2,3,21,0,0,1,1
43,24,3,8,IN_PROGRESS,0,1,2,3,21,0,0,1,1
43,25,7,14,IN_PROGRESS,0,10,7,8,6,0,0,1,1
43,26,7,15,IN_PROGRESS,0,8,7,8,12,0,0,1,1
43,27,7,16,IN_PROGRESS,0,6,7,8,15,0,0,1,1
43,28,9,15,IN_PROGRESS,1,7,7,10,10,0,0,1,1
43,29,9,16,IN_PROGRESS,1,22,7,9,16,0,0,1,1
43,30,8,16,IN_PROGRESS,0,3,7,8,22,0,0,1,1
43,31,7,17,IN_PROGRESS,1,5,6,7,14,0,0,1,1
43,32,12,8,IN_PROGRESS,0,2,1,2,24,0,0,1,1
43,33,14,16,IN_PROGRESS,1,13,1,2,29,0,0,1,1
43,34,14,15,IN_PROGRESS,1,0,1,3,0,0,0,0,0
43,35,9,13,IN_PROGRESS,1,3,5,8,0,0,0,0,0
43,36,16,22,IN_PROGRESS,0,0,2,3,0,0,0,0,0
43,37,19,15,IN_PROGRESS,1,0,2,3,0,0,0,0,0
43,38,18,22,IN_PROGRESS,0,0,3,4,0,0,0,0,0
43,39,19,22,IN_PROGRESS,0,6,3,4,32,0,0,1,1
43,40,20,22,IN_PROGRESS,0,11,3,4,32,0,0,1,1
43,41,21,15,IN_PROGRESS,1,0,2,2,0,0,0,0,0
43,42,20,15,IN_PROGRESS,1,21,2,2,27,0,0,1,1
43,43,23,22,IN_PROGRESS,0,0,1,3,0,0,0,0,0
44,0,5,8,IN_PROGRESS,1,0,2,4,0,0,0,0,0
44,1,3,1,IN_PROGRESS,0,0,4,5,0,0,0,0,0
44,2,4,1,IN_PROGRESS,0,6,4,6,33,0,0,1,1
44,3,5,1,IN_PROGRESS,0,8,4,7,33,0,0,1,1
44,4,1,1,IN_PROGRESS,0,5,3,4,11,0,0,1,1
44,5,8,10,IN_PROGRESS,0,10,1,6,0,0,0,0,0
44,6,8,1,IN_PROGRESS,0,0,3,6,0,0,0,0,0
44,7,9,1,IN_PROGRESS,0,0,2,6,0,0,0,0,0
44,8,10,1,IN_PROGRESS,0,10,3,6,33,0,0,1,1
44,9,2,1,IN_PROGRESS,0,9,4,4,13,0,0,1,1
44,10,11,8,IN_PROGRESS,1,0,1,2,0,0,0,0,0
44,11,13,1,IN_PROGRESS,0,0,4,6,0,0,0,0,0
44,12,14,1,IN_PROGRESS,0,9,3,6,33,0,0,1,1
44,13,15,1,IN_PROGRESS,0,11,3,6,33,0,0,1,1
44,14,16,5,IN_PROGRESS,1,9,2,5,25,0,0,1,1
44,15,7,6,IN_PROGRESS,0,15,0,3,0,0,0,0,0
44,16,16,1,IN_PROGRESS,0,11,4,7,33,0,0,1,1
44,17,17,5,IN_PROGRESS,1,16,2,4,25,0,0,1,1
44,18,17,3,IN_PROGRESS,0,16,3,5,0,0,0,0,0
44,19,21,1,IN_PROGRESS,0,0,1,3,0,0,0,0,0
44,20,21,5,IN_PROGRESS,1,0,0,4,0,0,0,0,0
44,21,22,1,IN_PROGRESS,0,16,1,2,27,0,0,1,1
44,22,8,15,IN_PROGRESS,0,7,7,9,25,0,0,1,1
44,23,4,8,IN_PROGRESS,0,15,2,3,22,0,0,1,1
44,24,3,8,IN_PROGRESS,0,1,2,2,22,0,0,1,1
44,25,7,14,IN_PROGRESS,0,10,6,9,7,0,0,1,1
44,26,7,15,IN_PROGRESS,0,8,7,8,13,0,0,1,1
44,27,7,16,IN_PROGRESS,0,6,7,7,16,0,0,1,1
44,28,9,15,IN_PROGRESS,1,7,7,9,11,0,0,1,1
44,29,9,16,IN_PROGRESS,1,22,6,9,17,0,0,1,1
44,30,8,16,IN_PROGRESS,0,3,7,8,23,0,0,1,1
44,31,7,17,IN_PROGRESS,1,5,6,7,15,0,0,1,1
44,32,12,8,IN_PROGRESS,0,2,1,1,25,0,0,1,1
44,33,14,16,IN_PROGRESS,1,13,1,2,30,0,0,1,1
44,34,14,15,IN_PROGRESS,1,0,1,3,0,0,0,0,0
44,35,9,12,IN_PROGRESS,1,2,2,7,0,0,0,0,0
44,36,16,22,IN_PROGRESS,0,0,2,3,0,0,0,0,0
44,37,19,15,IN_PROGRESS,1,0,2,3,0,0,0,0,0
44,38,18,22,IN_PROGRESS,0,0,3,4,0,0,0,0,0
44,39,19,22,IN_PROGRESS,0,6,3,4,33,0,0,1,1
44,40,20,22,IN_PROGRESS,0,11,3,4,33,0,0,1,1
44,41,21,15,IN_PROGRESS,1,0,2,2,0,0,0,0,0
44,42,20,15,IN_PROGRESS,1,21,2,2,28,0,0,1,1
44,43,23,22,IN_PROGRESS,0,0,1,3,0,0,0,0,0
45,0,5,8,IN_PROGRESS,1,0,2,4,0,0,0,0,0
45,1,3,1,IN_PROGRESS,0,0,4,5,0,0,0,0,0
45,2,4,1,IN_PROGRESS,0,6,4,6,34,0,0,1,1
45,3,5,1,IN_PROGRESS,0,8,4,7,34,0,0,1,1
45,4,1,1,IN_PROGRESS,0,5,3,4,12,0,0,1,1
45,5,7,10,IN_PROGRESS,0,9,1,6,0,0,0,0,0
45,6,8,1,IN_PROGRESS,0,0,3,7,0,0,0,0,0
45,7,9,1,IN_PROGRESS,0,0,2,6,0,0,0,0,0
45,8,10,1,IN_PROGRESS,0,10,3,6,34,0,0,1,1
45,9,2,1,IN_PROGRESS,0,9,4,4,14,0,0,1,1
45,10,11,8,IN_PROGRESS,1,0,1,2,0,0,0,0,0
45,11,13,1,IN_PROGRESS,0,0,4,6,0,0,0,0,0
45,12,14,1,IN_PROGRESS,0,9,3,5,34,0,0,1,1
45,13,15,1,IN_PROGRESS,0,11,3,6,34,0,0,1,1
45,14,16,5,IN_PROGRESS,1,9,2,5,26,0,0,1,1
45,15,7,5,IN_PROGRESS,0,14,0,3,0,0,0,0,0
45,16,16,1,IN_PROGRESS,0,11,3,7,34,0,0,1,1
45,17,17,5,IN_PROGRESS,1,16,2,4,26,0,0,1,1
45,18,17,4,IN_PROGRESS,0,15,2,5,0,0,0,0,0
45,19,21,1,IN_PROGRESS,0,0,1,3,0,0,0,0,0
45,20,21,5,IN_PROGRESS,1,0,0,5,0,0,0,0,0
45,21,22,1,IN_PROGRESS,0,16,1,2,28,0,0,1,1
45,22,8,15,IN_PROGRESS,0,7,7,8,26,0,0,1,1
45,23,4,8,IN_PROGRESS,0,15,2,3,23,0,0,1,1
45,24,3,8,IN_PROGRESS,0,1,2,2,23,0,0,1,1
45,25,7,14,IN_PROGRESS,0,10,6,9,8,0,0,1,1
45,26,7,15,IN_PROGRESS,0,8,7,8,14,0,0,1,1
45,27,7,16,IN_PROGRESS,0,6,7,7,17,0,0,1,1
45,28,9,15,IN_PROGRESS,1,7,6,9,12,0,0,1,1
45,29,9,16,IN_PROGRESS,1,22,6,9,18,0,0,1,1
45,30,8,16,IN_PROGRESS,0,3,7,7,24,0,0,1,1
45,31,7,17,IN_PROGRESS,1,5,6,7,16,0,0,1,1
45,32,12,8,IN_PROGRESS,0,2,1,1,26,0,0,1,1
45,33,14,16,IN_PROGRESS,1,13,1,2,31,0,0,1,1
45,34,14,15,IN_PROGRESS,1,0,1,3,0,0,0,0,0
45,35,9,11,IN_PROGRESS,1,1,1,6,0,0,0,0,0
45,36,16,22,IN_PROGRESS,0,0,2,3,0,0,0,0,0
45,37,19,15,IN_PROGRESS,1,0,2,3,0,0,0,0,0
45,38,18,22,IN_PROGRESS,0,0,3,4,0,0,0,0,0
45,39,19,22,IN_PROGRESS,0,6,3,4,34,0,0,1,1
45,40,20,22,IN_PROGRESS,0,11,3,4,34,0,0,1,1
45,41,21,15,IN_PROGRESS,1,0,2,2,0,0,0,0,0
45,42,20,15,IN_PROGRESS,1,21,2,2,29,0,0,1,1
45,43,23,22,IN_PROGRESS,0,0,1,3,0,0,0,0,0
46,0,5,8,IN_PROGRESS,1,0,3,3,0,0,0,0,0
46,1,3,1,IN_PROGRESS,0,0,4,5,0,0,0,0,0
46,2,4,1,IN_PROGRESS,0,6,4,6,35,0,0,1,1
46,3,5,1,IN_PROGRESS,0,8,4,8,35,0,0,1,1
46,4,1,1,IN_PROGRESS,0,5,3,4,13,0,0,1,1
46,5,7,9,IN_PROGRESS,0,8,2,7,0,0,0,0,0
46,6,8,1,IN_PROGRESS,0,0,3,7,0,0,0,0,0
46,7,9,1,IN_PROGRESS,0,0,2,7,0,0,0,0,0
46,8,10,1,IN_PROGRESS,0,10,3,6,35,0,0,1,1
46,9,2,1,IN_PROGRESS,0,9,4,4,15,0,0,1,1
46,10,11,8,IN_PROGRESS,1,0,1,3,0,0,0,0,0
46,11,13,1,IN_PROGRESS,0,0,4,6,0,0,0,0,0
46,12,14,1,IN_PROGRESS,0,9,3,5,35,0,0,1,1
46,13,15,1,IN_PROGRESS,0,11,3,6,35,0,0,1,1
46,14,16,5,IN_PROGRESS,1,9,2,5,27,0,0,1,1
46,15,7,4,IN_PROGRESS,0,13,0,4,0,0,0,0,0
46,16,16,1,IN_PROGRESS,0,11,3,7,35,0,0,1,1
46,17,17,5,IN_PROGRESS,1,16,2,4,27,0,0,1,1
46,18,17,4,IN_PROGRESS,0,15,2,5,1,0,0,0,0
46,19,21,1,IN_PROGRESS,0,0,1,3,0,0,0,0,0
46,20,21,5,IN_PROGRESS,1,0,0,5,0,0,0,0,0
46,21,22,1,IN_PROGRESS,0,16,1,2,29,0,0,1,1
46,22,8,15,IN_PROGRESS,0,7,7,7,27,0,0,1,1
46,23,4,8,IN_PROGRESS,0,15,2,3,24,0,0,1,1
46,24,3,8,IN_PROGRESS,0,1,2,3,24,0,0,1,1
46,25,7,14,IN_PROGRESS,0,10,6,8,9,0,0,1,1
46,26,7,15,IN_PROGRESS,0,8,7,7,15,0,0,1,1
46,27,7,16,IN_PROGRESS,0,6,7,7,18,0,0,1,1
46,28,9,15,IN_PROGRESS,1,7,6,9,13,0,0,1,1
46,29,9,16,IN_PROGRESS,1,22,6,8,19,0,0,1,1
46,30,8,16,IN_PROGRESS,0,3,7,7,25,0,0,1,1
46,31,7,17,IN_PROGRESS,1,5,6,7,17,0,0,1,1
46,32,12,8,IN_PROGRESS,0,2,1,2,27,0,0,1,1
46,33,14,16,IN_PROGRESS,1,13,1,2,32,0,0,1,1
46,34,14,15,IN_PROGRESS,1,0,1,3,0,0,0,0,0
46,35,9,10,IN_PROGRESS,1,0,1,4,0,0,0,0,0
46,36,16,22,IN_PROGRESS,0,0,2,3,0,0,0,0,0
46,37,19,15,IN_PROGRESS,1,0,2,3,0,0,0,0,0
46,38,18,22,IN_PROGRESS,0,0,3,4,0,0,0,0,0
46,39,19,22,IN_PROGRESS,0,6,3,4,35,0,0,1,1
46,40,20,22,IN_PROGRESS,0,11,3,4,35,0,0,1,1
46,41,21,15,IN_PROGRESS,1,0,2,2,0,0,0,0,0
46,42,20,15,IN_PROGRESS,1,21,2,2,30,0,0,1,1
46,43,23,22,IN_PROGRESS,0,0,1,3,0,0,0,0,0
47,0,5,8,IN_PROGRESS,1,0,3,3,0,0,0,0,0
47,1,3,1,IN_PROGRESS,0,0,4,5,0,0,0,0,0
47,2,4,1,IN_PROGRESS,0,6,4,7,36,0,0,1,1
47,3,5,1,IN_PROGRESS,0,8,4,8,36,0,0,1,1
47,4,1,1,IN_PROGRESS,0,5,3,4,14,0,0,1,1
47,5,7,8,IN_PROGRESS,0,7,2,7,0,0,0,0,0
47,6,8,1,IN_PROGRESS,0,0,4,7,0,0,0,0,0
47,7,9,1,IN_PROGRESS,0,0,2,7,0,0,0,0,0
47,8,10,1,IN_PROGRESS,0,10,3,7,36,0,0,1,1
47,9,2,1,IN_PROGRESS,0,9,4,4,16,0,0,1,1
47,10,11,8,IN_PROGRESS,1,0,1,3,0,0,0,0,0
47,11,13,1,IN_PROGRESS,0,0,4,6,0,0,0,0,0
47,12,14,1,IN_PROGRESS,0,9,3,5,36,0,0,1,1
47,13,15,1,IN_PROGRESS,0,11,3,6,36,0,0,1,1
47,14,16,5,IN_PROGRESS,1,9,2,5,28,0,0,1,1
47,15,7,3,IN_PROGRESS,0,12,1,6,0,0,0,0,0
47,16,16,1,IN_PROGRESS,0,11,3,7,36,0,0,1,1
47,17,17,5,IN_PROGRESS,1,16,2,4,28,0,0,1,1
47,18,17,4,IN_PROGRESS,0,15,2,5,2,0,0,1,0
47,19,21,1,IN_PROGRESS,0,0,1,3,0,0,0,0,0
47,20,21,5,IN_PROGRESS,1,0,0,5,0,0,0,0,0
47,21,22,1,IN_PROGRESS,0,16,1,2,30,0,0,1,1
47,22,8,15,IN_PROGRESS,0,7,7,7,28,0,0,1,1
47,23,4,8,IN_PROGRESS,0,15,3,3,25,0,0,1,1
47,24,3,8,IN_PROGRESS,0,1,2,3,25,0,0,1,1
47,25,7,14,IN_PROGRESS,0,10,6,7,10,0,0,1,1
47,26,7,15,IN_PROGRESS,0,8,7,7,16,0,0,1,1
47,27,7,16,IN_PROGRESS,0,6,7,7,19,0,0,1,1
47,28,9,15,IN_PROGRESS,1,7,6,9,14,0,0,1,1
47,29,9,16,IN_PROGRESS,1,22,6,8,20,0,0,1,1
47,30,8,16,IN_PROGRESS,0,3,7,7,26,0,0,1,1
47,31,7,17,IN_PROGRESS,1,5,6,7,18,0,0,1,1
47,32,12,8,IN_PROGRESS,0,2,1,3,28,0,0,1,1
47,33,14,16,IN_PROGRESS,1,13,1,2,33,0,0,1,1
47,34,14,15,IN_PROGRESS,1,0,1,3,0,0,0,0,0
47,35,9,10,IN_PROGRESS,0,0,0,4,0,0,0,0,0
47,36,16,22,IN_PROGRESS,0,0,2,3,0,0,0,0,0
47,37,19,15,IN_PROGRESS,1,0,2,3,0,0,0,0,0
47,38,18,22,IN_PROGRESS,0,0,3,4,0,0,0,0,0
47,39,19,22,IN_PROGRESS,0,6,3,4,36,0,0,1,1
47,40,20,22,IN_PROGRESS,0,11,3,4,36,0,0,1,1
47,41,21,15,IN_PROGRESS,1,0,2,2,0,0,0,0,0
47,42,20,15,IN_PROGRESS,1,21,2,2,31,0,0,1,1
47,43,23,22,IN_PROGRESS,0,0,1,3,0,0,0,0,0
48,0,5,8,IN_PROGRESS,1,0,3,3,0,0,0,0,0
48,1,3,1,IN_PROGRESS,0,0,4,6,0,0,0,0,0
48,2,4,1,IN_PROGRESS,0,6,4,7,37,0,0,1,1
48,3,5,1,IN_PROGRESS,0,8,5,8,37,0,0,1,1
48,4,1,1,IN_PROGRESS,0,5,3,4,15,0,0,1,1
48,5,7,7,IN_PROGRESS,0,6,1,6,0,0,0,0,0
48,6,8,1,IN_PROGRESS,0,0,4,7,0,0,0,0,0
48,7,9,1,IN_PROGRESS,0,0,3,7,0,0,0,0,0
48,8,10,1,IN_PROGRESS,0,10,3,7,37,0,0,1,1
48,9,2,1,IN_PROGRESS,0,9,4,4,17,0,0,1,1
48,10,11,8,IN_PROGRESS,1,0,1,3,0,0,0,0,0
48,11,13,1,IN_PROGRESS,0,0,4,6,0,0,0,0,0
48,12,14,1,IN_PROGRESS,0,9,3,5,37,0,0,1,1
48,13,15,1,IN_PROGRESS,0,11,3,6,37,0,0,1,1
48,14,16,5,IN_PROGRESS,1,9,2,5,29,0,0,1,1
48,15,7,2,IN_PROGRESS,0,11,3,7,0,0,0,0,0
48,16,16,1,IN_PROGRESS,0,11,3,7,37,0,0,1,1
48,17,17,5,IN_PROGRESS,1,16,2,4,29,0,0,1,1
48,18,17,4,IN_PROGRESS,0,15,2,5,3,0,0,1,0
48,19,21,1,IN_PROGRESS,0,0,1,3,0,0,0,0,0
48,20,21,5,IN_PROGRESS,1,0,0,5,0,0,0,0,0
48,21,22,1,IN_PROGRESS,0,16,1,2,31,0,0,1,1
48,22,8,15,IN_PROGRESS,0,7,7,7,29,0,0,1,1
48,23,4,8,IN_PROGRESS,0,15,2,3,26,0,0,1,1
48,24,3,8,IN_PROGRESS,0,1,2,3,26,0,0,1,1
48,25,7,14,IN_PROGRESS,0,10,6,7,11,0,0,1,1
48,26,7,15,IN_PROGRESS,0,8,7,7,17,0,0,1,1
48,27,7,16,IN_PROGRESS,0,6,7,7,20,0,0,1,1
48,28,9,15,IN_PROGRESS,1,7,6,9,15,0,0,1,1
48,29,9,16,IN_PROGRESS,1,22,6,8,21,0,0,1,1
48,30,8,16,IN_PROGRESS,0,3,7,7,27,0,0,1,1
48,31,7,17,IN_PROGRESS,1,5,6,7,19,0,0,1,1
48,32,12,8,IN_PROGRESS,0,2,1,2,29,0,0,1,1
48,33,14,16,IN_PROGRESS,1,13,1,2,34,0,0,1,1
48,34,14,15,IN_PROGRESS,1,0,1,3,0,0,0,0,0
48,35,9,10,IN_PROGRESS,0,18,0,4,1,0,0,0,0
48,36,16,22,IN_PROGRESS,0,0,2,3,0,0,0,0,0
48,37,19,15,IN_PROGRESS,1,0,2,3,0,0,0,0,0
48,38,18,22,IN_PROGRESS,0,0,3,4,0,0,0,0,0
48,39,19,22,IN_PROGRESS,0,6,3,4,37,0,0,1,1
48,40,20,22,IN_PROGRESS,0,11,3,4,37,0,0,1,1
48,41,21,15,IN_PROGRESS,1,0,2,2,0,0,0,0,0
48,42,20,15,IN_PROGRESS,1,21,2,2,32,0,0,1,1
48,43,23,22,IN_PROGRESS,0,0,1,3,0,0,0,0,0
49,0,5,8,IN_PROGRESS,1,0,2,3,0,0,0,0,0
49,1,3,1,IN_PROGRESS,0,0,4,6,0,0,0,0,0
49,2,4,1,IN_PROGRESS,0,6,5,7,38,0,0,1,1
49,3,5,1,IN_PROGRESS,0,8,5,8,38,0,0,1,1
49,4,1,1,IN_PROGRESS,0,5,3,4,16,0,0,1,1
49,5,7,6,IN_PROGRESS,0,5,0,3,0,0,0,0,0
49,6,8,1,IN_PROGRESS,0,0,4,7,0,0,0,0,0
49,7,9,1,IN_PROGRESS,0,0,3,7,0,0,0,0,0
49,8,10,1,IN_PROGRESS,0,10,4,7,38,0,0,1,1
49,9,2,1,IN_PROGRESS,0,9,4,5,18,0,0,1,1
49,10,11,8,IN_PROGRESS,1,0,1,2,0,0,0,0,0
49,11,13,1,IN_PROGRESS,0,0,4,6,0,0,0,0,0
49,12,14,1,IN_PROGRESS,0,9,3,5,38,0,0,1,1
49,13,15,1,IN_PROGRESS,0,11,3,6,38,0,0,1,1
49,14,16,5,IN_PROGRESS,1,9,2,5,30,0,0,1,1
49,15,7,1,IN_PROGRESS,0,10,5,8,0,0,0,0,0
49,16,16,1,IN_PROGRESS,0,11,3,7,38,0,0,1,1
49,17,17,5,IN_PROGRESS,1,16,2,4,30,0,0,1,1
49,18,17,4,IN_PROGRESS,0,15,2,5,4,0,0,1,0
49,19,21,1,IN_PROGRESS,0,0,1,3,0,0,0,0,0
49,20,21,5,IN_PROGRESS,1,0,0,5,0,0,0,0,0
49,21,22,1,IN_PROGRESS,0,16,1,2,32,0,0,1,1
49,22,8,15,IN_PROGRESS,0,7,7,8,30,0,0,1,1
49,23,4,8,IN_PROGRESS,0,15,2,3,27,0,0,1,1
49,24,3,8,IN_PROGRESS,0,1,2,2,27,0,0,1,1
49,25,7,14,IN_PROGRESS,0,10,6,8,12,0,0,1,1
49,26,7,15,IN_PROGRESS,0,8,7,7,18,0,0,1,1
49,27,7,16,IN_PROGRESS,0,6,7,7,21,0,0,1,1
49,28,9,15,IN_PROGRESS,1,7,6,9,16,0,0,1,1
49,29,9,16,IN_PROGRESS,1,22,6,9,22,0,0,1,1
49,30,8,16,IN_PROGRESS,0,3,7,7,28,0,0,1,1
49,31,7,17,IN_PROGRESS,1,5,6,7,20,0,0,1,1
49,32,12,8,IN_PROGRESS,0,2,1,1,30,0,0,1,1
49,33,14,16,IN_PROGRESS,1,13,1,2,35,0,0,1,1
49,34,14,15,IN_PROGRESS,1,0,1,3,0,0,0,0,0
49,35,9,11,IN_PROGRESS,0,17,0,5,0,0,0,0,0
49,36,16,22,IN_PROGRESS,0,0,2,3,0,0,0,0,0
49,37,19,15,IN_PROGRESS,1,0,2,3,0,0,0,0,0
49,38,18,22,IN_PROGRESS,0,0,3,4,0,0,0,0,0
49,39,19,22,IN_PROGRESS,0,6,3,4,38,0,0,1,1
49,40,20,22,IN_PROGRESS,0,11,3,4,38,0,0,1,1
49,41,21,15,IN_PROGRESS,1,0,2,2,0,0,0,0,0
49,42,20,15,IN_PROGRESS,1,21,2,2,33,0,0,1,1
49,43,23,22,IN_PROGRESS,0,0,1,3,0,0,0,0,0
50,0,5,8,IN_PROGRESS,1,0,2,3,0,0,0,0,0
50,1,3,1,IN_PROGRESS,0,0,4,6,0,0,0,0,0
50,2,4,1,IN_PROGRESS,0,6,5,7,39,0,0,1,1
50,3,5,1,IN_PROGRESS,0,8,5,8,39,0,0,1,1
50,4,1,1,IN_PROGRESS,0,5,3,4,17,0,0,1,1
50,5,7,5,IN_PROGRESS,0,4,0,3,0,0,0,0,0
50,6,8,1,IN_PROGRESS,0,0,4,8,0,0,0,0,0
50,7,9,1,IN_PROGRESS,0,0,3,7,0,0,0,0,0
50,8,10,1,IN_PROGRESS,0,10,4,7,39,0,0,1,1
50,9,2,1,IN_PROGRESS,0,9,4,5,19,0,0,1,1
50,10,11,8,IN_PROGRESS,1,0,1,1,0,0,0,0,0
50,11,13,1,IN_PROGRESS,0,0,4,6,0,0,0,0,0
50,12,14,1,IN_PROGRESS,0,9,3,5,39,0,0,1,1
50,13,15,1,IN_PROGRESS,0,11,3,6,39,0,0,1,1
50,14,16,5,IN_PROGRESS,1,9,2,5,31,0,0,1,1
50,15,7,1,IN_PROGRESS,0,10,5,8,1,0,0,0,0
50,16,16,1,IN_PROGRESS,0,11,3,7,39,0,0,1,1
50,17,17,5,IN_PROGRESS,1,16,2,4,31,0,0,1,1
50,18,17,4,IN_PROGRESS,0,15,2,5,5,0,0,1,0
50,19,21,1,IN_PROGRESS,0,0,1,3,0,0,0,0,0
50,20,21,5,IN_PROGRESS,1,0,0,5,0,0,0,0,0
50,21,22,1,IN_PROGRESS,0,16,1,2,33,0,0,1,1
50,22,8,15,IN_PROGRESS,0,7,7,8,31,0,0,1,1
50,23,4,8,IN_PROGRESS,0,15,2,2,28,0,0,1,1
50,24,3,8,IN_PROGRESS,0,1,2,2,28,0,0,1,1
50,25,7,14,IN_PROGRESS,0,10,6,8,13,0,0,1,1
50,26,7,15,IN_PROGRESS,0,8,7,8,19,0,0,1,1
50,27,7,16,IN_PROGRESS,0,6,7,7,22,0,0,1,1
50,28,9,15,IN_PROGRESS,1,7,7,9,17,0,0,1,1
50,29,9,16,IN_PROGRESS,1,22,6,9,23,0,0,1,1
50,30,8,16,IN_PROGRESS,0,3,7,8,29,0,0,1,1
50,31,7,17,IN_PROGRESS,1,5,6,7,21,0,0,1,1
50,32,12,8,IN_PROGRESS,0,2,1,1,31,0,0,1,1
50,33,14,16,IN_PROGRESS,1,13,1,2,36,0,0,1,1
50,34,14,15,IN_PROGRESS,1,0,1,3,0,0,0,0,0
50,35,9,12,IN_PROGRESS,0,16,1,6,0,0,0,0,0
50,36,16,22,IN_PROGRESS,0,0,2,3,0,0,0,0,0
50,37,19,15,IN_PROGRESS,1,0,2,3,0,0,0,0,0
50,38,18,22,IN_PROGRESS,0,0,3,4,0,0,0,0,0
50,39,19,22,IN_PROGRESS,0,6,3,4,39,0,0,1,1
50,40,20,22,IN_PROGRESS,0,11,3,4,39,0,0,1,1
50,41,21,15,IN_PROGRESS,1,0,2,2,0,0,0,0,0
50,42,20,15,IN_PROGRESS,1,21,2,2,34,0,0,1,1
50,43,23,22,IN_PROGRESS,0,0,1,3,0,0,0,0,0
51,0,5,8,IN_PROGRESS,1,0,2,2,0,0,0,0,0
51,1,3,1,IN_PROGRESS,0,0,4,6,0,0,0,0,0
51,2,4,1,IN_PROGRESS,0,6,5,7,40,0,0,1,1
51,3,5,1,IN_PROGRESS,0,8,5,9,40,0,0,1,1
51,4,1,1,IN_PROGRESS,0,5,3,4,18,0,0,1,1
51,5,7,4,IN_PROGRESS,0,3,1,4,0,0,0,0,0
51,6,8,1,IN_PROGRESS,0,0,4,8,0,0,0,0,0
51,7,9,1,IN_PROGRESS,0,0,3,8,0,0,0,0,0
51,8,10,1,IN_PROGRESS,0,10,4,7,40,0,0,1,1
51,9,2,1,IN_PROGRESS,0,9,4,5,20,0,0,1,1
51,10,11,8,IN_PROGRESS,1,0,1,1,0,0,0,0,0
51,11,13,1,IN_PROGRESS,0,0,4,6,0,0,0,0,0
51,12,14,1,IN_PROGRESS,0,9,3,5,40,0,0,1,1
51,13,15,1,IN_PROGRESS,0,11,3,6,40,0,0,1,1
51,14,16,5,IN_PROGRESS,1,9,2,5,32,0,0,1,1
51,15,7,1,IN_PROGRESS,0,10,6,8,2,0,0,1,0
51,16,16,1,IN_PROGRESS,0,11,3,7,40,0,0,1,1
51,17,17,5,IN_PROGRESS,1,16,2,4,32,0,0,1,1
51,18,17,4,IN_PROGRESS,0,15,2,5,6,0,0,1,1
51,19,21,1,IN_PROGRESS,0,0,1,3,0,0,0,0,0
51,20,21,5,IN_PROGRESS,1,0,0,5,0,0,0,0,0
51,21,22,1,IN_PROGRESS,0,16,1,2,34,0,0,1,1
51,22,8,15,IN_PROGRESS,0,7,8,8,32,0,0,1,1
51,23,4,8,IN_PROGRESS,0,15,2,2,29,0,0,1,1
51,24,3,8,IN_PROGRESS,0,1,2,2,29,0,0,1,1
51,25,7,14,IN_PROGRESS,0,10,7,8,14,0,0,1,1
51,26,7,15,IN_PROGRESS,0,8,7,8,20,0,0,1,1
51,27,7,16,IN_PROGRESS,0,6,7,8,23,0,0,1,1
51,28,9,15,IN_PROGRESS,1,7,7,9,18,0,0,1,1
51,29,9,16,IN_PROGRESS,1,22,7,9,24,0,0,1,1
51,30,8,16,IN_PROGRESS,0,3,7,8,30,0,0,1,1
51,31,7,17,IN_PROGRESS,1,5,6,7,22,0,0,1,1
51,32,12,8,IN_PROGRESS,0,2,1,1,32,0,0,1,1
51,33,14,16,IN_PROGRESS,1,13,1,2,37,0,0,1,1
51,34,14,15,IN_PROGRESS,1,0,1,3,0,0,0,0,0
51,35,9,13,IN_PROGRESS,0,15,4,7,0,0,0,0,0
51,36,16,22,IN_PROGRESS,0,0,2,3,0,0,0,0,0
51,37,19,15,IN_PROGRESS,1,0,2,3,0,0,0,0,0
51,38,18,22,IN_PROGRESS,0,0,3,4,0,0,0,0,0
51,39,19,22,IN_PROGRESS,0,6,3,4,40,0,0,1,1
51,40,20,22,IN_PROGRESS,0,11,3,4,40,0,0,1,1
51,41,21,15,IN_PROGRESS,1,0,2,2,0,0,0,0,0
51,42,20,15,IN_PROGRESS,1,21,2,2,35,0,0,1,1
51,43,23,22,IN_PROGRESS,0,0,1,3,0,0,0,0,0
52,0,5,8,IN_PROGRESS,1,0,2,2,0,0,0,0,0
52,1,3,1,IN_PROGRESS,0,0,4,6,0,0,0,0,0
52,2,4,1,IN_PROGRESS,0,6,5,8,41,0,0,1,1
52,3,5,1,IN_PROGRESS,0,8,5,9,41,0,0,1,1
52,4,1,1,IN_PROGRESS,0,5,3,4,19,0,0,1,1
52,5,7,3,IN_PROGRESS,0,2,2,6,0,0,0,0,0
52,6,8,1,IN_PROGRESS,0,0,5,8,0,0,0,0,0
52,7,9,1,IN_PROGRESS,0,0,3,8,0,0,0,0,0
52,8,10,1,IN_PROGRESS,0,10,4,8,41,0,0,1,1
52,9,2,1,IN_PROGRESS,0,9,4,5,21,0,0,1,1
52,10,11,8,IN_PROGRESS,1,0,1,1,0,0,0,0,0
52,11,13,1,IN_PROGRESS,0,0,4,6,0,0,0,0,0
52,12,14,1,IN_PROGRESS,0,9,3,5,41,0,0,1,1
52,13,15,1,IN_PROGRESS,0,11,3,6,41,0,0,1,1
52,14,16,5,IN_PROGRESS,1,9,2,5,33,0,0,1,1
52,15,7,1,IN_PROGRESS,0,10,6,8,3,0,0,1,0
52,16,16,1,IN_PROGRESS,0,11,3,7,41,0,0,1,1
52,17,17,5,IN_PROGRESS,1,16,2,4,33,0,0,1,1
52,18,17,4,IN_PROGRESS,0,15,2,5,7,0,0,1,1
52,19,21,1,IN_PROGRESS,0,0,1,3,0,0,0,0,0
52,20,21,5,IN_PROGRESS,1,0,0,5,0,0,0,0,0
52,21,22,1,IN_PROGRESS,0,16,1,2,35,0,0,1,1
52,22,8,15,IN_PROGRESS,0,7,7,8,33,0,0,1,1
52,23,4,8,IN_PROGRESS,0,15,2,2,30,0,0,1,1
52,24,3,8,IN_PROGRESS,0,1,2,2,30,0,0,1,1
52,25,7,14,IN_PROGRESS,0,10,6,8,15,0,0,1,1
52,26,7,15,IN_PROGRESS,0,8,7,8,21,0,0,1,1
52,27,7,16,IN_PROGRESS,0,6,7,7,24,0,0,1,1
52,28,9,15,IN_PROGRESS,1,7,7,9,19,0,0,1,1
52,29,9,16,IN_PROGRESS,1,22,6,9,25,0,0,1,1
52,30,8,16,IN_PROGRESS,0,3,7,8,31,0,0,1,1
52,31,7,17,IN_PROGRESS,1,5,6,7,23,0,0,1,1
52,32,12,8,IN_PROGRESS,0,2,1,1,33,0,0,1,1
52,33,14,16,IN_PROGRESS,1,13,1,2,38,0,0,1,1
52,34,14,15,IN_PROGRESS,1,0,1,3,0,0,0,0,0
52,35,10,13,IN_PROGRESS,0,14,1,6,0,0,0,0,0
52,36,16,22,IN_PROGRESS,0,0,2,3,0,0,0,0,0
52,37,19,15,IN_PROGRESS,1,0,2,3,0,0,0,0,0
52,38,18,22,IN_PROGRESS,0,0,3,4,0,0,0,0,0
52,39,19,22,IN_PROGRESS,0,6,3,4,41,0,0,1,1
52,40,20,22,IN_PROGRESS,0,11,3,4,41,0,0,1,1
52,41,21,15,IN_PROGRESS,1,0,2,2,0,0,0,0,0
52,42,20,15,IN_PROGRESS,1,21,2,2,36,0,0,1,1
52,43,23,22,IN_PROGRESS,0,0,1,3,0,0,0,0,0
53,0,5,8,IN_PROGRESS,1,0,2,2,0,0,0,0,0
53,1,3,1,IN_PROGRESS,0,0,4,7,0,0,0,0,0
53,2,4,1,IN_PROGRESS,0,6,5,8,42,0,0,1,1
53,3,5,1,IN_PROGRESS,0,8,6,9,42,0,0,1,1
53,4,1,1,IN_PROGRESS,0,5,3,4,20,0,0,1,1
53,5,7,2,IN_PROGRESS,0,1,4,7,0,0,0,0,0
53,6,8,1,IN_PROGRESS,0,0,5,8,0,0,0,0,0
53,7,9,1,IN_PROGRESS,0,0,4,8,0,0,0,0,0
53,8,10,1,IN_PROGRESS,0,10,4,8,42,0,0,1,1
53,9,2,1,IN_PROGRESS,0,9,4,5,22,0,0,1,1
53,10,11,8,IN_PROGRESS,1,0,1,2,0,0,0,0,0
53,11,13,1,IN_PROGRESS,0,0,4,6,0,0,0,0,0
53,12,14,1,IN_PROGRESS,0,9,3,5,42,0,0,1,1
53,13,15,1,IN_PROGRESS,0,11,3,6,42,0,0,1,1
53,14,16,5,IN_PROGRESS,1,9,2,5,34,0,0,1,1
53,15,7,1,IN_PROGRESS,0,10,6,8,4,0,0,1,0
53,16,16,1,IN_PROGRESS,0,11,3,7,42,0,0,1,1
53,17,17,5,IN_PROGRESS,1,16,2,4,34,0,0,1,1
53,18,17,4,IN_PROGRESS,0,15,2,5,8,0,0,1,1
53,19,21,1,IN_PROGRESS,0,0,1,3,0,0,0,0,0
53,20,21,5,IN_PROGRESS,1,0,0,5,0,0,0,0,0
53,21,22,1,IN_PROGRESS,0,16,1,2,36,0,0,1,1
53,22,8,15,IN_PROGRESS,0,7,7,8,34,0,0,1,1
53,23,4,8,IN_PROGRESS,0,15,2,2,31,0,0,1,1
53,24,3,8,IN_PROGRESS,0,1,2,2,31,0,0,1,1
53,25,7,14,IN_PROGRESS,0,10,6,8,16,0,0,1,1
53,26,7,15,IN_PROGRESS,0,8,7,7,22,0,0,1,1
53,27,7,16,IN_PROGRESS,0,6,7,7,25,0,0,1,1
53,28,9,15,IN_PROGRESS,1,7,6,9,20,0,0,1,1
53,29,9,16,IN_PROGRESS,1,22,6,9,26,0,0,1,1
53,30,8,16,IN_PROGRESS,0,3,7,7,32,0,0,1,1
53,31,7,17,IN_PROGRESS,1,5,6,7,24,0,0,1,1
53,32,12,8,IN_PROGRESS,0,2,1,1,34,0,0,1,1
53,33,14,16,IN_PROGRESS,1,13,1,2,39,0,0,1,1
53,34,14,15,IN_PROGRESS,1,0,1,4,0,0,0,0,0
53,35,11,13,IN_PROGRESS,0,13,0,6,0,0,0,0,0
53,36,16,22,IN_PROGRESS,0,0,2,3,0,0,0,0,0
53,37,19,15,IN_PROGRESS,1,0,2,3,0,0,0,0,0
53,38,18,22,IN_PROGRESS,0,0,3,4,0,0,0,0,0
53,39,19,22,IN_PROGRESS,0,6,3,4,42,0,0,1,1
53,40,20,22,IN_PROGRESS,0,11,3,4,42,0,0,1,1
53,41,21,15,IN_PROGRESS,1,0,2,2,0,0,0,0,0
53,42,20,15,IN_PROGRESS,1,21,2,2,37,0,0,1,1
53,43,23,22,IN_PROGRESS,0,0,1,3,0,0,0,0,0
54,0,5,8,IN_PROGRESS,1,0,2,2,0,0,0,0,0
54,1,3,1,IN_PROGRESS,0,0,4,7,0,0,0,0,0
54,2,4,1,IN_PROGRESS,0,6,5,8,43,0,0,1,1
54,3,5,1,IN_PROGRESS,0,8,6,9,43,0,0,1,1
54,4,1,1,IN_PROGRESS,0,5,3,4,21,0,0,1,1
54,5,7,2,IN_PROGRESS,0,1,4,7,1,0,0,0,0
54,6,8,1,IN_PROGRESS,0,0,5,8,0,0,0,0,0
54,7,9,1,IN_PROGRESS,0,0,4,8,0,0,0,0,0
54,8,10,1,IN_PROGRESS,0,10,4,8,43,0,0,1,1
54,9,2,1,IN_PROGRESS,0,9,4,5,23,0,0,1,1
54,10,11,8,IN_PROGRESS,1,0,1,1,0,0,0,0,0
54,11,13,1,IN_PROGRESS,0,0,4,6,0,0,0,0,0
54,12,14,1,IN_PROGRESS,0,9,3,5,43,0,0,1,1
54,13,15,1,IN_PROGRESS,0,11,3,6,43,0,0,1,1
54,14,16,5,IN_PROGRESS,1,9,2,5,35,0,0,1,1
54,15,7,1,IN_PROGRESS,0,10,6,8,5,0,0,1,0
54,16,16,1,IN_PROGRESS,0,11,3,7,43,0,0,1,1
54,17,17,5,IN_PROGRESS,1,16,2,4,35,0,0,1,1
54,18,17,4,IN_PROGRESS,0,15,2,5,9,0,0,1,1
54,19,21,1,IN_PROGRESS,0,0,1,3,0,0,0,0,0
54,20,21,5,IN_PROGRESS,1,0,0,5,0,0,0,0,0
54,21,22,1,IN_PROGRESS,0,16,1,2,37,0,0,1,1
54,22,8,15,IN_PROGRESS,0,7,7,7,35,0,0,1,1
54,23,4,8,IN_PROGRESS,0,15,2,2,32,0,0,1,1
54,24,3,8,IN_PROGRESS,0,1,2,2,32,0,0,1,1
54,25,7,14,IN_PROGRESS,0,10,6,7,17,0,0,1,1
54,26,7,15,IN_PROGRESS,0,8,7,7,23,0,0,1,1
54,27,7,16,IN_PROGRESS,0,6,7,7,26,0,0,1,1
54,28,9,15,IN_PROGRESS,1,7,6,9,21,0,0,1,1
54,29,9,16,IN_PROGRESS,1,22,6,8,27,0,0,1,1
54,30,8,16,IN_PROGRESS,0,3,7,7,33,0,0,1,1
54,31,7,17,IN_PROGRESS,1,5,6,7,25,0,0,1,1
54,32,12,8,IN_PROGRESS,0,2,1,2,35,0,0,1,1
54,33,14,16,IN_PROGRESS,1,13,1,3,40,0,0,1,1
54,34,14,15,IN_PROGRESS,1,0,1,4,0,0,0,0,0
54,35,12,13,IN_PROGRESS,0,12,0,4,0,0,0,0,0
54,36,16,22,IN_PROGRESS,0,0,2,3,0,0,0,0,0
54,37,19,15,IN_PROGRESS,1,0,2,3,0,0,0,0,0
54,38,18,22,IN_PROGRESS,0,0,3,4,0,0,0,0,0
54,39,19,22,IN_PROGRESS,0,6,3,4,43,0,0,1,1
54,40,20,22,IN_PROGRESS,0,11,3,4,43,0,0,1,1
54,41,21,15,IN_PROGRESS,1,0,2,2,0,0,0,0,0
54,42,20,15,IN_PROGRESS,1,21,2,2,38,0,0,1,1
54,43,23,22,IN_PROGRESS,0,0,1,3,0,0,0,0,0
55,0,5,8,IN_PROGRESS,1,0,2,2,0,0,0,0,0
55,1,3,1,IN_PROGRESS,0,0,4,7,0,0,0,0,0
55,2,4,1,IN_PROGRESS,0,6,5,8,44,0,0,1,1
55,3,5,1,IN_PROGRESS,0,8,6,9,44,0,0,1,1
55,4,1,1,IN_PROGRESS,0,5,3,4,22,0,0,1,1
55,5,7,2,IN_PROGRESS,0,1,4,7,2,0,0,1,0
55,6,8,1,IN_PROGRESS,0,0,5,8,0,0,0,0,0
55,7,9,1,IN_PROGRESS,0,0,4,8,0,0,0,0,0
55,8,10,1,IN_PROGRESS,0,10,4,8,44,0,0,1,1
55,9,2,1,IN_PROGRESS,0,9,4,5,24,0,0,1,1
55,10,11,8,IN_PROGRESS,1,0,1,1,0,0,0,0,0
55,11,13,1,IN_PROGRESS,0,0,4,6,0,0,0,0,0
55,12,14,1,IN_PROGRESS,0,9,3,5,44,0,0,1,1
55,13,15,1,IN_PROGRESS,0,11,3,6,44,0,0,1,1
55,14,16,5,IN_PROGRESS,1,9,2,5,36,0,0,1,1
55,15,7,1,IN_PROGRESS,0,10,6,8,6,0,0,1,1
55,16,16,1,IN_PROGRESS,0,11,3,7,44,0,0,1,1
55,17,17,5,IN_PROGRESS,1,16,2,4,36,0,0,1,1
55,18,17,4,IN_PROGRESS,0,15,2,5,10,0,0,1,1
55,19,21,1,IN_PROGRESS,0,0,1,3,0,0,0,0,0
55,20,21,5,IN_PROGRESS,1,0,0,5,0,0,0,0,0
55,21,22,1,IN_PROGRESS,0,16,1,2,38,0,0,1,1
55,22,8,15,IN_PROGRESS,0,7,7,8,36,0,0,1,1
55,23,4,8,IN_PROGRESS,0,15,2,2,33,0,0,1,1
55,24,3,8,IN_PROGRESS,0,1,2,2,33,0,0,1,1
55,25,7,14,IN_PROGRESS,0,10,6,8,18,0,0,1,1
55,26,7,15,IN_PROGRESS,0,8,7,7,24,0,0,1,1
55,27,7,16,IN_PROGRESS,0,6,7,7,27,0,0,1,1
55,28,9,15,IN_PROGRESS,1,7,6,9,22,0,0,1,1
55,29,9,16,IN_PROGRESS,1,22,6,9,28,0,0,1,1
55,30,8,16,IN_PROGRESS,0,3,7,7,34,0,0,1,1
55,31,7,17,IN_PROGRESS,1,5,6,7,26,0,0,1,1
55,32,12,8,IN_PROGRESS,0,2,1,1,36,0,0,1,1
55,33,14,16,IN_PROGRESS,1,13,1,3,41,0,0,1,1
55,34,14,15,IN_PROGRESS,1,0,2,4,0,0,0,0,0
55,35,12,14,IN_PROGRESS,0,11,1,6,0,0,0,0,0
55,36,16,22,IN_PROGRESS,0,0,2,3,0,0,0,0,0
55,37,19,15,IN_PROGRESS,1,0,2,3,0,0,0,0,0
55,38,18,22,IN_PROGRESS,0,0,3,4,0,0,0,0,0
55,39,19,22,IN_PROGRESS,0,6,3,4,44,0,0,1,1
55,40,20,22,IN_PROGRESS,0,11,3,4,44,0,0,1,1
55,41,21,15,IN_PROGRESS,1,0,2,2,0,0,0,0,0
55,42,20,15,IN_PROGRESS,1,21,2,2,39,0,0,1,1
55,43,23,22,IN_PROGRESS,0,0,1,3,0,0,0,0,0
56,0,5,8,IN_PROGRESS,1,0,2,2,0,0,0,0,0
56,1,3,1,IN_PROGRESS,0,0,4,7,0,0,0,0,0
56,2,4,1,IN_PROGRESS,0,6,5,8,45,0,0,1,1
56,3,5,1,IN_PROGRESS,0,8,6,9,45,0,0,1,1
56,4,1,1,IN_PROGRESS,0,5,3,4,23,0,0,1,1
56,5,7,2,IN_PROGRESS,0,1,4,7,3,0,0,1,0
56,6,8,1,IN_PROGRESS,0,0,5,8,0,0,0,0,0
56,7,9,1,IN_PROGRESS,0,0,4,8,0,0,0,0,0
56,8,10,1,IN_PROGRESS,0,10,4,8,45,0,0,1,1
56,9,2,1,IN_PROGRESS,0,9,4,5,25,0,0,1,1
56,10,11,8,IN_PROGRESS,1,0,1,1,0,0,0,0,0
56,11,13,1,IN_PROGRESS,0,0,4,6,0,0,0,0,0
56,12,14,1,IN_PROGRESS,0,9,3,5,45,0,0,1,1
56,13,15,1,IN_PROGRESS,0,11,3,6,45,0,0,1,1
56,14,16,5,IN_PROGRESS,1,9,2,5,37,0,0,1,1
56,15,7,1,IN_PROGRESS,0,10,6,8,7,0,0,1,1
56,16,16,1,IN_PROGRESS,0,11,3,7,45,0,0,1,1
56,17,17,5,IN_PROGRESS,1,16,2,4,37,0,0,1,1
56,18,17,4,IN_PROGRESS,0,15,2,5,11,0,0,1,1
56,19,21,1,IN_PROGRESS,0,0,1,3,0,0,0,0,0
56,20,21,5,IN_PROGRESS,1,0,0,5,0,0,0,0,0
56,21,22,1,IN_PROGRESS,0,16,1,2,39,0,0,1,1
56,22,8,15,IN_PROGRESS,0,7,7,8,37,0,0,1,1
56,23,4,8,IN_PROGRESS,0,15,2,2,34,0,0,1,1
56,24,3,8,IN_PROGRESS,0,1,2,2,34,0,0,1,1
56,25,7,14,IN_PROGRESS,0,10,6,8,19,0,0,1,1
56,26,7,15,IN_PROGRESS,0,8,7,7,25,0,0,1,1
56,27,7,16,IN_PROGRESS,0,6,7,7,28,0,0,1,1
56,28,9,15,IN_PROGRESS,1,7,6,9,23,0,0,1,1
56,29,9,16,IN_PROGRESS,1,22,6,9,29,0,0,1,1
56,30,8,16,IN_PROGRESS,0,3,7,7,35,0,0,1,1
56,31,7,17,IN_PROGRESS,1,5,6,7,27,0,0,1,1
56,32,12,8,IN_PROGRESS,0,2,1,1,37,0,0,1,1
56,33,14,16,IN_PROGRESS,1,13,1,3,42,0,0,1,1
56,34,14,15,IN_PROGRESS,1,0,2,4,0,0,0,0,0
56,35,12,14,IN_PROGRESS,0,11,1,6,1,0,0,0,0
56,36,16,22,IN_PROGRESS,0,0,2,3,0,0,0,0,0
56,37,19,15,IN_PROGRESS,1,0,2,3,0,0,0,0,0
56,38,18,22,IN_PROGRESS,0,0,3,4,0,0,0,0,0
56,39,19,22,IN_PROGRESS,0,6,3,4,45,0,0,1,1
56,40,20,22,IN_PROGRESS,0,11,3,4,45,0,0,1,1
56,41,21,15,IN_PROGRESS,1,0,2,2,0,0,0,0,0
56,42,20,15,IN_PROGRESS,1,21,2,2,40,0,0,1,1
56,43,23,22,IN_PROGRESS,0,0,1,3,0,0,0,0,0
57,0,5,8,IN_PROGRESS,1,0,2,2,0,0,0,0,0
57,1,3,1,IN_PROGRESS,0,0,4,7,0,0,0,0,0
57,2,4,1,IN_PROGRESS,0,6,5,8,46,0,0,1,1
57,3,5,1,IN_PROGRESS,0,8,6,9,46,0,0,1,1
57,4,1,1,IN_PROGRESS,0,5,3,4,24,0,0,1,1
57,5,7,2,IN_PROGRESS,0,1,4,7,4,0,0,1,0
57,6,8,1,IN_PROGRESS,0,0,5,8,0,0,0,0,0
57,7,9,1,IN_PROGRESS,0,0,4,8,0,0,0,0,0
57,8,10,1,IN_PROGRESS,0,10,4,8,46,0,0,1,1
57,9,2,1,IN_PROGRESS,0,9,4,5,26,0,0,1,1
57,10,11,8,IN_PROGRESS,1,0,1,1,0,0,0,0,0
57,11,13,1,IN_PROGRESS,0,0,4,6,0,0,0,0,0
57,12,14,1,IN_PROGRESS,0,9,3,5,46,0,0,1,1
57,13,15,1,IN_PROGRESS,0,11,3,6,46,0,0,1,1
57,14,16,5,IN_PROGRESS,1,9,2,5,38,0,0,1,1
57,15,7,1,IN_PROGRESS,0,10,6,8,8,0,0,1,1
57,16,16,1,IN_PROGRESS,0,11,3,7,46,0,0,1,1
57,17,17,5,IN_PROGRESS,1,16,2,4,38,0,0,1,1
57,18,17,4,IN_PROGRESS,0,15,2,5,12,0,0,1,1
57,19,21,1,IN_PROGRESS,0,0,1,3,0,0,0,0,0
57,20,21,5,IN_PROGRESS,1,0,0,5,0,0,0,0,0
57,21,22,1,IN_PROGRESS,0,16,1,2,40,0,0,1,1
57,22,8,15,IN_PROGRESS,0,7,7,8,38,0,0,1,1
57,23,4,8,IN_PROGRESS,0,15,2,2,35,0,0,1,1
57,24,3,8,IN_PROGRESS,0,1,2,2,35,0,0,1,1
57,25,7,14,IN_PROGRESS,0,10,6,7,20,0,0,1,1
57,26,7,15,IN_PROGRESS,0,8,7,8,26,0,0,1,1
57,27,7,16,IN_PROGRESS,0,6,7,7,29,0,0,1,1
57,28,9,15,IN_PROGRESS,1,7,7,9,24,0,0,1,1
57,29,9,16,IN_PROGRESS,1,22,6,9,30,0,0,1,1
57,30,8,16,IN_PROGRESS,0,3,7,8,36,0,0,1,1
57,31,7,17,IN_PROGRESS,1,5,6,7,28,0,0,1,1
57,32,12,8,IN_PROGRESS,0,2,1,1,38,0,0,1,1
57,33,14,16,IN_PROGRESS,1,13,2,3,43,0,0,1,1
57,34,14,15,IN_PROGRESS,1,0,2,4,0,0,0,0,0
57,35,12,15,IN_PROGRESS,0,10,3,7,0,0,0,0,0
57,36,16,22,IN_PROGRESS,0,0,2,3,0,0,0,0,0
57,37,19,15,IN_PROGRESS,1,0,2,3,0,0,0,0,0
57,38,18,22,IN_PROGRESS,0,0,3,4,0,0,0,0,0
57,39,19,22,IN_PROGRESS,0,6,3,4,46,0,0,1,1
57,40,20,22,IN_PROGRESS,0,11,3,4,46,0,0,1,1
57,41,21,15,IN_PROGRESS,1,0,2,2,0,0,0,0,0
57,42,20,15,IN_PROGRESS,1,21,2,2,41,0,0,1,1
57,43,23,22,IN_PROGRESS,0,0,1,3,0,0,0,0,0
58,0,5,8,IN_PROGRESS,1,0,2,2,0,0,0,0,0
58,1,3,1,IN_PROGRESS,0,0,4,7,0,0,0,0,0
58,2,4,1,IN_PROGRESS,0,6,5,8,47,0,0,1,1
58,3,5,1,IN_PROGRESS,0,8,6,9,47,0,0,1,1
58,4,1,1,IN_PROGRESS,0,5,3,4,25,0,0,1,1
58,5,7,2,IN_PROGRESS,0,1,4,7,5,0,0,1,0
58,6,8,1,IN_PROGRESS,0,0,5,8,0,0,0,0,0
58,7,9,1,IN_PROGRESS,0,0,4,8,0,0,0,0,0
58,8,10,1,IN_PROGRESS,0,10,4,8,47,0,0,1,1
58,9,2,1,IN_PROGRESS,0,9,4,5,27,0,0,1,1
58,10,11,8,IN_PROGRESS,1,0,1,1,0,0,0,0,0
58,11,13,1,IN_PROGRESS,0,0,4,6,0,0,0,0,0
58,12,14,1,IN_PROGRESS,0,9,3,5,47,0,0,1,1
58,13,15,1,IN_PROGRESS,0,11,3,6,47,0,0,1,1
58,14,16,5,IN_PROGRESS,1,9,2,5,39,0,0,1,1
58,15,7,1,IN_PROGRESS,0,10,6,8,9,0,0,1,1
58,16,16,1,IN_PROGRESS,0,11,3,7,47,0,0,1,1
58,17,17,5,IN_PROGRESS,1,16,2,4,39,0,0,1,1
58,18,17,4,IN_PROGRESS,0,15,2,5,13,0,0,1,1
58,19,21,1,IN_PROGRESS,0,0,1,3,0,0,0,0,0
58,20,21,5,IN_PROGRESS,1,0,0,5,0,0,0,0,0
58,21,22,1,IN_PROGRESS,0,16,1,2,41,0,0,1,1
58,22,8,15,IN_PROGRESS,0,7,7,8,39,0,0,1,1
58,23,4,8,IN_PROGRESS,0,15,2,2,36,0,0,1,1
58,24,3,8,IN_PROGRESS,0,1,2,2,36,0,0,1,1
58,25,7,14,IN_PROGRESS,0,10,6,7,21,0,0,1,1
58,26,7,15,IN_PROGRESS,0,8,7,7,27,0,0,1,1
58,27,7,16,IN_PROGRESS,0,6,7,8,30,0,0,1,1
58,28,9,15,IN_PROGRESS,1,7,6,9,25,0,0,1,1
58,29,9,16,IN_PROGRESS,1,22,7,9,31,0,0,1,1
58,30,8,16,IN_PROGRESS,0,3,7,8,37,0,0,1,1
58,31,7,17,IN_PROGRESS,1,5,6,7,29,0,0,1,1
58,32,12,8,IN_PROGRESS,0,2,1,1,39,0,0,1,1
58,33,14,16,IN_PROGRESS,1,13,2,3,44,0,0,1,1
58,34,14,15,IN_PROGRESS,1,0,2,4,0,0,0,0,0
58,35,12,16,IN_PROGRESS,0,9,3,7,0,0,0,0,0
58,36,16,22,IN_PROGRESS,0,0,2,3,0,0,0,0,0
58,37,19,15,IN_PROGRESS,1,0,2,3,0,0,0,0,0
58,38,18,22,IN_PROGRESS,0,0,3,4,0,0,0,0,0
58,39,19,22,IN_PROGRESS,0,6,3,4,47,0,0,1,1
58,40,20,22,IN_PROGRESS,0,11,3,4,47,0,0,1,1
58,41,21,15,IN_PROGRESS,1,0,2,2,0,0,0,0,0
58,42,20,15,IN_PROGRESS,1,21,2,2,42,0,0,1,1
58,43,23,22,IN_PROGRESS,0,0,1,3,0,0,0,0,0
59,0,5,8,IN_PROGRESS,1,0,2,2,0,0,0,0,0
59,1,3,1,IN_PROGRESS,0,0,4,7,0,0,0,0,0
59,2,4,1,IN_PROGRESS,0,6,5,8,48,0,0,1,1
59,3,5,1,IN_PROGRESS,0,8,6,9,48,0,0,1,1
59,4,1,1,IN_PROGRESS,0,5,3,4,26,0,0,1,1
59,5,7,2,IN_PROGRESS,0,1,4,7,6,0,0,1,1
59,6,8,1,IN_PROGRESS,0,0,5,8,0,0,0,0,0
59,7,9,1,IN_PROGRESS,0,0,4,8,0,0,0,0,0
59,8,10,1,IN_PROGRESS,0,10,4,8,48,0,0,1,1
59,9,2,1,IN_PROGRESS,0,9,4,5,28,0,0,1,1
59,10,11,8,IN_PROGRESS,1,0,1,1,0,0,0,0,0
59,11,13,1,IN_PROGRESS,0,0,4,6,0,0,0,0,0
59,12,14,1,IN_PROGRESS,0,9,3,5,48,0,0,1,1
59,13,15,1,IN_PROGRESS,0,11,3,6,48,0,0,1,1
59,14,16,5,IN_PROGRESS,1,9,2,5,40,0,0,1,1
59,15,7,1,IN_PROGRESS,0,10,6,8,10,0,0,1,1
59,16,16,1,IN_PROGRESS,0,11,3,7,48,0,0,1,1
59,17,17,5,IN_PROGRESS,1,16,2,4,40,0,0,1,1
59,18,17,4,IN_PROGRESS,0,15,2,5,14,0,0,1,1
59,19,21,1,IN_PROGRESS,0,0,1,3,0,0,0,0,0
59,20,21,5,IN_PROGRESS,1,0,0,5,0,0,0,0,0
59,21,22,1,IN_PROGRESS,0,16,1,2,42,0,0,1,1
59,22,8,15,IN_PROGRESS,0,7,7,7,40,0,0,1,1
59,23,4,8,IN_PROGRESS,0,15,2,2,37,0,0,1,1
59,24,3,8,IN_PROGRESS,0,1,2,2,37,0,0,1,1
59,25,7,14,IN_PROGRESS,0,10,6,7,22,0,0,1,1
59,26,7,15,IN_PROGRESS,0,8,7,7,28,0,0,1,1
59,27,7,16,IN_PROGRESS,0,6,7,7,31,0,0,1,1
59,28,9,15,IN_PROGRESS,1,7,6,9,26,0,0,1,1
59,29,9,16,IN_PROGRESS,1,22,6,9,32,0,0,1,1
59,30,8,16,IN_PROGRESS,0,3,7,8,38,0,0,1,1
59,31,7,17,IN_PROGRESS,1,5,6,8,30,0,0,1,1
59,32,12,8,IN_PROGRESS,0,2,1,1,40,0,0,1,1
59,33,14,16,IN_PROGRESS,1,13,2,3,45,0,0,1,1
59,34,14,15,IN_PROGRESS,1,0,1,4,0,0,0,0,0
59,35,12,17,IN_PROGRESS,0,8,1,6,0,0,0,0,0
59,36,16,22,IN_PROGRESS,0,0,2,3,0,0,0,0,0
59,37,19,15,IN_PROGRESS,1,0,2,3,0,0,0,0,0
59,38,18,22,IN_PROGRESS,0,0,3,4,0,0,0,0,0
59,39,19,22,IN_PROGRESS,0,6,3,4,48,0,0,1,1
59,40,20,22,IN_PROGRESS,0,11,3,4,48,0,0,1,1
59,41,21,15,IN_PROGRESS,1,0,2,2,0,0,0,0,0
59,42,20,15,IN_PROGRESS,1,21,2,2,43,0,0,1,1
59,43,23,22,IN_PROGRESS,0,0,1,3,0,0,0,0,0
60,0,5,8,IN_PROGRESS,1,0,2,2,0,0,0,0,0
60,1,3,1,IN_PROGRESS,0,0,4,7,0,0,0,0,0
60,2,4,1,IN_PROGRESS,0,6,5,8,49,0,0,1,1
60,3,5,1,IN_PROGRESS,0,8,6,9,49,0,0,1,1
60,4,1,1,IN_PROGRESS,0,5,3,4,27,0,0,1,1
60,5,7,2,IN_PROGRESS,0,1,4,7,7,0,0,1,1
60,6,8,1,IN_PROGRESS,0,0,5,8,0,0,0,0,0
60,7,9,1,IN_PROGRESS,0,0,4,8,0,0,0,0,0
60,8,10,1,IN_PROGRESS,0,10,4,8,49,0,0,1,1
60,9,2,1,IN_PROGRESS,0,9,4,5,29,0,0,1,1
60,10,11,8,IN_PROGRESS,1,0,1,1,0,0,0,0,0
60,11,13,1,IN_PROGRESS,0,0,4,6,0,0,0,0,0
60,12,14,1,IN_PROGRESS,0,9,3,5,49,0,0,1,1
60,13,15,1,IN_PROGRESS,0,11,3,6,49,0,0,1,1
60,14,16,5,IN_PROGRESS,1,9,2,5,41,0,0,1,1
60,15,7,1,IN_PROGRESS,0,10,6,8,11,0,0,1,1
60,16,16,1,IN_PROGRESS,0,11,3,7,49,0,0,1,1
60,17,17,5,IN_PROGRESS,1,16,2,4,41,0,0,1,1
60,18,17,4,IN_PROGRESS,0,15,2,5,15,0,0,1,1
60,19,21,1,IN_PROGRESS,0,0,1,3,0,0,0,0,0
60,20,21,5,IN_PROGRESS,1,0,0,5,0,0,0,0,0
60,21,22,1,IN_PROGRESS,0,16,1,2,43,0,0,1,1
60,22,8,15,IN_PROGRESS,0,7,7,7,41,0,0,1,1
60,23,4,8,IN_PROGRESS,0,15,2,2,38,0,0,1,1
60,24,3,8,IN_PROGRESS,0,1,2,2,38,0,0,1,1
60,25,7,14,IN_PROGRESS,0,10,6,7,23,0,0,1,1
60,26,7,15,IN_PROGRESS,0,8,7,7,29,0,0,1,1
60,27,7,16,IN_PROGRESS,0,6,7,7,32,0,0,1,1
60,28,9,15,IN_PROGRESS,1,7,6,8,27,0,0,1,1
60,29,9,16,IN_PROGRESS,1,22,6,9,33,0,0,1,1
60,30,8,16,IN_PROGRESS,0,3,7,7,39,0,0,1,1
60,31,7,17,IN_PROGRESS,1,5,6,7,31,0,0,1,1
60,32,12,8,IN_PROGRESS,0,2,1,1,41,0,0,1,1
60,33,14,16,IN_PROGRESS,1,13,1,3,46,0,0,1,1
60,34,14,15,IN_PROGRESS,1,0,1,4,0,0,0,0,0
60,35,12,18,IN_PROGRESS,0,7,0,3,0,0,0,0,0
60,36,16,22,IN_PROGRESS,0,0,2,3,0,0,0,0,0
60,37,19,15,IN_PROGRESS,1,0,2,3,0,0,0,0,0
60,38,18,22,IN_PROGRESS,0,0,3,4,0,0,0,0,0
60,39,19,22,IN_PROGRESS,0,6,3,4,49,0,0,1,1
60,40,20,22,IN_PROGRESS,0,11,3,4,49,0,0,1,1
60,41,21,15,IN_PROGRESS,1,0,2,2,0,0,0,0,0
60,42,20,15,IN_PROGRESS,1,21,2,2,44,0,0,1,1
60,43,23,22,IN_PROGRESS,0,0,1,3,0,0,0,0,0
61,0,5,8,IN_PROGRESS,1,0,2,2,0,0,0,0,0
61,1,3,1,IN_PROGRESS,0,0,4,7,0,0,0,0,0
61,2,4,1,IN_PROGRESS,0,6,5,8,50,0,0,1,1
61,3,5,1,IN_PROGRESS,0,8,6,9,50,0,0,1,1
61,4,1,1,IN_PROGRESS,0,5,3,4,28,0,0,1,1
61,5,7,2,IN_PROGRESS,0,1,4,7,8,0,0,1,1
61,6,8,1,IN_PROGRESS,0,0,5,8,0,0,0,0,0
61,7,9,1,IN_PROGRESS,0,0,4,8,0,0,0,0,0
61,8,10,1,IN_PROGRESS,0,10,4,8,50,0,0,1,1
61,9,2,1,IN_PROGRESS,0,9,4,5,30,0,0,1,1
61,10,11,8,IN_PROGRESS,1,0,1,1,0,0,0,0,0
61,11,13,1,IN_PROGRESS,0,0,4,6,0,0,0,0,0
61,12,14,1,IN_PROGRESS,0,9,3,5,50,0,0,1,1
61,13,15,1,IN_PROGRESS,0,11,3,6,50,0,0,1,1
61,14,16,5,IN_PROGRESS,1,9,2,5,42,0,0,1,1
61,15,7,1,IN_PROGRESS,0,10,6,8,12,0,0,1,1
61,16,16,1,IN_PROGRESS,0,11,3,7,50,0,0,1,1
61,17,17,5,IN_PROGRESS,1,16,2,4,42,0,0,1,1
61,18,17,4,IN_PROGRESS,0,16,2,5,16,0,0,1,1
61,19,21,1,IN_PROGRESS,0,0,1,3,0,0,0,0,0
61,20,21,5,IN_PROGRESS,1,0,0,5,0,0,0,0,0
61,21,22,1,IN_PROGRESS,0,16,1,2,44,0,0,1,1
61,22,8,15,IN_PROGRESS,0,7,7,7,42,0,0,1,1
61,23,4,8,IN_PROGRESS,0,15,2,2,39,0,0,1,1
61,24,3,8,IN_PROGRESS,0,1,2,2,39,0,0,1,1
61,25,7,14,IN_PROGRESS,0,10,6,7,24,0,0,1,1
61,26,7,15,IN_PROGRESS,0,8,7,7,30,0,0,1,1
61,27,7,16,IN_PROGRESS,0,6,7,7,33,0,0,1,1
61,28,9,15,IN_PROGRESS,1,7,6,8,28,0,0,1,1
61,29,9,16,IN_PROGRESS,1,22,6,9,34,0,0,1,1
61,30,8,16,IN_PROGRESS,0,3,7,7,40,0,0,1,1
61,31,7,17,IN_PROGRESS,1,5,6,7,32,0,0,1,1
61,32,12,8,IN_PROGRESS,0,2,1,1,42,0,0,1,1
61,33,14,16,IN_PROGRESS,1,13,1,3,47,0,0,1,1
61,34,14,15,IN_PROGRESS,1,0,1,4,0,0,0,0,0
61,35,12,18,IN_PROGRESS,0,7,0,3,1,0,0,0,0
61,36,16,22,IN_PROGRESS,0,0,2,3,0,0,0,0,0
61,37,19,15,IN_PROGRESS,1,0,2,3,0,0,0,0,0
61,38,18,22,IN_PROGRESS,0,0,3,4,0,0,0,0,0
61,39,19,22,IN_PROGRESS,0,6,3,4,50,0,0,1,1
61,40,20,22,IN_PROGRESS,0,11,3,4,50,0,0,1,1
61,41,21,15,IN_PROGRESS,1,0,2,2,0,0,0,0,0
61,42,20,15,IN_PROGRESS,1,21,2,2,45,0,0,1,1
61,43,23,22,IN_PROGRESS,0,0,1,3,0,0,0,0,0
62,0,5,8,IN_PROGRESS,1,0,2,2,0,0,0,0,0
62,1,3,1,IN_PROGRESS,0,0,4,7,0,0,0,0,0
62,2,4,1,IN_PROGRESS,0,6,5,8,51,0,0,1,1
62,3,5,1,IN_PROGRESS,0,8,6,9,51,0,0,1,1
62,4,1,1,IN_PROGRESS,0,5,3,4,29,0,0,1,1
62,5,7,2,IN_PROGRESS,0,1,4,7,9,0,0,1,1
62,6,8,1,IN_PROGRESS,0,0,5,8,0,0,0,0,0
62,7,9,1,IN_PROGRESS,0,0,4,8,0,0,0,0,0
62,8,10,1,IN_PROGRESS,0,10,4,8,51,0,0,1,1
62,9,2,1,IN_PROGRESS,0,9,4,5,31,0,0,1,1
62,10,11,8,IN_PROGRESS,1,0,1,1,0,0,0,0,0
62,11,13,1,IN_PROGRESS,0,0,4,6,0,0,0,0,0
62,12,14,1,IN_PROGRESS,0,9,3,5,51,0,0,1,1
62,13,15,1,IN_PROGRESS,0,11,3,6,51,0,0,1,1
62,14,16,5,IN_PROGRESS,1,9,2,5,43,0,0,1,1
62,15,7,1,IN_PROGRESS,0,10,6,8,13,0,0,1,1
62,16,16,1,IN_PROGRESS,0,11,3,7,51,0,0,1,1
62,17,17,5,IN_PROGRESS,1,16,2,4,43,0,0,1,1
62,18,17,4,IN_PROGRESS,0,15,2,5,17,0,0,1,1
62,19,21,1,IN_PROGRESS,0,0,1,3,0,0,0,0,0
62,20,21,5,IN_PROGRESS,1,0,0,5,0,0,0,0,0
62,21,22,1,IN_PROGRESS,0,16,1,2,45,0,0,1,1
62,22,8,15,IN_PROGRESS,0,7,7,7,43,0,0,1,1
62,23,4,8,IN_PROGRESS,0,15,2,2,40,0,0,1,1
62,24,3,8,IN_PROGRESS,0,1,2,2,40,0,0,1,1
62,25,7,14,IN_PROGRESS,0,10,6,7,25,0,0,1,1
62,26,7,15,IN_PROGRESS,0,8,7,7,31,0,0,1,1
62,27,7,16,IN_PROGRESS,0,6,7,7,34,0,0,1,1
62,28,9,15,IN_PROGRESS,1,7,6,8,29,0,0,1,1
62,29,9,16,IN_PROGRESS,1,22,6,8,35,0,0,1,1
62,30,8,16,IN_PROGRESS,0,3,7,7,41,0,0,1,1
62,31,7,17,IN_PROGRESS,1,5,6,7,33,0,0,1,1
62,32,12,8,IN_PROGRESS,0,2,1,1,43,0,0,1,1
62,33,14,16,IN_PROGRESS,1,13,1,3,48,0,0,1,1
62,34,14,15,IN_PROGRESS,1,0,1,3,0,0,0,0,0
62,35,12,19,IN_PROGRESS,0,6,0,1,0,0,0,0,0
62,36,16,22,IN_PROGRESS,0,0,2,3,0,0,0,0,0
62,37,19,15,IN_PROGRESS,1,0,2,3,0,0,0,0,0
62,38,18,22,IN_PROGRESS,0,0,3,4,0,0,0,0,0
62,39,19,22,IN_PROGRESS,0,6,3,4,51,0,0,1,1
62,40,20,22,IN_PROGRESS,0,11,3,4,51,0,0,1,1
62,41,21,15,IN_PROGRESS,1,0,2,2,0,0,0,0,0
62,42,20,15,IN_PROGRESS,1,21,2,2,46,0,0,1,1
62,43,23,22,IN_PROGRESS,0,0,1,3,0,0,0,0,0
63,0,5,8,IN_PROGRESS,1,0,2,2,0,0,0,0,0
63,1,3,1,IN_PROGRESS,0,0,4,7,0,0,0,0,0
63,2,4,1,IN_PROGRESS,0,6,5,8,52,0,0,1,1
63,3,5,1,IN_PROGRESS,0,8,6,9,52,0,0,1,1
63,4,1,1,IN_PROGRESS,0,5,3,4,30,0,0,1,1
63,5,7,2,IN_PROGRESS,0,1,4,7,10,0,0,1,1
63,6,8,1,IN_PROGRESS,0,0,5,8,0,0,0,0,0
63,7,9,1,IN_PROGRESS,0,0,4,8,0,0,0,0,0
63,8,10,1,IN_PROGRESS,0,10,4,8,52,0,0,1,1
63,9,2,1,IN_PROGRESS,0,9,4,5,32,0,0,1,1
63,10,11,8,IN_PROGRESS,1,0,1,1,0,0,0,0,0
63,11,13,1,IN_PROGRESS,0,0,4,6,0,0,0,0,0
63,12,14,1,IN_PROGRESS,0,9,3,5,52,0,0,1,1
63,13,15,1,IN_PROGRESS,0,11,3,6,52,0,0,1,1
63,14,16,5,IN_PROGRESS,1,9,2,5,44,0,0,1,1
63,15,7,1,IN_PROGRESS,0,10,6,8,14,0,0,1,1
63,16,16,1,IN_PROGRESS,0,11,3,7,52,0,0,1,1
63,17,17,5,IN_PROGRESS,1,16,2,4,44,0,0,1,1
63,18,17,4,IN_PROGRESS,0,15,2,5,18,0,0,1,1
63,19,21,1,IN_PROGRESS,0,0,1,3,0,0,0,0,0
63,20,21,5,IN_PROGRESS,1,0,0,5,0,0,0,0,0
63,21,22,1,IN_PROGRESS,0,16,1,2,46,0,0,1,1
63,22,8,15,IN_PROGRESS,0,7,7,7,44,0,0,1,1
63,23,4,8,IN_PROGRESS,0,15,2,2,41,0,0,1,1
63,24,3,8,IN_PROGRESS,0,1,2,2,41,0,0,1,1
63,25,7,14,IN_PROGRESS,0,10,6,7,26,0,0,1,1
63,26,7,15,IN_PROGRESS,0,8,7,7,32,0,0,1,1
63,27,7,16,IN_PROGRESS,0,6,7,7,35,0,0,1,1
63,28,9,15,IN_PROGRESS,1,7,6,8,30,0,0,1,1
63,29,9,16,IN_PROGRESS,1,22,6,8,36,0,0,1,1
63,30,8,16,IN_PROGRESS,0,3,7,7,42,0,0,1,1
63,31,7,17,IN_PROGRESS,1,5,6,7,34,0,0,1,1
63,32,12,8,IN_PROGRESS,0,2,1,1,44,0,0,1,1
63,33,14,16,IN_PROGRESS,1,13,1,2,49,0,0,1,1
63,34,14,15,IN_PROGRESS,1,0,1,3,0,0,0,0,0
63,35,12,20,IN_PROGRESS,0,5,0,0,0,0,0,0,0
63,36,16,22,IN_PROGRESS,0,0,2,3,0,0,0,0,0
63,37,19,15,IN_PROGRESS,1,0,2,3,0,0,0,0,0
63,38,18,22,IN_PROGRESS,0,0,3,4,0,0,0,0,0
63,39,19,22,IN_PROGRESS,0,6,3,4,52,0,0,1,1
63,40,20,22,IN_PROGRESS,0,11,3,4,52,0,0,1,1
63,41,21,15,IN_PROGRESS,1,0,2,2,0,0,0,0,0
63,42,20,15,IN_PROGRESS,1,21,2,2,47,0,0,1,1
63,43,23,22,IN_PROGRESS,0,0,1,3,0,0,0,0,0
64,0,5,8,IN_PROGRESS,1,0,2,2,0,0,0,0,0
64,1,3,1,IN_PROGRESS,0,0,4,7,0,0,0,0,0
64,2,4,1,IN_PROGRESS,0,6,5,8,53,0,0,1,1
64,3,5,1,IN_PROGRESS,0,8,6,9,53,0,0,1,1
64,4,1,1,IN_PROGRESS,0,5,3,4,31,0,0,1,1
64,5,7,2,IN_PROGRESS,0,1,4,7,11,0,0,1,1
64,6,8,1,IN_PROGRESS,0,0,5,8,0,0,0,0,0
64,7,9,1,IN_PROGRESS,0,0,4,8,0,0,0,0,0
64,8,10,1,IN_PROGRESS,0,10,4,8,53,0,0,1,1
64,9,2,1,IN_PROGRESS,0,9,4,5,33,0,0,1,1
64,10,11,8,IN_PROGRESS,1,0,1,1,0,0,0,0,0
64,11,13,1,IN_PROGRESS,0,0,4,6,0,0,0,0,0
64,12,14,1,IN_PROGRESS,0,9,3,5,53,0,0,1,1
64,13,15,1,IN_PROGRESS,0,11,3,6,53,0,0,1,1
64,14,16,5,IN_PROGRESS,1,9,2,5,45,0,0,1,1
64,15,7,1,IN_PROGRESS,0,10,6,8,15,0,0,1,1
64,16,16,1,IN_PROGRESS,0,11,3,7,53,0,0,1,1
64,17,17,5,IN_PROGRESS,1,16,2,4,45,0,0,1,1
64,18,17,4,IN_PROGRESS,0,15,2,5,19,0,0,1,1
64,19,21,1,IN_PROGRESS,0,0,1,3,0,0,0,0,0
64,20,21,5,IN_PROGRESS,1,0,0,5,0,0,0,0,0
64,21,22,1,IN_PROGRESS,0,16,1,2,47,0,0,1,1
64,22,8,15,IN_PROGRESS,0,7,7,7,45,0,0,1,1
64,23,4,8,IN_PROGRESS,0,15,2,2,42,0,0,1,1
64,24,3,8,IN_PROGRESS,0,1,2,2,42,0,0,1,1
64,25,7,14,IN_PROGRESS,0,10,6,7,27,0,0,1,1
64,26,7,15,IN_PROGRESS,0,8,7,7,33,0,0,1,1
64,27,7,16,IN_PROGRESS,0,6,7,7,36,0,0,1,1
64,28,9,15,IN_PROGRESS,1,7,6,8,31,0,0,1,1
64,29,9,16,IN_PROGRESS,1,22,6,8,37,0,0,1,1
64,30,8,16,IN_PROGRESS,0,3,7,7,43,0,0,1,1
64,31,7,17,IN_PROGRESS,1,5,6,7,35,0,0,1,1
64,32,12,8,IN_PROGRESS,0,2,1,1,45,0,0,1,1
64,33,14,16,IN_PROGRESS,1,13,1,2,50,0,0,1,1
64,34,14,15,IN_PROGRESS,1,0,1,3,0,0,0,0,0
64,35,12,21,IN_PROGRESS,0,4,0,1,0,0,0,0,0
64,36,16,22,IN_PROGRESS,0,0,2,4,0,0,0,0,0
64,37,19,15,IN_PROGRESS,1,0,2,3,0,0,0,0,0
64,38,18,22,IN_PROGRESS,0,0,3,4,0,0,0,0,0
64,39,19,22,IN_PROGRESS,0,6,3,4,53,0,0,1,1
64,40,20,22,IN_PROGRESS,0,11,3,4,53,0,0,1,1
64,41,21,15,IN_PROGRESS,1,0,2,2,0,0,0,0,0
64,42,20,15,IN_PROGRESS,1,21,2,2,48,0,0,1,1
64,43,23,22,IN_PROGRESS,0,0,1,3,0,0,0,0,0
65,0,5,8,IN_PROGRESS,1,0,2,2,0,0,0,0,0
65,1,3,1,IN_PROGRESS,0,0,4,7,0,0,0,0,0
65,2,4,1,IN_PROGRESS,0,6,5,8,54,0,0,1,1
65,3,5,1,IN_PROGRESS,0,8,6,9,54,0,0,1,1
65,4,1,1,IN_PROGRESS,0,5,3,4,32,0,0,1,1
65,5,7,2,IN_PROGRESS,0,1,4,7,12,0,0,1,1
65,6,8,1,IN_PROGRESS,0,0,5,8,0,0,0,0,0
65,7,9,1,IN_PROGRESS,0,0,4,8,0,0,0,0,0
65,8,10,1,IN_PROGRESS,0,10,4,8,54,0,0,1,1
65,9,2,1,IN_PROGRESS,0,9,4,5,34,0,0,1,1
65,10,11,8,IN_PROGRESS,1,0,1,1,0,0,0,0,0
65,11,13,1,IN_PROGRESS,0,0,4,6,0,0,0,0,0
65,12,14,1,IN_PROGRESS,0,9,3,5,54,0,0,1,1
65,13,15,1,IN_PROGRESS,0,11,3,6,54,0,0,1,1
65,14,16,5,IN_PROGRESS,1,9,2,5,46,0,0,1,1
65,15,7,1,IN_PROGRESS,0,10,6,8,16,0,0,1,1
65,16,16,1,IN_PROGRESS,0,11,3,7,54,0,0,1,1
65,17,17,5,IN_PROGRESS,1,16,2,4,46,0,0,1,1
65,18,17,4,IN_PROGRESS,0,15,2,5,20,0,0,1,1
65,19,21,1,IN_PROGRESS,0,0,1,3,0,0,0,0,0
65,20,21,5,IN_PROGRESS,1,0,0,5,0,0,0,0,0
65,21,22,1,IN_PROGRESS,0,16,1,2,48,0,0,1,1
65,22,8,15,IN_PROGRESS,0,7,7,7,46,0,0,1,1
65,23,4,8,IN_PROGRESS,0,15,2,2,43,0,0,1,1
65,24,3,8,IN_PROGRESS,0,1,2,2,43,0,0,1,1
65,25,7,14,IN_PROGRESS,0,10,6,7,28,0,0,1,1
65,26,7,15,IN_PROGRESS,0,8,7,7,34,0,0,1,1
65,27,7,16,IN_PROGRESS,0,6,7,7,37,0,0,1,1
65,28,9,15,IN_PROGRESS,1,7,6,8,32,0,0,1,1
65,29,9,16,IN_PROGRESS,1,22,6,8,38,0,0,1,1
65,30,8,16,IN_PROGRESS,0,3,7,7,44,0,0,1,1
65,31,7,17,IN_PROGRESS,1,5,6,7,36,0,0,1,1
65,32,12,8,IN_PROGRESS,0,2,1,1,46,0,0,1,1
65,33,14,16,IN_PROGRESS,1,13,1,2,51,0,0,1,1
65,34,14,15,IN_PROGRESS,1,0,1,3,0,0,0,0,0
65,35,12,22,IN_PROGRESS,0,3,0,1,0,0,0,0,0
65,36,16,22,IN_PROGRESS,0,0,2,4,0,0,0,0,0
65,37,19,15,IN_PROGRESS,1,0,2,3,0,0,0,0,0
65,38,18,22,IN_PROGRESS,0,0,3,4,0,0,0,0,0
65,39,19,22,IN_PROGRESS,0,6,3,4,54,0,0,1,1
65,40,20,22,IN_PROGRESS,0,11,3,4,54,0,0,1,1
65,41,21,15,IN_PROGRESS,1,0,2,2,0,0,0,0,0
65,42,20,15,IN_PROGRESS,1,21,2,2,49,0,0,1,1
65,43,23,22,IN_PROGRESS,0,0,1,3,0,0,0,0,0
66,0,5,8,IN_PROGRESS,1,0,2,2,0,0,0,0,0
66,1,3,1,IN_PROGRESS,0,0,4,7,0,0,0,0,0
66,2,4,1,IN_PROGRESS,0,6,5,8,55,0,0,1,1
66,3,5,1,IN_PROGRESS,0,8,6,9,55,0,0,1,1
66,4,1,1,IN_PROGRESS,0,5,3,4,33,0,0,1,1
66,5,7,2,IN_PROGRESS,0,1,4,7,13,0,0,1,1
66,6,8,1,IN_PROGRESS,0,0,5,8,0,0,0,0,0
66,7,9,1,IN_PROGRESS,0,0,4,8,0,0,0,0,0
66,8,10,1,IN_PROGRESS,0,10,4,8,55,0,0,1,1
66,9,2,1,IN_PROGRESS,0,9,4,5,35,0,0,1,1
66,10,11,8,IN_PROGRESS,1,0,1,1,0,0,0,0,0
66,11,13,1,IN_PROGRESS,0,0,4,6,0,0,0,0,0
66,12,14,1,IN_PROGRESS,0,9,3,5,55,0,0,1,1
66,13,15,1,IN_PROGRESS,0,11,3,6,55,0,0,1,1
66,14,16,5,IN_PROGRESS,1,9,2,5,47,0,0,1,1
66,15,7,1,IN_PROGRESS,0,10,6,8,17,0,0,1,1
66,16,16,1,IN_PROGRESS,0,11,3,7,55,0,0,1,1
66,17,17,5,IN_PROGRESS,1,16,2,4,47,0,0,1,1
66,18,17,4,IN_PROGRESS,0,15,2,5,21,0,0,1,1
66,19,21,1,IN_PROGRESS,0,0,1,3,0,0,0,0,0
66,20,21,5,IN_PROGRESS,1,0,0,5,0,0,0,0,0
66,21,22,1,IN_PROGRESS,0,16,1,2,49,0,0,1,1
66,22,8,15,IN_PROGRESS,0,7,7,7,47,0,0,1,1
66,23,4,8,IN_PROGRESS,0,15,2,2,44,0,0,1,1
66,24,3,8,IN_PROGRESS,0,1,2,2,44,0,0,1,1
66,25,7,14,IN_PROGRESS,0,10,6,7,29,0,0,1,1
66,26,7,15,IN_PROGRESS,0,8,7,7,35,0,0,1,1
66,27,7,16,IN_PROGRESS,0,6,7,7,38,0,0,1,1
66,28,9,15,IN_PROGRESS,1,7,6,8,33,0,0,1,1
66,29,9,16,IN_PROGRESS,1,22,6,8,39,0,0,1,1
66,30,8,16,IN_PROGRESS,0,3,7,7,45,0,0,1,1
66,31,7,17,IN_PROGRESS,1,5,6,7,37,0,0,1,1
66,32,12,8,IN_PROGRESS,0,2,1,1,47,0,0,1,1
66,33,14,16,IN_PROGRESS,1,13,1,2,52,0,0,1,1
66,34,14,15,IN_PROGRESS,1,0,1,3,0,0,0,0,0
66,35,13,22,IN_PROGRESS,0,2,1,2,0,0,0,0,0
66,36,16,22,IN_PROGRESS,0,0,3,4,0,0,0,0,0
66,37,19,15,IN_PROGRESS,1,0,2,3,0,0,0,0,0
66,38,18,22,IN_PROGRESS,0,0,3,5,0,0,0,0,0
66,39,19,22,IN_PROGRESS,0,6,3,4,55,0,0,1,1
66,40,20,22,IN_PROGRESS,0,11,3,4,55,0,0,1,1
66,41,21,15,IN_PROGRESS,1,0,2,2,0,0,0,0,0
66,42,20,15,IN_PROGRESS,1,21,2,2,50,0,0,1,1
66,43,23,22,IN_PROGRESS,0,0,1,3,0,0,0,0,0
67,0,5,8,IN_PROGRESS,1,0,2,2,0,0,0,0,0
67,1,3,1,IN_PROGRESS,0,0,4,7,0,0,0,0,0
67,2,4,1,IN_PROGRESS,0,6,5,8,56,0,0,1,1
67,3,5,1,IN_PROGRESS,0,8,6,9,56,0,0,1,1
67,4,1,1,IN_PROGRESS,0,5,3,4,34,0,0,1,1
67,5,7,2,IN_PROGRESS,0,1,4,7,14,0,0,1,1
67,6,8,1,IN_PROGRESS,0,0,5,8,0,0,0,0,0
67,7,9,1,IN_PROGRESS,0,0,4,8,0,0,0,0,0
67,8,10,1,IN_PROGRESS,0,10,4,8,56,0,0,1,1
67,9,2,1,IN_PROGRESS,0,9,4,5,36,0,0,1,1
67,10,11,8,IN_PROGRESS,1,0,1,1,0,0,0,0,0
67,11,13,1,IN_PROGRESS,0,0,4,6,0,0,0,0,0
67,12,14,1,IN_PROGRESS,0,9,3,5,56,0,0,1,1
67,13,15,1,IN_PROGRESS,0,11,3,6,56,0,0,1,1
67,14,16,5,IN_PROGRESS,1,9,2,5,48,0,0,1,1
67,15,7,1,IN_PROGRESS,0,10,6,8,18,0,0,1,1
67,16,16,1,IN_PROGRESS,0,11,3,7,56,0,0,1,1
67,17,17,5,IN_PROGRESS,1,16,2,4,48,0,0,1,1
67,18,17,4,IN_PROGRESS,0,15,2,5,22,0,0,1,1
67,19,21,1,IN_PROGRESS,0,0,1,3,0,0,0,0,0
67,20,21,5,IN_PROGRESS,1,0,0,5,0,0,0,0,0
67,21,22,1,IN_PROGRESS,0,16,1,2,50,0,0,1,1
67,22,8,15,IN_PROGRESS,0,7,7,7,48,0,0,1,1
67,23,4,8,IN_PROGRESS,0,15,2,2,45,0,0,1,1
67,24,3,8,IN_PROGRESS,0,1,2,2,45,0,0,1,1
67,25,7,14,IN_PROGRESS,0,10,6,7,30,0,0,1,1
67,26,7,15,IN_PROGRESS,0,8,7,7,36,0,0,1,1
67,27,7,16,IN_PROGRESS,0,6,7,7,39,0,0,1,1
67,28,9,15,IN_PROGRESS,1,7,6,8,34,0,0,1,1
67,29,9,16,IN_PROGRESS,1,22,6,8,40,0,0,1,1
67,30,8,16,IN_PROGRESS,0,3,7,7,46,0,0,1,1
67,31,7,17,IN_PROGRESS,1,5,6,7,38,0,0,1,1
67,32,12,8,IN_PROGRESS,0,2,1,1,48,0,0,1,1
67,33,14,16,IN_PROGRESS,1,13,1,2,53,0,0,1,1
67,34,14,15,IN_PROGRESS,1,0,1,3,0,0,0,0,0
67,35,14,22,IN_PROGRESS,0,1,1,3,0,0,0,0,0
67,36,16,22,IN_PROGRESS,0,0,3,4,0,0,0,0,0
67,37,19,15,IN_PROGRESS,1,0,2,3,0,0,0,0,0
67,38,18,22,IN_PROGRESS,0,0,3,5,0,0,0,0,0
67,39,19,22,IN_PROGRESS,0,6,3,5,56,0,0,1,1
67,40,20,22,IN_PROGRESS,0,11,3,4,56,0,0,1,1
67,41,21,15,IN_PROGRESS,1,0,2,2,0,0,0,0,0
67,42,20,15,IN_PROGRESS,1,22,2,2,51,0,0,1,1
67,43,23,22,IN_PROGRESS,0,0,1,3,0,0,0,0,0
68,0,5,8,IN_PROGRESS,1,0,2,2,0,0,0,0,0
68,1,3,1,IN_PROGRESS,0,0,4,7,0,0,0,0,0
68,2,4,1,IN_PROGRESS,0,6,5,8,57,0,0,1,1
68,3,5,1,IN_PROGRESS,0,8,6,9,57,0,0,1,1
68,4,1,1,IN_PROGRESS,0,5,3,4,35,0,0,1,1
68,5,7,2,IN_PROGRESS,0,1,4,7,15,0,0,1,1
68,6,8,1,IN_PROGRESS,0,0,5,8,0,0,0,0,0
68,7,9,1,IN_PROGRESS,0,0,4,8,0,0,0,0,0
68,8,10,1,IN_PROGRESS,0,10,4,8,57,0,0,1,1
68,9,2,1,IN_PROGRESS,0,9,4,5,37,0,0,1,1
68,10,11,8,IN_PROGRESS,1,0,1,1,0,0,0,0,0
68,11,13,1,IN_PROGRESS,0,0,4,6,0,0,0,0,0
68,12,14,1,IN_PROGRESS,0,9,3,5,57,0,0,1,1
68,13,15,1,IN_PROGRESS,0,11,3,6,57,0,0,1,1
68,14,16,5,IN_PROGRESS,1,9,2,5,49,0,0,1,1
68,15,7,1,IN_PROGRESS,0,10,6,8,19,0,0,1,1
68,16,16,1,IN_PROGRESS,0,11,3,7,57,0,0,1,1
68,17,17,5,IN_PROGRESS,1,16,2,4,49,0,0,1,1
68,18,17,4,IN_PROGRESS,0,15,2,5,23,0,0,1,1
68,19,21,1,IN_PROGRESS,0,0,1,3,0,0,0,0,0
68,20,21,5,IN_PROGRESS,1,0,0,5,0,0,0,0,0
68,21,22,1,IN_PROGRESS,0,16,1,2,51,0,0,1,1
68,22,8,15,IN_PROGRESS,0,7,7,7,49,0,0,1,1
68,23,4,8,IN_PROGRESS,0,15,2,2,46,0,0,1,1
68,24,3,8,IN_PROGRESS,0,1,2,2,46,0,0,1,1
68,25,7,14,IN_PROGRESS,0,10,6,7,31,0,0,1,1
68,26,7,15,IN_PROGRESS,0,8,7,7,37,0,0,1,1
68,27,7,16,IN_PROGRESS,0,6,7,7,40,0,0,1,1
68,28,9,15,IN_PROGRESS,1,7,6,8,35,0,0,1,1
68,29,9,16,IN_PROGRESS,1,22,6,8,41,0,0,1,1
68,30,8,16,IN_PROGRESS,0,3,7,7,47,0,0,1,1
68,31,7,17,IN_PROGRESS,1,5,6,7,39,0,0,1,1
68,32,12,8,IN_PROGRESS,0,2,1,1,49,0,0,1,1
68,33,14,16,IN_PROGRESS,1,13,1,2,54,0,0,1,1
68,34,14,15,IN_PROGRESS,1,0,1,3,0,0,0,0,0
68,35,15,22,IN_PROGRESS,0,0,2,4,0,0,0,0,0
68,36,16,22,IN_PROGRESS,0,0,3,4,0,0,0,0,0
68,37,19,15,IN_PROGRESS,1,0,2,3,0,0,0,0,0
68,38,18,22,IN_PROGRESS,0,0,4,5,0,0,0,0,0
68,39,19,22,IN_PROGRESS,0,6,3,5,57,0,0,1,1
68,40,20,22,IN_PROGRESS,0,11,3,5,57,0,0,1,1
68,41,21,15,IN_PROGRESS,1,0,2,2,0,0,0,0,0
68,42,20,15,IN_PROGRESS,1,21,2,2,52,0,0,1,1
68,43,23,22,IN_PROGRESS,0,0,1,3,0,0,0,0,0
69,0,5,8,IN_PROGRESS,1,0,2,2,0,0,0,0,0
69,1,3,1,IN_PROGRESS,0,0,4,7,0,0,0,0,0
69,2,4,1,IN_PROGRESS,0,6,5,8,58,0,0,1,1
69,3,5,1,IN_PROGRESS,0,8,6,9,58,0,0,1,1
69,4,1,1,IN_PROGRESS,0,5,3,4,36,0,0,1,1
69,5,7,2,IN_PROGRESS,0,1,4,7,16,0,0,1,1
69,6,8,1,IN_PROGRESS,0,0,5,8,0,0,0,0,0
69,7,9,1,IN_PROGRESS,0,0,4,8,0,0,0,0,0
69,8,10,1,IN_PROGRESS,0,10,4,8,58,0,0,1,1
69,9,2,1,IN_PROGRESS,0,9,4,5,38,0,0,1,1
69,10,11,8,IN_PROGRESS,1,0,1,1,0,0,0,0,0
69,11,13,1,IN_PROGRESS,0,0,4,6,0,0,0,0,0
69,12,14,1,IN_PROGRESS,0,9,3,5,58,0,0,1,1
69,13,15,1,IN_PROGRESS,0,11,3,6,58,0,0,1,1
69,14,16,5,IN_PROGRESS,1,9,2,5,50,0,0,1,1
69,15,7,1,IN_PROGRESS,0,10,6,8,20,0,0,1,1
69,16,16,1,IN_PROGRESS,0,11,3,7,58,0,0,1,1
69,17,17,5,IN_PROGRESS,1,16,2,4,50,0,0,1,1
69,18,17,4,IN_PROGRESS,0,15,2,5,24,0,0,1,1
69,19,21,1,IN_PROGRESS,0,0,1,3,0,0,0,0,0
69,20,21,5,IN_PROGRESS,1,0,0,5,0,0,0,0,0
69,21,22,1,IN_PROGRESS,0,16,1,2,52,0,0,1,1
69,22,8,15,IN_PROGRESS,0,7,7,7,50,0,0,1,1
69,23,4,8,IN_PROGRESS,0,15,2,2,47,0,0,1,1
69,24,3,8,IN_PROGRESS,0,1,2,2,47,0,0,1,1
69,25,7,14,IN_PROGRESS,0,10,6,7,32,0,0,1,1
69,26,7,15,IN_PROGRESS,0,8,7,7,38,0,0,1,1
69,27,7,16,IN_PROGRESS,0,6,7,7,41,0,0,1,1
69,28,9,15,IN_PROGRESS,1,7,6,8,36,0,0,1,1
69,29,9,16,IN_PROGRESS,1,22,6,8,42,0,0,1,1
69,30,8,16,IN_PROGRESS,0,3,7,7,48,0,0,1,1
69,31,7,17,IN_PROGRESS,1,5,6,7,40,0,0,1,1
69,32,12,8,IN_PROGRESS,0,2,1,1,50,0,0,1,1
69,33,14,16,IN_PROGRESS,1,13,1,2,55,0,0,1,1
69,34,14,15,IN_PROGRESS,1,0,1,3,0,0,0,0,0
69,35,15,22,IN_PROGRESS,0,0,2,4,0,0,0,0,0
69,36,16,22,IN_PROGRESS,0,0,3,4,0,0,0,0,0
69,37,19,15,IN_PROGRESS,1,0,2,3,0,0,0,0,0
69,38,18,22,IN_PROGRESS,0,0,4,5,0,0,0,0,0
69,39,19,22,IN_PROGRESS,0,6,3,5,58,0,0,1,1
69,40,20,22,IN_PROGRESS,0,11,3,5,58,0,0,1,1
69,41,21,15,IN_PROGRESS,1,0,2,2,0,0,0,0,0
69,42,20,15,IN_PROGRESS,1,21,2,2,53,0,0,1,1
69,43,23,22,IN_PROGRESS,0,0,1,3,0,0,0,0,0
70,0,5,8,IN_PROGRESS,1,0,2,2,0,0,0,0,0
70,1,3,1,IN_PROGRESS,0,0,4,7,0,0,0,0,0
70,2,4,1,IN_PROGRESS,0,6,5,8,59,0,0,1,1
70,3,5,1,IN_PROGRESS,0,8,6,9,59,0,0,1,1
70,4,1,1,IN_PROGRESS,0,5,3,4,37,0,0,1,1
70,5,7,2,IN_PROGRESS,0,1,4,7,17,0,0,1,1
70,6,8,1,IN_PROGRESS,0,0,5,8,0,0,0,0,0
70,7,9,1,IN_PROGRESS,0,0,4,8,0,0,0,0,0
70,8,10,1,IN_PROGRESS,0,10,4,8,59,0,0,1,1
70,9,2,1,IN_PROGRESS,0,9,4,5,39,0,0,1,1
70,10,11,8,IN_PROGRESS,1,0,1,1,0,0,0,0,0
70,11,13,1,IN_PROGRESS,0,0,4,6,0,0,0,0,0
70,12,14,1,IN_PROGRESS,0,9,3,5,59,0,0,1,1
70,13,15,1,IN_PROGRESS,0,11,3,6,59,0,0,1,1
70,14,16,5,IN_PROGRESS,1,9,2,5,51,0,0,1,1
70,15,7,1,IN_PROGRESS,0,10,6,8,21,0,0,1,1
70,16,16,1,IN_PROGRESS,0,11,3,7,59,0,0,1,1
70,17,17,5,IN_PROGRESS,1,16,2,4,51,0,0,1,1
70,18,17,4,IN_PROGRESS,0,15,2,5,25,0,0,1,1
70,19,21,1,IN_PROGRESS,0,0,1,3,0,0,0,0,0
70,20,21,5,IN_PROGRESS,1,0,0,5,0,0,0,0,0
70,21,22,1,IN_PROGRESS,0,16,1,2,53,0,0,1,1
70,22,8,15,IN_PROGRESS,0,7,7,7,51,0,0,1,1
70,23,4,8,IN_PROGRESS,0,15,2,2,48,0,0,1,1
70,24,3,8,IN_PROGRESS,0,1,2,2,48,0,0,1,1
70,25,7,14,IN_PROGRESS,0,10,6,7,33,0,0,1,1
70,26,7,15,IN_PROGRESS,0,8,7,7,39,0,0,1,1
70,27,7,16,IN_PROGRESS,0,6,7,7,42,0,0,1,1
70,28,9,15,IN_PROGRESS,1,7,6,8,37,0,0,1,1
70,29,9,16,IN_PROGRESS,1,22,6,8,43,0,0,1,1
70,30,8,16,IN_PROGRESS,0,3,7,7,49,0,0,1,1
70,31,7,17,IN_PROGRESS,1,5,6,7,41,0,0,1,1
70,32,12,8,IN_PROGRESS,0,2,1,1,51,0,0,1,1
70,33,14,16,IN_PROGRESS,1,13,1,2,56,0,0,1,1
70,34,14,15,IN_PROGRESS,1,0,1,3,0,0,0,0,0
70,35,15,22,IN_PROGRESS,0,0,2,4,0,0,0,0,0
70,36,16,22,IN_PROGRESS,0,0,3,4,0,0,0,0,0
70,37,19,15,IN_PROGRESS,1,0,2,3,0,0,0,0,0
70,38,18,22,IN_PROGRESS,0,0,4,5,0,0,0,0,0
70,39,19,22,IN_PROGRESS,0,6,3,5,59,0,0,1,1
70,40,20,22,IN_PROGRESS,0,11,3,5,59,0,0,1,1
70,41,21,15,IN_PROGRESS,1,0,2,2,0,0,0,0,0
70,42,20,15,IN_PROGRESS,1,21,2,2,54,0,0,1,1
70,43,23,22,IN_PROGRESS,0,0,1,3,0,0,0,0,0
71,0,5,8,IN_PROGRESS,1,0,2,2,0,0,0,0,0
71,1,3,1,IN_PROGRESS,0,0,4,7,0,0,0,0,0
71,2,4,1,IN_PROGRESS,0,6,5,8,60,0,0,1,1
71,3,5,1,IN_PROGRESS,0,8,6,9,60,0,0,1,1
71,4,1,1,IN_PROGRESS,0,5,3,4,38,0,0,1,1
71,5,7,2,IN_PROGRESS,0,1,4,7,18,0,0,1,1
71,6,8,1,IN_PROGRESS,0,0,5,8,0,0,0,0,0
71,7,9,1,IN_PROGRESS,0,0,4,8,0,0,0,0,0
71,8,10,1,IN_PROGRESS,0,10,4,8,60,0,0,1,1
71,9,2,1,IN_PROGRESS,0,9,4,5,40,0,0,1,1
71,10,11,8,IN_PROGRESS,1,0,1,1,0,0,0,0,0
71,11,13,1,IN_PROGRESS,0,0,4,6,0,0,0,0,0
71,12,14,1,IN_PROGRESS,0,9,3,5,60,0,0,1,1
71,13,15,1,IN_PROGRESS,0,11,3,6,60,0,0,1,1
71,14,16,5,IN_PROGRESS,1,9,2,5,52,0,0,1,1
71,15,7,1,IN_PROGRESS,0,10,6,8,22,0,0,1,1
71,16,16,1,IN_PROGRESS,0,11,3,7,60,0,0,1,1
71,17,17,5,IN_PROGRESS,1,16,2,4,52,0,0,1,1
71,18,17,4,IN_PROGRESS,0,15,2,5,26,0,0,1,1
71,19,21,1,IN_PROGRESS,0,0,1,3,0,0,0,0,0
71,20,21,5,IN_PROGRESS,1,0,0,5,0,0,0,0,0
71,21,22,1,IN_PROGRESS,0,16,1,2,54,0,0,1,1
71,22,8,15,IN_PROGRESS,0,7,7,7,52,0,0,1,1
71,23,4,8,IN_PROGRESS,0,15,2,2,49,0,0,1,1
71,24,3,8,IN_PROGRESS,0,1,2,2,49,0,0,1,1
71,25,7,14,IN_PROGRESS,0,10,6,7,34,0,0,1,1
71,26,7,15,IN_PROGRESS,0,8,7,7,40,0,0,1,1
71,27,7,16,IN_PROGRESS,0,6,7,7,43,0,0,1,1
71,28,9,15,IN_PROGRESS,1,7,6,8,38,0,0,1,1
71,29,9,16,IN_PROGRESS,1,22,6,8,44,0,0,1,1
71,30,8,16,IN_PROGRESS,0,3,7,7,50,0,0,1,1
71,31,7,17,IN_PROGRESS,1,5,6,7,42,0,0,1,1
71,32,12,8,IN_PROGRESS,0,2,1,1,52,0,0,1,1
71,33,14,16,IN_PROGRESS,1,13,1,2,57,0,0,1,1
71,34,14,15,IN_PROGRESS,1,0,1,3,0,0,0,0,0
71,35,15,22,IN_PROGRESS,0,0,2,4,0,0,0,0,0
71,36,16,22,IN_PROGRESS,0,0,3,4,0,0,0,0,0
71,37,19,15,IN_PROGRESS,1,0,2,3,0,0,0,0,0
71,38,18,22,IN_PROGRESS,0,0,4,5,0,0,0,0,0
71,39,19,22,IN_PROGRESS,0,6,3,5,60,0,0,1,1
71,40,20,22,IN_PROGRESS,0,11,3,5,60,0,0,1,1
71,41,21,15,IN_PROGRESS,1,0,2,2,0,0,0,0,0
71,42,20,15,IN_PROGRESS,1,21,2,2,55,0,0,1,1
71,43,23,22,IN_PROGRESS,0,0,1,3,0,0,0,0,0
72,0,5,8,IN_PROGRESS,1,0,2,2,0,0,0,0,0
72,1,3,1,IN_PROGRESS,0,0,4,7,0,0,0,0,0
72,2,4,1,IN_PROGRESS,0,6,5,8,61,0,0,1,1
72,3,5,1,IN_PROGRESS,0,8,6,9,61,0,0,1,1
72,4,1,1,IN_PROGRESS,0,5,3,4,39,0,0,1,1
72,5,7,2,IN_PROGRESS,0,1,4,7,19,0,0,1,1
72,6,8,1,IN_PROGRESS,0,0,5,8,0,0,0,0,0
72,7,9,1,IN_PROGRESS,0,0,4,8,0,0,0,0,0
72,8,10,1,IN_PROGRESS,0,10,4,8,61,0,0,1,1
72,9,2,1,IN_PROGRESS,0,9,4,5,41,0,0,1,1
72,10,11,8,IN_PROGRESS,1,0,1,1,0,0,0,0,0
72,11,13,1,IN_PROGRESS,0,0,4,6,0,0,0,0,0
72,12,14,1,IN_PROGRESS,0,9,3,5,61,0,0,1,1
72,13,15,1,IN_PROGRESS,0,11,3,6,61,0,0,1,1
72,14,16,5,IN_PROGRESS,1,9,2,5,53,0,0,1,1
72,15,7,1,IN_PROGRESS,0,10,6,8,23,0,0,1,1
72,16,16,1,IN_PROGRESS,0,11,3,7,61,0,0,1,1
72,17,17,5,IN_PROGRESS,1,16,2,4,53,0,0,1,1
72,18,17,4,IN_PROGRESS,0,15,2,5,27,0,0,1,1
72,19,21,1,IN_PROGRESS,0,0,1,3,0,0,0,0,0
72,20,21,5,IN_PROGRESS,1,0,0,5,0,0,0,0,0
72,21,22,1,IN_PROGRESS,0,16,1,2,55,0,0,1,1
72,22,8,15,IN_PROGRESS,0,7,7,7,53,0,0,1,1
72,23,4,8,IN_PROGRESS,0,15,2,2,50,0,0,1,1
72,24,3,8,IN_PROGRESS,0,1,2,2,50,0,0,1,1
72,25,7,14,IN_PROGRESS,0,10,6,7,35,0,0,1,1
72,26,7,15,IN_PROGRESS,0,8,7,7,41,0,0,1,1
72,27,7,16,IN_PROGRESS,0,6,7,7,44,0,0,1,1
72,28,9,15,IN_PROGRESS,1,7,6,8,39,0,0,1,1
72,29,9,16,IN_PROGRESS,1,22,6,8,45,0,0,1,1
72,30,8,16,IN_PROGRESS,0,3,7,7,51,0,0,1,1
72,31,7,17,IN_PROGRESS,1,5,6,7,43,0,0,1,1
72,32,12,8,IN_PROGRESS,0,2,1,1,53,0,0,1,1
72,33,14,16,IN_PROGRESS,1,13,1,2,58,0,0,1,1
72,34,14,15,IN_PROGRESS,1,0,1,3,0,0,0,0,0
72,35,15,22,IN_PROGRESS,0,0,2,4,0,0,0,0,0
72,36,16,22,IN_PROGRESS,0,0,3,4,0,0,0,0,0
72,37,19,15,IN_PROGRESS,1,0,2,3,0,0,0,0,0
72,38,18,22,IN_PROGRESS,0,0,4,5,0,0,0,0,0
72,39,19,22,IN_PROGRESS,0,6,3,5,61,0,0,1,1
72,40,20,22,IN_PROGRESS,0,11,3,5,61,0,0,1,1
72,41,21,15,IN_PROGRESS,1,0,2,2,0,0,0,0,0
72,42,20,15,IN_PROGRESS,1,21,2,2,56,0,0,1,1
72,43,23,22,IN_PROGRESS,0,0,1,3,0,0,0,0,0
73,0,5,8,IN_PROGRESS,1,0,2,2,0,0,0,0,0
73,1,3,1,IN_PROGRESS,0,0,4,7,0,0,0,0,0
73,2,4,1,IN_PROGRESS,0,6,5,8,62,0,0,1,1
73,3,5,1,IN_PROGRESS,0,8,6,9,62,0,0,1,1
73,4,1,1,IN_PROGRESS,0,5,3,4,40,0,0,1,1
73,5,7,2,IN_PROGRESS,0,1,4,7,20,0,0,1,1
73,6,8,1,IN_PROGRESS,0,0,5,8,0,0,0,0,0
73,7,9,1,IN_PROGRESS,0,0,4,8,0,0,0,0,0
73,8,10,1,IN_PROGRESS,0,10,4,8,62,0,0,1,1
73,9,2,1,IN_PROGRESS,0,9,4,5,42,0,0,1,1
73,10,11,8,IN_PROGRESS,1,0,1,1,0,0,0,0,0
73,11,13,1,IN_PROGRESS,0,0,4,6,0,0,0,0,0
73,12,14,1,IN_PROGRESS,0,9,3,5,62,0,0,1,1
73,13,15,1,IN_PROGRESS,0,11,3,6,62,0,0,1,1
73,14,16,5,IN_PROGRESS,1,9,2,5,54,0,0,1,1
73,15,7,1,IN_PROGRESS,0,10,6,8,24,0,0,1,1
73,16,16,1,IN_PROGRESS,0,11,3,7,62,0,0,1,1
73,17,17,5,IN_PROGRESS,1,16,2,4,54,0,0,1,1
73,18,17,4,IN_PROGRESS,0,15,2,5,28,0,0,1,1
73,19,21,1,IN_PROGRESS,0,0,1,3,0,0,0,0,0
73,20,21,5,IN_PROGRESS,1,0,0,5,0,0,0,0,0
73,21,22,1,IN_PROGRESS,0,16,1,2,56,0,0,1,1
73,22,8,15,IN_PROGRESS,0,7,7,7,54,0,0,1,1
73,23,4,8,IN_PROGRESS,0,15,2,2,51,0,0,1,1
73,24,3,8,IN_PROGRESS,0,1,2,2,51,0,0,1,1
73,25,7,14,IN_PROGRESS,0,10,6,7,36,0,0,1,1
73,26,7,15,IN_PROGRESS,0,8,7,7,42,0,0,1,1
73,27,7,16,IN_PROGRESS,0,6,7,7,45,0,0,1,1
73,28,9,15,IN_PROGRESS,1,7,6,8,40,0,0,1,1
73,29,9,16,IN_PROGRESS,1,22,6,8,46,0,0,1,1
73,30,8,16,IN_PROGRESS,0,3,7,7,52,0,0,1,1
73,31,7,17,IN_PROGRESS,1,5,6,7,44,0,0,1,1
73,32,12,8,IN_PROGRESS,0,2,1,1,54,0,0,1,1
73,33,14,16,IN_PROGRESS,1,13,1,2,59,0,0,1,1
73,34,14,15,IN_PROGRESS,1,0,1,3,0,0,0,0,0
73,35,15,22,IN_PROGRESS,0,0,2,4,0,0,0,0,0
73,36,16,22,IN_PROGRESS,0,0,3,4,0,0,0,0,0
73,37,19,15,IN_PROGRESS,1,0,2,3,0,0,0,0,0
73,38,18,22,IN_PROGRESS,0,0,4,5,0,0,0,0,0
73,39,19,22,IN_PROGRESS,0,6,3,5,62,0,0,1,1
73,40,20,22,IN_PROGRESS,0,11,3,5,62,0,0,1,1
73,41,21,15,IN_PROGRESS,1,0,2,2,0,0,0,0,0
73,42,20,15,IN_PROGRESS,1,21,2,2,57,0,0,1,1
73,43,23,22,IN_PROGRESS,0,0,1,3,0,0,0,0,0
74,0,5,8,IN_PROGRESS,1,0,2,2,0,0,0,0,0
74,1,3,1,IN_PROGRESS,0,0,4,7,0,0,0,0,0
74,2,4,1,IN_PROGRESS,0,6,5,8,63,0,0,1,1
74,3,5,1,IN_PROGRESS,0,8,6,9,63,0,0,1,1
74,4,1,1,IN_PROGRESS,0,5,3,4,41,0,0,1,1
74,5,7,2,IN_PROGRESS,0,1,4,7,21,0,0,1,1
74,6,8,1,IN_PROGRESS,0,0,5,8,0,0,0,0,0
74,7,9,1,IN_PROGRESS,0,0,4,8,0,0,0,0,0
74,8,10,1,IN_PROGRESS,0,10,4,8,63,0,0,1,1
74,9,2,1,IN_PROGRESS,0,9,4,5,43,0,0,1,1
74,10,11,8,IN_PROGRESS,1,0,1,1,0,0,0,0,0
74,11,13,1,IN_PROGRESS,0,0,4,6,0,0,0,0,0
74,12,14,1,IN_PROGRESS,0,9,3,5,63,0,0,1,1
74,13,15,1,IN_PROGRESS,0,11,3,6,63,0,0,1,1
74,14,16,5,IN_PROGRESS,1,9,2,5,55,0,0,1,1
74,15,7,1,IN_PROGRESS,0,10,6,8,25,0,0,1,1
74,16,16,1,IN_PROGRESS,0,11,3,7,63,0,0,1,1
74,17,17,5,IN_PROGRESS,1,16,2,4,55,0,0,1,1
74,18,17,4,IN_PROGRESS,0,15,2,5,29,0,0,1,1
74,19,21,1,IN_PROGRESS,0,0,1,3,0,0,0,0,0
74,20,21,5,IN_PROGRESS,1,0,0,5,0,0,0,0,0
74,21,22,1,IN_PROGRESS,0,16,1,2,57,0,0,1,1
74,22,8,15,IN_PROGRESS,0,7,7,7,55,0,0,1,1
74,23,4,8,IN_PROGRESS,0,15,2,2,52,0,0,1,1
74,24,3,8,IN_PROGRESS,0,1,2,2,52,0,0,1,1
74,25,7,14,IN_PROGRESS,0,10,6,7,37,0,0,1,1
74,26,7,15,IN_PROGRESS,0,8,7,7,43,0,0,1,1
74,27,7,16,IN_PROGRESS,0,6,7,7,46,0,0,1,1
74,28,9,15,IN_PROGRESS,1,7,6,8,41,0,0,1,1
74,29,9,16,IN_PROGRESS,1,22,6,8,47,0,0,1,1
74,30,8,16,IN_PROGRESS,0,3,7,7,53,0,0,1,1
74,31,7,17,IN_PROGRESS,1,5,6,7,45,0,0,1,1
74,32,12,8,IN_PROGRESS,0,2,1,1,55,0,0,1,1
74,33,14,16,IN_PROGRESS,1,13,1,2,60,0,0,1,1
74,34,14,15,IN_PROGRESS,1,0,1,3,0,0,0,0,0
74,35,15,22,IN_PROGRESS,0,0,2,4,0,0,0,0,0
74,36,16,22,IN_PROGRESS,0,0,3,4,0,0,0,0,0
74,37,19,15,IN_PROGRESS,1,0,2,3,0,0,0,0,0
74,38,18,22,IN_PROGRESS,0,0,4,5,0,0,0,0,0
74,39,19,22,IN_PROGRESS,0,6,3,5,63,0,0,1,1
74,40,20,22,IN_PROGRESS,0,11,3,5,63,0,0,1,1
74,41,21,15,IN_PROGRESS,1,0,2,2,0,0,0,0,0
74,42,20,15,IN_PROGRESS,1,21,2,2,58,0,0,1,1
74,43,23,22,IN_PROGRESS,0,0,1,3,0,0,0,0,0
75,0,5,8,IN_PROGRESS,1,0,2,2,0,0,0,0,0
75,1,3,1,IN_PROGRESS,0,0,4,7,0,0,0,0,0
75,2,4,1,IN_PROGRESS,0,6,5,8,64,0,0,1,1
75,3,5,1,IN_PROGRESS,0,8,6,9,64,0,0,1,1
75,4,1,1,IN_PROGRESS,0,5,3,4,42,0,0,1,1
75,5,7,2,IN_PROGRESS,0,1,4,7,22,0,0,1,1
75,6,8,1,IN_PROGRESS,0,0,5,8,0,0,0,0,0
75,7,9,1,IN_PROGRESS,0,0,4,8,0,0,0,0,0
75,8,10,1,IN_PROGRESS,0,10,4,8,64,0,0,1,1
75,9,2,1,IN_PROGRESS,0,9,4,5,44,0,0,1,1
75,10,11,8,IN_PROGRESS,1,0,1,1,0,0,0,0,0
75,11,13,1,IN_PROGRESS,0,0,4,6,0,0,0,0,0
75,12,14,1,IN_PROGRESS,0,9,3,5,64,0,0,1,1
75,13,15,1,IN_PROGRESS,0,11,3,6,64,0,0,1,1
75,14,16,5,IN_PROGRESS,1,9,2,5,56,0,0,1,1
75,15,7,1,IN_PROGRESS,0,10,6,8,26,0,0,1,1
75,16,16,1,IN_PROGRESS,0,11,3,7,64,0,0,1,1
75,17,17,5,IN_PROGRESS,1,17,2,4,56,0,0,1,1
75,18,17,4,IN_PROGRESS,0,15,2,5,30,0,0,1,1
75,19,21,1,IN_PROGRESS,0,0,1,3,0,0,0,0,0
75,20,21,5,IN_PROGRESS,1,0,0,5,0,0,0,0,0
75,21,22,1,IN_PROGRESS,0,16,1,2,58,0,0,1,1
75,22,8,15,IN_PROGRESS,0,7,7,7,56,0,0,1,1
75,23,4,8,IN_PROGRESS,0,15,2,2,53,0,0,1,1
75,24,3,8,IN_PROGRESS,0,1,2,2,53,0,0,1,1
75,25,7,14,IN_PROGRESS,0,10,6,7,38,0,0,1,1
75,26,7,15,IN_PROGRESS,0,8,7,7,44,0,0,1,1
75,27,7,16,IN_PROGRESS,0,6,7,7,47,0,0,1,1
75,28,9,15,IN_PROGRESS,1,7,6,8,42,0,0,1,1
75,29,9,16,IN_PROGRESS,1,22,6,8,48,0,0,1,1
75,30,8,16,IN_PROGRESS,0,3,7,7,54,0,0,1,1
75,31,7,17,IN_PROGRESS,1,5,6,7,46,0,0,1,1
75,32,12,8,IN_PROGRESS,0,2,1,1,56,0,0,1,1
75,33,14,16,IN_PROGRESS,1,13,1,2,61,0,0,1,1
75,34,14,15,IN_PROGRESS,1,0,1,3,0,0,0,0,0
75,35,15,22,IN_PROGRESS,0,0,2,4,0,0,0,0,0
75,36,16,22,IN_PROGRESS,0,0,3,4,0,0,0,0,0
75,37,19,15,IN_PROGRESS,1,0,2,3,0,0,0,0,0
75,38,18,22,IN_PROGRESS,0,0,4,5,0,0,0,0,0
75,39,19,22,IN_PROGRESS,0,6,3,5,64,0,0,1,1
75,40,20,22,IN_PROGRESS,0,11,3,5,64,0,0,1,1
75,41,21,15,IN_PROGRESS,1,0,2,2,0,0,0,0,0
75,42,20,15,IN_PROGRESS,1,21,2,2,59,0,0,1,1
75,43,23,22,IN_PROGRESS,0,0,1,3,0,0,0,0,0
76,0,5,8,IN_PROGRESS,1,0,2,2,0,0,0,0,0
76,1,3,1,IN_PROGRESS,0,0,4,7,0,0,0,0,0
76,2,4,1,IN_PROGRESS,0,6,5,8,65,0,0,1,1
76,3,5,1,IN_PROGRESS,0,8,6,9,65,0,0,1,1
76,4,1,1,IN_PROGRESS,0,5,3,4,43,0,0,1,1
76,5,7,2,IN_PROGRESS,0,1,4,7,23,0,0,1,1
76,6,8,1,IN_PROGRESS,0,0,5,8,0,0,0,0,0
76,7,9,1,IN_PROGRESS,0,0,4,8,0,0,0,0,0
76,8,10,1,IN_PROGRESS,0,10,4,8,65,0,0,1,1
76,9,2,1,IN_PROGRESS,0,9,4,5,45,0,0,1,1
76,10,11,8,IN_PROGRESS,1,0,1,1,0,0,0,0,0
76,11,13,1,IN_PROGRESS,0,0,4,6,0,0,0,0,0
76,12,14,1,IN_PROGRESS,0,9,3,5,65,0,0,1,1
76,13,15,1,IN_PROGRESS,0,11,3,6,65,0,0,1,1
76,14,16,5,IN_PROGRESS,1,9,2,5,57,0,0,1,1
76,15,7,1,IN_PROGRESS,0,10,6,8,27,0,0,1,1
76,16,16,1,IN_PROGRESS,0,11,3,7,65,0,0,1,1
76,17,17,5,IN_PROGRESS,1,16,2,4,57,0,0,1,1
76,18,17,4,IN_PROGRESS,0,15,2,5,31,0,0,1,1
76,19,21,1,IN_PROGRESS,0,0,1,3,0,0,0,0,0
76,20,21,5,IN_PROGRESS,1,0,0,5,0,0,0,0,0
76,21,22,1,IN_PROGRESS,0,16,1,2,59,0,0,1,1
76,22,8,15,IN_PROGRESS,0,7,7,7,57,0,0,1,1
76,23,4,8,IN_PROGRESS,0,15,2,2,54,0,0,1,1
76,24,3,8,IN_PROGRESS,0,1,2,2,54,0,0,1,1
76,25,7,14,IN_PROGRESS,0,10,6,7,39,0,0,1,1
76,26,7,15,IN_PROGRESS,0,8,7,7,45,0,0,1,1
76,27,7,16,IN_PROGRESS,0,6,7,7,48,0,0,1,1
76,28,9,15,IN_PROGRESS,1,7,6,8,43,0,0,1,1
76,29,9,16,IN_PROGRESS,1,22,6,8,49,0,0,1,1
76,30,8,16,IN_PROGRESS,0,3,7,7,55,0,0,1,1
76,31,7,17,IN_PROGRESS,1,5,6,7,47,0,0,1,1
76,32,12,8,IN_PROGRESS,0,2,1,1,57,0,0,1,1
76,33,14,16,IN_PROGRESS,1,13,1,2,62,0,0,1,1
76,34,14,15,IN_PROGRESS,1,0,1,3,0,0,0,0,0
76,35,15,22,IN_PROGRESS,0,0,2,4,0,0,0,0,0
76,36,16,22,IN_PROGRESS,0,0,3,4,0,0,0,0,0
76,37,19,15,IN_PROGRESS,1,0,2,3,0,0,0,0,0
76,38,18,22,IN_PROGRESS,0,0,4,5,0,0,0,0,0
76,39,19,22,IN_PROGRESS,0,6,3,5,65,0,0,1,1
76,40,20,22,IN_PROGRESS,0,11,3,5,65,0,0,1,1
76,41,21,15,IN_PROGRESS,1,0,2,2,0,0,0,0,0
76,42,20,15,IN_PROGRESS,1,21,2,2,60,0,0,1,1
76,43,23,22,IN_PROGRESS,0,0,1,3,0,0,0,0,0
77,0,5,8,IN_PROGRESS,1,0,2,2,0,0,0,0,0
77,1,3,1,IN_PROGRESS,0,0,4,7,0,0,0,0,0
77,2,4,1,IN_PROGRESS,0,6,5,8,66,0,0,1,1
77,3,5,1,IN_PROGRESS,0,8,6,9,66,0,0,1,1
77,4,1,1,IN_PROGRESS,0,5,3,4,44,0,0,1,1
77,5,7,2,IN_PROGRESS,0,1,4,7,24,0,0,1,1
77,6,8,1,IN_PROGRESS,0,0,5,8,0,0,0,0,0
77,7,9,1,IN_PROGRESS,0,0,4,8,0,0,0,0,0
77,8,10,1,IN_PROGRESS,0,10,4,8,66,0,0,1,1
77,9,2,1,IN_PROGRESS,0,9,4,5,46,0,0,1,1
77,10,11,8,IN_PROGRESS,1,0,1,1,0,0,0,0,0
77,11,13,1,IN_PROGRESS,0,0,4,6,0,0,0,0,0
77,12,14,1,IN_PROGRESS,0,9,3,5,66,0,0,1,1
77,13,15,1,IN_PROGRESS,0,11,3,6,66,0,0,1,1
77,14,16,5,IN_PROGRESS,1,9,2,5,58,0,0,1,1
77,15,7,1,IN_PROGRESS,0,10,6,8,28,0,0,1,1
77,16,16,1,IN_PROGRESS,0,11,3,7,66,0,0,1,1
77,17,17,5,IN_PROGRESS,1,16,2,4,58,0,0,1,1
77,18,17,4,IN_PROGRESS,0,15,2,5,32,0,0,1,1
77,19,21,1,IN_PROGRESS,0,0,1,3,0,0,0,0,0
77,20,21,5,IN_PROGRESS,1,0,0,5,0,0,0,0,0
77,21,22,1,IN_PROGRESS,0,16,1,2,60,0,0,1,1
77,22,8,15,IN_PROGRESS,0,7,7,7,58,0,0,1,1
77,23,4,8,IN_PROGRESS,0,15,2,2,55,0,0,1,1
77,24,3,8,IN_PROGRESS,0,1,2,2,55,0,0,1,1
77,25,7,14,IN_PROGRESS,0,10,6,7,40,0,0,1,1
77,26,7,15,IN_PROGRESS,0,8,7,7,46,0,0,1,1
77,27,7,16,IN_PROGRESS,0,6,7,7,49,0,0,1,1
77,28,9,15,IN_PROGRESS,1,7,6,8,44,0,0,1,1
77,29,9,16,IN_PROGRESS,1,22,6,8,50,0,0,1,1
77,30,8,16,IN_PROGRESS,0,3,7,7,56,0,0,1,1
77,31,7,17,IN_PROGRESS,1,5,6,7,48,0,0,1,1
77,32,12,8,IN_PROGRESS,0,2,1,1,58,0,0,1,1
77,33,14,16,IN_PROGRESS,1,13,1,2,63,0,0,1,1
77,34,14,15,IN_PROGRESS,1,0,1,3,0,0,0,0,0
77,35,15,22,IN_PROGRESS,0,0,2,4,0,0,0,0,0
77,36,16,22,IN_PROGRESS,0,0,3,4,0,0,0,0,0
77,37,19,15,IN_PROGRESS,1,0,2,3,0,0,0,0,0
77,38,18,22,IN_PROGRESS,0,0,4,5,0,0,0,0,0
77,39,19,22,IN_PROGRESS,0,6,3,5,66,0,0,1,1
77,40,20,22,IN_PROGRESS,0,11,3,5,66,0,0,1,1
77,41,21,15,IN_PROGRESS,1,0,2,2,0,0,0,0,0
77,42,20,15,IN_PROGRESS,1,21,2,2,61,0,0,1,1
77,43,23,22,IN_PROGRESS,0,0,1,3,0,0,0,0,0
78,0,5,8,IN_PROGRESS,1,0,2,2,0,0,0,0,0
78,1,3,1,IN_PROGRESS,0,0,4,7,0,0,0,0,0
78,2,4,1,IN_PROGRESS,0,6,5,8,67,0,0,1,1
78,3,5,1,IN_PROGRESS,0,8,6,9,67,0,0,1,1
78,4,1,1,IN_PROGRESS,0,5,3,4,45,0,0,1,1
78,5,7,2,IN_PROGRESS,0,1,4,7,25,0,0,1,1
78,6,8,1,IN_PROGRESS,0,0,5,8,0,0,0,0,0
78,7,9,1,IN_PROGRESS,0,0,4,8,0,0,0,0,0
78,8,10,1,IN_PROGRESS,0,10,4,8,67,0,0,1,1
78,9,2,1,IN_PROGRESS,0,9,4,5,47,0,0,1,1
78,10,11,8,IN_PROGRESS,1,0,1,1,0,0,0,0,0
78,11,13,1,IN_PROGRESS,0,0,4,6,0,0,0,0,0
78,12,14,1,IN_PROGRESS,0,9,3,5,67,0,0,1,1
78,13,15,1,IN_PROGRESS,0,11,3,6,67,0,0,1,1
78,14,16,5,IN_PROGRESS,1,9,2,5,59,0,0,1,1
78,15,7,1,IN_PROGRESS,0,10,6,8,29,0,0,1,1
78,16,16,1,IN_PROGRESS,0,11,3,7,67,0,0,1,1
78,17,17,5,IN_PROGRESS,1,16,2,4,59,0,0,1,1
78,18,17,4,IN_PROGRESS,0,15,2,5,33,0,0,1,1
78,19,21,1,IN_PROGRESS,0,0,1,3,0,0,0,0,0
78,20,21,5,IN_PROGRESS,1,0,0,5,0,0,0,0,0
78,21,22,1,IN_PROGRESS,0,16,1,2,61,0,0,1,1
78,22,8,15,IN_PROGRESS,0,7,7,7,59,0,0,1,1
78,23,4,8,IN_PROGRESS,0,15,2,2,56,0,0,1,1
78,24,3,8,IN_PROGRESS,0,1,2,2,56,0,0,1,1
78,25,7,14,IN_PROGRESS,0,10,6,7,41,0,0,1,1
78,26,7,15,IN_PROGRESS,0,8,7,7,47,0,0,1,1
78,27,7,16,IN_PROGRESS,0,6,7,7,50,0,0,1,1
78,28,9,15,IN_PROGRESS,1,7,6,8,45,0,0,1,1
78,29,9,16,IN_PROGRESS,1,22,6,8,51,0,0,1,1
78,30,8,16,IN_PROGRESS,0,3,7,7,57,0,0,1,1
78,31,7,17,IN_PROGRESS,1,5,6,7,49,0,0,1,1
78,32,12,8,IN_PROGRESS,0,2,1,1,59,0,0,1,1
78,33,14,16,IN_PROGRESS,1,13,1,2,64,0,0,1,1
78,34,14,15,IN_PROGRESS,1,0,1,3,0,0,0,0,0
78,35,15,22,IN_PROGRESS,0,0,2,4,0,0,0,0,0
78,36,16,22,IN_PROGRESS,0,0,3,4,0,0,0,0,0
78,37,19,15,IN_PROGRESS,1,0,2,3,0,0,0,0,0
78,38,18,22,IN_PROGRESS,0,0,4,5,0,0,0,0,0
78,39,19,22,IN_PROGRESS,0,6,3,5,67,0,0,1,1
78,40,20,22,IN_PROGRESS,0,11,3,5,67,0,0,1,1
78,41,21,15,IN_PROGRESS,1,0,2,2,0,0,0,0,0
78,42,20,15,IN_PROGRESS,1,21,2,2,62,0,0,1,1
78,43,23,22,IN_PROGRESS,0,0,1,3,0,0,0,0,0
79,0,5,8,IN_PROGRESS,1,0,2,2,0,0,0,0,0
79,1,3,1,IN_PROGRESS,0,0,4,7,0,0,0,0,0
79,2,4,1,IN_PROGRESS,0,6,5,8,68,0,0,1,1
79,3,5,1,IN_PROGRESS,0,8,6,9,68,0,0,1,1
79,4,1,1,IN_PROGRESS,0,5,3,4,46,0,0,1,1
79,5,7,2,IN_PROGRESS,0,1,4,7,26,0,0,1,1
79,6,8,1,IN_PROGRESS,0,0,5,8,0,0,0,0,0
79,7,9,1,IN_PROGRESS,0,0,4,8,0,0,0,0,0
79,8,10,1,IN_PROGRESS,0,10,4,8,68,0,0,1,1
79,9,2,1,IN_PROGRESS,0,9,4,5,48,0,0,1,1
79,10,11,8,IN_PROGRESS,1,0,1,1,0,0,0,0,0
79,11,13,1,IN_PROGRESS,0,0,4,6,0,0,0,0,0
79,12,14,1,IN_PROGRESS,0,9,3,5,68,0,0,1,1
79,13,15,1,IN_PROGRESS,0,11,3,6,68,0,0,1,1
79,14,16,5,IN_PROGRESS,1,9,2,5,60,0,0,1,1
79,15,7,1,IN_PROGRESS,0,10,6,8,30,0,0,1,1
79,16,16,1,IN_PROGRESS,0,11,3,7,68,0,0,1,1
79,17,17,5,IN_PROGRESS,1,16,2,4,60,0,0,1,1
79,18,17,4,IN_PROGRESS,0,15,2,5,34,0,0,1,1
79,19,21,1,IN_PROGRESS,0,0,1,3,0,0,0,0,0
79,20,21,5,IN_PROGRESS,1,0,0,5,0,0,0,0,0
79,21,22,1,IN_PROGRESS,0,16,1,2,62,0,0,1,1
79,22,8,15,IN_PROGRESS,0,7,7,7,60,0,0,1,1
79,23,4,8,IN_PROGRESS,0,15,2,2,57,0,0,1,1
79,24,3,8,IN_PROGRESS,0,1,2,2,57,0,0,1,1
79,25,7,14,IN_PROGRESS,0,10,6,7,42,0,0,1,1
79,26,7,15,IN_PROGRESS,0,8,7,7,48,0,0,1,1
79,27,7,16,IN_PROGRESS,0,6,7,7,51,0,0,1,1
79,28,9,15,IN_PROGRESS,1,8,6,8,46,0,0,1,1
79,29,9,16,IN_PROGRESS,1,22,6,8,52,0,0,1,1
79,30,8,16,IN_PROGRESS,0,3,7,7,58,0,0,1,1
79,31,7,17,IN_PROGRESS,1,5,6,7,50,0,0,1,1
79,32,12,8,IN_PROGRESS,0,2,1,1,60,0,0,1,1
79,33,14,16,IN_PROGRESS,1,13,1,2,65,0,0,1,1
79,34,14,15,IN_PROGRESS,1,0,1,3,0,0,0,0,0
79,35,15,22,IN_PROGRESS,0,0,2,4,0,0,0,0,0
79,36,16,22,IN_PROGRESS,0,0,3,4,0,0,0,0,0
79,37,19,15,IN_PROGRESS,1,0,2,3,0,0,0,0,0
79,38,18,22,IN_PROGRESS,0,0,4,5,0,0,0,0,0
79,39,19,22,IN_PROGRESS,0,6,3,5,68,0,0,1,1
79,40,20,22,IN_PROGRESS,0,11,3,5,68,0,0,1,1
79,41,21,15,IN_PROGRESS,1,0,2,2,0,0,0,0,0
79,42,20,15,IN_PROGRESS,1,21,2,2,63,0,0,1,1
79,43,23,22,IN_PROGRESS,0,0,1,3,0,0,0,0,0
80,0,5,8,IN_PROGRESS,1,0,2,2,0,0,0,0,0
80,1,3,1,IN_PROGRESS,0,0,4,7,0,0,0,0,0
80,2,4,1,IN_PROGRESS,0,6,5,8,69,0,0,1,1
80,3,5,1,IN_PROGRESS,0,8,6,9,69,0,0,1,1
80,4,1,1,IN_PROGRESS,0,5,3,4,47,0,0,1,1
80,5,7,2,IN_PROGRESS,0,1,4,7,27,0,0,1,1
80,6,8,1,IN_PROGRESS,0,0,5,8,0,0,0,0,0
80,7,9,1,IN_PROGRESS,0,0,4,8,0,0,0,0,0
80,8,10,1,IN_PROGRESS,0,10,4,8,69,0,0,1,1
80,9,2,1,IN_PROGRESS,0,9,4,5,49,0,0,1,1
80,10,11,8,IN_PROGRESS,1,0,1,1,0,0,0,0,0
80,11,13,1,IN_PROGRESS,0,0,4,6,0,0,0,0,0
80,12,14,1,IN_PROGRESS,0,9,3,5,69,0,0,1,1
80,13,15,1,IN_PROGRESS,0,11,3,6,69,0,0,1,1
80,14,16,5,IN_PROGRESS,1,9,2,5,61,0,0,1,1
80,15,7,1,IN_PROGRESS,0,10,6,8,31,0,0,1,1
80,16,16,1,IN_PROGRESS,0,11,3,7,69,0,0,1,1
80,17,17,5,IN_PROGRESS,1,16,2,4,61,0,0,1,1
80,18,17,4,IN_PROGRESS,0,15,2,5,35,0,0,1,1
80,19,21,1,IN_PROGRESS,0,0,1,3,0,0,0,0,0
80,20,21,5,IN_PROGRESS,1,0,0,5,0,0,0,0,0
80,21,22,1,IN_PROGRESS,0,16,1,2,63,0,0,1,1
80,22,8,15,IN_PROGRESS,0,7,7,7,61,0,0,1,1
80,23,4,8,IN_PROGRESS,0,15,2,2,58,0,0,1,1
80,24,3,8,IN_PROGRESS,0,1,2,2,58,0,0,1,1
80,25,7,14,IN_PROGRESS,0,10,6,7,43,0,0,1,1
80,26,7,15,IN_PROGRESS,0,8,7,7,49,0,0,1,1
80,27,7,16,IN_PROGRESS,0,6,7,7,52,0,0,1,1
80,28,9,15,IN_PROGRESS,1,7,6,8,47,0,0,1,1
80,29,9,16,IN_PROGRESS,1,22,6,8,53,0,0,1,1
80,30,8,16,IN_PROGRESS,0,3,7,7,59,0,0,1,1
80,31,7,17,IN_PROGRESS,1,5,6,7,51,0,0,1,1
80,32,12,8,IN_PROGRESS,0,2,1,1,61,0,0,1,1
80,33,14,16,IN_PROGRESS,1,13,1,2,66,0,0,1,1
80,34,14,15,IN_PROGRESS,1,0,1,3,0,0,0,0,0
80,35,15,22,IN_PROGRESS,0,0,2,4,0,0,0,0,0
80,36,16,22,IN_PROGRESS,0,0,3,4,0,0,0,0,0
80,37,19,15,IN_PROGRESS,1,0,2,3,0,0,0,0,0
80,38,18,22,IN_PROGRESS,0,0,4,5,0,0,0,0,0
80,39,19,22,IN_PROGRESS,0,6,3,5,69,0,0,1,1
80,40,20,22,IN_PROGRESS,0,11,3,5,69,0,0,1,1
80,41,21,15,IN_PROGRESS,1,0,2,2,0,0,0,0,0
80,42,20,15,IN_PROGRESS,1,21,2,2,64,0,0,1,1
80,43,23,22,IN_PROGRESS,0,0,1,3,0,0,0,0,0
81,0,5,8,IN_PROGRESS,1,0,2,2,0,0,0,0,0
81,1,3,1,IN_PROGRESS,0,0,4,7,0,0,0,0,0
81,2,4,1,IN_PROGRESS,0,6,5,8,70,0,0,1,1
81,3,5,1,IN_PROGRESS,0,8,6,9,70,0,0,1,1
81,4,1,1,IN_PROGRESS,0,5,3,4,48,0,0,1,1
81,5,7,2,IN_PROGRESS,0,1,4,7,28,0,0,1,1
81,6,8,1,IN_PROGRESS,0,0,5,8,0,0,0,0,0
81,7,9,1,IN_PROGRESS,0,0,4,8,0,0,0,0,0
81,8,10,1,IN_PROGRESS,0,10,4,8,70,0,0,1,1
81,9,2,1,IN_PROGRESS,0,9,4,5,50,0,0,1,1
81,10,11,8,IN_PROGRESS,1,0,1,1,0,0,0,0,0
81,11,13,1,IN_PROGRESS,0,0,4,6,0,0,0,0,0
81,12,14,1,IN_PROGRESS,0,9,3,5,70,0,0,1,1
81,13,15,1,IN_PROGRESS,0,11,3,6,70,0,0,1,1
81,14,16,5,IN_PROGRESS,1,9,2,5,62,0,0,1,1
81,15,7,1,IN_PROGRESS,0,10,6,8,32,0,0,1,1
81,16,16,1,IN_PROGRESS,0,11,3,7,70,0,0,1,1
81,17,17,5,IN_PROGRESS,1,16,2,4,62,0,0,1,1
81,18,17,4,IN_PROGRESS,0,15,2,5,36,0,0,1,1
81,19,21,1,IN_PROGRESS,0,0,1,3,0,0,0,0,0
81,20,21,5,IN_PROGRESS,1,0,0,5,0,0,0,0,0
81,21,22,1,IN_PROGRESS,0,16,1,2,64,0,0,1,1
81,22,8,15,IN_PROGRESS,0,7,7,7,62,0,0,1,1
81,23,4,8,IN_PROGRESS,0,15,2,2,59,0,0,1,1
81,24,3,8,IN_PROGRESS,0,1,2,2,59,0,0,1,1
81,25,7,14,IN_PROGRESS,0,10,6,7,44,0,0,1,1
81,26,7,15,IN_PROGRESS,0,8,7,7,50,0,0,1,1
81,27,7,16,IN_PROGRESS,0,6,7,7,53,0,0,1,1
81,28,9,15,IN_PROGRESS,1,7,6,8,48,0,0,1,1
81,29,9,16,IN_PROGRESS,1,22,6,8,54,0,0,1,1
81,30,8,16,IN_PROGRESS,0,3,7,7,60,0,0,1,1
81,31,7,17,IN_PROGRESS,1,5,6,7,52,0,0,1,1
81,32,12,8,IN_PROGRESS,0,2,1,1,62,0,0,1,1
81,33,14,16,IN_PROGRESS,1,13,1,2,67,0,0,1,1
81,34,14,15,IN_PROGRESS,1,0,1,3,0,0,0,0,0
81,35,15,22,IN_PROGRESS,0,0,2,4,0,0,0,0,0
81,36,16,22,IN_PROGRESS,0,0,3,4,0,0,0,0,0
81,37,19,15,IN_PROGRESS,1,0,2,3,0,0,0,0,0
81,38,18,22,IN_PROGRESS,0,0,4,5,0,0,0,0,0
81,39,19,22,IN_PROGRESS,0,6,3,5,70,0,0,1,1
81,40,20,22,IN_PROGRESS,0,11,3,5,70,0,0,1,1
81,41,21,15,IN_PROGRESS,1,0,2,2,0,0,0,0,0
81,42,20,15,IN_PROGRESS,1,21,2,2,65,0,0,1,1
81,43,23,22,IN_PROGRESS,0,0,1,3,0,0,0,0,0
82,0,5,8,IN_PROGRESS,1,0,2,2,0,0,0,0,0
82,1,3,1,IN_PROGRESS,0,0,4,7,0,0,0,0,0
82,2,4,1,IN_PROGRESS,0,6,5,8,71,0,0,1,1
82,3,5,1,IN_PROGRESS,0,8,6,9,71,0,0,1,1
82,4,1,1,IN_PROGRESS,0,5,3,4,49,0,0,1,1
82,5,7,2,IN_PROGRESS,0,1,4,7,29,0,0,1,1
82,6,8,1,IN_PROGRESS,0,0,5,8,0,0,0,0,0
82,7,9,1,IN_PROGRESS,0,0,4,8,0,0,0,0,0
82,8,10,1,IN_PROGRESS,0,10,4,8,71,0,0,1,1
82,9,2,1,IN_PROGRESS,0,9,4,5,51,0,0,1,1
82,10,11,8,IN_PROGRESS,1,0,1,1,0,0,0,0,0
82,11,13,1,IN_PROGRESS,0,0,4,6,0,0,0,0,0
82,12,14,1,IN_PROGRESS,0,9,3,5,71,0,0,1,1
82,13,15,1,IN_PROGRESS,0,11,3,6,71,0,0,1,1
82,14,16,5,IN_PROGRESS,1,9,2,5,63,0,0,1,1
82,15,7,1,IN_PROGRESS,0,10,6,8,33,0,0,1,1
82,16,16,1,IN_PROGRESS,0,11,3,7,71,0,0,1,1
82,17,17,5,IN_PROGRESS,1,16,2,4,63,0,0,1,1
82,18,17,4,IN_PROGRESS,0,15,2,5,37,0,0,1,1
82,19,21,1,IN_PROGRESS,0,0,1,3,0,0,0,0,0
82,20,21,5,IN_PROGRESS,1,0,0,5,0,0,0,0,0
82,21,22,1,IN_PROGRESS,0,16,1,2,65,0,0,1,1
82,22,8,15,IN_PROGRESS,0,7,7,7,63,0,0,1,1
82,23,4,8,IN_PROGRESS,0,15,2,2,60,0,0,1,1
82,24,3,8,IN_PROGRESS,0,1,2,2,60,0,0,1,1
82,25,7,14,IN_PROGRESS,0,10,6,7,45,0,0,1,1
82,26,7,15,IN_PROGRESS,0,8,7,7,51,0,0,1,1
82,27,7,16,IN_PROGRESS,0,6,7,7,54,0,0,1,1
82,28,9,15,IN_PROGRESS,1,7,6,8,49,0,0,1,1
82,29,9,16,IN_PROGRESS,1,22,6,8,55,0,0,1,1
82,30,8,16,IN_PROGRESS,0,3,7,7,61,0,0,1,1
82,31,7,17,IN_PROGRESS,1,5,6,7,53,0,0,1,1
82,32,12,8,IN_PROGRESS,0,2,1,1,63,0,0,1,1
82,33,14,16,IN_PROGRESS,1,13,1,2,68,0,0,1,1
82,34,14,15,IN_PROGRESS,1,0,1,3,0,0,0,0,0
82,35,15,22,IN_PROGRESS,0,0,2,4,0,0,0,0,0
82,36,16,22,IN_PROGRESS,0,0,3,4,0,0,0,0,0
82,37,19,15,IN_PROGRESS,1,0,2,3,0,0,0,0,0
82,38,18,22,IN_PROGRESS,0,0,4,5,0,0,0,0,0
82,39,19,22,IN_PROGRESS,0,6,3,5,71,0,0,1,1
82,40,20,22,IN_PROGRESS,0,11,3,5,71,0,0,1,1
82,41,21,15,IN_PROGRESS,1,0,2,2,0,0,0,0,0
82,42,20,15,IN_PROGRESS,1,21,2,2,66,0,0,1,1
82,43,23,22,IN_PROGRESS,0,0,1,3,0,0,0,0,0
83,0,5,8,IN_PROGRESS,1,0,2,2,0,0,0,0,0
83,1,3,1,IN_PROGRESS,0,0,4,7,0,0,0,0,0
83,2,4,1,IN_PROGRESS,0,6,5,8,72,0,0,1,1
83,3,5,1,IN_PROGRESS,0,8,6,9,72,0,0,1,1
83,4,1,1,IN_PROGRESS,0,5,3,4,50,0,0,1,1
83,5,7,2,IN_PROGRESS,0,1,4,7,30,0,0,1,1
83,6,8,1,IN_PROGRESS,0,0,5,8,0,0,0,0,0
83,7,9,1,IN_PROGRESS,0,0,4,8,0,0,0,0,0
83,8,10,1,IN_PROGRESS,0,10,4,8,72,0,0,1,1
83,9,2,1,IN_PROGRESS,0,9,4,5,52,0,0,1,1
83,10,11,8,IN_PROGRESS,1,0,1,1,0,0,0,0,0
83,11,13,1,IN_PROGRESS,0,0,4,6,0,0,0,0,0
83,12,14,1,IN_PROGRESS,0,9,3,5,72,0,0,1,1
83,13,15,1,IN_PROGRESS,0,11,3,6,72,0,0,1,1
83,14,16,5,IN_PROGRESS,1,9,2,5,64,0,0,1,1
83,15,7,1,IN_PROGRESS,0,10,6,8,34,0,0,1,1
83,16,16,1,IN_PROGRESS,0,11,3,7,72,0,0,1,1
83,17,17,5,IN_PROGRESS,1,16,2,4,64,0,0,1,1
83,18,17,4,IN_PROGRESS,0,15,2,5,38,0,0,1,1
83,19,21,1,IN_PROGRESS,0,0,1,3,0,0,0,0,0
83,20,21,5,IN_PROGRESS,1,0,0,5,0,0,0,0,0
83,21,22,1,IN_PROGRESS,0,16,1,2,66,0,0,1,1
83,22,8,15,IN_PROGRESS,0,7,7,7,64,0,0,1,1
83,23,4,8,IN_PROGRESS,0,15,2,2,61,0,0,1,1
83,24,3,8,IN_PROGRESS,0,1,2,2,61,0,0,1,1
83,25,7,14,IN_PROGRESS,0,10,6,7,46,0,0,1,1
83,26,7,15,IN_PROGRESS,0,8,7,7,52,0,0,1,1
83,27,7,16,IN_PROGRESS,0,6,7,7,55,0,0,1,1
83,28,9,15,IN_PROGRESS,1,7,6,8,50,0,0,1,1
83,29,9,16,IN_PROGRESS,1,22,6,8,56,0,0,1,1
83,30,8,16,IN_PROGRESS,0,3,7,7,62,0,0,1,1
83,31,7,17,IN_PROGRESS,1,5,6,7,54,0,0,1,1
83,32,12,8,IN_PROGRESS,0,2,1,1,64,0,0,1,1
83,33,14,16,IN_PROGRESS,1,13,1,2,69,0,0,1,1
83,34,14,15,IN_PROGRESS,1,0,1,3,0,0,0,0,0
83,35,15,22,IN_PROGRESS,0,0,2,4,0,0,0,0,0
83,36,16,22,IN_PROGRESS,0,0,3,4,0,0,0,0,0
83,37,19,15,IN_PROGRESS,1,0,2,3,0,0,0,0,0
83,38,18,22,IN_PROGRESS,0,0,4,5,0,0,0,0,0
83,39,19,22,IN_PROGRESS,0,6,3,5,72,0,0,1,1
83,40,20,22,IN_PROGRESS,0,11,3,5,72,0,0,1,1
83,41,21,15,IN_PROGRESS,1,0,2,2,0,0,0,0,0
83,42,20,15,IN_PROGRESS,1,21,2,2,67,0,0,1,1
83,43,23,22,IN_PROGRESS,0,0,1,3,0,0,0,0,0
84,0,5,8,IN_PROGRESS,1,0,2,2,0,0,0,0,0
84,1,3,1,IN_PROGRESS,0,0,4,7,0,0,0,0,0
84,2,4,1,IN_PROGRESS,0,6,5,8,73,0,0,1,1
84,3,5,1,IN_PROGRESS,0,8,6,9,73,0,0,1,1
84,4,1,1,IN_PROGRESS,0,5,3,4,51,0,0,1,1
84,5,7,2,IN_PROGRESS,0,1,4,7,31,0,0,1,1
84,6,8,1,IN_PROGRESS,0,0,5,8,0,0,0,0,0
84,7,9,1,IN_PROGRESS,0,0,4,8,0,0,0,0,0
84,8,10,1,IN_PROGRESS,0,10,4,8,73,0,0,1,1
84,9,2,1,IN_PROGRESS,0,9,4,5,53,0,0,1,1
84,10,11,8,IN_PROGRESS,1,0,1,1,0,0,0,0,0
84,11,13,1,IN_PROGRESS,0,0,4,6,0,0,0,0,0
84,12,14,1,IN_PROGRESS,0,9,3,5,73,0,0,1,1
84,13,15,1,IN_PROGRESS,0,11,3,6,73,0,0,1,1
84,14,16,5,IN_PROGRESS,1,9,2,5,65,0,0,1,1
84,15,7,1,IN_PROGRESS,0,10,6,8,35,0,0,1,1
84,16,16,1,IN_PROGRESS,0,11,3,7,73,0,0,1,1
84,17,17,5,IN_PROGRESS,1,16,2,4,65,0,0,1,1
84,18,17,4,IN_PROGRESS,0,15,2,5,39,0,0,1,1
84,19,21,1,IN_PROGRESS,0,0,1,3,0,0,0,0,0
84,20,21,5,IN_PROGRESS,1,0,0,5,0,0,0,0,0
84,21,22,1,IN_PROGRESS,0,16,1,2,67,0,0,1,1
84,22,8,15,IN_PROGRESS,0,7,7,7,65,0,0,1,1
84,23,4,8,IN_PROGRESS,0,15,2,2,62,0,0,1,1
84,24,3,8,IN_PROGRESS,0,1,2,2,62,0,0,1,1
84,25,7,14,IN_PROGRESS,0,10,6,7,47,0,0,1,1
84,26,7,15,IN_PROGRESS,0,8,7,7,53,0,0,1,1
84,27,7,16,IN_PROGRESS,0,6,7,7,56,0,0,1,1
84,28,9,15,IN_PROGRESS,1,8,6,8,51,0,0,1,1
84,29,9,16,IN_PROGRESS,1,22,6,8,57,0,0,1,1
84,30,8,16,IN_PROGRESS,0,3,7,7,63,0,0,1,1
84,31,7,17,IN_PROGRESS,1,5,6,7,55,0,0,1,1
84,32,12,8,IN_PROGRESS,0,2,1,1,65,0,0,1,1
84,33,14,16,IN_PROGRESS,1,13,1,2,70,0,0,1,1
84,34,14,15,IN_PROGRESS,1,0,1,3,0,0,0,0,0
84,35,15,22,IN_PROGRESS,0,0,2,4,0,0,0,0,0
84,36,16,22,IN_PROGRESS,0,0,3,4,0,0,0,0,0
84,37,19,15,IN_PROGRESS,1,0,2,3,0,0,0,0,0
84,38,18,22,IN_PROGRESS,0,0,4,5,0,0,0,0,0
84,39,19,22,IN_PROGRESS,0,6,3,5,73,0,0,1,1
84,40,20,22,IN_PROGRESS,0,11,3,5,73,0,0,1,1
84,41,21,15,IN_PROGRESS,1,0,2,2,0,0,0,0,0
84,42,20,15,IN_PROGRESS,1,21,2,2,68,0,0,1,1
84,43,23,22,IN_PROGRESS,0,0,1,3,0,0,0,0,0
85,0,5,8,IN_PROGRESS,1,0,2,2,0,0,0,0,0
85,1,3,1,IN_PROGRESS,0,0,4,7,0,0,0,0,0
85,2,4,1,IN_PROGRESS,0,6,5,8,74,0,0,1,1
85,3,5,1,IN_PROGRESS,0,8,6,9,74,0,0,1,1
85,4,1,1,IN_PROGRESS,0,5,3,4,52,0,0,1,1
85,5,7,2,IN_PROGRESS,0,1,4,7,32,0,0,1,1
85,6,8,1,IN_PROGRESS,0,0,5,8,0,0,0,0,0
85,7,9,1,IN_PROGRESS,0,0,4,8,0,0,0,0,0
85,8,10,1,IN_PROGRESS,0,10,4,8,74,0,0,1,1
85,9,2,1,IN_PROGRESS,0,9,4,5,54,0,0,1,1
85,10,11,8,IN_PROGRESS,1,0,1,1,0,0,0,0,0
85,11,13,1,IN_PROGRESS,0,0,4,6,0,0,0,0,0
85,12,14,1,IN_PROGRESS,0,9,3,5,74,0,0,1,1
85,13,15,1,IN_PROGRESS,0,11,3,6,74,0,0,1,1
85,14,16,5,IN_PROGRESS,1,9,2,5,66,0,0,1,1
85,15,7,1,IN_PROGRESS,0,10,6,8,36,0,0,1,1
85,16,16,1,IN_PROGRESS,0,11,3,7,74,0,0,1,1
85,17,17,5,IN_PROGRESS,1,16,2,4,66,0,0,1,1
85,18,17,4,IN_PROGRESS,0,15,2,5,40,0,0,1,1
85,19,21,1,IN_PROGRESS,0,0,1,3,0,0,0,0,0
85,20,21,5,IN_PROGRESS,1,0,0,5,0,0,0,0,0
85,21,22,1,IN_PROGRESS,0,16,1,2,68,0,0,1,1
85,22,8,15,IN_PROGRESS,0,7,7,7,66,0,0,1,1
85,23,4,8,IN_PROGRESS,0,15,2,2,63,0,0,1,1
85,24,3,8,IN_PROGRESS,0,1,2,2,63,0,0,1,1
85,25,7,14,IN_PROGRESS,0,10,6,7,48,0,0,1,1
85,26,7,15,IN_PROGRESS,0,8,7,7,54,0,0,1,1
85,27,7,16,IN_PROGRESS,0,6,7,7,57,0,0,1,1
85,28,9,15,IN_PROGRESS,1,7,6,8,52,0,0,1,1
85,29,9,16,IN_PROGRESS,1,22,6,8,58,0,0,1,1
85,30,8,16,IN_PROGRESS,0,3,7,7,64,0,0,1,1
85,31,7,17,IN_PROGRESS,1,5,6,7,56,0,0,1,1
85,32,12,8,IN_PROGRESS,0,2,1,1,66,0,0,1,1
85,33,14,16,IN_PROGRESS,1,13,1,2,71,0,0,1,1
85,34,14,15,IN_PROGRESS,1,0,1,3,0,0,0,0,0
85,35,15,22,IN_PROGRESS,0,0,2,4,0,0,0,0,0
85,36,16,22,IN_PROGRESS,0,0,3,4,0,0,0,0,0
85,37,19,15,IN_PROGRESS,1,0,2,3,0,0,0,0,0
85,38,18,22,IN_PROGRESS,0,0,4,5,0,0,0,0,0
85,39,19,22,IN_PROGRESS,0,6,3,5,74,0,0,1,1
85,40,20,22,IN_PROGRESS,0,11,3,5,74,0,0,1,1
85,41,21,15,IN_PROGRESS,1,0,2,2,0,0,0,0,0
85,42,20,15,IN_PROGRESS,1,21,2,2,69,0,0,1,1
85,43,23,22,IN_PROGRESS,0,0,1,3,0,0,0,0,0
86,0,5,8,IN_PROGRESS,1,0,2,2,0,0,0,0,0
86,1,3,1,IN_PROGRESS,0,0,4,7,0,0,0,0,0
86,2,4,1,IN_PROGRESS,0,6,5,8,75,0,0,1,1
86,3,5,1,IN_PROGRESS,0,8,6,9,75,0,0,1,1
86,4,1,1,IN_PROGRESS,0,5,3,4,53,0,0,1,1
86,5,7,2,IN_PROGRESS,0,1,4,7,33,0,0,1,1
86,6,8,1,IN_PROGRESS,0,0,5,8,0,0,0,0,0
86,7,9,1,IN_PROGRESS,0,0,4,8,0,0,0,0,0
86,8,10,1,IN_PROGRESS,0,10,4,8,75,0,0,1,1
86,9,2,1,IN_PROGRESS,0,9,4,5,55,0,0,1,1
86,10,11,8,IN_PROGRESS,1,0,1,1,0,0,0,0,0
86,11,13,1,IN_PROGRESS,0,0,4,6,0,0,0,0,0
86,12,14,1,IN_PROGRESS,0,9,3,5,75,0,0,1,1
86,13,15,1,IN_PROGRESS,0,11,3,6,75,0,0,1,1
86,14,16,5,IN_PROGRESS,1,9,2,5,67,0,0,1,1
86,15,7,1,IN_PROGRESS,0,10,6,8,37,0,0,1,1
86,16,16,1,IN_PROGRESS,0,11,3,7,75,0,0,1,1
86,17,17,5,IN_PROGRESS,1,16,2,4,67,0,0,1,1
86,18,17,4,IN_PROGRESS,0,15,2,5,41,0,0,1,1
86,19,21,1,IN_PROGRESS,0,0,1,3,0,0,0,0,0
86,20,21,5,IN_PROGRESS,1,0,0,5,0,0,0,0,0
86,21,22,1,IN_PROGRESS,0,16,1,2,69,0,0,1,1
86,22,8,15,IN_PROGRESS,0,7,7,7,67,0,0,1,1
86,23,4,8,IN_PROGRESS,0,15,2,2,64,0,0,1,1
86,24,3,8,IN_PROGRESS,0,1,2,2,64,0,0,1,1
86,25,7,14,IN_PROGRESS,0,10,6,7,49,0,0,1,1
86,26,7,15,IN_PROGRESS,0,8,7,7,55,0,0,1,1
86,27,7,16,IN_PROGRESS,0,6,7,7,58,0,0,1,1
86,28,9,15,IN_PROGRESS,1,7,6,8,53,0,0,1,1
86,29,9,16,IN_PROGRESS,1,22,6,8,59,0,0,1,1
86,30,8,16,IN_PROGRESS,0,3,7,7,65,0,0,1,1
86,31,7,17,IN_PROGRESS,1,5,6,7,57,0,0,1,1
86,32,12,8,IN_PROGRESS,0,2,1,1,67,0,0,1,1
86,33,14,16,IN_PROGRESS,1,13,1,2,72,0,0,1,1
86,34,14,15,IN_PROGRESS,1,0,1,3,0,0,0,0,0
86,35,15,22,IN_PROGRESS,0,0,2,4,0,0,0,0,0
86,36,16,22,IN_PROGRESS,0,0,3,4,0,0,0,0,0
86,37,19,15,IN_PROGRESS,1,0,2,3,0,0,0,0,0
86,38,18,22,IN_PROGRESS,0,0,4,5,0,0,0,0,0
86,39,19,22,IN_PROGRESS,0,6,3,5,75,0,0,1,1
86,40,20,22,IN_PROGRESS,0,11,3,5,75,0,0,1,1
86,41,21,15,IN_PROGRESS,1,0,2,2,0,0,0,0,0
86,42,20,15,IN_PROGRESS,1,21,2,2,70,0,0,1,1
86,43,23,22,IN_PROGRESS,0,0,1,3,0,0,0,0,0
87,0,5,8,IN_PROGRESS,1,0,2,2,0,0,0,0,0
87,1,3,1,IN_PROGRESS,0,0,4,7,0,0,0,0,0
87,2,4,1,IN_PROGRESS,0,6,5,8,76,0,0,1,1
87,3,5,1,IN_PROGRESS,0,8,6,9,76,0,0,1,1
87,4,1,1,IN_PROGRESS,0,5,3,4,54,0,0,1,1
87,5,7,2,IN_PROGRESS,0,1,4,7,34,0,0,1,1
87,6,8,1,IN_PROGRESS,0,0,5,8,0,0,0,0,0
87,7,9,1,IN_PROGRESS,0,0,4,8,0,0,0,0,0
87,8,10,1,IN_PROGRESS,0,10,4,8,76,0,0,1,1
87,9,2,1,IN_PROGRESS,0,9,4,5,56,0,0,1,1
87,10,11,8,IN_PROGRESS,1,0,1,1,0,0,0,0,0
87,11,13,1,IN_PROGRESS,0,0,4,6,0,0,0,0,0
87,12,14,1,IN_PROGRESS,0,9,3,5,76,0,0,1,1
87,13,15,1,IN_PROGRESS,0,11,3,6,76,0,0,1,1
87,14,16,5,IN_PROGRESS,1,9,2,5,68,0,0,1,1
87,15,7,1,IN_PROGRESS,0,10,6,8,38,0,0,1,1
87,16,16,1,IN_PROGRESS,0,11,3,7,76,0,0,1,1
87,17,17,5,IN_PROGRESS,1,16,2,4,68,0,0,1,1
87,18,17,4,IN_PROGRESS,0,15,2,5,42,0,0,1,1
87,19,21,1,IN_PROGRESS,0,0,1,3,0,0,0,0,0
87,20,21,5,IN_PROGRESS,1,0,0,5,0,0,0,0,0
87,21,22,1,IN_PROGRESS,0,16,1,2,70,0,0,1,1
87,22,8,15,IN_PROGRESS,0,7,7,7,68,0,0,1,1
87,23,4,8,IN_PROGRESS,0,15,2,2,65,0,0,1,1
87,24,3,8,IN_PROGRESS,0,1,2,2,65,0,0,1,1
87,25,7,14,IN_PROGRESS,0,10,6,7,50,0,0,1,1
87,26,7,15,IN_PROGRESS,0,8,7,7,56,0,0,1,1
87,27,7,16,IN_PROGRESS,0,6,7,7,59,0,0,1,1
87,28,9,15,IN_PROGRESS,1,7,6,8,54,0,0,1,1
87,29,9,16,IN_PROGRESS,1,22,6,8,60,0,0,1,1
87,30,8,16,IN_PROGRESS,0,3,7,7,66,0,0,1,1
87,31,7,17,IN_PROGRESS,1,5,6,7,58,0,0,1,1
87,32,12,8,IN_PROGRESS,0,2,1,1,68,0,0,1,1
87,33,14,16,IN_PROGRESS,1,13,1,2,73,0,0,1,1
87,34,14,15,IN_PROGRESS,1,0,1,3,0,0,0,0,0
87,35,15,22,IN_PROGRESS,0,0,2,4,0,0,0,0,0
87,36,16,22,IN_PROGRESS,0,0,3,4,0,0,0,0,0
87,37,19,15,IN_PROGRESS,1,0,2,3,0,0,0,0,0
87,38,18,22,IN_PROGRESS,0,0,4,5,0,0,0,0,0
87,39,19,22,IN_PROGRESS,0,6,3,5,76,0,0,1,1
87,40,20,22,IN_PROGRESS,0,11,3,5,76,0,0,1,1
87,41,21,15,IN_PROGRESS,1,0,2,2,0,0,0,0,0
87,42,20,15,IN_PROGRESS,1,21,2,2,71,0,0,1,1
87,43,23,22,IN_PROGRESS,0,0,1,3,0,0,0,0,0
88,0,5,8,IN_PROGRESS,1,0,2,2,0,0,0,0,0
88,1,3,1,IN_PROGRESS,0,0,4,7,0,0,0,0,0
88,2,4,1,IN_PROGRESS,0,6,5,8,77,0,0,1,1
88,3,5,1,IN_PROGRESS,0,8,6,9,77,0,0,1,1
88,4,1,1,IN_PROGRESS,0,5,3,4,55,0,0,1,1
88,5,7,2,IN_PROGRESS,0,1,4,7,35,0,0,1,1
88,6,8,1,IN_PROGRESS,0,0,5,8,0,0,0,0,0
88,7,9,1,IN_PROGRESS,0,0,4,8,0,0,0,0,0
88,8,10,1,IN_PROGRESS,0,10,4,8,77,0,0,1,1
88,9,2,1,IN_PROGRESS,0,9,4,5,57,0,0,1,1
88,10,11,8,IN_PROGRESS,1,0,1,1,0,0,0,0,0
88,11,13,1,IN_PROGRESS,0,0,4,6,0,0,0,0,0
88,12,14,1,IN_PROGRESS,0,9,3,5,77,0,0,1,1
88,13,15,1,IN_PROGRESS,0,11,3,6,77,0,0,1,1
88,14,16,5,IN_PROGRESS,1,9,2,5,69,0,0,1,1
88,15,7,1,IN_PROGRESS,0,10,6,8,39,0,0,1,1
88,16,16,1,IN_PROGRESS,0,11,3,7,77,0,0,1,1
88,17,17,5,IN_PROGRESS,1,16,2,4,69,0,0,1,1
88,18,17,4,IN_PROGRESS,0,15,2,5,43,0,0,1,1
88,19,21,1,IN_PROGRESS,0,0,1,3,0,0,0,0,0
88,20,21,5,IN_PROGRESS,1,0,0,5,0,0,0,0,0
88,21,22,1,IN_PROGRESS,0,16,1,2,71,0,0,1,1
88,22,8,15,IN_PROGRESS,0,7,7,7,69,0,0,1,1
88,23,4,8,IN_PROGRESS,0,15,2,2,66,0,0,1,1
88,24,3,8,IN_PROGRESS,0,1,2,2,66,0,0,1,1
88,25,7,14,IN_PROGRESS,0,10,6,7,51,0,0,1,1
88,26,7,15,IN_PROGRESS,0,8,7,7,57,0,0,1,1
88,27,7,16,IN_PROGRESS,0,6,7,7,60,0,0,1,1
88,28,9,15,IN_PROGRESS,1,7,6,8,55,0,0,1,1
88,29,9,16,IN_PROGRESS,1,22,6,8,61,0,0,1,1
88,30,8,16,IN_PROGRESS,0,3,7,7,67,0,0,1,1
88,31,7,17,IN_PROGRESS,1,5,6,7,59,0,0,1,1
88,32,12,8,IN_PROGRESS,0,2,1,1,69,0,0,1,1
88,33,14,16,IN_PROGRESS,1,13,1,2,74,0,0,1,1
88,34,14,15,IN_PROGRESS,1,0,1,3,0,0,0,0,0
88,35,15,22,IN_PROGRESS,0,0,2,4,0,0,0,0,0
88,36,16,22,IN_PROGRESS,0,0,3,4,0,0,0,0,0
88,37,19,15,IN_PROGRESS,1,0,2,3,0,0,0,0,0
88,38,18,22,IN_PROGRESS,0,0,4,5,0,0,0,0,0
88,39,19,22,IN_PROGRESS,0,6,3,5,77,0,0,1,1
88,40,20,22,IN_PROGRESS,0,11,3,5,77,0,0,1,1
88,41,21,15,IN_PROGRESS,1,0,2,2,0,0,0,0,0
88,42,20,15,IN_PROGRESS,1,21,2,2,72,0,0,1,1
88,43,23,22,IN_PROGRESS,0,0,1,3,0,0,0,0,0
89,0,5,8,IN_PROGRESS,1,0,2,2,0,0,0,0,0
89,1,3,1,IN_PROGRESS,0,0,4,7,0,0,0,0,0
89,2,4,1,IN_PROGRESS,0,6,5,8,78,0,0,1,1
89,3,5,1,IN_PROGRESS,0,8,6,9,78,0,0,1,1
89,4,1,1,IN_PROGRESS,0,5,3,4,56,0,0,1,1
89,5,7,2,IN_PROGRESS,0,1,4,7,36,0,0,1,1
89,6,8,1,IN_PROGRESS,0,0,5,8,0,0,0,0,0
89,7,9,1,IN_PROGRESS,0,0,4,8,0,0,0,0,0
89,8,10,1,IN_PROGRESS,0,10,4,8,78,0,0,1,1
89,9,2,1,IN_PROGRESS,0,9,4,5,58,0,0,1,1
89,10,11,8,IN_PROGRESS,1,0,1,1,0,0,0,0,0
89,11,13,1,IN_PROGRESS,0,0,4,6,0,0,0,0,0
89,12,14,1,IN_PROGRESS,0,9,3,5,78,0,0,1,1
89,13,15,1,IN_PROGRESS,0,11,3,6,78,0,0,1,1
89,14,16,5,IN_PROGRESS,1,9,2,5,70,0,0,1,1
89,15,7,1,IN_PROGRESS,0,10,6,8,40,0,0,1,1
89,16,16,1,IN_PROGRESS,0,11,3,7,78,0,0,1,1
89,17,17,5,IN_PROGRESS,1,16,2,4,70,0,0,1,1
89,18,17,4,IN_PROGRESS,0,15,2,5,44,0,0,1,1
89,19,21,1,IN_PROGRESS,0,0,1,3,0,0,0,0,0
89,20,21,5,IN_PROGRESS,1,0,0,5,0,0,0,0,0
89,21,22,1,IN_PROGRESS,0,16,1,2,72,0,0,1,1
89,22,8,15,IN_PROGRESS,0,7,7,7,70,0,0,1,1
89,23,4,8,IN_PROGRESS,0,15,2,2,67,0,0,1,1
89,24,3,8,IN_PROGRESS,0,1,2,2,67,0,0,1,1
89,25,7,14,IN_PROGRESS,0,10,6,7,52,0,0,1,1
89,26,7,15,IN_PROGRESS,0,8,7,7,58,0,0,1,1
89,27,7,16,IN_PROGRESS,0,6,7,7,61,0,0,1,1
89,28,9,15,IN_PROGRESS,1,7,6,8,56,0,0,1,1
89,29,9,16,IN_PROGRESS,1,22,6,8,62,0,0,1,1
89,30,8,16,IN_PROGRESS,0,3,7,7,68,0,0,1,1
89,31,7,17,IN_PROGRESS,1,5,6,7,60,0,0,1,1
89,32,12,8,IN_PROGRESS,0,2,1,1,70,0,0,1,1
89,33,14,16,IN_PROGRESS,1,13,1,2,75,0,0,1,1
89,34,14,15,IN_PROGRESS,1,0,1,3,0,0,0,0,0
89,35,15,22,IN_PROGRESS,0,0,2,4,0,0,0,0,0
89,36,16,22,IN_PROGRESS,0,0,3,4,0,0,0,0,0
89,37,19,15,IN_PROGRESS,1,0,2,3,0,0,0,0,0
89,38,18,22,IN_PROGRESS,0,0,4,5,0,0,0,0,0
89,39,19,22,IN_PROGRESS,0,6,3,5,78,0,0,1,1
89,40,20,22,IN_PROGRESS,0,11,3,5,78,0,0,1,1
89,41,21,15,IN_PROGRESS,1,0,2,2,0,0,0,0,0
89,42,20,15,IN_PROGRESS,1,21,2,2,73,0,0,1,1
89,43,23,22,IN_PROGRESS,0,0,1,3,0,0,0,0,0
90,0,5,8,IN_PROGRESS,1,0,2,2,0,0,0,0,0
90,1,3,1,IN_PROGRESS,0,0,4,7,0,0,0,0,0
90,2,4,1,IN_PROGRESS,0,6,5,8,79,0,0,1,1
90,3,5,1,IN_PROGRESS,0,8,6,9,79,0,0,1,1
90,4,1,1,IN_PROGRESS,0,5,3,4,57,0,0,1,1
90,5,7,2,IN_PROGRESS,0,1,4,7,37,0,0,1,1
90,6,8,1,IN_PROGRESS,0,0,5,8,0,0,0,0,0
90,7,9,1,IN_PROGRESS,0,0,4,8,0,0,0,0,0
90,8,10,1,IN_PROGRESS,0,10,4,8,79,0,0,1,1
90,9,2,1,IN_PROGRESS,0,9,4,5,59,0,0,1,1
90,10,11,8,IN_PROGRESS,1,0,1,1,0,0,0,0,0
90,11,13,1,IN_PROGRESS,0,0,4,6,0,0,0,0,0
90,12,14,1,IN_PROGRESS,0,9,3,5,79,0,0,1,1
90,13,15,1,IN_PROGRESS,0,11,3,6,79,0,0,1,1
90,14,16,5,IN_PROGRESS,1,9,2,5,71,0,0,1,1
90,15,7,1,IN_PROGRESS,0,10,6,8,41,0,0,1,1
90,16,16,1,IN_PROGRESS,0,11,3,7,79,0,0,1,1
90,17,17,5,IN_PROGRESS,1,16,2,4,71,0,0,1,1
90,18,17,4,IN_PROGRESS,0,15,2,5,45,0,0,1,1
90,19,21,1,IN_PROGRESS,0,0,1,3,0,0,0,0,0
90,20,21,5,IN_PROGRESS,1,0,0,5,0,0,0,0,0
90,21,22,1,IN_PROGRESS,0,16,1,2,73,0,0,1,1
90,22,8,15,IN_PROGRESS,0,7,7,7,71,0,0,1,1
90,23,4,8,IN_PROGRESS,0,15,2,2,68,0,0,1,1
90,24,3,8,IN_PROGRESS,0,1,2,2,68,0,0,1,1
90,25,7,14,IN_PROGRESS,0,10,6,7,53,0,0,1,1
90,26,7,15,IN_PROGRESS,0,8,7,7,59,0,0,1,1
90,27,7,16,IN_PROGRESS,0,6,7,7,62,0,0,1,1
90,28,9,15,IN_PROGRESS,1,7,6,8,57,0,0,1,1
90,29,9,16,IN_PROGRESS,1,22,6,8,63,0,0,1,1
90,30,8,16,IN_PROGRESS,0,3,7,7,69,0,0,1,1
90,31,7,17,IN_PROGRESS,1,5,6,7,61,0,0,1,1
90,32,12,8,IN_PROGRESS,0,2,1,1,71,0,0,1,1
90,33,14,16,IN_PROGRESS,1,13,1,2,76,0,0,1,1
90,34,14,15,IN_PROGRESS,1,0,1,3,0,0,0,0,0
90,35,15,22,IN_PROGRESS,0,0,2,4,0,0,0,0,0
90,36,16,22,IN_PROGRESS,0,0,3,4,0,0,0,0,0
90,37,19,15,IN_PROGRESS,1,0,2,3,0,0,0,0,0
90,38,18,22,IN_PROGRESS,0,0,4,5,0,0,0,0,0
90,39,19,22,IN_PROGRESS,0,6,3,5,79,0,0,1,1
90,40,20,22,IN_PROGRESS,0,11,3,5,79,0,0,1,1
90,41,21,15,IN_PROGRESS,1,0,2,2,0,0,0,0,0
90,42,20,15,IN_PROGRESS,1,21,2,2,74,0,0,1,1
90,43,23,22,IN_PROGRESS,0,0,1,3,0,0,0,0,0
91,0,5,8,IN_PROGRESS,1,0,2,2,0,0,0,0,0
91,1,3,1,IN_PROGRESS,0,0,4,7,0,0,0,0,0
91,2,4,1,IN_PROGRESS,0,6,5,8,80,0,0,1,1
91,3,5,1,IN_PROGRESS,0,8,6,9,80,0,0,1,1
91,4,1,1,IN_PROGRESS,0,5,3,4,58,0,0,1,1
91,5,7,2,IN_PROGRESS,0,1,4,7,38,0,0,1,1
91,6,8,1,IN_PROGRESS,0,0,5,8,0,0,0,0,0
91,7,9,1,IN_PROGRESS,0,0,4,8,0,0,0,0,0
91,8,10,1,IN_PROGRESS,0,10,4,8,80,0,0,1,1
91,9,2,1,IN_PROGRESS,0,9,4,5,60,0,0,1,1
91,10,11,8,IN_PROGRESS,1,0,1,1,0,0,0,0,0
91,11,13,1,IN_PROGRESS,0,0,4,6,0,0,0,0,0
91,12,14,1,IN_PROGRESS,0,9,3,5,80,0,0,1,1
91,13,15,1,IN_PROGRESS,0,11,3,6,80,0,0,1,1
91,14,16,5,IN_PROGRESS,1,9,2,5,72,0,0,1,1
91,15,7,1,IN_PROGRESS,0,10,6,8,42,0,0,1,1
91,16,16,1,IN_PROGRESS,0,11,3,7,80,0,0,1,1
91,17,17,5,IN_PROGRESS,1,16,2,4,72,0,0,1,1
91,18,17,4,IN_PROGRESS,0,15,2,5,46,0,0,1,1
91,19,21,1,IN_PROGRESS,0,0,1,3,0,0,0,0,0
91,20,21,5,IN_PROGRESS,1,0,0,5,0,0,0,0,0
91,21,22,1,IN_PROGRESS,0,16,1,2,74,0,0,1,1
91,22,8,15,IN_PROGRESS,0,7,7,7,72,0,0,1,1
91,23,4,8,IN_PROGRESS,0,15,2,2,69,0,0,1,1
91,24,3,8,IN_PROGRESS,0,1,2,2,69,0,0,1,1
91,25,7,14,IN_PROGRESS,0,10,6,7,54,0,0,1,1
91,26,7,15,IN_PROGRESS,0,8,7,7,60,0,0,1,1
91,27,7,16,IN_PROGRESS,0,6,7,7,63,0,0,1,1
91,28,9,15,IN_PROGRESS,1,7,6,8,58,0,0,1,1
91,29,9,16,IN_PROGRESS,1,22,6,8,64,0,0,1,1
91,30,8,16,IN_PROGRESS,0,3,7,7,70,0,0,1,1
91,31,7,17,IN_PROGRESS,1,5,6,7,62,0,0,1,1
91,32,12,8,IN_PROGRESS,0,2,1,1,72,0,0,1,1
91,33,14,16,IN_PROGRESS,1,13,1,2,77,0,0,1,1
91,34,14,15,IN_PROGRESS,1,0,1,3,0,0,0,0,0
91,35,15,22,IN_PROGRESS,0,0,2,4,0,0,0,0,0
91,36,16,22,IN_PROGRESS,0,0,3,4,0,0,0,0,0
91,37,19,15,IN_PROGRESS,1,0,2,3,0,0,0,0,0
91,38,18,22,IN_PROGRESS,0,0,4,5,0,0,0,0,0
91,39,19,22,IN_PROGRESS,0,6,3,5,80,0,0,1,1
91,40,20,22,IN_PROGRESS,0,11,3,5,80,0,0,1,1
91,41,21,15,IN_PROGRESS,1,0,2,2,0,0,0,0,0
91,42,20,15,IN_PROGRESS,1,21,2,2,75,0,0,1,1
91,43,23,22,IN_PROGRESS,0,0,1,3,0,0,0,0,0
92,0,5,8,IN_PROGRESS,1,0,2,2,0,0,0,0,0
92,1,3,1,IN_PROGRESS,0,0,4,7,0,0,0,0,0
92,2,4,1,IN_PROGRESS,0,6,5,8,81,0,0,1,1
92,3,5,1,IN_PROGRESS,0,8,6,9,81,0,0,1,1
92,4,1,1,IN_PROGRESS,0,5,3,4,59,0,0,1,1
92,5,7,2,IN_PROGRESS,0,1,4,7,39,0,0,1,1
92,6,8,1,IN_PROGRESS,0,0,5,8,0,0,0,0,0
92,7,9,1,IN_PROGRESS,0,0,4,8,0,0,0,0,0
92,8,10,1,IN_PROGRESS,0,10,4,8,81,0,0,1,1
92,9,2,1,IN_PROGRESS,0,9,4,5,61,0,0,1,1
92,10,11,8,IN_PROGRESS,1,0,1,1,0,0,0,0,0
92,11,13,1,IN_PROGRESS,0,0,4,6,0,0,0,0,0
92,12,14,1,IN_PROGRESS,0,9,3,5,81,0,0,1,1
92,13,15,1,IN_PROGRESS,0,11,3,6,81,0,0,1,1
92,14,16,5,IN_PROGRESS,1,9,2,5,73,0,0,1,1
92,15,7,1,IN_PROGRESS,0,10,6,8,43,0,0,1,1
92,16,16,1,IN_PROGRESS,0,11,3,7,81,0,0,1,1
92,17,17,5,IN_PROGRESS,1,16,2,4,73,0,0,1,1
92,18,17,4,IN_PROGRESS,0,15,2,5,47,0,0,1,1
92,19,21,1,IN_PROGRESS,0,0,1,3,0,0,0,0,0
92,20,21,5,IN_PROGRESS,1,0,0,5,0,0,0,0,0
92,21,22,1,IN_PROGRESS,0,16,1,2,75,0,0,1,1
92,22,8,15,IN_PROGRESS,0,7,7,7,73,0,0,1,1
92,23,4,8,IN_PROGRESS,0,15,2,2,70,0,0,1,1
92,24,3,8,IN_PROGRESS,0,1,2,2,70,0,0,1,1
92,25,7,14,IN_PROGRESS,0,10,6,7,55,0,0,1,1
92,26,7,15,IN_PROGRESS,0,8,7,7,61,0,0,1,1
92,27,7,16,IN_PROGRESS,0,6,7,7,64,0,0,1,1
92,28,9,15,IN_PROGRESS,1,7,6,8,59,0,0,1,1
92,29,9,16,IN_PROGRESS,1,22,6,8,65,0,0,1,1
92,30,8,16,IN_PROGRESS,0,3,7,7,71,0,0,1,1
92,31,7,17,IN_PROGRESS,1,5,6,7,63,0,0,1,1
92,32,12,8,IN_PROGRESS,0,2,1,1,73,0,0,1,1
92,33,14,16,IN_PROGRESS,1,13,1,2,78,0,0,1,1
92,34,14,15,IN_PROGRESS,1,0,1,3,0,0,0,0,0
92,35,15,22,IN_PROGRESS,0,0,2,4,0,0,0,0,0
92,36,16,22,IN_PROGRESS,0,0,3,4,0,0,0,0,0
92,37,19,15,IN_PROGRESS,1,0,2,3,0,0,0,0,0
92,38,18,22,IN_PROGRESS,0,0,4,5,0,0,0,0,0
92,39,19,22,IN_PROGRESS,0,6,3,5,81,0,0,1,1
92,40,20,22,IN_PROGRESS,0,11,3,5,81,0,0,1,1
92,41,21,15,IN_PROGRESS,1,0,2,2,0,0,0,0,0
92,42,20,15,IN_PROGRESS,1,21,2,2,76,0,0,1,1
92,43,23,22,IN_PROGRESS,0,0,1,3,0,0,0,0,0
93,0,5,8,IN_PROGRESS,1,0,2,2,0,0,0,0,0
93,1,3,1,IN_PROGRESS,0,0,4,7,0,0,0,0,0
93,2,4,1,IN_PROGRESS,0,6,5,8,82,0,0,1,1
93,3,5,1,IN_PROGRESS,0,8,6,9,82,0,0,1,1
93,4,1,1,IN_PROGRESS,0,5,3,4,60,0,0,1,1
93,5,7,2,IN_PROGRESS,0,1,4,7,40,0,0,1,1
93,6,8,1,IN_PROGRESS,0,0,5,8,0,0,0,0,0
93,7,9,1,IN_PROGRESS,0,0,4,8,0,0,0,0,0
93,8,10,1,IN_PROGRESS,0,10,4,8,82,0,0,1,1
93,9,2,1,IN_PROGRESS,0,9,4,5,62,0,0,1,1
93,10,11,8,IN_PROGRESS,1,0,1,1,0,0,0,0,0
93,11,13,1,IN_PROGRESS,0,0,4,6,0,0,0,0,0
93,12,14,1,IN_PROGRESS,0,9,3,5,82,0,0,1,1
93,13,15,1,IN_PROGRESS,0,11,3,6,82,0,0,1,1
93,14,16,5,IN_PROGRESS,1,9,2,5,74,0,0,1,1
93,15,7,1,IN_PROGRESS,0,10,6,8,44,0,0,1,1
93,16,16,1,IN_PROGRESS,0,11,3,7,82,0,0,1,1
93,17,17,5,IN_PROGRESS,1,16,2,4,74,0,0,1,1
93,18,17,4,IN_PROGRESS,0,15,2,5,48,0,0,1,1
93,19,21,1,IN_PROGRESS,0,0,1,3,0,0,0,0,0
93,20,21,5,IN_PROGRESS,1,0,0,5,0,0,0,0,0
93,21,22,1,IN_PROGRESS,0,16,1,2,76,0,0,1,1
93,22,8,15,IN_PROGRESS,0,7,7,7,74,0,0,1,1
93,23,4,8,IN_PROGRESS,0,15,2,2,71,0,0,1,1
93,24,3,8,IN_PROGRESS,0,1,2,2,71,0,0,1,1
93,25,7,14,IN_PROGRESS,0,10,6,7,56,0,0,1,1
93,26,7,15,IN_PROGRESS,0,8,7,7,62,0,0,1,1
93,27,7,16,IN_PROGRESS,0,6,7,7,65,0,0,1,1
93,28,9,15,IN_PROGRESS,1,7,6,8,60,0,0,1,1
93,29,9,16,IN_PROGRESS,1,22,6,8,66,0,0,1,1
93,30,8,16,IN_PROGRESS,0,3,7,7,72,0,0,1,1
93,31,7,17,IN_PROGRESS,1,5,6,7,64,0,0,1,1
93,32,12,8,IN_PROGRESS,0,2,1,1,74,0,0,1,1
93,33,14,16,IN_PROGRESS,1,13,1,2,79,0,0,1,1
93,34,14,15,IN_PROGRESS,1,0,1,3,0,0,0,0,0
93,35,15,22,IN_PROGRESS,0,0,2,4,0,0,0,0,0
93,36,16,22,IN_PROGRESS,0,0,3,4,0,0,0,0,0
93,37,19,15,IN_PROGRESS,1,0,2,3,0,0,0,0,0
93,38,18,22,IN_PROGRESS,0,0,4,5,0,0,0,0,0
93,39,19,22,IN_PROGRESS,0,6,3,5,82,0,0,1,1
93,40,20,22,IN_PROGRESS,0,11,3,5,82,0,0,1,1
93,41,21,15,IN_PROGRESS,1,0,2,2,0,0,0,0,0
93,42,20,15,IN_PROGRESS,1,21,2,2,77,0,0,1,1
93,43,23,22,IN_PROGRESS,0,0,1,3,0,0,0,0,0
94,0,5,8,IN_PROGRESS,1,0,2,2,0,0,0,0,0
94,1,3,1,IN_PROGRESS,0,0,4,7,0,0,0,0,0
94,2,4,1,IN_PROGRESS,0,6,5,8,83,0,0,1,1
94,3,5,1,IN_PROGRESS,0,8,6,9,83,0,0,1,1
94,4,1,1,IN_PROGRESS,0,5,3,4,61,0,0,1,1
94,5,7,2,IN_PROGRESS,0,1,4,7,41,0,0,1,1
94,6,8,1,IN_PROGRESS,0,0,5,8,0,0,0,0,0
94,7,9,1,IN_PROGRESS,0,0,4,8,0,0,0,0,0
94,8,10,1,IN_PROGRESS,0,10,4,8,83,0,0,1,1
94,9,2,1,IN_PROGRESS,0,9,4,5,63,0,0,1,1
94,10,11,8,IN_PROGRESS,1,0,1,1,0,0,0,0,0
94,11,13,1,IN_PROGRESS,0,0,4,6,0,0,0,0,0
94,12,14,1,IN_PROGRESS,0,9,3,5,83,0,0,1,1
94,13,15,1,IN_PROGRESS,0,11,3,6,83,0,0,1,1
94,14,16,5,IN_PROGRESS,1,9,2,5,75,0,0,1,1
94,15,7,1,IN_PROGRESS,0,10,6,8,45,0,0,1,1
94,16,16,1,IN_PROGRESS,0,11,3,7,83,0,0,1,1
94,17,17,5,IN_PROGRESS,1,16,2,4,75,0,0,1,1
94,18,17,4,IN_PROGRESS,0,15,2,5,49,0,0,1,1
94,19,21,1,IN_PROGRESS,0,0,1,3,0,0,0,0,0
94,20,21,5,IN_PROGRESS,1,0,0,5,0,0,0,0,0
94,21,22,1,IN_PROGRESS,0,16,1,2,77,0,0,1,1
94,22,8,15,IN_PROGRESS,0,7,7,7,75,0,0,1,1
94,23,4,8,IN_PROGRESS,0,15,2,2,72,0,0,1,1
94,24,3,8,IN_PROGRESS,0,1,2,2,72,0,0,1,1
94,25,7,14,IN_PROGRESS,0,10,6,7,57,0,0,1,1
94,26,7,15,IN_PROGRESS,0,8,7,7,63,0,0,1,1
94,27,7,16,IN_PROGRESS,0,6,7,7,66,0,0,1,1
94,28,9,15,IN_PROGRESS,1,7,6,8,61,0,0,1,1
94,29,9,16,IN_PROGRESS,1,22,6,8,67,0,0,1,1
94,30,8,16,IN_PROGRESS,0,3,7,7,73,0,0,1,1
94,31,7,17,IN_PROGRESS,1,5,6,7,65,0,0,1,1
94,32,12,8,IN_PROGRESS,0,2,1,1,75,0,0,1,1
94,33,14,16,IN_PROGRESS,1,13,1,2,80,0,0,1,1
94,34,14,15,IN_PROGRESS,1,0,1,3,0,0,0,0,0
94,35,15,22,IN_PROGRESS,0,0,2,4,0,0,0,0,0
94,36,16,22,IN_PROGRESS,0,0,3,4,0,0,0,0,0
94,37,19,15,IN_PROGRESS,1,0,2,3,0,0,0,0,0
94,38,18,22,IN_PROGRESS,0,0,4,5,0,0,0,0,0
94,39,19,22,IN_PROGRESS,0,6,3,5,83,0,0,1,1
94,40,20,22,IN_PROGRESS,0,11,3,5,83,0,0,1,1
94,41,21,15,IN_PROGRESS,1,0,2,2,0,0,0,0,0
94,42,20,15,IN_PROGRESS,1,21,2,2,78,0,0,1,1
94,43,23,22,IN_PROGRESS,0,0,1,3,0,0,0,0,0
95,0,5,8,IN_PROGRESS,1,0,2,2,0,0,0,0,0
95,1,3,1,IN_PROGRESS,0,0,4,7,0,0,0,0,0
95,2,4,1,IN_PROGRESS,0,6,5,8,84,0,0,1,1
95,3,5,1,IN_PROGRESS,0,8,6,9,84,0,0,1,1
95,4,1,1,IN_PROGRESS,0,5,3,4,62,0,0,1,1
95,5,7,2,IN_PROGRESS,0,1,4,7,42,0,0,1,1
95,6,8,1,IN_PROGRESS,0,0,5,8,0,0,0,0,0
95,7,9,1,IN_PROGRESS,0,0,4,8,0,0,0,0,0
95,8,10,1,IN_PROGRESS,0,10,4,8,84,0,0,1,1
95,9,2,1,IN_PROGRESS,0,9,4,5,64,0,0,1,1
95,10,11,8,IN_PROGRESS,1,0,1,1,0,0,0,0,0
95,11,13,1,IN_PROGRESS,0,0,4,6,0,0,0,0,0
95,12,14,1,IN_PROGRESS,0,9,3,5,84,0,0,1,1
95,13,15,1,IN_PROGRESS,0,11,3,6,84,0,0,1,1
95,14,16,5,IN_PROGRESS,1,9,2,5,76,0,0,1,1
95,15,7,1,IN_PROGRESS,0,10,6,8,46,0,0,1,1
95,16,16,1,IN_PROGRESS,0,11,3,7,84,0,0,1,1
95,17,17,5,IN_PROGRESS,1,16,2,4,76,0,0,1,1
95,18,17,4,IN_PROGRESS,0,15,2,5,50,0,0,1,1
95,19,21,1,IN_PROGRESS,0,0,1,3,0,0,0,0,0
95,20,21,5,IN_PROGRESS,1,0,0,5,0,0,0,0,0
95,21,22,1,IN_PROGRESS,0,16,1,2,78,0,0,1,1
95,22,8,15,IN_PROGRESS,0,7,7,7,76,0,0,1,1
95,23,4,8,IN_PROGRESS,0,15,2,2,73,0,0,1,1
95,24,3,8,IN_PROGRESS,0,1,2,2,73,0,0,1,1
95,25,7,14,IN_PROGRESS,0,10,6,7,58,0,0,1,1
95,26,7,15,IN_PROGRESS,0,8,7,7,64,0,0,1,1
95,27,7,16,IN_PROGRESS,0,6,7,7,67,0,0,1,1
95,28,9,15,IN_PROGRESS,1,7,6,8,62,0,0,1,1
95,29,9,16,IN_PROGRESS,1,22,6,8,68,0,0,1,1
95,30,8,16,IN_PROGRESS,0,3,7,7,74,0,0,1,1
95,31,7,17,IN_PROGRESS,1,5,6,7,66,0,0,1,1
95,32,12,8,IN_PROGRESS,0,2,1,1,76,0,0,1,1
95,33,14,16,IN_PROGRESS,1,13,1,2,81,0,0,1,1
95,34,14,15,IN_PROGRESS,1,0,1,3,0,0,0,0,0
95,35,15,22,IN_PROGRESS,0,0,2,4,0,0,0,0,0
95,36,16,22,IN_PROGRESS,0,0,3,4,0,0,0,0,0
95,37,19,15,IN_PROGRESS,1,0,2,3,0,0,0,0,0
95,38,18,22,IN_PROGRESS,0,0,4,5,0,0,0,0,0
95,39,19,22,IN_PROGRESS,0,6,3,5,84,0,0,1,1
95,40,20,22,IN_PROGRESS,0,11,3,5,84,0,0,1,1
95,41,21,15,IN_PROGRESS,1,0,2,2,0,0,0,0,0
95,42,20,15,IN_PROGRESS,1,21,2,2,79,0,0,1,1
95,43,23,22,IN_PROGRESS,0,0,1,3,0,0,0,0,0
96,0,5,8,IN_PROGRESS,1,0,2,2,0,0,0,0,0
96,1,3,1,IN_PROGRESS,0,0,4,7,0,0,0,0,0
96,2,4,1,IN_PROGRESS,0,6,5,8,85,0,0,1,1
96,3,5,1,IN_PROGRESS,0,8,6,9,85,0,0,1,1
96,4,1,1,IN_PROGRESS,0,5,3,4,63,0,0,1,1
96,5,7,2,IN_PROGRESS,0,1,4,7,43,0,0,1,1
96,6,8,1,IN_PROGRESS,0,0,5,8,0,0,0,0,0
96,7,9,1,IN_PROGRESS,0,0,4,8,0,0,0,0,0
96,8,10,1,IN_PROGRESS,0,10,4,8,85,0,0,1,1
96,9,2,1,IN_PROGRESS,0,9,4,5,65,0,0,1,1
96,10,11,8,IN_PROGRESS,1,0,1,1,0,0,0,0,0
96,11,13,1,IN_PROGRESS,0,0,4,6,0,0,0,0,0
96,12,14,1,IN_PROGRESS,0,9,3,5,85,0,0,1,1
96,13,15,1,IN_PROGRESS,0,11,3,6,85,0,0,1,1
96,14,16,5,IN_PROGRESS,1,9,2,5,77,0,0,1,1
96,15,7,1,IN_PROGRESS,0,10,6,8,47,0,0,1,1
96,16,16,1,IN_PROGRESS,0,11,3,7,85,0,0,1,1
96,17,17,5,IN_PROGRESS,1,16,2,4,77,0,0,1,1
96,18,17,4,IN_PROGRESS,0,15,2,5,51,0,0,1,1
96,19,21,1,IN_PROGRESS,0,0,1,3,0,0,0,0,0
96,20,21,5,IN_PROGRESS,1,0,0,5,0,0,0,0,0
96,21,22,1,IN_PROGRESS,0,16,1,2,79,0,0,1,1
96,22,8,15,IN_PROGRESS,0,7,7,7,77,0,0,1,1
96,23,4,8,IN_PROGRESS,0,15,2,2,74,0,0,1,1
96,24,3,8,IN_PROGRESS,0,1,2,2,74,0,0,1,1
96,25,7,14,IN_PROGRESS,0,10,6,7,59,0,0,1,1
96,26,7,15,IN_PROGRESS,0,8,7,7,65,0,0,1,1
96,27,7,16,IN_PROGRESS,0,6,7,7,68,0,0,1,1
96,28,9,15,IN_PROGRESS,1,7,6,8,63,0,0,1,1
96,29,9,16,IN_PROGRESS,1,22,6,8,69,0,0,1,1
96,30,8,16,IN_PROGRESS,0,3,7,7,75,0,0,1,1
96,31,7,17,IN_PROGRESS,1,5,6,7,67,0,0,1,1
96,32,12,8,IN_PROGRESS,0,2,1,1,77,0,0,1,1
96,33,14,16,IN_PROGRESS,1,13,1,2,82,0,0,1,1
96,34,14,15,IN_PROGRESS,1,0,1,3,0,0,0,0,0
96,35,15,22,IN_PROGRESS,0,0,2,4,0,0,0,0,0
96,36,16,22,IN_PROGRESS,0,0,3,4,0,0,0,0,0
96,37,19,15,IN_PROGRESS,1,0,2,3,0,0,0,0,0
96,38,18,22,IN_PROGRESS,0,0,4,5,0,0,0,0,0
96,39,19,22,IN_PROGRESS,0,6,3,5,85,0,0,1,1
96,40,20,22,IN_PROGRESS,0,11,3,5,85,0,0,1,1
96,41,21,15,IN_PROGRESS,1,0,2,2,0,0,0,0,0
96,42,20,15,IN_PROGRESS,1,21,2,2,80,0,0,1,1
96,43,23,22,IN_PROGRESS,0,0,1,3,0,0,0,0,0
97,0,5,8,IN_PROGRESS,1,0,2,2,0,0,0,0,0
97,1,3,1,IN_PROGRESS,0,0,4,7,0,0,0,0,0
97,2,4,1,IN_PROGRESS,0,6,5,8,86,0,0,1,1
97,3,5,1,IN_PROGRESS,0,8,6,9,86,0,0,1,1
97,4,1,1,IN_PROGRESS,0,5,3,4,64,0,0,1,1
97,5,7,2,IN_PROGRESS,0,1,4,7,44,0,0,1,1
97,6,8,1,IN_PROGRESS,0,0,5,8,0,0,0,0,0
97,7,9,1,IN_PROGRESS,0,0,4,8,0,0,0,0,0
97,8,10,1,IN_PROGRESS,0,10,4,8,86,0,0,1,1
97,9,2,1,IN_PROGRESS,0,9,4,5,66,0,0,1,1
97,10,11,8,IN_PROGRESS,1,0,1,1,0,0,0,0,0
97,11,13,1,IN_PROGRESS,0,0,4,6,0,0,0,0,0
97,12,14,1,IN_PROGRESS,0,9,3,5,86,0,0,1,1
97,13,15,1,IN_PROGRESS,0,11,3,6,86,0,0,1,1
97,14,16,5,IN_PROGRESS,1,9,2,5,78,0,0,1,1
97,15,7,1,IN_PROGRESS,0,10,6,8,48,0,0,1,1
97,16,16,1,IN_PROGRESS,0,11,3,7,86,0,0,1,1
97,17,17,5,IN_PROGRESS,1,16,2,4,78,0,0,1,1
97,18,17,4,IN_PROGRESS,0,15,2,5,52,0,0,1,1
97,19,21,1,IN_PROGRESS,0,0,1,3,0,0,0,0,0
97,20,21,5,IN_PROGRESS,1,0,0,5,0,0,0,0,0
97,21,22,1,IN_PROGRESS,0,16,1,2,80,0,0,1,1
97,22,8,15,IN_PROGRESS,0,7,7,7,78,0,0,1,1
97,23,4,8,IN_PROGRESS,0,15,2,2,75,0,0,1,1
97,24,3,8,IN_PROGRESS,0,1,2,2,75,0,0,1,1
97,25,7,14,IN_PROGRESS,0,10,6,7,60,0,0,1,1
97,26,7,15,IN_PROGRESS,0,8,7,7,66,0,0,1,1
97,27,7,16,IN_PROGRESS,0,6,7,7,69,0,0,1,1
97,28,9,15,IN_PROGRESS,1,7,6,8,64,0,0,1,1
97,29,9,16,IN_PROGRESS,1,22,6,8,70,0,0,1,1
97,30,8,16,IN_PROGRESS,0,3,7,7,76,0,0,1,1
97,31,7,17,IN_PROGRESS,1,5,6,7,68,0,0,1,1
97,32,12,8,IN_PROGRESS,0,2,1,1,78,0,0,1,1
97,33,14,16,IN_PROGRESS,1,13,1,2,83,0,0,1,1
97,34,14,15,IN_PROGRESS,1,0,1,3,0,0,0,0,0
97,35,15,22,IN_PROGRESS,0,0,2,4,0,0,0,0,0
97,36,16,22,IN_PROGRESS,0,0,3,4,0,0,0,0,0
97,37,19,15,IN_PROGRESS,1,0,2,3,0,0,0,0,0
97,38,18,22,IN_PROGRESS,0,0,4,5,0,0,0,0,0
97,39,19,22,IN_PROGRESS,0,6,3,5,86,0,0,1,1
97,40,20,22,IN_PROGRESS,0,11,3,5,86,0,0,1,1
97,41,21,15,IN_PROGRESS,1,0,2,2,0,0,0,0,0
97,42,20,15,IN_PROGRESS,1,21,2,2,81,0,0,1,1
97,43,23,22,IN_PROGRESS,0,0,1,3,0,0,0,0,0
98,0,5,8,IN_PROGRESS,1,0,2,2,0,0,0,0,0
98,1,3,1,IN_PROGRESS,0,0,4,7,0,0,0,0,0
98,2,4,1,IN_PROGRESS,0,6,5,8,87,0,0,1,1
98,3,5,1,IN_PROGRESS,0,8,6,9,87,0,0,1,1
98,4,1,1,IN_PROGRESS,0,5,3,4,65,0,0,1,1
98,5,7,2,IN_PROGRESS,0,1,4,7,45,0,0,1,1
98,6,8,1,IN_PROGRESS,0,0,5,8,0,0,0,0,0
98,7,9,1,IN_PROGRESS,0,0,4,8,0,0,0,0,0
98,8,10,1,IN_PROGRESS,0,10,4,8,87,0,0,1,1
98,9,2,1,IN_PROGRESS,0,9,4,5,67,0,0,1,1
98,10,11,8,IN_PROGRESS,1,0,1,1,0,0,0,0,0
98,11,13,1,IN_PROGRESS,0,0,4,6,0,0,0,0,0
98,12,14,1,IN_PROGRESS,0,9,3,5,87,0,0,1,1
98,13,15,1,IN_PROGRESS,0,11,3,6,87,0,0,1,1
98,14,16,5,IN_PROGRESS,1,9,2,5,79,0,0,1,1
98,15,7,1,IN_PROGRESS,0,10,6,8,49,0,0,1,1
98,16,16,1,IN_PROGRESS,0,11,3,7,87,0,0,1,1
98,17,17,5,IN_PROGRESS,1,16,2,4,79,0,0,1,1
98,18,17,4,IN_PROGRESS,0,15,2,5,53,0,0,1,1
98,19,21,1,IN_PROGRESS,0,0,1,3,0,0,0,0,0
98,20,21,5,IN_PROGRESS,1,0,0,5,0,0,0,0,0
98,21,22,1,IN_PROGRESS,0,16,1,2,81,0,0,1,1
98,22,8,15,IN_PROGRESS,0,7,7,7,79,0,0,1,1
98,23,4,8,IN_PROGRESS,0,15,2,2,76,0,0,1,1
98,24,3,8,IN_PROGRESS,0,1,2,2,76,0,0,1,1
98,25,7,14,IN_PROGRESS,0,10,6,7,61,0,0,1,1
98,26,7,15,IN_PROGRESS,0,8,7,7,67,0,0,1,1
98,27,7,16,IN_PROGRESS,0,6,7,7,70,0,0,1,1
98,28,9,15,IN_PROGRESS,1,7,6,8,65,0,0,1,1
98,29,9,16,IN_PROGRESS,1,22,6,8,71,0,0,1,1
98,30,8,16,IN_PROGRESS,0,3,7,7,77,0,0,1,1
98,31,7,17,IN_PROGRESS,1,5,6,7,69,0,0,1,1
98,32,12,8,IN_PROGRESS,0,2,1,1,79,0,0,1,1
98,33,14,16,IN_PROGRESS,1,13,1,2,84,0,0,1,1
98,34,14,15,IN_PROGRESS,1,0,1,3,0,0,0,0,0
98,35,15,22,IN_PROGRESS,0,0,2,4,0,0,0,0,0
98,36,16,22,IN_PROGRESS,0,0,3,4,0,0,0,0,0
98,37,19,15,IN_PROGRESS,1,0,2,3,0,0,0,0,0
98,38,18,22,IN_PROGRESS,0,0,4,5,0,0,0,0,0
98,39,19,22,IN_PROGRESS,0,6,3,5,87,0,0,1,1
98,40,20,22,IN_PROGRESS,0,11,3,5,87,0,0,1,1
98,41,21,15,IN_PROGRESS,1,0,2,2,0,0,0,0,0
98,42,20,15,IN_PROGRESS,1,21,2,2,82,0,0,1,1
98,43,23,22,IN_PROGRESS,0,0,1,3,0,0,0,0,0
99,0,5,8,IN_PROGRESS,1,0,2,2,0,0,0,0,0
99,1,3,1,IN_PROGRESS,0,0,4,7,0,0,0,0,0
99,2,4,1,IN_PROGRESS,0,6,5,8,88,0,0,1,1
99,3,5,1,IN_PROGRESS,0,8,6,9,88,0,0,1,1
99,4,1,1,IN_PROGRESS,0,5,3,4,66,0,0,1,1
99,5,7,2,IN_PROGRESS,0,1,4,7,46,0,0,1,1
99,6,8,1,IN_PROGRESS,0,0,5,8,0,0,0,0,0
99,7,9,1,IN_PROGRESS,0,0,4,8,0,0,0,0,0
99,8,10,1,IN_PROGRESS,0,10,4,8,88,0,0,1,1
99,9,2,1,IN_PROGRESS,0,9,4,5,68,0,0,1,1
99,10,11,8,IN_PROGRESS,1,0,1,1,0,0,0,0,0
99,11,13,1,IN_PROGRESS,0,0,4,6,0,0,0,0,0
99,12,14,1,IN_PROGRESS,0,9,3,5,88,0,0,1,1
99,13,15,1,IN_PROGRESS,0,11,3,6,88,0,0,1,1
99,14,16,5,IN_PROGRESS,1,9,2,5,80,0,0,1,1
99,15,7,1,IN_PROGRESS,0,10,6,8,50,0,0,1,1
99,16,16,1,IN_PROGRESS,0,11,3,7,88,0,0,1,1
99,17,17,5,IN_PROGRESS,1,16,2,4,80,0,0,1,1
99,18,17,4,IN_PROGRESS,0,15,2,5,54,0,0,1,1
99,19,21,1,IN_PROGRESS,0,0,1,3,0,0,0,0,0
99,20,21,5,IN_PROGRESS,1,0,0,5,0,0,0,0,0
99,21,22,1,IN_PROGRESS,0,16,1,2,82,0,0,1,1
99,22,8,15,IN_PROGRESS,0,7,7,7,80,0,0,1,1
99,23,4,8,IN_PROGRESS,0,15,2,2,77,0,0,1,1
99,24,3,8,IN_PROGRESS,0,1,2,2,77,0,0,1,1
99,25,7,14,IN_PROGRESS,0,10,6,7,62,0,0,1,1
99,26,7,15,IN_PROGRESS,0,8,7,7,68,0,0,1,1
99,27,7,16,IN_PROGRESS,0,6,7,7,71,0,0,1,1
99,28,9,15,IN_PROGRESS,1,7,6,8,66,0,0,1,1
99,29,9,16,IN_PROGRESS,1,22,6,8,72,0,0,1,1
99,30,8,16,IN_PROGRESS,0,3,7,7,78,0,0,1,1
99,31,7,17,IN_PROGRESS,1,5,6,7,70,0,0,1,1
99,32,12,8,IN_PROGRESS,0,2,1,1,80,0,0,1,1
99,33,14,16,IN_PROGRESS,1,13,1,2,85,0,0,1,1
99,34,14,15,IN_PROGRESS,1,0,1,3,0,0,0,0,0
99,35,15,22,IN_PROGRESS,0,0,2,4,0,0,0,0,0
99,36,16,22,IN_PROGRESS,0,0,3,4,0,0,0,0,0
99,37,19,15,IN_PROGRESS,1,0,2,3,0,0,0,0,0
99,38,18,22,IN_PROGRESS,0,0,4,5,0,0,0,0,0
99,39,19,22,IN_PROGRESS,0,6,3,5,88,0,0,1,1
99,40,20,22,IN_PROGRESS,0,11,3,5,88,0,0,1,1
99,41,21,15,IN_PROGRESS,1,0,2,2,0,0,0,0,0
99,42,20,15,IN_PROGRESS,1,21,2,2,83,0,0,1,1
99,43,23,22,IN_PROGRESS,0,0,1,3,0,0,0,0,0
100,0,5,8,IN_PROGRESS,1,0,2,2,0,0,0,0,0
100,1,3,1,IN_PROGRESS,0,0,4,7,0,0,0,0,0
100,2,4,1,IN_PROGRESS,0,6,5,8,89,0,0,1,1
100,3,5,1,IN_PROGRESS,0,8,6,9,89,0,0,1,1
100,4,1,1,IN_PROGRESS,0,5,3,4,67,0,0,1,1
100,5,7,2,IN_PROGRESS,0,1,4,7,47,0,0,1,1
100,6,8,1,IN_PROGRESS,0,0,5,8,0,0,0,0,0
100,7,9,1,IN_PROGRESS,0,0,4,8,0,0,0,0,0
100,8,10,1,IN_PROGRESS,0,10,4,8,89,0,0,1,1
100,9,2,1,IN_PROGRESS,0,9,4,5,69,0,0,1,1
100,10,11,8,IN_PROGRESS,1,0,1,1,0,0,0,0,0
100,11,13,1,IN_PROGRESS,0,0,4,6,0,0,0,0,0
100,12,14,1,IN_PROGRESS,0,9,3,5,89,0,0,1,1
100,13,15,1,IN_PROGRESS,0,11,3,6,89,0,0,1,1
100,14,16,5,IN_PROGRESS,1,9,2,5,81,0,0,1,1
100,15,7,1,IN_PROGRESS,0,10,6,8,51,0,0,1,1
100,16,16,1,IN_PROGRESS,0,11,3,7,89,0,0,1,1
100,17,17,5,IN_PROGRESS,1,16,2,4,81,0,0,1,1
100,18,17,4,IN_PROGRESS,0,15,2,5,55,0,0,1,1
100,19,21,1,IN_PROGRESS,0,0,1,3,0,0,0,0,0
100,20,21,5,IN_PROGRESS,1,0,0,5,0,0,0,0,0
100,21,22,1,IN_PROGRESS,0,16,1,2,83,0,0,1,1
100,22,8,15,IN_PROGRESS,0,7,7,7,81,0,0,1,1
100,23,4,8,IN_PROGRESS,0,15,2,2,78,0,0,1,1
100,24,3,8,IN_PROGRESS,0,1,2,2,78,0,0,1,1
100,25,7,14,IN_PROGRESS,0,10,6,7,63,0,0,1,1
100,26,7,15,IN_PROGRESS,0,8,7,7,69,0,0,1,1
100,27,7,16,IN_PROGRESS,0,6,7,7,72,0,0,1,1
100,28,9,15,IN_PROGRESS,1,7,6,8,67,0,0,1,1
100,29,9,16,IN_PROGRESS,1,22,6,8,73,0,0,1,1
100,30,8,16,IN_PROGRESS,0,3,7,7,79,0,0,1,1
100,31,7,17,IN_PROGRESS,1,5,6,7,71,0,0,1,1
100,32,12,8,IN_PROGRESS,0,2,1,1,81,0,0,1,1
100,33,14,16,IN_PROGRESS,1,13,1,2,86,0,0,1,1
100,34,14,15,IN_PROGRESS,1,0,1,3,0,0,0,0,0
100,35,15,22,IN_PROGRESS,0,0,2,4,0,0,0,0,0
100,36,16,22,IN_PROGRESS,0,0,3,4,0,0,0,0,0
100,37,19,15,IN_PROGRESS,1,0,2,3,0,0,0,0,0
100,38,18,22,IN_PROGRESS,0,0,4,5,0,0,0,0,0
100,39,19,22,IN_PROGRESS,0,6,3,5,89,0,0,1,1
100,40,20,22,IN_PROGRESS,0,11,3,5,89,0,0,1,1
100,41,21,15,IN_PROGRESS,1,0,2,2,0,0,0,0,0
100,42,20,15,IN_PROGRESS,1,21,2,2,84,0,0,1,1
100,43,23,22,IN_PROGRESS,0,0,1,3,0,0,0,0,0
101,0,5,8,IN_PROGRESS,1,0,2,2,0,0,0,0,0
101,1,3,1,IN_PROGRESS,0,0,4,7,0,0,0,0,0
101,2,4,1,IN_PROGRESS,0,6,5,8,90,0,0,1,1
101,3,5,1,IN_PROGRESS,0,8,6,9,90,0,0,1,1
101,4,1,1,IN_PROGRESS,0,5,3,4,68,0,0,1,1
101,5,7,2,IN_PROGRESS,0,1,4,7,48,0,0,1,1
101,6,8,1,IN_PROGRESS,0,0,5,8,0,0,0,0,0
101,7,9,1,IN_PROGRESS,0,0,4,8,0,0,0,0,0
101,8,10,1,IN_PROGRESS,0,10,4,8,90,0,0,1,1
101,9,2,1,IN_PROGRESS,0,9,4,5,70,0,0,1,1
101,10,11,8,IN_PROGRESS,1,0,1,1,0,0,0,0,0
101,11,13,1,IN_PROGRESS,0,0,4,6,0,0,0,0,0
101,12,14,1,IN_PROGRESS,0,9,3,5,90,0,0,1,1
101,13,15,1,IN_PROGRESS,0,11,3,6,90,0,0,1,1
101,14,16,5,IN_PROGRESS,1,9,2,5,82,0,0,1,1
101,15,7,1,IN_PROGRESS,0,10,6,8,52,0,0,1,1
101,16,16,1,IN_PROGRESS,0,11,3,7,90,0,0,1,1
101,17,17,5,IN_PROGRESS,1,16,2,4,82,0,0,1,1
101,18,17,4,IN_PROGRESS,0,15,2,5,56,0,0,1,1
101,19,21,1,IN_PROGRESS,0,0,1,3,0,0,0,0,0
101,20,21,5,IN_PROGRESS,1,0,0,5,0,0,0,0,0
101,21,22,1,IN_PROGRESS,0,16,1,2,84,0,0,1,1
101,22,8,15,IN_PROGRESS,0,7,7,7,82,0,0,1,1
101,23,4,8,IN_PROGRESS,0,15,2,2,79,0,0,1,1
101,24,3,8,IN_PROGRESS,0,1,2,2,79,0,0,1,1
101,25,7,14,IN_PROGRESS,0,10,6,7,64,0,0,1,1
101,26,7,15,IN_PROGRESS,0,8,7,7,70,0,0,1,1
101,27,7,16,IN_PROGRESS,0,6,7,7,73,0,0,1,1
101,28,9,15,IN_PROGRESS,1,7,6,8,68,0,0,1,1
101,29,9,16,IN_PROGRESS,1,22,6,8,74,0,0,1,1
101,30,8,16,IN_PROGRESS,0,3,7,7,80,0,0,1,1
101,31,7,17,IN_PROGRESS,1,5,6,7,72,0,0,1,1
101,32,12,8,IN_PROGRESS,0,2,1,1,82,0,0,1,1
101,33,14,16,IN_PROGRESS,1,13,1,2,87,0,0,1,1
101,34,14,15,IN_PROGRESS,1,0,1,3,0,0,0,0,0
101,35,15,22,IN_PROGRESS,0,0,2,4,0,0,0,0,0
101,36,16,22,IN_PROGRESS,0,0,3,4,0,0,0,0,0
101,37,19,15,IN_PROGRESS,1,0,2,3,0,0,0,0,0
101,38,18,22,IN_PROGRESS,0,0,4,5,0,0,0,0,0
101,39,19,22,IN_PROGRESS,0,6,3,5,90,0,0,1,1
101,40,20,22,IN_PROGRESS,0,11,3,5,90,0,0,1,1
101,41,21,15,IN_PROGRESS,1,0,2,2,0,0,0,0,0
101,42,20,15,IN_PROGRESS,1,21,2,2,85,0,0,1,1
101,43,23,22,IN_PROGRESS,0,0,1,3,0,0,0,0,0
102,0,5,8,IN_PROGRESS,1,0,2,2,0,0,0,0,0
102,1,3,1,IN_PROGRESS,0,0,4,7,0,0,0,0,0
102,2,4,1,IN_PROGRESS,0,6,5,8,91,0,0,1,1
102,3,5,1,IN_PROGRESS,0,8,6,9,91,0,0,1,1
102,4,1,1,IN_PROGRESS,0,5,3,4,69,0,0,1,1
102,5,7,2,IN_PROGRESS,0,1,4,7,49,0,0,1,1
102,6,8,1,IN_PROGRESS,0,0,5,8,0,0,0,0,0
102,7,9,1,IN_PROGRESS,0,0,4,8,0,0,0,0,0
102,8,10,1,IN_PROGRESS,0,10,4,8,91,0,0,1,1
102,9,2,1,IN_PROGRESS,0,9,4,5,71,0,0,1,1
102,10,11,8,IN_PROGRESS,1,0,1,1,0,0,0,0,0
102,11,13,1,IN_PROGRESS,0,0,4,6,0,0,0,0,0
102,12,14,1,IN_PROGRESS,0,9,3,5,91,0,0,1,1
102,13,15,1,IN_PROGRESS,0,11,3,6,91,0,0,1,1
102,14,16,5,IN_PROGRESS,1,9,2,5,83,0,0,1,1
102,15,7,1,IN_PROGRESS,0,10,6,8,53,0,0,1,1
102,16,16,1,IN_PROGRESS,0,11,3,7,91,0,0,1,1
102,17,17,5,IN_PROGRESS,1,16,2,4,83,0,0,1,1
102,18,17,4,IN_PROGRESS,0,15,2,5,57,0,0,1,1
102,19,21,1,IN_PROGRESS,0,0,1,3,0,0,0,0,0
102,20,21,5,IN_PROGRESS,1,0,0,5,0,0,0,0,0
102,21,22,1,IN_PROGRESS,0,16,1,2,85,0,0,1,1
102,22,8,15,IN_PROGRESS,0,7,7,7,83,0,0,1,1
102,23,4,8,IN_PROGRESS,0,15,2,2,80,0,0,1,1
102,24,3,8,IN_PROGRESS,0,1,2,2,80,0,0,1,1
102,25,7,14,IN_PROGRESS,0,10,6,7,65,0,0,1,1
102,26,7,15,IN_PROGRESS,0,8,7,7,71,0,0,1,1
102,27,7,16,IN_PROGRESS,0,6,7,7,74,0,0,1,1
102,28,9,15,IN_PROGRESS,1,7,6,8,69,0,0,1,1
102,29,9,16,IN_PROGRESS,1,22,6,8,75,0,0,1,1
102,30,8,16,IN_PROGRESS,0,3,7,7,81,0,0,1,1
102,31,7,17,IN_PROGRESS,1,5,6,7,73,0,0,1,1
102,32,12,8,IN_PROGRESS,0,2,1,1,83,0,0,1,1
102,33,14,16,IN_PROGRESS,1,13,1,2,88,0,0,1,1
102,34,14,15,IN_PROGRESS,1,0,1,3,0,0,0,0,0
102,35,15,22,IN_PROGRESS,0,0,2,4,0,0,0,0,0
102,36,16,22,IN_PROGRESS,0,0,3,4,0,0,0,0,0
102,37,19,15,IN_PROGRESS,1,0,2,3,0,0,0,0,0
102,38,18,22,IN_PROGRESS,0,0,4,5,0,0,0,0,0
102,39,19,22,IN_PROGRESS,0,6,3,5,91,0,0,1,1
102,40,20,22,IN_PROGRESS,0,11,3,5,91,0,0,1,1
102,41,21,15,IN_PROGRESS,1,0,2,2,0,0,0,0,0
102,42,20,15,IN_PROGRESS,1,21,2,2,86,0,0,1,1
102,43,23,22,IN_PROGRESS,0,0,1,3,0,0,0,0,0
103,0,5,8,IN_PROGRESS,1,0,2,2,0,0,0,0,0
103,1,3,1,IN_PROGRESS,0,0,4,7,0,0,0,0,0
103,2,4,1,IN_PROGRESS,0,6,5,8,92,0,0,1,1
103,3,5,1,IN_PROGRESS,0,8,6,9,92,0,0,1,1
103,4,1,1,IN_PROGRESS,0,5,3,4,70,0,0,1,1
103,5,7,2,IN_PROGRESS,0,1,4,7,50,0,0,1,1
103,6,8,1,IN_PROGRESS,0,0,5,8,0,0,0,0,0
103,7,9,1,IN_PROGRESS,0,0,4,8,0,0,0,0,0
103,8,10,1,IN_PROGRESS,0,10,4,8,92,0,0,1,1
103,9,2,1,IN_PROGRESS,0,9,4,5,72,0,0,1,1
103,10,11,8,IN_PROGRESS,1,0,1,1,0,0,0,0,0
103,11,13,1,IN_PROGRESS,0,0,4,6,0,0,0,0,0
103,12,14,1,IN_PROGRESS,0,9,3,5,92,0,0,1,1
103,13,15,1,IN_PROGRESS,0,11,3,6,92,0,0,1,1
103,14,16,5,IN_PROGRESS,1,9,2,5,84,0,0,1,1
103,15,7,1,IN_PROGRESS,0,10,6,8,54,0,0,1,1
103,16,16,1,IN_PROGRESS,0,11,3,7,92,0,0,1,1
103,17,17,5,IN_PROGRESS,1,16,2,4,84,0,0,1,1
103,18,17,4,IN_PROGRESS,0,15,2,5,58,0,0,1,1
103,19,21,1,IN_PROGRESS,0,0,1,3,0,0,0,0,0
103,20,21,5,IN_PROGRESS,1,0,0,5,0,0,0,0,0
103,21,22,1,IN_PROGRESS,0,16,1,2,86,0,0,1,1
103,22,8,15,IN_PROGRESS,0,7,7,7,84,0,0,1,1
103,23,4,8,IN_PROGRESS,0,15,2,2,81,0,0,1,1
103,24,3,8,IN_PROGRESS,0,1,2,2,81,0,0,1,1
103,25,7,14,IN_PROGRESS,0,10,6,7,66,0,0,1,1
103,26,7,15,IN_PROGRESS,0,8,7,7,72,0,0,1,1
103,27,7,16,IN_PROGRESS,0,6,7,7,75,0,0,1,1
103,28,9,15,IN_PROGRESS,1,7,6,8,70,0,0,1,1
103,29,9,16,IN_PROGRESS,1,22,6,8,76,0,0,1,1
103,30,8,16,IN_PROGRESS,0,3,7,7,82,0,0,1,1
103,31,7,17,IN_PROGRESS,1,5,6,7,74,0,0,1,1
103,32,12,8,IN_PROGRESS,0,2,1,1,84,0,0,1,1
103,33,14,16,IN_PROGRESS,1,13,1,2,89,0,0,1,1
103,34,14,15,IN_PROGRESS,1,0,1,3,0,0,0,0,0
103,35,15,22,IN_PROGRESS,0,0,2,4,0,0,0,0,0
103,36,16,22,IN_PROGRESS,0,0,3,4,0,0,0,0,0
103,37,19,15,IN_PROGRESS,1,0,2,3,0,0,0,0,0
103,38,18,22,IN_PROGRESS,0,0,4,5,0,0,0,0,0
103,39,19,22,IN_PROGRESS,0,6,3,5,92,0,0,1,1
103,40,20,22,IN_PROGRESS,0,11,3,5,92,0,0,1,1
103,41,21,15,IN_PROGRESS,1,0,2,2,0,0,0,0,0
103,42,20,15,IN_PROGRESS,1,21,2,2,87,0,0,1,1
103,43,23,22,IN_PROGRESS,0,0,1,3,0,0,0,0,0
104,0,5,8,IN_PROGRESS,1,0,2,2,0,0,0,0,0
104,1,3,1,IN_PROGRESS,0,0,4,7,0,0,0,0,0
104,2,4,1,IN_PROGRESS,0,6,5,8,93,0,0,1,1
104,3,5,1,IN_PROGRESS,0,8,6,9,93,0,0,1,1
104,4,1,1,IN_PROGRESS,0,5,3,4,71,0,0,1,1
104,5,7,2,IN_PROGRESS,0,1,4,7,51,0,0,1,1
104,6,8,1,IN_PROGRESS,0,0,5,8,0,0,0,0,0
104,7,9,1,IN_PROGRESS,0,0,4,8,0,0,0,0,0
104,8,10,1,IN_PROGRESS,0,10,4,8,93,0,0,1,1
104,9,2,1,IN_PROGRESS,0,9,4,5,73,0,0,1,1
104,10,11,8,IN_PROGRESS,1,0,1,1,0,0,0,0,0
104,11,13,1,IN_PROGRESS,0,0,4,6,0,0,0,0,0
104,12,14,1,IN_PROGRESS,0,9,3,5,93,0,0,1,1
104,13,15,1,IN_PROGRESS,0,11,3,6,93,0,0,1,1
104,14,16,5,IN_PROGRESS,1,9,2,5,85,0,0,1,1
104,15,7,1,IN_PROGRESS,0,10,6,8,55,0,0,1,1
104,16,16,1,IN_PROGRESS,0,11,3,7,93,0,0,1,1
104,17,17,5,IN_PROGRESS,1,16,2,4,85,0,0,1,1
104,18,17,4,IN_PROGRESS,0,15,2,5,59,0,0,1,1
104,19,21,1,IN_PROGRESS,0,0,1,3,0,0,0,0,0
104,20,21,5,IN_PROGRESS,1,0,0,5,0,0,0,0,0
104,21,22,1,IN_PROGRESS,0,16,1,2,87,0,0,1,1
104,22,8,15,IN_PROGRESS,0,7,7,7,85,0,0,1,1
104,23,4,8,IN_PROGRESS,0,15,2,2,82,0,0,1,1
104,24,3,8,IN_PROGRESS,0,1,2,2,82,0,0,1,1
104,25,7,14,IN_PROGRESS,0,10,6,7,67,0,0,1,1
104,26,7,15,IN_PROGRESS,0,8,7,7,73,0,0,1,1
104,27,7,16,IN_PROGRESS,0,6,7,7,76,0,0,1,1
104,28,9,15,IN_PROGRESS,1,7,6,8,71,0,0,1,1
104,29,9,16,IN_PROGRESS,1,22,6,8,77,0,0,1,1
104,30,8,16,IN_PROGRESS,0,3,7,7,83,0,0,1,1
104,31,7,17,IN_PROGRESS,1,5,6,7,75,0,0,1,1
104,32,12,8,IN_PROGRESS,0,2,1,1,85,0,0,1,1
104,33,14,16,IN_PROGRESS,1,13,1,2,90,0,0,1,1
104,34,14,15,IN_PROGRESS,1,0,1,3,0,0,0,0,0
104,35,15,22,IN_PROGRESS,0,0,2,4,0,0,0,0,0
104,36,16,22,IN_PROGRESS,0,0,3,4,0,0,0,0,0
104,37,19,15,IN_PROGRESS,1,0,2,3,0,0,0,0,0
104,38,18,22,IN_PROGRESS,0,0,4,5,0,0,0,0,0
104,39,19,22,IN_PROGRESS,0,6,3,5,93,0,0,1,1
104,40,20,22,IN_PROGRESS,0,11,3,5,93,0,0,1,1
104,41,21,15,IN_PROGRESS,1,0,2,2,0,0,0,0,0
104,42,20,15,IN_PROGRESS,1,21,2,2,88,0,0,1,1
104,43,23,22,IN_PROGRESS,0,0,1,3,0,0,0,0,0
105,0,5,8,IN_PROGRESS,1,0,2,2,0,0,0,0,0
105,1,3,1,IN_PROGRESS,0,0,4,7,0,0,0,0,0
105,2,4,1,IN_PROGRESS,0,6,5,8,94,0,0,1,1
105,3,5,1,IN_PROGRESS,0,8,6,9,94,0,0,1,1
105,4,1,1,IN_PROGRESS,0,5,3,4,72,0,0,1,1
105,5,7,2,IN_PROGRESS,0,1,4,7,52,0,0,1,1
105,6,8,1,IN_PROGRESS,0,0,5,8,0,0,0,0,0
105,7,9,1,IN_PROGRESS,0,0,4,8,0,0,0,0,0
105,8,10,1,IN_PROGRESS,0,10,4,8,94,0,0,1,1
105,9,2,1,IN_PROGRESS,0,9,4,5,74,0,0,1,1
105,10,11,8,IN_PROGRESS,1,0,1,1,0,0,0,0,0
105,11,13,1,IN_PROGRESS,0,0,4,6,0,0,0,0,0
105,12,14,1,IN_PROGRESS,0,9,3,5,94,0,0,1,1
105,13,15,1,IN_PROGRESS,0,11,3,6,94,0,0,1,1
105,14,16,5,IN_PROGRESS,1,9,2,5,86,0,0,1,1
105,15,7,1,IN_PROGRESS,0,10,6,8,56,0,0,1,1
105,16,16,1,IN_PROGRESS,0,11,3,7,94,0,0,1,1
105,17,17,5,IN_PROGRESS,1,16,2,4,86,0,0,1,1
105,18,17,4,IN_PROGRESS,0,15,2,5,60,0,0,1,1
105,19,21,1,IN_PROGRESS,0,0,1,3,0,0,0,0,0
105,20,21,5,IN_PROGRESS,1,0,0,5,0,0,0,0,0
105,21,22,1,IN_PROGRESS,0,16,1,2,88,0,0,1,1
105,22,8,15,IN_PROGRESS,0,7,7,7,86,0,0,1,1
105,23,4,8,IN_PROGRESS,0,15,2,2,83,0,0,1,1
105,24,3,8,IN_PROGRESS,0,1,2,2,83,0,0,1,1
105,25,7,14,IN_PROGRESS,0,10,6,7,68,0,0,1,1
105,26,7,15,IN_PROGRESS,0,8,7,7,74,0,0,1,1
105,27,7,16,IN_PROGRESS,0,6,7,7,77,0,0,1,1
105,28,9,15,IN_PROGRESS,1,7,6,8,72,0,0,1,1
105,29,9,16,IN_PROGRESS,1,22,6,8,78,0,0,1,1
105,30,8,16,IN_PROGRESS,0,3,7,7,84,0,0,1,1
105,31,7,17,IN_PROGRESS,1,5,6,7,76,0,0,1,1
105,32,12,8,IN_PROGRESS,0,2,1,1,86,0,0,1,1
105,33,14,16,IN_PROGRESS,1,13,1,2,91,0,0,1,1
105,34,14,15,IN_PROGRESS,1,0,1,3,0,0,0,0,0
105,35,15,22,IN_PROGRESS,0,0,2,4,0,0,0,0,0
105,36,16,22,IN_PROGRESS,0,0,3,4,0,0,0,0,0
105,37,19,15,IN_PROGRESS,1,0,2,3,0,0,0,0,0
105,38,18,22,IN_PROGRESS,0,0,4,5,0,0,0,0,0
105,39,19,22,IN_PROGRESS,0,6,3,5,94,0,0,1,1
105,40,20,22,IN_PROGRESS,0,11,3,5,94,0,0,1,1
105,41,21,15,IN_PROGRESS,1,0,2,2,0,0,0,0,0
105,42,20,15,IN_PROGRESS,1,21,2,2,89,0,0,1,1
105,43,23,22,IN_PROGRESS,0,0,1,3,0,0,0,0,0
106,0,5,8,IN_PROGRESS,1,0,2,2,0,0,0,0,0
106,1,3,1,IN_PROGRESS,0,0,4,7,0,0,0,0,0
106,2,4,1,IN_PROGRESS,0,6,5,8,95,0,0,1,1
106,3,5,1,IN_PROGRESS,0,8,6,9,95,0,0,1,1
106,4,1,1,IN_PROGRESS,0,5,3,4,73,0,0,1,1
106,5,7,2,IN_PROGRESS,0,1,4,7,53,0,0,1,1
106,6,8,1,IN_PROGRESS,0,0,5,8,0,0,0,0,0
106,7,9,1,IN_PROGRESS,0,0,4,8,0,0,0,0,0
106,8,10,1,IN_PROGRESS,0,10,4,8,95,0,0,1,1
106,9,2,1,IN_PROGRESS,0,9,4,5,75,0,0,1,1
106,10,11,8,IN_PROGRESS,1,0,1,1,0,0,0,0,0
106,11,13,1,IN_PROGRESS,0,0,4,6,0,0,0,0,0
106,12,14,1,IN_PROGRESS,0,9,3,5,95,0,0,1,1
106,13,15,1,IN_PROGRESS,0,11,3,6,95,0,0,1,1
106,14,16,5,IN_PROGRESS,1,9,2,5,87,0,0,1,1
106,15,7,1,IN_PROGRESS,0,10,6,8,57,0,0,1,1
106,16,16,1,IN_PROGRESS,0,11,3,7,95,0,0,1,1
106,17,17,5,IN_PROGRESS,1,16,2,4,87,0,0,1,1
106,18,17,4,IN_PROGRESS,0,15,2,5,61,0,0,1,1
106,19,21,1,IN_PROGRESS,0,0,1,3,0,0,0,0,0
106,20,21,5,IN_PROGRESS,1,0,0,5,0,0,0,0,0
106,21,22,1,IN_PROGRESS,0,16,1,2,89,0,0,1,1
106,22,8,15,IN_PROGRESS,0,7,7,7,87,0,0,1,1
106,23,4,8,IN_PROGRESS,0,15,2,2,84,0,0,1,1
106,24,3,8,IN_PROGRESS,0,1,2,2,84,0,0,1,1
106,25,7,14,IN_PROGRESS,0,10,6,7,69,0,0,1,1
106,26,7,15,IN_PROGRESS,0,8,7,7,75,0,0,1,1
106,27,7,16,IN_PROGRESS,0,6,7,7,78,0,0,1,1
106,28,9,15,IN_PROGRESS,1,7,6,8,73,0,0,1,1
106,29,9,16,IN_PROGRESS,1,22,6,8,79,0,0,1,1
106,30,8,16,IN_PROGRESS,0,3,7,7,85,0,0,1,1
106,31,7,17,IN_PROGRESS,1,5,6,7,77,0,0,1,1
106,32,12,8,IN_PROGRESS,0,2,1,1,87,0,0,1,1
106,33,14,16,IN_PROGRESS,1,13,1,2,92,0,0,1,1
106,34,14,15,IN_PROGRESS,1,0,1,3,0,0,0,0,0
106,35,15,22,IN_PROGRESS,0,0,2,4,0,0,0,0,0
106,36,16,22,IN_PROGRESS,0,0,3,4,0,0,0,0,0
106,37,19,15,IN_PROGRESS,1,0,2,3,0,0,0,0,0
106,38,18,22,IN_PROGRESS,0,0,4,5,0,0,0,0,0
106,39,19,22,IN_PROGRESS,0,6,3,5,95,0,0,1,1
106,40,20,22,IN_PROGRESS,0,11,3,5,95,0,0,1,1
106,41,21,15,IN_PROGRESS,1,0,2,2,0,0,0,0,0
106,42,20,15,IN_PROGRESS,1,21,2,2,90,0,0,1,1
106,43,23,22,IN_PROGRESS,0,0,1,3,0,0,0,0,0
107,0,5,8,IN_PROGRESS,1,0,2,2,0,0,0,0,0
107,1,3,1,IN_PROGRESS,0,0,4,7,0,0,0,0,0
107,2,4,1,IN_PROGRESS,0,6,5,8,96,0,0,1,1
107,3,5,1,IN_PROGRESS,0,8,6,9,96,0,0,1,1
107,4,1,1,IN_PROGRESS,0,5,3,4,74,0,0,1,1
107,5,7,2,IN_PROGRESS,0,1,4,7,54,0,0,1,1
107,6,8,1,IN_PROGRESS,0,0,5,8,0,0,0,0,0
107,7,9,1,IN_PROGRESS,0,0,4,8,0,0,0,0,0
107,8,10,1,IN_PROGRESS,0,10,4,8,96,0,0,1,1
107,9,2,1,IN_PROGRESS,0,10,4,5,76,0,0,1,1
107,10,11,8,IN_PROGRESS,1,0,1,1,0,0,0,0,0
107,11,13,1,IN_PROGRESS,0,0,4,6,0,0,0,0,0
107,12,14,1,IN_PROGRESS,0,9,3,5,96,0,0,1,1
107,13,15,1,IN_PROGRESS,0,11,3,6,96,0,0,1,1
107,14,16,5,IN_PROGRESS,1,9,2,5,88,0,0,1,1
107,15,7,1,IN_PROGRESS,0,10,6,8,58,0,0,1,1
107,16,16,1,IN_PROGRESS,0,11,3,7,96,0,0,1,1
107,17,17,5,IN_PROGRESS,1,16,2,4,88,0,0,1,1
107,18,17,4,IN_PROGRESS,0,15,2,5,62,0,0,1,1
107,19,21,1,IN_PROGRESS,0,0,1,3,0,0,0,0,0
107,20,21,5,IN_PROGRESS,1,0,0,5,0,0,0,0,0
107,21,22,1,IN_PROGRESS,0,16,1,2,90,0,0,1,1
107,22,8,15,IN_PROGRESS,0,7,7,7,88,0,0,1,1
107,23,4,8,IN_PROGRESS,0,15,2,2,85,0,0,1,1
107,24,3,8,IN_PROGRESS,0,1,2,2,85,0,0,1,1
107,25,7,14,IN_PROGRESS,0,10,6,7,70,0,0,1,1
107,26,7,15,IN_PROGRESS,0,8,7,7,76,0,0,1,1
107,27,7,16,IN_PROGRESS,0,6,7,7,79,0,0,1,1
107,28,9,15,IN_PROGRESS,1,7,6,8,74,0,0,1,1
107,29,9,16,IN_PROGRESS,1,22,6,8,80,0,0,1,1
107,30,8,16,IN_PROGRESS,0,3,7,7,86,0,0,1,1
107,31,7,17,IN_PROGRESS,1,5,6,7,78,0,0,1,1
107,32,12,8,IN_PROGRESS,0,2,1,1,88,0,0,1,1
107,33,14,16,IN_PROGRESS,1,13,1,2,93,0,0,1,1
107,34,14,15,IN_PROGRESS,1,0,1,3,0,0,0,0,0
107,35,15,22,IN_PROGRESS,0,0,2,4,0,0,0,0,0
107,36,16,22,IN_PROGRESS,0,0,3,4,0,0,0,0,0
107,37,19,15,IN_PROGRESS,1,0,2,3,0,0,0,0,0
107,38,18,22,IN_PROGRESS,0,0,4,5,0,0,0,0,0
107,39,19,22,IN_PROGRESS,0,6,3,5,96,0,0,1,1
107,40,20,22,IN_PROGRESS,0,11,3,5,96,0,0,1,1
107,41,21,15,IN_PROGRESS,1,0,2,2,0,0,0,0,0
107,42,20,15,IN_PROGRESS,1,21,2,2,91,0,0,1,1
107,43,23,22,IN_PROGRESS,0,0,1,3,0,0,0,0,0
108,0,5,8,IN_PROGRESS,1,0,2,2,0,0,0,0,0
108,1,3,1,IN_PROGRESS,0,0,4,7,0,0,0,0,0
108,2,4,1,IN_PROGRESS,0,6,5,8,97,0,0,1,1
108,3,5,1,IN_PROGRESS,0,8,6,9,97,0,0,1,1
108,4,1,1,IN_PROGRESS,0,5,3,4,75,0,0,1,1
108,5,7,2,IN_PROGRESS,0,1,4,7,55,0,0,1,1
108,6,8,1,IN_PROGRESS,0,0,5,8,0,0,0,0,0
108,7,9,1,IN_PROGRESS,0,0,4,8,0,0,0,0,0
108,8,10,1,IN_PROGRESS,0,10,4,8,97,0,0,1,1
108,9,2,1,IN_PROGRESS,0,9,4,5,77,0,0,1,1
108,10,11,8,IN_PROGRESS,1,0,1,1,0,0,0,0,0
108,11,13,1,IN_PROGRESS,0,0,4,6,0,0,0,0,0
108,12,14,1,IN_PROGRESS,0,9,3,5,97,0,0,1,1
108,13,15,1,IN_PROGRESS,0,11,3,6,97,0,0,1,1
108,14,16,5,IN_PROGRESS,1,9,2,5,89,0,0,1,1
108,15,7,1,IN_PROGRESS,0,10,6,8,59,0,0,1,1
108,16,16,1,IN_PROGRESS,0,11,3,7,97,0,0,1,1
108,17,17,5,IN_PROGRESS,1,16,2,4,89,0,0,1,1
108,18,17,4,IN_PROGRESS,0,15,2,5,63,0,0,1,1
108,19,21,1,IN_PROGRESS,0,0,1,3,0,0,0,0,0
108,20,21,5,IN_PROGRESS,1,0,0,5,0,0,0,0,0
108,21,22,1,IN_PROGRESS,0,16,1,2,91,0,0,1,1
108,22,8,15,IN_PROGRESS,0,7,7,7,89,0,0,1,1
108,23,4,8,IN_PROGRESS,0,15,2,2,86,0,0,1,1
108,24,3,8,IN_PROGRESS,0,1,2,2,86,0,0,1,1
108,25,7,14,IN_PROGRESS,0,10,6,7,71,0,0,1,1
108,26,7,15,IN_PROGRESS,0,8,7,7,77,0,0,1,1
108,27,7,16,IN_PROGRESS,0,6,7,7,80,0,0,1,1
108,28,9,15,IN_PROGRESS,1,7,6,8,75,0,0,1,1
108,29,9,16,IN_PROGRESS,1,22,6,8,81,0,0,1,1
108,30,8,16,IN_PROGRESS,0,3,7,7,87,0,0,1,1
108,31,7,17,IN_PROGRESS,1,5,6,7,79,0,0,1,1
108,32,12,8,IN_PROGRESS,0,2,1,1,89,0,0,1,1
108,33,14,16,IN_PROGRESS,1,13,1,2,94,0,0,1,1
108,34,14,15,IN_PROGRESS,1,0,1,3,0,0,0,0,0
108,35,15,22,IN_PROGRESS,0,0,2,4,0,0,0,0,0
108,36,16,22,IN_PROGRESS,0,0,3,4,0,0,0,0,0
108,37,19,15,IN_PROGRESS,1,0,2,3,0,0,0,0,0
108,38,18,22,IN_PROGRESS,0,0,4,5,0,0,0,0,0
108,39,19,22,IN_PROGRESS,0,6,3,5,97,0,0,1,1
108,40,20,22,IN_PROGRESS,0,11,3,5,97,0,0,1,1
108,41,21,15,IN_PROGRESS,1,0,2,2,0,0,0,0,0
108,42,20,15,IN_PROGRESS,1,21,2,2,92,0,0,1,1
108,43,23,22,IN_PROGRESS,0,0,1,3,0,0,0,0,0
109,0,5,8,IN_PROGRESS,1,0,2,2,0,0,0,0,0
109,1,3,1,IN_PROGRESS,0,0,4,7,0,0,0,0,0
109,2,4,1,IN_PROGRESS,0,6,5,8,98,0,0,1,1
109,3,5,1,IN_PROGRESS,0,8,6,9,98,0,0,1,1
109,4,1,1,IN_PROGRESS,0,5,3,4,76,0,0,1,1
109,5,7,2,IN_PROGRESS,0,1,4,7,56,0,0,1,1
109,6,8,1,IN_PROGRESS,0,0,5,8,0,0,0,0,0
109,7,9,1,IN_PROGRESS,0,0,4,8,0,0,0,0,0
109,8,10,1,IN_PROGRESS,0,10,4,8,98,0,0,1,1
109,9,2,1,IN_PROGRESS,0,9,4,5,78,0,0,1,1
109,10,11,8,IN_PROGRESS,1,0,1,1,0,0,0,0,0
109,11,13,1,IN_PROGRESS,0,0,4,6,0,0,0,0,0
109,12,14,1,IN_PROGRESS,0,9,3,5,98,0,0,1,1
109,13,15,1,IN_PROGRESS,0,11,3,6,98,0,0,1,1
109,14,16,5,IN_PROGRESS,1,9,2,5,90,0,0,1,1
109,15,7,1,IN_PROGRESS,0,10,6,8,60,0,0,1,1
109,16,16,1,IN_PROGRESS,0,11,3,7,98,0,0,1,1
109,17,17,5,IN_PROGRESS,1,16,2,4,90,0,0,1,1
109,18,17,4,IN_PROGRESS,0,15,2,5,64,0,0,1,1
109,19,21,1,IN_PROGRESS,0,0,1,3,0,0,0,0,0
109,20,21,5,IN_PROGRESS,1,0,0,5,0,0,0,0,0
109,21,22,1,IN_PROGRESS,0,16,1,2,92,0,0,1,1
109,22,8,15,IN_PROGRESS,0,7,7,7,90,0,0,1,1
109,23,4,8,IN_PROGRESS,0,15,2,2,87,0,0,1,1
109,24,3,8,IN_PROGRESS,0,1,2,2,87,0,0,1,1
109,25,7,14,IN_PROGRESS,0,10,6,7,72,0,0,1,1
109,26,7,15,IN_PROGRESS,0,8,7,7,78,0,0,1,1
109,27,7,16,IN_PROGRESS,0,6,7,7,81,0,0,1,1
109,28,9,15,IN_PROGRESS,1,7,6,8,76,0,0,1,1
109,29,9,16,IN_PROGRESS,1,22,6,8,82,0,0,1,1
109,30,8,16,IN_PROGRESS,0,3,7,7,88,0,0,1,1
109,31,7,17,IN_PROGRESS,1,5,6,7,80,0,0,1,1
109,32,12,8,IN_PROGRESS,0,2,1,1,90,0,0,1,1
109,33,14,16,IN_PROGRESS,1,13,1,2,95,0,0,1,1
109,34,14,15,IN_PROGRESS,1,0,1,3,0,0,0,0,0
109,35,15,22,IN_PROGRESS,0,0,2,4,0,0,0,0,0
109,36,16,22,IN_PROGRESS,0,0,3,4,0,0,0,0,0
109,37,19,15,IN_PROGRESS,1,0,2,3,0,0,0,0,0
109,38,18,22,IN_PROGRESS,0,0,4,5,0,0,0,0,0
109,39,19,22,IN_PROGRESS,0,6,3,5,98,0,0,1,1
109,40,20,22,IN_PROGRESS,0,11,3,5,98,0,0,1,1
109,41,21,15,IN_PROGRESS,1,0,2,2,0,0,0,0,0
109,42,20,15,IN_PROGRESS,1,21,2,2,93,0,0,1,1
109,43,23,22,IN_PROGRESS,0,0,1,3,0,0,0,0,0
110,0,5,8,IN_PROGRESS,1,0,2,2,0,0,0,0,0
110,1,3,1,IN_PROGRESS,0,0,4,7,0,0,0,0,0
110,2,4,1,IN_PROGRESS,0,6,5,8,99,0,0,1,1
110,3,5,1,IN_PROGRESS,0,8,6,9,99,0,0,1,1
110,4,1,1,IN_PROGRESS,0,5,3,4,77,0,0,1,1
110,5,7,2,IN_PROGRESS,0,1,4,7,57,0,0,1,1
110,6,8,1,IN_PROGRESS,0,0,5,8,0,0,0,0,0
110,7,9,1,IN_PROGRESS,0,0,4,8,0,0,0,0,0
110,8,10,1,IN_PROGRESS,0,10,4,8,99,0,0,1,1
110,9,2,1,IN_PROGRESS,0,9,4,5,79,0,0,1,1
110,10,11,8,IN_PROGRESS,1,0,1,1,0,0,0,0,0
110,11,13,1,IN_PROGRESS,0,0,4,6,0,0,0,0,0
110,12,14,1,IN_PROGRESS,0,9,3,5,99,0,0,1,1
110,13,15,1,IN_PROGRESS,0,11,3,6,99,0,0,1,1
110,14,16,5,IN_PROGRESS,1,9,2,5,91,0,0,1,1
110,15,7,1,IN_PROGRESS,0,10,6,8,61,0,0,1,1
110,16,16,1,IN_PROGRESS,0,11,3,7,99,0,0,1,1
110,17,17,5,IN_PROGRESS,1,16,2,4,91,0,0,1,1
110,18,17,4,IN_PROGRESS,0,15,2,5,65,0,0,1,1
110,19,21,1,IN_PROGRESS,0,0,1,3,0,0,0,0,0
110,20,21,5,IN_PROGRESS,1,0,0,5,0,0,0,0,0
110,21,22,1,IN_PROGRESS,0,16,1,2,93,0,0,1,1
110,22,8,15,IN_PROGRESS,0,7,7,7,91,0,0,1,1
110,23,4,8,IN_PROGRESS,0,15,2,2,88,0,0,1,1
110,24,3,8,IN_PROGRESS,0,1,2,2,88,0,0,1,1
110,25,7,14,IN_PROGRESS,0,10,6,7,73,0,0,1,1
110,26,7,15,IN_PROGRESS,0,8,7,7,79,0,0,1,1
110,27,7,16,IN_PROGRESS,0,6,7,7,82,0,0,1,1
110,28,9,15,IN_PROGRESS,1,7,6,8,77,0,0,1,1
110,29,9,16,IN_PROGRESS,1,22,6,8,83,0,0,1,1
110,30,8,16,IN_PROGRESS,0,3,7,7,89,0,0,1,1
110,31,7,17,IN_PROGRESS,1,5,6,7,81,0,0,1,1
110,32,12,8,IN_PROGRESS,0,2,1,1,91,0,0,1,1
110,33,14,16,IN_PROGRESS,1,13,1,2,96,0,0,1,1
110,34,14,15,IN_PROGRESS,1,0,1,3,0,0,0,0,0
110,35,15,22,IN_PROGRESS,0,0,2,4,0,0,0,0,0
110,36,16,22,IN_PROGRESS,0,0,3,4,0,0,0,0,0
110,37,19,15,IN_PROGRESS,1,0,2,3,0,0,0,0,0
110,38,18,22,IN_PROGRESS,0,0,4,5,0,0,0,0,0
110,39,19,22,IN_PROGRESS,0,6,3,5,99,0,0,1,1
110,40,20,22,IN_PROGRESS,0,11,3,5,99,0,0,1,1
110,41,21,15,IN_PROGRESS,1,0,2,2,0,0,0,0,0
110,42,20,15,IN_PROGRESS,1,21,2,2,94,0,0,1,1
110,43,23,22,IN_PROGRESS,0,0,1,3,0,0,0,0,0
111,0,5,8,IN_PROGRESS,1,0,2,2,0,0,0,0,0
111,1,3,1,IN_PROGRESS,0,0,4,7,0,0,0,0,0
111,2,4,1,IN_PROGRESS,0,6,5,8,100,0,0,1,1
111,3,5,1,IN_PROGRESS,0,8,6,9,100,0,0,1,1
111,4,1,1,IN_PROGRESS,0,5,3,4,78,0,0,1,1
111,5,7,2,IN_PROGRESS,0,1,4,7,58,0,0,1,1
111,6,8,1,IN_PROGRESS,0,0,5,8,0,0,0,0,0
111,7,9,1,IN_PROGRESS,0,0,4,8,0,0,0,0,0
111,8,10,1,IN_PROGRESS,0,10,4,8,100,0,0,1,1
111,9,2,1,IN_PROGRESS,0,9,4,5,80,0,0,1,1
111,10,11,8,IN_PROGRESS,1,0,1,1,0,0,0,0,0
111,11,13,1,IN_PROGRESS,0,0,4,6,0,0,0,0,0
111,12,14,1,IN_PROGRESS,0,9,3,5,100,0,0,1,1
111,13,15,1,IN_PROGRESS,0,11,3,6,100,0,0,1,1
111,14,16,5,IN_PROGRESS,1,9,2,5,92,0,0,1,1
111,15,7,1,IN_PROGRESS,0,10,6,8,62,0,0,1,1
111,16,16,1,IN_PROGRESS,0,11,3,7,100,0,0,1,1
111,17,17,5,IN_PROGRESS,1,16,2,4,92,0,0,1,1
111,18,17,4,IN_PROGRESS,0,15,2,5,66,0,0,1,1
111,19,21,1,IN_PROGRESS,0,0,1,3,0,0,0,0,0
111,20,21,5,IN_PROGRESS,1,0,0,5,0,0,0,0,0
111,21,22,1,IN_PROGRESS,0,16,1,2,94,0,0,1,1
111,22,8,15,IN_PROGRESS,0,7,7,7,92,0,0,1,1
111,23,4,8,IN_PROGRESS,0,15,2,2,89,0,0,1,1
111,24,3,8,IN_PROGRESS,0,1,2,2,89,0,0,1,1
111,25,7,14,IN_PROGRESS,0,10,6,7,74,0,0,1,1
111,26,7,15,IN_PROGRESS,0,8,7,7,80,0,0,1,1
111,27,7,16,IN_PROGRESS,0,6,7,7,83,0,0,1,1
111,28,9,15,IN_PROGRESS,1,7,6,8,78,0,0,1,1
111,29,9,16,IN_PROGRESS,1,22,6,8,84,0,0,1,1
111,30,8,16,IN_PROGRESS,0,3,7,7,90,0,0,1,1
111,31,7,17,IN_PROGRESS,1,5,6,7,82,0,0,1,1
111,32,12,8,IN_PROGRESS,0,2,1,1,92,0,0,1,1
111,33,14,16,IN_PROGRESS,1,13,1,2,97,0,0,1,1
111,34,14,15,IN_PROGRESS,1,0,1,3,0,0,0,0,0
111,35,15,22,IN_PROGRESS,0,0,2,4,0,0,0,0,0
111,36,16,22,IN_PROGRESS,0,0,3,4,0,0,0,0,0
111,37,19,15,IN_PROGRESS,1,0,2,3,0,0,0,0,0
111,38,18,22,IN_PROGRESS,0,0,4,5,0,0,0,0,0
111,39,19,22,IN_PROGRESS,0,6,3,5,100,0,0,1,1
111,40,20,22,IN_PROGRESS,0,11,3,5,100,0,0,1,1
111,41,21,15,IN_PROGRESS,1,0,2,2,0,0,0,0,0
111,42,20,15,IN_PROGRESS,1,21,2,2,95,0,0,1,1
111,43,23,22,IN_PROGRESS,0,0,1,3,0,0,0,0,0
112,0,5,8,IN_PROGRESS,1,0,2,2,0,0,0,0,0
112,1,3,1,IN_PROGRESS,0,0,4,7,0,0,0,0,0
112,2,4,1,IN_PROGRESS,0,6,5,8,101,0,0,1,1
112,3,5,1,IN_PROGRESS,0,8,6,9,101,0,0,1,1
112,4,1,1,IN_PROGRESS,0,5,3,4,79,0,0,1,1
112,5,7,2,IN_PROGRESS,0,1,4,7,59,0,0,1,1
112,6,8,1,IN_PROGRESS,0,0,5,8,0,0,0,0,0
112,7,9,1,IN_PROGRESS,0,0,4,8,0,0,0,0,0
112,8,10,1,IN_PROGRESS,0,10,4,8,101,0,0,1,1
112,9,2,1,IN_PROGRESS,0,9,4,5,81,0,0,1,1
112,10,11,8,IN_PROGRESS,1,0,1,1,0,0,0,0,0
112,11,13,1,IN_PROGRESS,0,0,4,6,0,0,0,0,0
112,12,14,1,IN_PROGRESS,0,9,3,5,101,0,0,1,1
112,13,15,1,IN_PROGRESS,0,11,3,6,101,0,0,1,1
112,14,16,5,IN_PROGRESS,1,9,2,5,93,0,0,1,1
112,15,7,1,IN_PROGRESS,0,10,6,8,63,0,0,1,1
112,16,16,1,IN_PROGRESS,0,11,3,7,101,0,0,1,1
112,17,17,5,IN_PROGRESS,1,16,2,4,93,0,0,1,1
112,18,17,4,IN_PROGRESS,0,15,2,5,67,0,0,1,1
112,19,21,1,IN_PROGRESS,0,0,1,3,0,0,0,0,0
112,20,21,5,IN_PROGRESS,1,0,0,5,0,0,0,0,0
112,21,22,1,IN_PROGRESS,0,16,1,2,95,0,0,1,1
112,22,8,15,IN_PROGRESS,0,7,7,7,93,0,0,1,1
112,23,4,8,IN_PROGRESS,0,15,2,2,90,0,0,1,1
112,24,3,8,IN_PROGRESS,0,1,2,2,90,0,0,1,1
112,25,7,14,IN_PROGRESS,0,10,6,7,75,0,0,1,1
112,26,7,15,IN_PROGRESS,0,8,7,7,81,0,0,1,1
112,27,7,16,IN_PROGRESS,0,6,7,7,84,0,0,1,1
112,28,9,15,IN_PROGRESS,1,7,6,8,79,0,0,1,1
112,29,9,16,IN_PROGRESS,1,22,6,8,85,0,0,1,1
112,30,8,16,IN_PROGRESS,0,3,7,7,91,0,0,1,1
112,31,7,17,IN_PROGRESS,1,5,6,7,83,0,0,1,1
112,32,12,8,IN_PROGRESS,0,2,1,1,93,0,0,1,1
112,33,14,16,IN_PROGRESS,1,13,1,2,98,0,0,1,1
112,34,14,15,IN_PROGRESS,1,0,1,3,0,0,0,0,0
112,35,15,22,IN_PROGRESS,0,0,2,4,0,0,0,0,0
112,36,16,22,IN_PROGRESS,0,0,3,4,0,0,0,0,0
112,37,19,15,IN_PROGRESS,1,0,2,3,0,0,0,0,0
112,38,18,22,IN_PROGRESS,0,0,4,5,0,0,0,0,0
112,39,19,22,IN_PROGRESS,0,6,3,5,101,0,0,1,1
112,40,20,22,IN_PROGRESS,0,11,3,5,101,0,0,1,1
112,41,21,15,IN_PROGRESS,1,0,2,2,0,0,0,0,0
112,42,20,15,IN_PROGRESS,1,21,2,2,96,0,0,1,1
112,43,23,22,IN_PROGRESS,0,0,1,3,0,0,0,0,0
113,0,5,8,IN_PROGRESS,1,0,2,2,0,0,0,0,0
113,1,3,1,IN_PROGRESS,0,0,4,7,0,0,0,0,0
113,2,4,1,IN_PROGRESS,0,6,5,8,102,0,0,1,1
113,3,5,1,IN_PROGRESS,0,8,6,9,102,0,0,1,1
113,4,1,1,IN_PROGRESS,0,5,3,4,80,0,0,1,1
113,5,7,2,IN_PROGRESS,0,1,4,7,60,0,0,1,1
113,6,8,1,IN_PROGRESS,0,0,5,8,0,0,0,0,0
113,7,9,1,IN_PROGRESS,0,0,4,8,0,0,0,0,0
113,8,10,1,IN_PROGRESS,0,10,4,8,102,0,0,1,1
113,9,2,1,IN_PROGRESS,0,9,4,5,82,0,0,1,1
113,10,11,8,IN_PROGRESS,1,0,1,1,0,0,0,0,0
113,11,13,1,IN_PROGRESS,0,0,4,6,0,0,0,0,0
113,12,14,1,IN_PROGRESS,0,9,3,5,102,0,0,1,1
113,13,15,1,IN_PROGRESS,0,11,3,6,102,0,0,1,1
113,14,16,5,IN_PROGRESS,1,9,2,5,94,0,0,1,1
113,15,7,1,IN_PROGRESS,0,10,6,8,64,0,0,1,1
113,16,16,1,IN_PROGRESS,0,11,3,7,102,0,0,1,1
113,17,17,5,IN_PROGRESS,1,16,2,4,94,0,0,1,1
113,18,17,4,IN_PROGRESS,0,15,2,5,68,0,0,1,1
113,19,21,1,IN_PROGRESS,0,0,1,3,0,0,0,0,0
113,20,21,5,IN_PROGRESS,1,0,0,5,0,0,0,0,0
113,21,22,1,IN_PROGRESS,0,16,1,2,96,0,0,1,1
113,22,8,15,IN_PROGRESS,0,7,7,7,94,0,0,1,1
113,23,4,8,IN_PROGRESS,0,15,2,2,91,0,0,1,1
113,24,3,8,IN_PROGRESS,0,1,2,2,91,0,0,1,1
113,25,7,14,IN_PROGRESS,0,10,6,7,76,0,0,1,1
113,26,7,15,IN_PROGRESS,0,8,7,7,82,0,0,1,1
113,27,7,16,IN_PROGRESS,0,6,7,7,85,0,0,1,1
113,28,9,15,IN_PROGRESS,1,7,6,8,80,0,0,1,1
113,29,9,16,IN_PROGRESS,1,22,6,8,86,0,0,1,1
113,30,8,16,IN_PROGRESS,0,3,7,7,92,0,0,1,1
113,31,7,17,IN_PROGRESS,1,5,6,7,84,0,0,1,1
113,32,12,8,IN_PROGRESS,0,2,1,1,94,0,0,1,1
113,33,14,16,IN_PROGRESS,1,13,1,2,99,0,0,1,1
113,34,14,15,IN_PROGRESS,1,0,1,3,0,0,0,0,0
113,35,15,22,IN_PROGRESS,0,0,2,4,0,0,0,0,0
113,36,16,22,IN_PROGRESS,0,0,3,4,0,0,0,0,0
113,37,19,15,IN_PROGRESS,1,0,2,3,0,0,0,0,0
113,38,18,22,IN_PROGRESS,0,0,4,5,0,0,0,0,0
113,39,19,22,IN_PROGRESS,0,6,3,5,102,0,0,1,1
113,40,20,22,IN_PROGRESS,0,11,3,5,102,0,0,1,1
113,41,21,15,IN_PROGRESS,1,0,2,2,0,0,0,0,0
113,42,20,15,IN_PROGRESS,1,21,2,2,97,0,0,1,1
113,43,23,22,IN_PROGRESS,0,0,1,3,0,0,0,0,0
114,0,5,8,IN_PROGRESS,1,0,2,2,0,0,0,0,0
114,1,3,1,IN_PROGRESS,0,0,4,7,0,0,0,0,0
114,2,4,1,IN_PROGRESS,0,6,5,8,103,0,0,1,1
114,3,5,1,IN_PROGRESS,0,8,6,9,103,0,0,1,1
114,4,1,1,IN_PROGRESS,0,5,3,4,81,0,0,1,1
114,5,7,2,IN_PROGRESS,0,1,4,7,61,0,0,1,1
114,6,8,1,IN_PROGRESS,0,0,5,8,0,0,0,0,0
114,7,9,1,IN_PROGRESS,0,0,4,8,0,0,0,0,0
114,8,10,1,IN_PROGRESS,0,10,4,8,103,0,0,1,1
114,9,2,1,IN_PROGRESS,0,9,4,5,83,0,0,1,1
114,10,11,8,IN_PROGRESS,1,0,1,1,0,0,0,0,0
114,11,13,1,IN_PROGRESS,0,0,4,6,0,0,0,0,0
114,12,14,1,IN_PROGRESS,0,9,3,5,103,0,0,1,1
114,13,15,1,IN_PROGRESS,0,11,3,6,103,0,0,1,1
114,14,16,5,IN_PROGRESS,1,9,2,5,95,0,0,1,1
114,15,7,1,IN_PROGRESS,0,10,6,8,65,0,0,1,1
114,16,16,1,IN_PROGRESS,0,11,3,7,103,0,0,1,1
114,17,17,5,IN_PROGRESS,1,16,2,4,95,0,0,1,1
114,18,17,4,IN_PROGRESS,0,15,2,5,69,0,0,1,1
114,19,21,1,IN_PROGRESS,0,0,1,3,0,0,0,0,0
114,20,21,5,IN_PROGRESS,1,0,0,5,0,0,0,0,0
114,21,22,1,IN_PROGRESS,0,16,1,2,97,0,0,1,1
114,22,8,15,IN_PROGRESS,0,7,7,7,95,0,0,1,1
114,23,4,8,IN_PROGRESS,0,15,2,2,92,0,0,1,1
114,24,3,8,IN_PROGRESS,0,1,2,2,92,0,0,1,1
114,25,7,14,IN_PROGRESS,0,10,6,7,77,0,0,1,1
114,26,7,15,IN_PROGRESS,0,8,7,7,83,0,0,1,1
114,27,7,16,IN_PROGRESS,0,6,7,7,86,0,0,1,1
114,28,9,15,IN_PROGRESS,1,7,6,8,81,0,0,1,1
114,29,9,16,IN_PROGRESS,1,22,6,8,87,0,0,1,1
114,30,8,16,IN_PROGRESS,0,3,7,7,93,0,0,1,1
114,31,7,17,IN_PROGRESS,1,5,6,7,85,0,0,1,1
114,32,12,8,IN_PROGRESS,0,2,1,1,95,0,0,1,1
114,33,14,16,IN_PROGRESS,1,13,1,2,100,0,0,1,1
114,34,14,15,IN_PROGRESS,1,0,1,3,0,0,0,0,0
114,35,15,22,IN_PROGRESS,0,0,2,4,0,0,0,0,0
114,36,16,22,IN_PROGRESS,0,0,3,4,0,0,0,0,0
114,37,19,15,IN_PROGRESS,1,0,2,3,0,0,0,0,0
114,38,18,22,IN_PROGRESS,0,0,4,5,0,0,0,0,0
114,39,19,22,IN_PROGRESS,0,6,3,5,103,0,0,1,1
114,40,20,22,IN_PROGRESS,0,11,3,5,103,0,0,1,1
114,41,21,15,IN_PROGRESS,1,0,2,2,0,0,0,0,0
114,42,20,15,IN_PROGRESS,1,21,2,2,98,0,0,1,1
114,43,23,22,IN_PROGRESS,0,0,1,3,0,0,0,0,0
115,0,5,8,IN_PROGRESS,1,0,2,2,0,0,0,0,0
115,1,3,1,IN_PROGRESS,0,0,4,7,0,0,0,0,0
115,2,4,1,IN_PROGRESS,0,6,5,8,104,0,0,1,1
115,3,5,1,IN_PROGRESS,0,8,6,9,104,0,0,1,1
115,4,1,1,IN_PROGRESS,0,5,3,4,82,0,0,1,1
115,5,7,2,IN_PROGRESS,0,1,4,7,62,0,0,1,1
115,6,8,1,IN_PROGRESS,0,0,5,8,0,0,0,0,0
115,7,9,1,IN_PROGRESS,0,0,4,8,0,0,0,0,0
115,8,10,1,IN_PROGRESS,0,10,4,8,104,0,0,1,1
115,9,2,1,IN_PROGRESS,0,9,4,5,84,0,0,1,1
115,10,11,8,IN_PROGRESS,1,0,1,1,0,0,0,0,0
115,11,13,1,IN_PROGRESS,0,0,4,6,0,0,0,0,0
115,12,14,1,IN_PROGRESS,0,9,3,5,104,0,0,1,1
115,13,15,1,IN_PROGRESS,0,11,3,6,104,0,0,1,1
115,14,16,5,IN_PROGRESS,1,9,2,5,96,0,0,1,1
115,15,7,1,IN_PROGRESS,0,10,6,8,66,0,0,1,1
115,16,16,1,IN_PROGRESS,0,11,3,7,104,0,0,1,1
115,17,17,5,IN_PROGRESS,1,16,2,4,96,0,0,1,1
115,18,17,4,IN_PROGRESS,0,15,2,5,70,0,0,1,1
115,19,21,1,IN_PROGRESS,0,0,1,3,0,0,0,0,0
115,20,21,5,IN_PROGRESS,1,0,0,5,0,0,0,0,0
115,21,22,1,IN_PROGRESS,0,16,1,2,98,0,0,1,1
115,22,8,15,IN_PROGRESS,0,7,7,7,96,0,0,1,1
115,23,4,8,IN_PROGRESS,0,15,2,2,93,0,0,1,1
115,24,3,8,IN_PROGRESS,0,1,2,2,93,0,0,1,1
115,25,7,14,IN_PROGRESS,0,10,6,7,78,0,0,1,1
115,26,7,15,IN_PROGRESS,0,8,7,7,84,0,0,1,1
115,27,7,16,IN_PROGRESS,0,6,7,7,87,0,0,1,1
115,28,9,15,IN_PROGRESS,1,7,6,8,82,0,0,1,1
115,29,9,16,IN_PROGRESS,1,22,6,8,88,0,0,1,1
115,30,8,16,IN_PROGRESS,0,3,7,7,94,0,0,1,1
115,31,7,17,IN_PROGRESS,1,5,6,7,86,0,0,1,1
115,32,12,8,IN_PROGRESS,0,2,1,1,96,0,0,1,1
115,33,14,16,IN_PROGRESS,1,13,1,2,101,0,0,1,1
115,34,14,15,IN_PROGRESS,1,0,1,3,0,0,0,0,0
115,35,15,22,IN_PROGRESS,0,0,2,4,0,0,0,0,0
115,36,16,22,IN_PROGRESS,0,0,3,4,0,0,0,0,0
115,37,19,15,IN_PROGRESS,1,0,2,3,0,0,0,0,0
115,38,18,22,IN_PROGRESS,0,0,4,5,0,0,0,0,0
115,39,19,22,IN_PROGRESS,0,6,3,5,104,0,0,1,1
115,40,20,22,IN_PROGRESS,0,11,3,5,104,0,0,1,1
115,41,21,15,IN_PROGRESS,1,0,2,2,0,0,0,0,0
115,42,20,15,IN_PROGRESS,1,21,2,2,99,0,0,1,1
115,43,23,22,IN_PROGRESS,0,0,1,3,0,0,0,0,0
116,0,5,8,IN_PROGRESS,1,0,2,2,0,0,0,0,0
116,1,3,1,IN_PROGRESS,0,0,4,7,0,0,0,0,0
116,2,4,1,IN_PROGRESS,0,6,5,8,105,0,0,1,1
116,3,5,1,IN_PROGRESS,0,8,6,9,105,0,0,1,1
116,4,1,1,IN_PROGRESS,0,5,3,4,83,0,0,1,1
116,5,7,2,IN_PROGRESS,0,1,4,7,63,0,0,1,1
116,6,8,1,IN_PROGRESS,0,0,5,8,0,0,0,0,0
116,7,9,1,IN_PROGRESS,0,0,4,8,0,0,0,0,0
116,8,10,1,IN_PROGRESS,0,10,4,8,105,0,0,1,1
116,9,2,1,IN_PROGRESS,0,9,4,5,85,0,0,1,1
116,10,11,8,IN_PROGRESS,1,0,1,1,0,0,0,0,0
116,11,13,1,IN_PROGRESS,0,0,4,6,0,0,0,0,0
116,12,14,1,IN_PROGRESS,0,9,3,5,105,0,0,1,1
116,13,15,1,IN_PROGRESS,0,11,3,6,105,0,0,1,1
116,14,16,5,IN_PROGRESS,1,9,2,5,97,0,0,1,1
116,15,7,1,IN_PROGRESS,0,10,6,8,67,0,0,1,1
116,16,16,1,IN_PROGRESS,0,11,3,7,105,0,0,1,1
116,17,17,5,IN_PROGRESS,1,16,2,4,97,0,0,1,1
116,18,17,4,IN_PROGRESS,0,15,2,5,71,0,0,1,1
116,19,21,1,IN_PROGRESS,0,0,1,3,0,0,0,0,0
116,20,21,5,IN_PROGRESS,1,0,0,5,0,0,0,0,0
116,21,22,1,IN_PROGRESS,0,16,1,2,99,0,0,1,1
116,22,8,15,IN_PROGRESS,0,7,7,7,97,0,0,1,1
116,23,4,8,IN_PROGRESS,0,15,2,2,94,0,0,1,1
116,24,3,8,IN_PROGRESS,0,1,2,2,94,0,0,1,1
116,25,7,14,IN_PROGRESS,0,10,6,7,79,0,0,1,1
116,26,7,15,IN_PROGRESS,0,8,7,7,85,0,0,1,1
116,27,7,16,IN_PROGRESS,0,6,7,7,88,0,0,1,1
116,28,9,15,IN_PROGRESS,1,7,6,8,83,0,0,1,1
116,29,9,16,IN_PROGRESS,1,22,6,8,89,0,0,1,1
116,30,8,16,IN_PROGRESS,0,3,7,7,95,0,0,1,1
116,31,7,17,IN_PROGRESS,1,5,6,7,87,0,0,1,1
116,32,12,8,IN_PROGRESS,0,2,1,1,97,0,0,1,1
116,33,14,16,IN_PROGRESS,1,13,1,2,102,0,0,1,1
116,34,14,15,IN_PROGRESS,1,0,1,3,0,0,0,0,0
116,35,15,22,IN_PROGRESS,0,0,2,4,0,0,0,0,0
116,36,16,22,IN_PROGRESS,0,0,3,4,0,0,0,0,0
116,37,19,15,IN_PROGRESS,1,0,2,3,0,0,0,0,0
116,38,18,22,IN_PROGRESS,0,0,4,5,0,0,0,0,0
116,39,19,22,IN_PROGRESS,0,6,3,5,105,0,0,1,1
116,40,20,22,IN_PROGRESS,0,11,3,5,105,0,0,1,1
116,41,21,15,IN_PROGRESS,1,0,2,2,0,0,0,0,0
116,42,20,15,IN_PROGRESS,1,21,2,2,100,0,0,1,1
116,43,23,22,IN_PROGRESS,0,0,1,3,0,0,0,0,0
117,0,5,8,IN_PROGRESS,1,0,2,2,0,0,0,0,0
117,1,3,1,IN_PROGRESS,0,0,4,7,0,0,0,0,0
117,2,4,1,IN_PROGRESS,0,6,5,8,106,0,0,1,1
117,3,5,1,IN_PROGRESS,0,8,6,9,106,0,0,1,1
117,4,1,1,IN_PROGRESS,0,5,3,4,84,0,0,1,1
117,5,7,2,IN_PROGRESS,0,1,4,7,64,0,0,1,1
117,6,8,1,IN_PROGRESS,0,0,5,8,0,0,0,0,0
117,7,9,1,IN_PROGRESS,0,0,4,8,0,0,0,0,0
117,8,10,1,IN_PROGRESS,0,10,4,8,106,0,0,1,1
117,9,2,1,IN_PROGRESS,0,9,4,5,86,0,0,1,1
117,10,11,8,IN_PROGRESS,1,0,1,1,0,0,0,0,0
117,11,13,1,IN_PROGRESS,0,0,4,6,0,0,0,0,0
117,12,14,1,IN_PROGRESS,0,9,3,5,106,0,0,1,1
117,13,15,1,IN_PROGRESS,0,11,3,6,106,0,0,1,1
117,14,16,5,IN_PROGRESS,1,9,2,5,98,0,0,1,1
117,15,7,1,IN_PROGRESS,0,10,6,8,68,0,0,1,1
117,16,16,1,IN_PROGRESS,0,11,3,7,106,0,0,1,1
117,17,17,5,IN_PROGRESS,1,16,2,4,98,0,0,1,1
117,18,17,4,IN_PROGRESS,0,15,2,5,72,0,0,1,1
117,19,21,1,IN_PROGRESS,0,0,1,3,0,0,0,0,0
117,20,21,5,IN_PROGRESS,1,0,0,5,0,0,0,0,0
117,21,22,1,IN_PROGRESS,0,16,1,2,100,0,0,1,1
117,22,8,15,IN_PROGRESS,0,7,7,7,98,0,0,1,1
117,23,4,8,IN_PROGRESS,0,15,2,2,95,0,0,1,1
117,24,3,8,IN_PROGRESS,0,1,2,2,95,0,0,1,1
117,25,7,14,IN_PROGRESS,0,10,6,7,80,0,0,1,1
117,26,7,15,IN_PROGRESS,0,8,7,7,86,0,0,1,1
117,27,7,16,IN_PROGRESS,0,6,7,7,89,0,0,1,1
117,28,9,15,IN_PROGRESS,1,7,6,8,84,0,0,1,1
117,29,9,16,IN_PROGRESS,1,22,6,8,90,0,0,1,1
117,30,8,16,IN_PROGRESS,0,3,7,7,96,0,0,1,1
117,31,7,17,IN_PROGRESS,1,5,6,7,88,0,0,1,1
117,32,12,8,IN_PROGRESS,0,2,1,1,98,0,0,1,1
117,33,14,16,IN_PROGRESS,1,13,1,2,103,0,0,1,1
117,34,14,15,IN_PROGRESS,1,0,1,3,0,0,0,0,0
117,35,15,22,IN_PROGRESS,0,0,2,4,0,0,0,0,0
117,36,16,22,IN_PROGRESS,0,0,3,4,0,0,0,0,0
117,37,19,15,IN_PROGRESS,1,0,2,3,0,0,0,0,0
117,38,18,22,IN_PROGRESS,0,0,4,5,0,0,0,0,0
117,39,19,22,IN_PROGRESS,0,6,3,5,106,0,0,1,1
117,40,20,22,IN_PROGRESS,0,11,3,5,106,0,0,1,1
117,41,21,15,IN_PROGRESS,1,0,2,2,0,0,0,0,0
117,42,20,15,IN_PROGRESS,1,21,2,2,101,0,0,1,1
117,43,23,22,IN_PROGRESS,0,0,1,3,0,0,0,0,0
118,0,5,8,IN_PROGRESS,1,0,2,2,0,0,0,0,0
118,1,3,1,IN_PROGRESS,0,0,4,7,0,0,0,0,0
118,2,4,1,IN_PROGRESS,0,6,5,8,107,0,0,1,1
118,3,5,1,IN_PROGRESS,0,8,6,9,107,0,0,1,1
118,4,1,1,IN_PROGRESS,0,5,3,4,85,0,0,1,1
118,5,7,2,IN_PROGRESS,0,1,4,7,65,0,0,1,1
118,6,8,1,IN_PROGRESS,0,0,5,8,0,0,0,0,0
118,7,9,1,IN_PROGRESS,0,0,4,8,0,0,0,0,0
118,8,10,1,IN_PROGRESS,0,10,4,8,107,0,0,1,1
118,9,2,1,IN_PROGRESS,0,9,4,5,87,0,0,1,1
118,10,11,8,IN_PROGRESS,1,0,1,1,0,0,0,0,0
118,11,13,1,IN_PROGRESS,0,0,4,6,0,0,0,0,0
118,12,14,1,IN_PROGRESS,0,9,3,5,107,0,0,1,1
118,13,15,1,IN_PROGRESS,0,11,3,6,107,0,0,1,1
118,14,16,5,IN_PROGRESS,1,9,2,5,99,0,0,1,1
118,15,7,1,IN_PROGRESS,0,10,6,8,69,0,0,1,1
118,16,16,1,IN_PROGRESS,0,11,3,7,107,0,0,1,1
118,17,17,5,IN_PROGRESS,1,16,2,4,99,0,0,1,1
118,18,17,4,IN_PROGRESS,0,15,2,5,73,0,0,1,1
118,19,21,1,IN_PROGRESS,0,0,1,3,0,0,0,0,0
118,20,21,5,IN_PROGRESS,1,0,0,5,0,0,0,0,0
118,21,22,1,IN_PROGRESS,0,16,1,2,101,0,0,1,1
118,22,8,15,IN_PROGRESS,0,7,7,7,99,0,0,1,1
118,23,4,8,IN_PROGRESS,0,15,2,2,96,0,0,1,1
118,24,3,8,IN_PROGRESS,0,1,2,2,96,0,0,1,1
118,25,7,14,IN_PROGRESS,0,10,6,7,81,0,0,1,1
118,26,7,15,IN_PROGRESS,0,8,7,7,87,0,0,1,1
118,27,7,16,IN_PROGRESS,0,6,7,7,90,0,0,1,1
118,28,9,15,IN_PROGRESS,1,7,6,8,85,0,0,1,1
118,29,9,16,IN_PROGRESS,1,22,6,8,91,0,0,1,1
118,30,8,16,IN_PROGRESS,0,3,7,7,97,0,0,1,1
118,31,7,17,IN_PROGRESS,1,5,6,7,89,0,0,1,1
118,32,12,8,IN_PROGRESS,0,2,1,1,99,0,0,1,1
118,33,14,16,IN_PROGRESS,1,13,1,2,104,0,0,1,1
118,34,14,15,IN_PROGRESS,1,0,1,3,0,0,0,0,0
118,35,15,22,IN_PROGRESS,0,0,2,4,0,0,0,0,0
118,36,16,22,IN_PROGRESS,0,0,3,4,0,0,0,0,0
118,37,19,15,IN_PROGRESS,1,0,2,3,0,0,0,0,0
118,38,18,22,IN_PROGRESS,0,0,4,5,0,0,0,0,0
118,39,19,22,IN_PROGRESS,0,6,3,5,107,0,0,1,1
118,40,20,22,IN_PROGRESS,0,11,3,5,107,0,0,1,1
118,41,21,15,IN_PROGRESS,1,0,2,2,0,0,0,0,0
118,42,20,15,IN_PROGRESS,1,21,2,2,102,0,0,1,1
118,43,23,22,IN_PROGRESS,0,0,1,3,0,0,0,0,0
119,0,5,8,IN_PROGRESS,1,0,2,2,0,0,0,0,0
119,1,3,1,IN_PROGRESS,0,0,4,7,0,0,0,0,0
119,2,4,1,IN_PROGRESS,0,6,5,8,108,0,0,1,1
119,3,5,1,IN_PROGRESS,0,8,6,9,108,0,0,1,1
119,4,1,1,IN_PROGRESS,0,5,3,4,86,0,0,1,1
119,5,7,2,IN_PROGRESS,0,1,4,7,66,0,0,1,1
119,6,8,1,IN_PROGRESS,0,0,5,8,0,0,0,0,0
119,7,9,1,IN_PROGRESS,0,0,4,8,0,0,0,0,0
119,8,10,1,IN_PROGRESS,0,10,4,8,108,0,0,1,1
119,9,2,1,IN_PROGRESS,0,9,4,5,88,0,0,1,1
119,10,11,8,IN_PROGRESS,1,0,1,1,0,0,0,0,0
119,11,13,1,IN_PROGRESS,0,0,4,6,0,0,0,0,0
119,12,14,1,IN_PROGRESS,0,9,3,5,108,0,0,1,1
119,13,15,1,IN_PROGRESS,0,11,3,6,108,0,0,1,1
119,14,16,5,IN_PROGRESS,1,9,2,5,100,0,0,1,1
119,15,7,1,IN_PROGRESS,0,10,6,8,70,0,0,1,1
119,16,16,1,IN_PROGRESS,0,11,3,7,108,0,0,1,1
119,17,17,5,IN_PROGRESS,1,16,2,4,100,0,0,1,1
119,18,17,4,IN_PROGRESS,0,15,2,5,74,0,0,1,1
119,19,21,1,IN_PROGRESS,0,0,1,3,0,0,0,0,0
119,20,21,5,IN_PROGRESS,1,0,0,5,0,0,0,0,0
119,21,22,1,IN_PROGRESS,0,16,1,2,102,0,0,1,1
119,22,8,15,IN_PROGRESS,0,7,7,7,100,0,0,1,1
119,23,4,8,IN_PROGRESS,0,15,2,2,97,0,0,1,1
119,24,3,8,IN_PROGRESS,0,1,2,2,97,0,0,1,1
119,25,7,14,IN_PROGRESS,0,10,6,7,82,0,0,1,1
119,26,7,15,IN_PROGRESS,0,8,7,7,88,0,0,1,1
119,27,7,16,IN_PROGRESS,0,6,7,7,91,0,0,1,1
119,28,9,15,IN_PROGRESS,1,7,6,8,86,0,0,1,1
119,29,9,16,IN_PROGRESS,1,22,6,8,92,0,0,1,1
119,30,8,16,IN_PROGRESS,0,3,7,7,98,0,0,1,1
119,31,7,17,IN_PROGRESS,1,5,6,7,90,0,0,1,1
119,32,12,8,IN_PROGRESS,0,2,1,1,100,0,0,1,1
119,33,14,16,IN_PROGRESS,1,13,1,2,105,0,0,1,1
119,34,14,15,IN_PROGRESS,1,0,1,3,0,0,0,0,0
119,35,15,22,IN_PROGRESS,0,0,2,4,0,0,0,0,0
119,36,16,22,IN_PROGRESS,0,0,3,4,0,0,0,0,0
119,37,19,15,IN_PROGRESS,1,0,2,3,0,0,0,0,0
119,38,18,22,IN_PROGRESS,0,0,4,5,0,0,0,0,0
119,39,19,22,IN_PROGRESS,0,6,3,5,108,0,0,1,1
119,40,20,22,IN_PROGRESS,0,11,3,5,108,0,0,1,1
119,41,21,15,IN_PROGRESS,1,0,2,2,0,0,0,0,0
119,42,20,15,IN_PROGRESS,1,21,2,2,103,0,0,1,1
119,43,23,22,IN_PROGRESS,0,0,1,3,0,0,0,0,0
120,0,5,8,IN_PROGRESS,1,0,2,2,0,0,0,0,0
120,1,3,1,IN_PROGRESS,0,0,4,7,0,0,0,0,0
120,2,4,1,IN_PROGRESS,0,6,5,8,109,0,0,1,1
120,3,5,1,IN_PROGRESS,0,8,6,9,109,0,0,1,1
120,4,1,1,IN_PROGRESS,0,5,3,4,87,0,0,1,1
120,5,7,2,IN_PROGRESS,0,1,4,7,67,0,0,1,1
120,6,8,1,IN_PROGRESS,0,0,5,8,0,0,0,0,0
120,7,9,1,IN_PROGRESS,0,0,4,8,0,0,0,0,0
120,8,10,1,IN_PROGRESS,0,10,4,8,109,0,0,1,1
120,9,2,1,IN_PROGRESS,0,9,4,5,89,0,0,1,1
120,10,11,8,IN_PROGRESS,1,0,1,1,0,0,0,0,0
120,11,13,1,IN_PROGRESS,0,0,4,6,0,0,0,0,0
120,12,14,1,IN_PROGRESS,0,9,3,5,109,0,0,1,1
120,13,15,1,IN_PROGRESS,0,11,3,6,109,0,0,1,1
120,14,16,5,IN_PROGRESS,1,9,2,5,101,0,0,1,1
120,15,7,1,IN_PROGRESS,0,10,6,8,71,0,0,1,1
120,16,16,1,IN_PROGRESS,0,11,3,7,109,0,0,1,1
120,17,17,5,IN_PROGRESS,1,16,2,4,101,0,0,1,1
120,18,17,4,IN_PROGRESS,0,15,2,5,75,0,0,1,1
120,19,21,1,IN_PROGRESS,0,0,1,3,0,0,0,0,0
120,20,21,5,IN_PROGRESS,1,0,0,5,0,0,0,0,0
120,21,22,1,IN_PROGRESS,0,16,1,2,103,0,0,1,1
120,22,8,15,IN_PROGRESS,0,7,7,7,101,0,0,1,1
120,23,4,8,IN_PROGRESS,0,15,2,2,98,0,0,1,1
120,24,3,8,IN_PROGRESS,0,1,2,2,98,0,0,1,1
120,25,7,14,IN_PROGRESS,0,10,6,7,83,0,0,1,1
120,26,7,15,IN_PROGRESS,0,8,7,7,89,0,0,1,1
120,27,7,16,IN_PROGRESS,0,6,7,7,92,0,0,1,1
120,28,9,15,IN_PROGRESS,1,7,6,8,87,0,0,1,1
120,29,9,16,IN_PROGRESS,1,22,6,8,93,0,0,1,1
120,30,8,16,IN_PROGRESS,0,3,7,7,99,0,0,1,1
120,31,7,17,IN_PROGRESS,1,5,6,7,91,0,0,1,1
120,32,12,8,IN_PROGRESS,0,2,1,1,101,0,0,1,1
120,33,14,16,IN_PROGRESS,1,13,1,2,106,0,0,1,1
120,34,14,15,IN_PROGRESS,1,0,1,3,0,0,0,0,0
120,35,15,22,IN_PROGRESS,0,0,2,4,0,0,0,0,0
120,36,16,22,IN_PROGRESS,0,0,3,4,0,0,0,0,0
120,37,19,15,IN_PROGRESS,1,0,2,3,0,0,0,0,0
120,38,18,22,IN_PROGRESS,0,0,4,5,0,0,0,0,0
120,39,19,22,IN_PROGRESS,0,6,3,5,109,0,0,1,1
120,40,20,22,IN_PROGRESS,0,11,3,5,109,0,0,1,1
120,41,21,15,IN_PROGRESS,1,0,2,2,0,0,0,0,0
120,42,20,15,IN_PROGRESS,1,21,2,2,104,0,0,1,1
120,43,23,22,IN_PROGRESS,0,0,1,3,0,0,0,0,0
121,0,5,8,IN_PROGRESS,1,0,2,2,0,0,0,0,0
121,1,3,1,IN_PROGRESS,0,0,4,7,0,0,0,0,0
121,2,4,1,IN_PROGRESS,0,6,5,8,110,0,0,1,1
121,3,5,1,IN_PROGRESS,0,8,6,9,110,0,0,1,1
121,4,1,1,IN_PROGRESS,0,5,3,4,88,0,0,1,1
121,5,7,2,IN_PROGRESS,0,1,4,7,68,0,0,1,1
121,6,8,1,IN_PROGRESS,0,0,5,8,0,0,0,0,0
121,7,9,1,IN_PROGRESS,0,0,4,8,0,0,0,0,0
121,8,10,1,IN_PROGRESS,0,10,4,8,110,0,0,1,1
121,9,2,1,IN_PROGRESS,0,9,4,5,90,0,0,1,1
121,10,11,8,IN_PROGRESS,1,0,1,1,0,0,0,0,0
121,11,13,1,IN_PROGRESS,0,0,4,6,0,0,0,0,0
121,12,14,1,IN_PROGRESS,0,9,3,5,110,0,0,1,1
121,13,15,1,IN_PROGRESS,0,11,3,6,110,0,0,1,1
121,14,16,5,IN_PROGRESS,1,9,2,5,102,0,0,1,1
121,15,7,1,IN_PROGRESS,0,10,6,8,72,0,0,1,1
121,16,16,1,IN_PROGRESS,0,11,3,7,110,0,0,1,1
121,17,17,5,IN_PROGRESS,1,16,2,4,102,0,0,1,1
121,18,17,4,IN_PROGRESS,0,16,2,5,76,0,0,1,1
121,19,21,1,IN_PROGRESS,0,0,1,3,0,0,0,0,0
121,20,21,5,IN_PROGRESS,1,0,0,5,0,0,0,0,0
121,21,22,1,IN_PROGRESS,0,16,1,2,104,0,0,1,1
121,22,8,15,IN_PROGRESS,0,7,7,7,102,0,0,1,1
121,23,4,8,IN_PROGRESS,0,15,2,2,99,0,0,1,1
121,24,3,8,IN_PROGRESS,0,1,2,2,99,0,0,1,1
121,25,7,14,IN_PROGRESS,0,10,6,7,84,0,0,1,1
121,26,7,15,IN_PROGRESS,0,8,7,7,90,0,0,1,1
121,27,7,16,IN_PROGRESS,0,6,7,7,93,0,0,1,1
121,28,9,15,IN_PROGRESS,1,7,6,8,88,0,0,1,1
121,29,9,16,IN_PROGRESS,1,22,6,8,94,0,0,1,1
121,30,8,16,IN_PROGRESS,0,3,7,7,100,0,0,1,1
121,31,7,17,IN_PROGRESS,1,5,6,7,92,0,0,1,1
121,32,12,8,IN_PROGRESS,0,2,1,1,102,0,0,1,1
121,33,14,16,IN_PROGRESS,1,13,1,2,107,0,0,1,1
121,34,14,15,IN_PROGRESS,1,0,1,3,0,0,0,0,0
121,35,15,22,IN_PROGRESS,0,0,2,4,0,0,0,0,0
121,36,16,22,IN_PROGRESS,0,0,3,4,0,0,0,0,0
121,37,19,15,IN_PROGRESS,1,0,2,3,0,0,0,0,0
121,38,18,22,IN_PROGRESS,0,0,4,5,0,0,0,0,0
121,39,19,22,IN_PROGRESS,0,6,3,5,110,0,0,1,1
121,40,20,22,IN_PROGRESS,0,11,3,5,110,0,0,1,1
121,41,21,15,IN_PROGRESS,1,0,2,2,0,0,0,0,0
121,42,20,15,IN_PROGRESS,1,21,2,2,105,0,0,1,1
121,43,23,22,IN_PROGRESS,0,0,1,3,0,0,0,0,0
122,0,5,8,IN_PROGRESS,1,0,2,2,0,0,0,0,0
122,1,3,1,IN_PROGRESS,0,0,4,7,0,0,0,0,0
122,2,4,1,IN_PROGRESS,0,6,5,8,111,0,0,1,1
122,3,5,1,IN_PROGRESS,0,8,6,9,111,0,0,1,1
122,4,1,1,IN_PROGRESS,0,5,3,4,89,0,0,1,1
122,5,7,2,IN_PROGRESS,0,1,4,7,69,0,0,1,1
122,6,8,1,IN_PROGRESS,0,0,5,8,0,0,0,0,0
122,7,9,1,IN_PROGRESS,0,0,4,8,0,0,0,0,0
122,8,10,1,IN_PROGRESS,0,10,4,8,111,0,0,1,1
122,9,2,1,IN_PROGRESS,0,9,4,5,91,0,0,1,1
122,10,11,8,IN_PROGRESS,1,0,1,1,0,0,0,0,0
122,11,13,1,IN_PROGRESS,0,0,4,6,0,0,0,0,0
122,12,14,1,IN_PROGRESS,0,9,3,5,111,0,0,1,1
122,13,15,1,IN_PROGRESS,0,11,3,6,111,0,0,1,1
122,14,16,5,IN_PROGRESS,1,9,2,5,103,0,0,1,1
122,15,7,1,IN_PROGRESS,0,10,6,8,73,0,0,1,1
122,16,16,1,IN_PROGRESS,0,11,3,7,111,0,0,1,1
122,17,17,5,IN_PROGRESS,1,16,2,4,103,0,0,1,1
122,18,17,4,IN_PROGRESS,0,15,2,5,77,0,0,1,1
122,19,21,1,IN_PROGRESS,0,0,1,3,0,0,0,0,0
122,20,21,5,IN_PROGRESS,1,0,0,5,0,0,0,0,0
122,21,22,1,IN_PROGRESS,0,16,1,2,105,0,0,1,1
122,22,8,15,IN_PROGRESS,0,7,7,7,103,0,0,1,1
122,23,4,8,IN_PROGRESS,0,15,2,2,100,0,0,1,1
122,24,3,8,IN_PROGRESS,0,1,2,2,100,0,0,1,1
122,25,7,14,IN_PROGRESS,0,10,6,7,85,0,0,1,1
122,26,7,15,IN_PROGRESS,0,8,7,7,91,0,0,1,1
122,27,7,16,IN_PROGRESS,0,6,7,7,94,0,0,1,1
122,28,9,15,IN_PROGRESS,1,7,6,8,89,0,0,1,1
122,29,9,16,IN_PROGRESS,1,22,6,8,95,0,0,1,1
122,30,8,16,IN_PROGRESS,0,3,7,7,101,0,0,1,1
122,31,7,17,IN_PROGRESS,1,5,6,7,93,0,0,1,1
122,32,12,8,IN_PROGRESS,0,2,1,1,103,0,0,1,1
122,33,14,16,IN_PROGRESS,1,13,1,2,108,0,0,1,1
122,34,14,15,IN_PROGRESS,1,0,1,3,0,0,0,0,0
122,35,15,22,IN_PROGRESS,0,0,2,4,0,0,0,0,0
122,36,16,22,IN_PROGRESS,0,0,3,4,0,0,0,0,0
122,37,19,15,IN_PROGRESS,1,0,2,3,0,0,0,0,0
122,38,18,22,IN_PROGRESS,0,0,4,5,0,0,0,0,0
122,39,19,22,IN_PROGRESS,0,6,3,5,111,0,0,1,1
122,40,20,22,IN_PROGRESS,0,11,3,5,111,0,0,1,1
122,41,21,15,IN_PROGRESS,1,0,2,2,0,0,0,0,0
122,42,20,15,IN_PROGRESS,1,21,2,2,106,0,0,1,1
122,43,23,22,IN_PROGRESS,0,0,1,3,0,0,0,0,0
123,0,5,8,IN_PROGRESS,1,0,2,2,0,0,0,0,0
123,1,3,1,IN_PROGRESS,0,0,4,7,0,0,0,0,0
123,2,4,1,IN_PROGRESS,0,6,5,8,112,0,0,1,1
123,3,5,1,IN_PROGRESS,0,8,6,9,112,0,0,1,1
123,4,1,1,IN_PROGRESS,0,5,3,4,90,0,0,1,1
123,5,7,2,IN_PROGRESS,0,1,4,7,70,0,0,1,1
123,6,8,1,IN_PROGRESS,0,0,5,8,0,0,0,0,0
123,7,9,1,IN_PROGRESS,0,0,4,8,0,0,0,0,0
123,8,10,1,IN_PROGRESS,0,10,4,8,112,0,0,1,1
123,9,2,1,IN_PROGRESS,0,9,4,5,92,0,0,1,1
123,10,11,8,IN_PROGRESS,1,0,1,1,0,0,0,0,0
123,11,13,1,IN_PROGRESS,0,0,4,6,0,0,0,0,0
123,12,14,1,IN_PROGRESS,0,9,3,5,112,0,0,1,1
123,13,15,1,IN_PROGRESS,0,11,3,6,112,0,0,1,1
123,14,16,5,IN_PROGRESS,1,9,2,5,104,0,0,1,1
123,15,7,1,IN_PROGRESS,0,10,6,8,74,0,0,1,1
123,16,16,1,IN_PROGRESS,0,11,3,7,112,0,0,1,1
123,17,17,5,IN_PROGRESS,1,16,2,4,104,0,0,1,1
123,18,17,4,IN_PROGRESS,0,15,2,5,78,0,0,1,1
123,19,21,1,IN_PROGRESS,0,0,1,3,0,0,0,0,0
123,20,21,5,IN_PROGRESS,1,0,0,5,0,0,0,0,0
123,21,22,1,IN_PROGRESS,0,16,1,2,106,0,0,1,1
123,22,8,15,IN_PROGRESS,0,7,7,7,104,0,0,1,1
123,23,4,8,IN_PROGRESS,0,15,2,2,101,0,0,1,1
123,24,3,8,IN_PROGRESS,0,1,2,2,101,0,0,1,1
123,25,7,14,IN_PROGRESS,0,10,6,7,86,0,0,1,1
123,26,7,15,IN_PROGRESS,0,8,7,7,92,0,0,1,1
123,27,7,16,IN_PROGRESS,0,6,7,7,95,0,0,1,1
123,28,9,15,IN_PROGRESS,1,7,6,8,90,0,0,1,1
123,29,9,16,IN_PROGRESS,1,22,6,8,96,0,0,1,1
123,30,8,16,IN_PROGRESS,0,3,7,7,102,0,0,1,1
123,31,7,17,IN_PROGRESS,1,5,6,7,94,0,0,1,1
123,32,12,8,IN_PROGRESS,0,2,1,1,104,0,0,1,1
123,33,14,16,IN_PROGRESS,1,13,1,2,109,0,0,1,1
123,34,14,15,IN_PROGRESS,1,0,1,3,0,0,0,0,0
123,35,15,22,IN_PROGRESS,0,0,2,4,0,0,0,0,0
123,36,16,22,IN_PROGRESS,0,0,3,4,0,0,0,0,0
123,37,19,15,IN_PROGRESS,1,0,2,3,0,0,0,0,0
123,38,18,22,IN_PROGRESS,0,0,4,5,0,0,0,0,0
123,39,19,22,IN_PROGRESS,0,6,3,5,112,0,0,1,1
123,40,20,22,IN_PROGRESS,0,11,3,5,112,0,0,1,1
123,41,21,15,IN_PROGRESS,1,0,2,2,0,0,0,0,0
123,42,20,15,IN_PROGRESS,1,21,2,2,107,0,0,1,1
123,43,23,22,IN_PROGRESS,0,0,1,3,0,0,0,0,0
124,0,5,8,IN_PROGRESS,1,0,2,2,0,0,0,0,0
124,1,3,1,IN_PROGRESS,0,0,4,7,0,0,0,0,0
124,2,4,1,IN_PROGRESS,0,6,5,8,113,0,0,1,1
124,3,5,1,IN_PROGRESS,0,8,6,9,113,0,0,1,1
124,4,1,1,IN_PROGRESS,0,5,3,4,91,0,0,1,1
124,5,7,2,IN_PROGRESS,0,1,4,7,71,0,0,1,1
124,6,8,1,IN_PROGRESS,0,0,5,8,0,0,0,0,0
124,7,9,1,IN_PROGRESS,0,0,4,8,0,0,0,0,0
124,8,10,1,IN_PROGRESS,0,10,4,8,113,0,0,1,1
124,9,2,1,IN_PROGRESS,0,9,4,5,93,0,0,1,1
124,10,11,8,IN_PROGRESS,1,0,1,1,0,0,0,0,0
124,11,13,1,IN_PROGRESS,0,0,4,6,0,0,0,0,0
124,12,14,1,IN_PROGRESS,0,9,3,5,113,0,0,1,1
124,13,15,1,IN_PROGRESS,0,11,3,6,113,0,0,1,1
124,14,16,5,IN_PROGRESS,1,9,2,5,105,0,0,1,1
124,15,7,1,IN_PROGRESS,0,10,6,8,75,0,0,1,1
124,16,16,1,IN_PROGRESS,0,11,3,7,113,0,0,1,1
124,17,17,5,IN_PROGRESS,1,16,2,4,105,0,0,1,1
124,18,17,4,IN_PROGRESS,0,15,2,5,79,0,0,1,1
124,19,21,1,IN_PROGRESS,0,0,1,3,0,0,0,0,0
124,20,21,5,IN_PROGRESS,1,0,0,5,0,0,0,0,0
124,21,22,1,IN_PROGRESS,0,16,1,2,107,0,0,1,1
124,22,8,15,IN_PROGRESS,0,7,7,7,105,0,0,1,1
124,23,4,8,IN_PROGRESS,0,15,2,2,102,0,0,1,1
124,24,3,8,IN_PROGRESS,0,1,2,2,102,0,0,1,1
124,25,7,14,IN_PROGRESS,0,10,6,7,87,0,0,1,1
124,26,7,15,IN_PROGRESS,0,8,7,7,93,0,0,1,1
124,27,7,16,IN_PROGRESS,0,6,7,7,96,0,0,1,1
124,28,9,15,IN_PROGRESS,1,7,6,8,91,0,0,1,1
124,29,9,16,IN_PROGRESS,1,22,6,8,97,0,0,1,1
124,30,8,16,IN_PROGRESS,0,3,7,7,103,0,0,1,1
124,31,7,17,IN_PROGRESS,1,5,6,7,95,0,0,1,1
124,32,12,8,IN_PROGRESS,0,2,1,1,105,0,0,1,1
124,33,14,16,IN_PROGRESS,1,13,1,2,110,0,0,1,1
124,34,14,15,IN_PROGRESS,1,0,1,3,0,0,0,0,0
124,35,15,22,IN_PROGRESS,0,0,2,4,0,0,0,0,0
124,36,16,22,IN_PROGRESS,0,0,3,4,0,0,0,0,0
124,37,19,15,IN_PROGRESS,1,0,2,3,0,0,0,0,0
124,38,18,22,IN_PROGRESS,0,0,4,5,0,0,0,0,0
124,39,19,22,IN_PROGRESS,0,6,3,5,113,0,0,1,1
124,40,20,22,IN_PROGRESS,0,11,3,5,113,0,0,1,1
124,41,21,15,IN_PROGRESS,1,0,2,2,0,0,0,0,0
124,42,20,15,IN_PROGRESS,1,21,2,2,108,0,0,1,1
124,43,23,22,IN_PROGRESS,0,0,1,3,0,0,0,0,0
125,0,5,8,IN_PROGRESS,1,0,2,2,0,0,0,0,0
125,1,3,1,IN_PROGRESS,0,0,4,7,0,0,0,0,0
125,2,4,1,IN_PROGRESS,0,6,5,8,114,0,0,1,1
125,3,5,1,IN_PROGRESS,0,8,6,9,114,0,0,1,1
125,4,1,1,IN_PROGRESS,0,5,3,4,92,0,0,1,1
125,5,7,2,IN_PROGRESS,0,1,4,7,72,0,0,1,1
125,6,8,1,IN_PROGRESS,0,0,5,8,0,0,0,0,0
125,7,9,1,IN_PROGRESS,0,0,4,8,0,0,0,0,0
125,8,10,1,IN_PROGRESS,0,10,4,8,114,0,0,1,1
125,9,2,1,IN_PROGRESS,0,9,4,5,94,0,0,1,1
125,10,11,8,IN_PROGRESS,1,0,1,1,0,0,0,0,0
125,11,13,1,IN_PROGRESS,0,0,4,6,0,0,0,0,0
125,12,14,1,IN_PROGRESS,0,9,3,5,114,0,0,1,1
125,13,15,1,IN_PROGRESS,0,11,3,6,114,0,0,1,1
125,14,16,5,IN_PROGRESS,1,9,2,5,106,0,0,1,1
125,15,7,1,IN_PROGRESS,0,10,6,8,76,0,0,1,1
125,16,16,1,IN_PROGRESS,0,11,3,7,114,0,0,1,1
125,17,17,5,IN_PROGRESS,1,16,2,4,106,0,0,1,1
125,18,17,4,IN_PROGRESS,0,15,2,5,80,0,0,1,1
125,19,21,1,IN_PROGRESS,0,0,1,3,0,0,0,0,0
125,20,21,5,IN_PROGRESS,1,0,0,5,0,0,0,0,0
125,21,22,1,IN_PROGRESS,0,16,1,2,108,0,0,1,1
125,22,8,15,IN_PROGRESS,0,7,7,7,106,0,0,1,1
125,23,4,8,IN_PROGRESS,0,15,2,2,103,0,0,1,1
125,24,3,8,IN_PROGRESS,0,1,2,2,103,0,0,1,1
125,25,7,14,IN_PROGRESS,0,10,6,7,88,0,0,1,1
125,26,7,15,IN_PROGRESS,0,8,7,7,94,0,0,1,1
125,27,7,16,IN_PROGRESS,0,6,7,7,97,0,0,1,1
125,28,9,15,IN_PROGRESS,1,7,6,8,92,0,0,1,1
125,29,9,16,IN_PROGRESS,1,22,6,8,98,0,0,1,1
125,30,8,16,IN_PROGRESS,0,3,7,7,104,0,0,1,1
125,31,7,17,IN_PROGRESS,1,5,6,7,96,0,0,1,1
125,32,12,8,IN_PROGRESS,0,2,1,1,106,0,0,1,1
125,33,14,16,IN_PROGRESS,1,13,1,2,111,0,0,1,1
125,34,14,15,IN_PROGRESS,1,0,1,3,0,0,0,0,0
125,35,15,22,IN_PROGRESS,0,0,2,4,0,0,0,0,0
125,36,16,22,IN_PROGRESS,0,0,3,4,0,0,0,0,0
125,37,19,15,IN_PROGRESS,1,0,2,3,0,0,0,0,0
125,38,18,22,IN_PROGRESS,0,0,4,5,0,0,0,0,0
125,39,19,22,IN_PROGRESS,0,6,3,5,114,0,0,1,1
125,40,20,22,IN_PROGRESS,0,11,3,5,114,0,0,1,1
125,41,21,15,IN_PROGRESS,1,0,2,2,0,0,0,0,0
125,42,20,15,IN_PROGRESS,1,21,2,2,109,0,0,1,1
125,43,23,22,IN_PROGRESS,0,0,1,3,0,0,0,0,0
126,0,5,8,IN_PROGRESS,1,0,2,2,0,0,0,0,0
126,1,3,1,IN_PROGRESS,0,0,4,7,0,0,0,0,0
126,2,4,1,IN_PROGRESS,0,6,5,8,115,0,0,1,1
126,3,5,1,IN_PROGRESS,0,8,6,9,115,0,0,1,1
126,4,1,1,IN_PROGRESS,0,5,3,4,93,0,0,1,1
126,5,7,2,IN_PROGRESS,0,1,4,7,73,0,0,1,1
126,6,8,1,IN_PROGRESS,0,0,5,8,0,0,0,0,0
126,7,9,1,IN_PROGRESS,0,0,4,8,0,0,0,0,0
126,8,10,1,IN_PROGRESS,0,10,4,8,115,0,0,1,1
126,9,2,1,IN_PROGRESS,0,9,4,5,95,0,0,1,1
126,10,11,8,IN_PROGRESS,1,0,1,1,0,0,0,0,0
126,11,13,1,IN_PROGRESS,0,0,4,6,0,0,0,0,0
126,12,14,1,IN_PROGRESS,0,9,3,5,115,0,0,1,1
126,13,15,1,IN_PROGRESS,0,11,3,6,115,0,0,1,1
126,14,16,5,IN_PROGRESS,1,9,2,5,107,0,0,1,1
126,15,7,1,IN_PROGRESS,0,10,6,8,77,0,0,1,1
126,16,16,1,IN_PROGRESS,0,11,3,7,115,0,0,1,1
126,17,17,5,IN_PROGRESS,1,16,2,4,107,0,0,1,1
126,18,17,4,IN_PROGRESS,0,15,2,5,81,0,0,1,1
126,19,21,1,IN_PROGRESS,0,0,1,3,0,0,0,0,0
126,20,21,5,IN_PROGRESS,1,0,0,5,0,0,0,0,0
126,21,22,1,IN_PROGRESS,0,16,1,2,109,0,0,1,1
126,22,8,15,IN_PROGRESS,0,7,7,7,107,0,0,1,1
126,23,4,8,IN_PROGRESS,0,15,2,2,104,0,0,1,1
126,24,3,8,IN_PROGRESS,0,1,2,2,104,0,0,1,1
126,25,7,14,IN_PROGRESS,0,10,6,7,89,0,0,1,1
126,26,7,15,IN_PROGRESS,0,8,7,7,95,0,0,1,1
126,27,7,16,IN_PROGRESS,0,6,7,7,98,0,0,1,1
126,28,9,15,IN_PROGRESS,1,7,6,8,93,0,0,1,1
126,29,9,16,IN_PROGRESS,1,22,6,8,99,0,0,1,1
126,30,8,16,IN_PROGRESS,0,3,7,7,105,0,0,1,1
126,31,7,17,IN_PROGRESS,1,5,6,7,97,0,0,1,1
126,32,12,8,IN_PROGRESS,0,2,1,1,107,0,0,1,1
126,33,14,16,IN_PROGRESS,1,13,1,2,112,0,0,1,1
126,34,14,15,IN_PROGRESS,1,0,1,3,0,0,0,0,0
126,35,15,22,IN_PROGRESS,0,0,2,4,0,0,0,0,0
126,36,16,22,IN_PROGRESS,0,0,3,4,0,0,0,0,0
126,37,19,15,IN_PROGRESS,1,0,2,3,0,0,0,0,0
126,38,18,22,IN_PROGRESS,0,0,4,5,0,0,0,0,0
126,39,19,22,IN_PROGRESS,0,6,3,5,115,0,0,1,1
126,40,20,22,IN_PROGRESS,0,11,3,5,115,0,0,1,1
126,41,21,15,IN_PROGRESS,1,0,2,2,0,0,0,0,0
126,42,20,15,IN_PROGRESS,1,21,2,2,110,0,0,1,1
126,43,23,22,IN_PROGRESS,0,0,1,3,0,0,0,0,0
127,0,5,8,IN_PROGRESS,1,0,2,2,0,0,0,0,0
127,1,3,1,IN_PROGRESS,0,0,4,7,0,0,0,0,0
127,2,4,1,IN_PROGRESS,0,6,5,8,116,0,0,1,1
127,3,5,1,IN_PROGRESS,0,8,6,9,116,0,0,1,1
127,4,1,1,IN_PROGRESS,0,5,3,4,94,0,0,1,1
127,5,7,2,IN_PROGRESS,0,1,4,7,74,0,0,1,1
127,6,8,1,IN_PROGRESS,0,0,5,8,0,0,0,0,0
127,7,9,1,IN_PROGRESS,0,0,4,8,0,0,0,0,0
127,8,10,1,IN_PROGRESS,0,10,4,8,116,0,0,1,1
127,9,2,1,IN_PROGRESS,0,9,4,5,96,0,0,1,1
127,10,11,8,IN_PROGRESS,1,0,1,1,0,0,0,0,0
127,11,13,1,IN_PROGRESS,0,0,4,6,0,0,0,0,0
127,12,14,1,IN_PROGRESS,0,9,3,5,116,0,0,1,1
127,13,15,1,IN_PROGRESS,0,11,3,6,116,0,0,1,1
127,14,16,5,IN_PROGRESS,1,9,2,5,108,0,0,1,1
127,15,7,1,IN_PROGRESS,0,10,6,8,78,0,0,1,1
127,16,16,1,IN_PROGRESS,0,11,3,7,116,0,0,1,1
127,17,17,5,IN_PROGRESS,1,16,2,4,108,0,0,1,1
127,18,17,4,IN_PROGRESS,0,15,2,5,82,0,0,1,1
127,19,21,1,IN_PROGRESS,0,0,1,3,0,0,0,0,0
127,20,21,5,IN_PROGRESS,1,0,0,5,0,0,0,0,0
127,21,22,1,IN_PROGRESS,0,16,1,2,110,0,0,1,1
127,22,8,15,IN_PROGRESS,0,7,7,7,108,0,0,1,1
127,23,4,8,IN_PROGRESS,0,15,2,2,105,0,0,1,1
127,24,3,8,IN_PROGRESS,0,1,2,2,105,0,0,1,1
127,25,7,14,IN_PROGRESS,0,10,6,7,90,0,0,1,1
127,26,7,15,IN_PROGRESS,0,8,7,7,96,0,0,1,1
127,27,7,16,IN_PROGRESS,0,6,7,7,99,0,0,1,1
127,28,9,15,IN_PROGRESS,1,7,6,8,94,0,0,1,1
127,29,9,16,IN_PROGRESS,1,22,6,8,100,0,0,1,1
127,30,8,16,IN_PROGRESS,0,3,7,7,106,0,0,1,1
127,31,7,17,IN_PROGRESS,1,5,6,7,98,0,0,1,1
127,32,12,8,IN_PROGRESS,0,2,1,1,108,0,0,1,1
127,33,14,16,IN_PROGRESS,1,13,1,2,113,0,0,1,1
127,34,14,15,IN_PROGRESS,1,0,1,3,0,0,0,0,0
127,35,15,22,IN_PROGRESS,0,0,2,4,0,0,0,0,0
127,36,16,22,IN_PROGRESS,0,0,3,4,0,0,0,0,0
127,37,19,15,IN_PROGRESS,1,0,2,3,0,0,0,0,0
127,38,18,22,IN_PROGRESS,0,0,4,5,0,0,0,0,0
127,39,19,22,IN_PROGRESS,0,6,3,5,116,0,0,1,1
127,40,20,22,IN_PROGRESS,0,11,3,5,116,0,0,1,1
127,41,21,15,IN_PROGRESS,1,0,2,2,0,0,0,0,0
127,42,20,15,IN_PROGRESS,1,21,2,2,111,0,0,1,1
127,43,23,22,IN_PROGRESS,0,0,1,3,0,0,0,0,0
128,0,5,8,IN_PROGRESS,1,0,2,2,0,0,0,0,0
128,1,3,1,IN_PROGRESS,0,0,4,7,0,0,0,0,0
128,2,4,1,IN_PROGRESS,0,6,5,8,117,0,0,1,1
128,3,5,1,IN_PROGRESS,0,8,6,9,117,0,0,1,1
128,4,1,1,IN_PROGRESS,0,5,3,4,95,0,0,1,1
128,5,7,2,IN_PROGRESS,0,1,4,7,75,0,0,1,1
128,6,8,1,IN_PROGRESS,0,0,5,8,0,0,0,0,0
128,7,9,1,IN_PROGRESS,0,0,4,8,0,0,0,0,0
128,8,10,1,IN_PROGRESS,0,10,4,8,117,0,0,1,1
128,9,2,1,IN_PROGRESS,0,9,4,5,97,0,0,1,1
128,10,11,8,IN_PROGRESS,1,0,1,1,0,0,0,0,0
128,11,13,1,IN_PROGRESS,0,0,4,6,0,0,0,0,0
128,12,14,1,IN_PROGRESS,0,9,3,5,117,0,0,1,1
128,13,15,1,IN_PROGRESS,0,11,3,6,117,0,0,1,1
128,14,16,5,IN_PROGRESS,1,9,2,5,109,0,0,1,1
128,15,7,1,IN_PROGRESS,0,10,6,8,79,0,0,1,1
128,16,16,1,IN_PROGRESS,0,11,3,7,117,0,0,1,1
128,17,17,5,IN_PROGRESS,1,16,2,4,109,0,0,1,1
128,18,17,4,IN_PROGRESS,0,15,2,5,83,0,0,1,1
128,19,21,1,IN_PROGRESS,0,0,1,3,0,0,0,0,0
128,20,21,5,IN_PROGRESS,1,0,0,5,0,0,0,0,0
128,21,22,1,IN_PROGRESS,0,16,1,2,111,0,0,1,1
128,22,8,15,IN_PROGRESS,0,7,7,7,109,0,0,1,1
128,23,4,8,IN_PROGRESS,0,15,2,2,106,0,0,1,1
128,24,3,8,IN_PROGRESS,0,1,2,2,106,0,0,1,1
128,25,7,14,IN_PROGRESS,0,10,6,7,91,0,0,1,1
128,26,7,15,IN_PROGRESS,0,8,7,7,97,0,0,1,1
128,27,7,16,IN_PROGRESS,0,6,7,7,100,0,0,1,1
128,28,9,15,IN_PROGRESS,1,7,6,8,95,0,0,1,1
128,29,9,16,IN_PROGRESS,1,22,6,8,101,0,0,1,1
128,30,8,16,IN_PROGRESS,0,3,7,7,107,0,0,1,1
128,31,7,17,IN_PROGRESS,1,5,6,7,99,0,0,1,1
128,32,12,8,IN_PROGRESS,0,2,1,1,109,0,0,1,1
128,33,14,16,IN_PROGRESS,1,13,1,2,114,0,0,1,1
128,34,14,15,IN_PROGRESS,1,0,1,3,0,0,0,0,0
128,35,15,22,IN_PROGRESS,0,0,2,4,0,0,0,0,0
128,36,16,22,IN_PROGRESS,0,0,3,4,0,0,0,0,0
128,37,19,15,IN_PROGRESS,1,0,2,3,0,0,0,0,0
128,38,18,22,IN_PROGRESS,0,0,4,5,0,0,0,0,0
128,39,19,22,IN_PROGRESS,0,6,3,5,117,0,0,1,1
128,40,20,22,IN_PROGRESS,0,11,3,5,117,0,0,1,1
128,41,21,15,IN_PROGRESS,1,0,2,2,0,0,0,0,0
128,42,20,15,IN_PROGRESS,1,21,2,2,112,0,0,1,1
128,43,23,22,IN_PROGRESS,0,0,1,3,0,0,0,0,0
129,0,5,8,IN_PROGRESS,1,0,2,2,0,0,0,0,0
129,1,3,1,IN_PROGRESS,0,0,4,7,0,0,0,0,0
129,2,4,1,IN_PROGRESS,0,6,5,8,118,0,0,1,1
129,3,5,1,IN_PROGRESS,0,8,6,9,118,0,0,1,1
129,4,1,1,IN_PROGRESS,0,5,3,4,96,0,0,1,1
129,5,7,2,IN_PROGRESS,0,1,4,7,76,0,0,1,1
129,6,8,1,IN_PROGRESS,0,0,5,8,0,0,0,0,0
129,7,9,1,IN_PROGRESS,0,0,4,8,0,0,0,0,0
129,8,10,1,IN_PROGRESS,0,10,4,8,118,0,0,1,1
129,9,2,1,IN_PROGRESS,0,9,4,5,98,0,0,1,1
129,10,11,8,IN_PROGRESS,1,0,1,1,0,0,0,0,0
129,11,13,1,IN_PROGRESS,0,0,4,6,0,0,0,0,0
129,12,14,1,IN_PROGRESS,0,9,3,5,118,0,0,1,1
129,13,15,1,IN_PROGRESS,0,11,3,6,118,0,0,1,1
129,14,16,5,IN_PROGRESS,1,9,2,5,110,0,0,1,1
129,15,7,1,IN_PROGRESS,0,10,6,8,80,0,0,1,1
129,16,16,1,IN_PROGRESS,0,11,3,7,118,0,0,1,1
129,17,17,5,IN_PROGRESS,1,16,2,4,110,0,0,1,1
129,18,17,4,IN_PROGRESS,0,15,2,5,84,0,0,1,1
129,19,21,1,IN_PROGRESS,0,0,1,3,0,0,0,0,0
129,20,21,5,IN_PROGRESS,1,0,0,5,0,0,0,0,0
129,21,22,1,IN_PROGRESS,0,16,1,2,112,0,0,1,1
129,22,8,15,IN_PROGRESS,0,7,7,7,110,0,0,1,1
129,23,4,8,IN_PROGRESS,0,15,2,2,107,0,0,1,1
129,24,3,8,IN_PROGRESS,0,1,2,2,107,0,0,1,1
129,25,7,14,IN_PROGRESS,0,10,6,7,92,0,0,1,1
129,26,7,15,IN_PROGRESS,0,8,7,7,98,0,0,1,1
129,27,7,16,IN_PROGRESS,0,6,7,7,101,0,0,1,1
129,28,9,15,IN_PROGRESS,1,7,6,8,96,0,0,1,1
129,29,9,16,IN_PROGRESS,1,22,6,8,102,0,0,1,1
129,30,8,16,IN_PROGRESS,0,3,7,7,108,0,0,1,1
129,31,7,17,IN_PROGRESS,1,5,6,7,100,0,0,1,1
129,32,12,8,IN_PROGRESS,0,2,1,1,110,0,0,1,1
129,33,14,16,IN_PROGRESS,1,13,1,2,115,0,0,1,1
129,34,14,15,IN_PROGRESS,1,0,1,3,0,0,0,0,0
129,35,15,22,IN_PROGRESS,0,0,2,4,0,0,0,0,0
129,36,16,22,IN_PROGRESS,0,0,3,4,0,0,0,0,0
129,37,19,15,IN_PROGRESS,1,0,2,3,0,0,0,0,0
129,38,18,22,IN_PROGRESS,0,0,4,5,0,0,0,0,0
129,39,19,22,IN_PROGRESS,0,6,3,5,118,0,0,1,1
129,40,20,22,IN_PROGRESS,0,11,3,5,118,0,0,1,1
129,41,21,15,IN_PROGRESS,1,0,2,2,0,0,0,0,0
129,42,20,15,IN_PROGRESS,1,21,2,2,113,0,0,1,1
129,43,23,22,IN_PROGRESS,0,0,1,3,0,0,0,0,0
130,0,5,8,IN_PROGRESS,1,0,2,2,0,0,0,0,0
130,1,3,1,IN_PROGRESS,0,0,4,7,0,0,0,0,0
130,2,4,1,IN_PROGRESS,0,6,5,8,119,0,0,1,1
130,3,5,1,IN_PROGRESS,0,8,6,9,119,0,0,1,1
130,4,1,1,IN_PROGRESS,0,5,3,4,97,0,0,1,1
130,5,7,2,IN_PROGRESS,0,1,4,7,77,0,0,1,1
130,6,8,1,IN_PROGRESS,0,0,5,8,0,0,0,0,0
130,7,9,1,IN_PROGRESS,0,0,4,8,0,0,0,0,0
130,8,10,1,IN_PROGRESS,0,10,4,8,119,0,0,1,1
130,9,2,1,IN_PROGRESS,0,9,4,5,99,0,0,1,1
130,10,11,8,IN_PROGRESS,1,0,1,1,0,0,0,0,0
130,11,13,1,IN_PROGRESS,0,0,4,6,0,0,0,0,0
130,12,14,1,IN_PROGRESS,0,9,3,5,119,0,0,1,1
130,13,15,1,IN_PROGRESS,0,11,3,6,119,0,0,1,1
130,14,16,5,IN_PROGRESS,1,9,2,5,111,0,0,1,1
130,15,7,1,IN_PROGRESS,0,10,6,8,81,0,0,1,1
130,16,16,1,IN_PROGRESS,0,11,3,7,119,0,0,1,1
130,17,17,5,IN_PROGRESS,1,16,2,4,111,0,0,1,1
130,18,17,4,IN_PROGRESS,0,15,2,5,85,0,0,1,1
130,19,21,1,IN_PROGRESS,0,0,1,3,0,0,0,0,0
130,20,21,5,IN_PROGRESS,1,0,0,5,0,0,0,0,0
130,21,22,1,IN_PROGRESS,0,16,1,2,113,0,0,1,1
130,22,8,15,IN_PROGRESS,0,7,7,7,111,0,0,1,1
130,23,4,8,IN_PROGRESS,0,15,2,2,108,0,0,1,1
130,24,3,8,IN_PROGRESS,0,1,2,2,108,0,0,1,1
130,25,7,14,IN_PROGRESS,0,10,6,7,93,0,0,1,1
130,26,7,15,IN_PROGRESS,0,8,7,7,99,0,0,1,1
130,27,7,16,IN_PROGRESS,0,6,7,7,102,0,0,1,1
130,28,9,15,IN_PROGRESS,1,7,6,8,97,0,0,1,1
130,29,9,16,IN_PROGRESS,1,22,6,8,103,0,0,1,1
130,30,8,16,IN_PROGRESS,0,3,7,7,109,0,0,1,1
130,31,7,17,IN_PROGRESS,1,5,6,7,101,0,0,1,1
130,32,12,8,IN_PROGRESS,0,2,1,1,111,0,0,1,1
130,33,14,16,IN_PROGRESS,1,13,1,2,116,0,0,1,1
130,34,14,15,IN_PROGRESS,1,0,1,3,0,0,0,0,0
130,35,15,22,IN_PROGRESS,0,0,2,4,0,0,0,0,0
130,36,16,22,IN_PROGRESS,0,0,3,4,0,0,0,0,0
130,37,19,15,IN_PROGRESS,1,0,2,3,0,0,0,0,0
130,38,18,22,IN_PROGRESS,0,0,4,5,0,0,0,0,0
130,39,19,22,IN_PROGRESS,0,6,3,5,119,0,0,1,1
130,40,20,22,IN_PROGRESS,0,11,3,5,119,0,0,1,1
130,41,21,15,IN_PROGRESS,1,0,2,2,0,0,0,0,0
130,42,20,15,IN_PROGRESS,1,21,2,2,114,0,0,1,1
130,43,23,22,IN_PROGRESS,0,0,1,3,0,0,0,0,0
131,0,5,8,IN_PROGRESS,1,0,2,2,0,0,0,0,0
131,1,3,1,IN_PROGRESS,0,0,4,7,0,0,0,0,0
131,2,4,1,IN_PROGRESS,0,6,5,8,120,0,0,1,1
131,3,5,1,IN_PROGRESS,0,8,6,9,120,0,0,1,1
131,4,1,1,IN_PROGRESS,0,5,3,4,98,0,0,1,1
131,5,7,2,IN_PROGRESS,0,1,4,7,78,0,0,1,1
131,6,8,1,IN_PROGRESS,0,0,5,8,0,0,0,0,0
131,7,9,1,IN_PROGRESS,0,0,4,8,0,0,0,0,0
131,8,10,1,IN_PROGRESS,0,10,4,8,120,0,0,1,1
131,9,2,1,IN_PROGRESS,0,9,4,5,100,0,0,1,1
131,10,11,8,IN_PROGRESS,1,0,1,1,0,0,0,0,0
131,11,13,1,IN_PROGRESS,0,0,4,6,0,0,0,0,0
131,12,14,1,IN_PROGRESS,0,9,3,5,120,0,0,1,1
131,13,15,1,IN_PROGRESS,0,11,3,6,120,0,0,1,1
131,14,16,5,IN_PROGRESS,1,9,2,5,112,0,0,1,1
131,15,7,1,IN_PROGRESS,0,10,6,8,82,0,0,1,1
131,16,16,1,IN_PROGRESS,0,11,3,7,120,0,0,1,1
131,17,17,5,IN_PROGRESS,1,16,2,4,112,0,0,1,1
131,18,17,4,IN_PROGRESS,0,15,2,5,86,0,0,1,1
131,19,21,1,IN_PROGRESS,0,0,1,3,0,0,0,0,0
131,20,21,5,IN_PROGRESS,1,0,0,5,0,0,0,0,0
131,21,22,1,IN_PROGRESS,0,16,1,2,114,0,0,1,1
131,22,8,15,IN_PROGRESS,0,7,7,7,112,0,0,1,1
131,23,4,8,IN_PROGRESS,0,15,2,2,109,0,0,1,1
131,24,3,8,IN_PROGRESS,0,1,2,2,109,0,0,1,1
131,25,7,14,IN_PROGRESS,0,10,6,7,94,0,0,1,1
131,26,7,15,IN_PROGRESS,0,8,7,7,100,0,0,1,1
131,27,7,16,IN_PROGRESS,0,6,7,7,103,0,0,1,1
131,28,9,15,IN_PROGRESS,1,7,6,8,98,0,0,1,1
131,29,9,16,IN_PROGRESS,1,22,6,8,104,0,0,1,1
131,30,8,16,IN_PROGRESS,0,3,7,7,110,0,0,1,1
131,31,7,17,IN_PROGRESS,1,5,6,7,102,0,0,1,1
131,32,12,8,IN_PROGRESS,0,2,1,1,112,0,0,1,1
131,33,14,16,IN_PROGRESS,1,13,1,2,117,0,0,1,1
131,34,14,15,IN_PROGRESS,1,0,1,3,0,0,0,0,0
131,35,15,22,IN_PROGRESS,0,0,2,4,0,0,0,0,0
131,36,16,22,IN_PROGRESS,0,0,3,4,0,0,0,0,0
131,37,19,15,IN_PROGRESS,1,0,2,3,0,0,0,0,0
131,38,18,22,IN_PROGRESS,0,0,4,5,0,0,0,0,0
131,39,19,22,IN_PROGRESS,0,6,3,5,120,0,0,1,1
131,40,20,22,IN_PROGRESS,0,11,3,5,120,0,0,1,1
131,41,21,15,IN_PROGRESS,1,0,2,2,0,0,0,0,0
131,42,20,15,IN_PROGRESS,1,21,2,2,115,0,0,1,1
131,43,23,22,IN_PROGRESS,0,0,1,3,0,0,0,0,0
132,0,5,8,IN_PROGRESS,1,0,2,2,0,0,0,0,0
132,1,3,1,IN_PROGRESS,0,0,4,7,0,0,0,0,0
132,2,4,1,IN_PROGRESS,0,6,5,8,121,0,0,1,1
132,3,5,1,IN_PROGRESS,0,8,6,9,121,0,0,1,1
132,4,1,1,IN_PROGRESS,0,5,3,4,99,0,0,1,1
132,5,7,2,IN_PROGRESS,0,1,4,7,79,0,0,1,1
132,6,8,1,IN_PROGRESS,0,0,5,8,0,0,0,0,0
132,7,9,1,IN_PROGRESS,0,0,4,8,0,0,0,0,0
132,8,10,1,IN_PROGRESS,0,10,4,8,121,0,0,1,1
132,9,2,1,IN_PROGRESS,0,9,4,5,101,0,0,1,1
132,10,11,8,IN_PROGRESS,1,0,1,1,0,0,0,0,0
132,11,13,1,IN_PROGRESS,0,0,4,6,0,0,0,0,0
132,12,14,1,IN_PROGRESS,0,9,3,5,121,0,0,1,1
132,13,15,1,IN_PROGRESS,0,11,3,6,121,0,0,1,1
132,14,16,5,IN_PROGRESS,1,9,2,5,113,0,0,1,1
132,15,7,1,IN_PROGRESS,0,10,6,8,83,0,0,1,1
132,16,16,1,IN_PROGRESS,0,11,3,7,121,0,0,1,1
132,17,17,5,IN_PROGRESS,1,16,2,4,113,0,0,1,1
132,18,17,4,IN_PROGRESS,0,15,2,5,87,0,0,1,1
132,19,21,1,IN_PROGRESS,0,0,1,3,0,0,0,0,0
132,20,21,5,IN_PROGRESS,1,0,0,5,0,0,0,0,0
132,21,22,1,IN_PROGRESS,0,16,1,2,115,0,0,1,1
132,22,8,15,IN_PROGRESS,0,7,7,7,113,0,0,1,1
132,23,4,8,IN_PROGRESS,0,15,2,2,110,0,0,1,1
132,24,3,8,IN_PROGRESS,0,1,2,2,110,0,0,1,1
132,25,7,14,IN_PROGRESS,0,10,6,7,95,0,0,1,1
132,26,7,15,IN_PROGRESS,0,8,7,7,101,0,0,1,1
132,27,7,16,IN_PROGRESS,0,6,7,7,104,0,0,1,1
132,28,9,15,IN_PROGRESS,1,7,6,8,99,0,0,1,1
132,29,9,16,IN_PROGRESS,1,22,6,8,105,0,0,1,1
132,30,8,16,IN_PROGRESS,0,3,7,7,111,0,0,1,1
132,31,7,17,IN_PROGRESS,1,5,6,7,103,0,0,1,1
132,32,12,8,IN_PROGRESS,0,2,1,1,113,0,0,1,1
132,33,14,16,IN_PROGRESS,1,13,1,2,118,0,0,1,1
132,34,14,15,IN_PROGRESS,1,0,1,3,0,0,0,0,0
132,35,15,22,IN_PROGRESS,0,0,2,4,0,0,0,0,0
132,36,16,22,IN_PROGRESS,0,0,3,4,0,0,0,0,0
132,37,19,15,IN_PROGRESS,1,0,2,3,0,0,0,0,0
132,38,18,22,IN_PROGRESS,0,0,4,5,0,0,0,0,0
132,39,19,22,IN_PROGRESS,0,6,3,5,121,0,0,1,1
132,40,20,22,IN_PROGRESS,0,11,3,5,121,0,0,1,1
132,41,21,15,IN_PROGRESS,1,0,2,2,0,0,0,0,0
132,42,20,15,IN_PROGRESS,1,21,2,2,116,0,0,1,1
132,43,23,22,IN_PROGRESS,0,0,1,3,0,0,0,0,0
133,0,5,8,IN_PROGRESS,1,0,2,2,0,0,0,0,0
133,1,3,1,IN_PROGRESS,0,0,4,7,0,0,0,0,0
133,2,4,1,IN_PROGRESS,0,6,5,8,122,0,0,1,1
133,3,5,1,IN_PROGRESS,0,8,6,9,122,0,0,1,1
133,4,1,1,IN_PROGRESS,0,5,3,4,100,0,0,1,1
133,5,7,2,IN_PROGRESS,0,1,4,7,80,0,0,1,1
133,6,8,1,IN_PROGRESS,0,0,5,8,0,0,0,0,0
133,7,9,1,IN_PROGRESS,0,0,4,8,0,0,0,0,0
133,8,10,1,IN_PROGRESS,0,10,4,8,122,0,0,1,1
133,9,2,1,IN_PROGRESS,0,9,4,5,102,0,0,1,1
133,10,11,8,IN_PROGRESS,1,0,1,1,0,0,0,0,0
133,11,13,1,IN_PROGRESS,0,0,4,6,0,0,0,0,0
133,12,14,1,IN_PROGRESS,0,9,3,5,122,0,0,1,1
133,13,15,1,IN_PROGRESS,0,11,3,6,122,0,0,1,1
133,14,16,5,IN_PROGRESS,1,9,2,5,114,0,0,1,1
133,15,7,1,IN_PROGRESS,0,10,6,8,84,0,0,1,1
133,16,16,1,IN_PROGRESS,0,11,3,7,122,0,0,1,1
133,17,17,5,IN_PROGRESS,1,16,2,4,114,0,0,1,1
133,18,17,4,IN_PROGRESS,0,15,2,5,88,0,0,1,1
133,19,21,1,IN_PROGRESS,0,0,1,3,0,0,0,0,0
133,20,21,5,IN_PROGRESS,1,0,0,5,0,0,0,0,0
133,21,22,1,IN_PROGRESS,0,16,1,2,116,0,0,1,1
133,22,8,15,IN_PROGRESS,0,7,7,7,114,0,0,1,1
133,23,4,8,IN_PROGRESS,0,15,2,2,111,0,0,1,1
133,24,3,8,IN_PROGRESS,0,1,2,2,111,0,0,1,1
133,25,7,14,IN_PROGRESS,0,10,6,7,96,0,0,1,1
133,26,7,15,IN_PROGRESS,0,8,7,7,102,0,0,1,1
133,27,7,16,IN_PROGRESS,0,6,7,7,105,0,0,1,1
133,28,9,15,IN_PROGRESS,1,7,6,8,100,0,0,1,1
133,29,9,16,IN_PROGRESS,1,22,6,8,106,0,0,1,1
133,30,8,16,IN_PROGRESS,0,3,7,7,112,0,0,1,1
133,31,7,17,IN_PROGRESS,1,5,6,7,104,0,0,1,1
133,32,12,8,IN_PROGRESS,0,2,1,1,114,0,0,1,1
133,33,14,16,IN_PROGRESS,1,13,1,2,119,0,0,1,1
133,34,14,15,IN_PROGRESS,1,0,1,3,0,0,0,0,0
133,35,15,22,IN_PROGRESS,0,0,2,4,0,0,0,0,0
133,36,16,22,IN_PROGRESS,0,0,3,4,0,0,0,0,0
133,37,19,15,IN_PROGRESS,1,0,2,3,0,0,0,0,0
133,38,18,22,IN_PROGRESS,0,0,4,5,0,0,0,0,0
133,39,19,22,IN_PROGRESS,0,6,3,5,122,0,0,1,1
133,40,20,22,IN_PROGRESS,0,11,3,5,122,0,0,1,1
133,41,21,15,IN_PROGRESS,1,0,2,2,0,0,0,0,0
133,42,20,15,IN_PROGRESS,1,21,2,2,117,0,0,1,1
133,43,23,22,IN_PROGRESS,0,0,1,3,0,0,0,0,0
134,0,5,8,IN_PROGRESS,1,0,2,2,0,0,0,0,0
134,1,3,1,IN_PROGRESS,0,0,4,7,0,0,0,0,0
134,2,4,1,IN_PROGRESS,0,6,5,8,123,0,0,1,1
134,3,5,1,IN_PROGRESS,0,8,6,9,123,0,0,1,1
134,4,1,1,IN_PROGRESS,0,5,3,4,101,0,0,1,1
134,5,7,2,IN_PROGRESS,0,1,4,7,81,0,0,1,1
134,6,8,1,IN_PROGRESS,0,0,5,8,0,0,0,0,0
134,7,9,1,IN_PROGRESS,0,0,4,8,0,0,0,0,0
134,8,10,1,IN_PROGRESS,0,10,4,8,123,0,0,1,1
134,9,2,1,IN_PROGRESS,0,9,4,5,103,0,0,1,1
134,10,11,8,IN_PROGRESS,1,0,1,1,0,0,0,0,0
134,11,13,1,IN_PROGRESS,0,0,4,6,0,0,0,0,0
134,12,14,1,IN_PROGRESS,0,9,3,5,123,0,0,1,1
134,13,15,1,IN_PROGRESS,0,11,3,6,123,0,0,1,1
134,14,16,5,IN_PROGRESS,1,9,2,5,115,0,0,1,1
134,15,7,1,IN_PROGRESS,0,10,6,8,85,0,0,1,1
134,16,16,1,IN_PROGRESS,0,11,3,7,123,0,0,1,1
134,17,17,5,IN_PROGRESS,1,16,2,4,115,0,0,1,1
134,18,17,4,IN_PROGRESS,0,15,2,5,89,0,0,1,1
134,19,21,1,IN_PROGRESS,0,0,1,3,0,0,0,0,0
134,20,21,5,IN_PROGRESS,1,0,0,5,0,0,0,0,0
134,21,22,1,IN_PROGRESS,0,16,1,2,117,0,0,1,1
134,22,8,15,IN_PROGRESS,0,7,7,7,115,0,0,1,1
134,23,4,8,IN_PROGRESS,0,15,2,2,112,0,0,1,1
134,24,3,8,IN_PROGRESS,0,1,2,2,112,0,0,1,1
134,25,7,14,IN_PROGRESS,0,10,6,7,97,0,0,1,1
134,26,7,15,IN_PROGRESS,0,8,7,7,103,0,0,1,1
134,27,7,16,IN_PROGRESS,0,6,7,7,106,0,0,1,1
134,28,9,15,IN_PROGRESS,1,7,6,8,101,0,0,1,1
134,29,9,16,IN_PROGRESS,1,22,6,8,107,0,0,1,1
134,30,8,16,IN_PROGRESS,0,3,7,7,113,0,0,1,1
134,31,7,17,IN_PROGRESS,1,5,6,7,105,0,0,1,1
134,32,12,8,IN_PROGRESS,0,2,1,1,115,0,0,1,1
134,33,14,16,IN_PROGRESS,1,13,1,2,120,0,0,1,1
134,34,14,15,IN_PROGRESS,1,0,1,3,0,0,0,0,0
134,35,15,22,IN_PROGRESS,0,0,2,4,0,0,0,0,0
134,36,16,22,IN_PROGRESS,0,0,3,4,0,0,0,0,0
134,37,19,15,IN_PROGRESS,1,0,2,3,0,0,0,0,0
134,38,18,22,IN_PROGRESS,0,0,4,5,0,0,0,0,0
134,39,19,22,IN_PROGRESS,0,6,3,5,123,0,0,1,1
134,40,20,22,IN_PROGRESS,0,11,3,5,123,0,0,1,1
134,41,21,15,IN_PROGRESS,1,0,2,2,0,0,0,0,0
134,42,20,15,IN_PROGRESS,1,21,2,2,118,0,0,1,1
134,43,23,22,IN_PROGRESS,0,0,1,3,0,0,0,0,0
135,0,5,8,IN_PROGRESS,1,0,2,2,0,0,0,0,0
135,1,3,1,IN_PROGRESS,0,0,4,7,0,0,0,0,0
135,2,4,1,IN_PROGRESS,0,6,5,8,124,0,0,1,1
135,3,5,1,IN_PROGRESS,0,8,6,9,124,0,0,1,1
135,4,1,1,IN_PROGRESS,0,5,3,4,102,0,0,1,1
135,5,7,2,IN_PROGRESS,0,1,4,7,82,0,0,1,1
135,6,8,1,IN_PROGRESS,0,0,5,8,0,0,0,0,0
135,7,9,1,IN_PROGRESS,0,0,4,8,0,0,0,0,0
135,8,10,1,IN_PROGRESS,0,10,4,8,124,0,0,1,1
135,9,2,1,IN_PROGRESS,0,9,4,5,104,0,0,1,1
135,10,11,8,IN_PROGRESS,1,0,1,1,0,0,0,0,0
135,11,13,1,IN_PROGRESS,0,0,4,6,0,0,0,0,0
135,12,14,1,IN_PROGRESS,0,9,3,5,124,0,0,1,1
135,13,15,1,IN_PROGRESS,0,11,3,6,124,0,0,1,1
135,14,16,5,IN_PROGRESS,1,9,2,5,116,0,0,1,1
135,15,7,1,IN_PROGRESS,0,10,6,8,86,0,0,1,1
135,16,16,1,IN_PROGRESS,0,11,3,7,124,0,0,1,1
135,17,17,5,IN_PROGRESS,1,16,2,4,116,0,0,1,1
135,18,17,4,IN_PROGRESS,0,15,2,5,90,0,0,1,1
135,19,21,1,IN_PROGRESS,0,0,1,3,0,0,0,0,0
135,20,21,5,IN_PROGRESS,1,0,0,5,0,0,0,0,0
135,21,22,1,IN_PROGRESS,0,16,1,2,118,0,0,1,1
135,22,8,15,IN_PROGRESS,0,7,7,7,116,0,0,1,1
135,23,4,8,IN_PROGRESS,0,15,2,2,113,0,0,1,1
135,24,3,8,IN_PROGRESS,0,1,2,2,113,0,0,1,1
135,25,7,14,IN_PROGRESS,0,10,6,7,98,0,0,1,1
135,26,7,15,IN_PROGRESS,0,8,7,7,104,0,0,1,1
135,27,7,16,IN_PROGRESS,0,6,7,7,107,0,0,1,1
135,28,9,15,IN_PROGRESS,1,7,6,8,102,0,0,1,1
135,29,9,16,IN_PROGRESS,1,22,6,8,108,0,0,1,1
135,30,8,16,IN_PROGRESS,0,3,7,7,114,0,0,1,1
135,31,7,17,IN_PROGRESS,1,5,6,7,106,0,0,1,1
135,32,12,8,IN_PROGRESS,0,2,1,1,116,0,0,1,1
135,33,14,16,IN_PROGRESS,1,13,1,2,121,0,0,1,1
135,34,14,15,IN_PROGRESS,1,0,1,3,0,0,0,0,0
135,35,15,22,IN_PROGRESS,0,0,2,4,0,0,0,0,0
135,36,16,22,IN_PROGRESS,0,0,3,4,0,0,0,0,0
135,37,19,15,IN_PROGRESS,1,0,2,3,0,0,0,0,0
135,38,18,22,IN_PROGRESS,0,0,4,5,0,0,0,0,0
135,39,19,22,IN_PROGRESS,0,6,3,5,124,0,0,1,1
135,40,20,22,IN_PROGRESS,0,11,3,5,124,0,0,1,1
135,41,21,15,IN_PROGRESS,1,0,2,2,0,0,0,0,0
135,42,20,15,IN_PROGRESS,1,21,2,2,119,0,0,1,1
135,43,23,22,IN_PROGRESS,0,0,1,3,0,0,0,0,0
136,0,5,8,IN_PROGRESS,1,0,2,2,0,0,0,0,0
136,1,3,1,IN_PROGRESS,0,0,4,7,0,0,0,0,0
136,2,4,1,IN_PROGRESS,0,6,5,8,125,0,0,1,1
136,3,5,1,IN_PROGRESS,0,8,6,9,125,0,0,1,1
136,4,1,1,IN_PROGRESS,0,5,3,4,103,0,0,1,1
136,5,7,2,IN_PROGRESS,0,1,4,7,83,0,0,1,1
136,6,8,1,IN_PROGRESS,0,0,5,8,0,0,0,0,0
136,7,9,1,IN_PROGRESS,0,0,4,8,0,0,0,0,0
136,8,10,1,IN_PROGRESS,0,10,4,8,125,0,0,1,1
136,9,2,1,IN_PROGRESS,0,9,4,5,105,0,0,1,1
136,10,11,8,IN_PROGRESS,1,0,1,1,0,0,0,0,0
136,11,13,1,IN_PROGRESS,0,0,4,6,0,0,0,0,0
136,12,14,1,IN_PROGRESS,0,9,3,5,125,0,0,1,1
136,13,15,1,IN_PROGRESS,0,11,3,6,125,0,0,1,1
136,14,16,5,IN_PROGRESS,1,9,2,5,117,0,0,1,1
136,15,7,1,IN_PROGRESS,0,10,6,8,87,0,0,1,1
136,16,16,1,IN_PROGRESS,0,11,3,7,125,0,0,1,1
136,17,17,5,IN_PROGRESS,1,16,2,4,117,0,0,1,1
136,18,17,4,IN_PROGRESS,0,15,2,5,91,0,0,1,1
136,19,21,1,IN_PROGRESS,0,0,1,3,0,0,0,0,0
136,20,21,5,IN_PROGRESS,1,0,0,5,0,0,0,0,0
136,21,22,1,IN_PROGRESS,0,16,1,2,119,0,0,1,1
136,22,8,15,IN_PROGRESS,0,7,7,7,117,0,0,1,1
136,23,4,8,IN_PROGRESS,0,15,2,2,114,0,0,1,1
136,24,3,8,IN_PROGRESS,0,1,2,2,114,0,0,1,1
136,25,7,14,IN_PROGRESS,0,10,6,7,99,0,0,1,1
136,26,7,15,IN_PROGRESS,0,8,7,7,105,0,0,1,1
136,27,7,16,IN_PROGRESS,0,6,7,7,108,0,0,1,1
136,28,9,15,IN_PROGRESS,1,7,6,8,103,0,0,1,1
136,29,9,16,IN_PROGRESS,1,22,6,8,109,0,0,1,1
136,30,8,16,IN_PROGRESS,0,3,7,7,115,0,0,1,1
136,31,7,17,IN_PROGRESS,1,5,6,7,107,0,0,1,1
136,32,12,8,IN_PROGRESS,0,2,1,1,117,0,0,1,1
136,33,14,16,IN_PROGRESS,1,13,1,2,122,0,0,1,1
136,34,14,15,IN_PROGRESS,1,0,1,3,0,0,0,0,0
136,35,15,22,IN_PROGRESS,0,0,2,4,0,0,0,0,0
136,36,16,22,IN_PROGRESS,0,0,3,4,0,0,0,0,0
136,37,19,15,IN_PROGRESS,1,0,2,3,0,0,0,0,0
136,38,18,22,IN_PROGRESS,0,0,4,5,0,0,0,0,0
136,39,19,22,IN_PROGRESS,0,6,3,5,125,0,0,1,1
136,40,20,22,IN_PROGRESS,0,11,3,5,125,0,0,1,1
136,41,21,15,IN_PROGRESS,1,0,2,2,0,0,0,0,0
136,42,20,15,IN_PROGRESS,1,21,2,2,120,0,0,1,1
136,43,23,22,IN_PROGRESS,0,0,1,3,0,0,0,0,0
137,0,5,8,IN_PROGRESS,1,0,2,2,0,0,0,0,0
137,1,3,1,IN_PROGRESS,0,0,4,7,0,0,0,0,0
137,2,4,1,IN_PROGRESS,0,6,5,8,126,0,0,1,1
137,3,5,1,IN_PROGRESS,0,8,6,9,126,0,0,1,1
137,4,1,1,IN_PROGRESS,0,5,3,4,104,0,0,1,1
137,5,7,2,IN_PROGRESS,0,1,4,7,84,0,0,1,1
137,6,8,1,IN_PROGRESS,0,0,5,8,0,0,0,0,0
137,7,9,1,IN_PROGRESS,0,0,4,8,0,0,0,0,0
137,8,10,1,IN_PROGRESS,0,10,4,8,126,0,0,1,1
137,9,2,1,IN_PROGRESS,0,9,4,5,106,0,0,1,1
137,10,11,8,IN_PROGRESS,1,0,1,1,0,0,0,0,0
137,11,13,1,IN_PROGRESS,0,0,4,6,0,0,0,0,0
137,12,14,1,IN_PROGRESS,0,9,3,5,126,0,0,1,1
137,13,15,1,IN_PROGRESS,0,11,3,6,126,0,0,1,1
137,14,16,5,IN_PROGRESS,1,9,2,5,118,0,0,1,1
137,15,7,1,IN_PROGRESS,0,10,6,8,88,0,0,1,1
137,16,16,1,IN_PROGRESS,0,11,3,7,126,0,0,1,1
137,17,17,5,IN_PROGRESS,1,16,2,4,118,0,0,1,1
137,18,17,4,IN_PROGRESS,0,15,2,5,92,0,0,1,1
137,19,21,1,IN_PROGRESS,0,0,1,3,0,0,0,0,0
137,20,21,5,IN_PROGRESS,1,0,0,5,0,0,0,0,0
137,21,22,1,IN_PROGRESS,0,16,1,2,120,0,0,1,1
137,22,8,15,IN_PROGRESS,0,7,7,7,118,0,0,1,1
137,23,4,8,IN_PROGRESS,0,15,2,2,115,0,0,1,1
137,24,3,8,IN_PROGRESS,0,1,2,2,115,0,0,1,1
137,25,7,14,IN_PROGRESS,0,10,6,7,100,0,0,1,1
137,26,7,15,IN_PROGRESS,0,8,7,7,106,0,0,1,1
137,27,7,16,IN_PROGRESS,0,6,7,7,109,0,0,1,1
137,28,9,15,IN_PROGRESS,1,7,6,8,104,0,0,1,1
137,29,9,16,IN_PROGRESS,1,22,6,8,110,0,0,1,1
137,30,8,16,IN_PROGRESS,0,3,7,7,116,0,0,1,1
137,31,7,17,IN_PROGRESS,1,5,6,7,108,0,0,1,1
137,32,12,8,IN_PROGRESS,0,2,1,1,118,0,0,1,1
137,33,14,16,IN_PROGRESS,1,13,1,2,123,0,0,1,1
137,34,14,15,IN_PROGRESS,1,0,1,3,0,0,0,0,0
137,35,15,22,IN_PROGRESS,0,0,2,4,0,0,0,0,0
137,36,16,22,IN_PROGRESS,0,0,3,4,0,0,0,0,0
137,37,19,15,IN_PROGRESS,1,0,2,3,0,0,0,0,0
137,38,18,22,IN_PROGRESS,0,0,4,5,0,0,0,0,0
137,39,19,22,IN_PROGRESS,0,6,3,5,126,0,0,1,1
137,40,20,22,IN_PROGRESS,0,11,3,5,126,0,0,1,1
137,41,21,15,IN_PROGRESS,1,0,2,2,0,0,0,0,0
137,42,20,15,IN_PROGRESS,1,21,2,2,121,0,0,1,1
137,43,23,22,IN_PROGRESS,0,0,1,3,0,0,0,0,0
138,0,5,8,IN_PROGRESS,1,0,2,2,0,0,0,0,0
138,1,3,1,IN_PROGRESS,0,0,4,7,0,0,0,0,0
138,2,4,1,IN_PROGRESS,0,6,5,8,127,0,0,1,1
138,3,5,1,IN_PROGRESS,0,8,6,9,127,0,0,1,1
138,4,1,1,IN_PROGRESS,0,5,3,4,105,0,0,1,1
138,5,7,2,IN_PROGRESS,0,1,4,7,85,0,0,1,1
138,6,8,1,IN_PROGRESS,0,0,5,8,0,0,0,0,0
138,7,9,1,IN_PROGRESS,0,0,4,8,0,0,0,0,0
138,8,10,1,IN_PROGRESS,0,10,4,8,127,0,0,1,1
138,9,2,1,IN_PROGRESS,0,9,4,5,107,0,0,1,1
138,10,11,8,IN_PROGRESS,1,0,1,1,0,0,0,0,0
138,11,13,1,IN_PROGRESS,0,0,4,6,0,0,0,0,0
138,12,14,1,IN_PROGRESS,0,9,3,5,127,0,0,1,1
138,13,15,1,IN_PROGRESS,0,11,3,6,127,0,0,1,1
138,14,16,5,IN_PROGRESS,1,9,2,5,119,0,0,1,1
138,15,7,1,IN_PROGRESS,0,10,6,8,89,0,0,1,1
138,16,16,1,IN_PROGRESS,0,11,3,7,127,0,0,1,1
138,17,17,5,IN_PROGRESS,1,16,2,4,119,0,0,1,1
138,18,17,4,IN_PROGRESS,0,15,2,5,93,0,0,1,1
138,19,21,1,IN_PROGRESS,0,0,1,3,0,0,0,0,0
138,20,21,5,IN_PROGRESS,1,0,0,5,0,0,0,0,0
138,21,22,1,IN_PROGRESS,0,16,1,2,121,0,0,1,1
138,22,8,15,IN_PROGRESS,0,7,7,7,119,0,0,1,1
138,23,4,8,IN_PROGRESS,0,15,2,2,116,0,0,1,1
138,24,3,8,IN_PROGRESS,0,1,2,2,116,0,0,1,1
138,25,7,14,IN_PROGRESS,0,10,6,7,101,0,0,1,1
138,26,7,15,IN_PROGRESS,0,8,7,7,107,0,0,1,1
138,27,7,16,IN_PROGRESS,0,6,7,7,110,0,0,1,1
138,28,9,15,IN_PROGRESS,1,7,6,8,105,0,0,1,1
138,29,9,16,IN_PROGRESS,1,22,6,8,111,0,0,1,1
138,30,8,16,IN_PROGRESS,0,3,7,7,117,0,0,1,1
138,31,7,17,IN_PROGRESS,1,5,6,7,109,0,0,1,1
138,32,12,8,IN_PROGRESS,0,2,1,1,119,0,0,1,1
138,33,14,16,IN_PROGRESS,1,13,1,2,124,0,0,1,1
138,34,14,15,IN_PROGRESS,1,0,1,3,0,0,0,0,0
138,35,15,22,IN_PROGRESS,0,0,2,4,0,0,0,0,0
138,36,16,22,IN_PROGRESS,0,0,3,4,0,0,0,0,0
138,37,19,15,IN_PROGRESS,1,0,2,3,0,0,0,0,0
138,38,18,22,IN_PROGRESS,0,0,4,5,0,0,0,0,0
138,39,19,22,IN_PROGRESS,0,6,3,5,127,0,0,1,1
138,40,20,22,IN_PROGRESS,0,11,3,5,127,0,0,1,1
138,41,21,15,IN_PROGRESS,1,0,2,2,0,0,0,0,0
138,42,20,15,IN_PROGRESS,1,21,2,2,122,0,0,1,1
138,43,23,22,IN_PROGRESS,0,0,1,3,0,0,0,0,0
139,0,5,8,IN_PROGRESS,1,0,2,2,0,0,0,0,0
139,1,3,1,IN_PROGRESS,0,0,4,7,0,0,0,0,0
139,2,4,1,IN_PROGRESS,0,6,5,8,128,0,0,1,1
139,3,5,1,IN_PROGRESS,0,8,6,9,128,0,0,1,1
139,4,1,1,IN_PROGRESS,0,5,3,4,106,0,0,1,1
139,5,7,2,IN_PROGRESS,0,1,4,7,86,0,0,1,1
139,6,8,1,IN_PROGRESS,0,0,5,8,0,0,0,0,0
139,7,9,1,IN_PROGRESS,0,0,4,8,0,0,0,0,0
139,8,10,1,IN_PROGRESS,0,10,4,8,128,0,0,1,1
139,9,2,1,IN_PROGRESS,0,9,4,5,108,0,0,1,1
139,10,11,8,IN_PROGRESS,1,0,1,1,0,0,0,0,0
139,11,13,1,IN_PROGRESS,0,0,4,6,0,0,0,0,0
139,12,14,1,IN_PROGRESS,0,9,3,5,128,0,0,1,1
139,13,15,1,IN_PROGRESS,0,11,3,6,128,0,0,1,1
139,14,16,5,IN_PROGRESS,1,9,2,5,120,0,0,1,1
139,15,7,1,IN_PROGRESS,0,10,6,8,90,0,0,1,1
139,16,16,1,IN_PROGRESS,0,11,3,7,128,0,0,1,1
139,17,17,5,IN_PROGRESS,1,16,2,4,120,0,0,1,1
139,18,17,4,IN_PROGRESS,0,15,2,5,94,0,0,1,1
139,19,21,1,IN_PROGRESS,0,0,1,3,0,0,0,0,0
139,20,21,5,IN_PROGRESS,1,0,0,5,0,0,0,0,0
139,21,22,1,IN_PROGRESS,0,16,1,2,122,0,0,1,1
139,22,8,15,IN_PROGRESS,0,7,7,7,120,0,0,1,1
139,23,4,8,IN_PROGRESS,0,15,2,2,117,0,0,1,1
139,24,3,8,IN_PROGRESS,0,1,2,2,117,0,0,1,1
139,25,7,14,IN_PROGRESS,0,10,6,7,102,0,0,1,1
139,26,7,15,IN_PROGRESS,0,8,7,7,108,0,0,1,1
139,27,7,16,IN_PROGRESS,0,6,7,7,111,0,0,1,1
139,28,9,15,IN_PROGRESS,1,7,6,8,106,0,0,1,1
139,29,9,16,IN_PROGRESS,1,22,6,8,112,0,0,1,1
139,30,8,16,IN_PROGRESS,0,3,7,7,118,0,0,1,1
139,31,7,17,IN_PROGRESS,1,5,6,7,110,0,0,1,1
139,32,12,8,IN_PROGRESS,0,2,1,1,120,0,0,1,1
139,33,14,16,IN_PROGRESS,1,13,1,2,125,0,0,1,1
139,34,14,15,IN_PROGRESS,1,0,1,3,0,0,0,0,0
139,35,15,22,IN_PROGRESS,0,0,2,4,0,0,0,0,0
139,36,16,22,IN_PROGRESS,0,0,3,4,0,0,0,0,0
139,37,19,15,IN_PROGRESS,1,0,2,3,0,0,0,0,0
139,38,18,22,IN_PROGRESS,0,0,4,5,0,0,0,0,0
139,39,19,22,IN_PROGRESS,0,6,3,5,128,0,0,1,1
139,40,20,22,IN_PROGRESS,0,11,3,5,128,0,0,1,1
139,41,21,15,IN_PROGRESS,1,0,2,2,0,0,0,0,0
139,42,20,15,IN_PROGRESS,1,21,2,2,123,0,0,1,1
139,43,23,22,IN_PROGRESS,0,0,1,3,0,0,0,0,0
140,0,5,8,IN_PROGRESS,1,0,2,2,0,0,0,0,0
140,1,3,1,IN_PROGRESS,0,0,4,7,0,0,0,0,0
140,2,4,1,IN_PROGRESS,0,6,5,8,129,0,0,1,1
140,3,5,1,IN_PROGRESS,0,8,6,9,129,0,0,1,1
140,4,1,1,IN_PROGRESS,0,5,3,4,107,0,0,1,1
140,5,7,2,IN_PROGRESS,0,1,4,7,87,0,0,1,1
140,6,8,1,IN_PROGRESS,0,0,5,8,0,0,0,0,0
140,7,9,1,IN_PROGRESS,0,0,4,8,0,0,0,0,0
140,8,10,1,IN_PROGRESS,0,10,4,8,129,0,0,1,1
140,9,2,1,IN_PROGRESS,0,9,4,5,109,0,0,1,1
140,10,11,8,IN_PROGRESS,1,0,1,1,0,0,0,0,0
140,11,13,1,IN_PROGRESS,0,0,4,6,0,0,0,0,0
140,12,14,1,IN_PROGRESS,0,9,3,5,129,0,0,1,1
140,13,15,1,IN_PROGRESS,0,11,3,6,129,0,0,1,1
140,14,16,5,IN_PROGRESS,1,9,2,5,121,0,0,1,1
140,15,7,1,IN_PROGRESS,0,10,6,8,91,0,0,1,1
140,16,16,1,IN_PROGRESS,0,11,3,7,129,0,0,1,1
140,17,17,5,IN_PROGRESS,1,16,2,4,121,0,0,1,1
140,18,17,4,IN_PROGRESS,0,15,2,5,95,0,0,1,1
140,19,21,1,IN_PROGRESS,0,0,1,3,0,0,0,0,0
140,20,21,5,IN_PROGRESS,1,0,0,5,0,0,0,0,0
140,21,22,1,IN_PROGRESS,0,16,1,2,123,0,0,1,1
140,22,8,15,IN_PROGRESS,0,7,7,7,121,0,0,1,1
140,23,4,8,IN_PROGRESS,0,15,2,2,118,0,0,1,1
140,24,3,8,IN_PROGRESS,0,1,2,2,118,0,0,1,1
140,25,7,14,IN_PROGRESS,0,10,6,7,103,0,0,1,1
140,26,7,15,IN_PROGRESS,0,8,7,7,109,0,0,1,1
140,27,7,16,IN_PROGRESS,0,6,7,7,112,0,0,1,1
140,28,9,15,IN_PROGRESS,1,7,6,8,107,0,0,1,1
140,29,9,16,IN_PROGRESS,1,22,6,8,113,0,0,1,1
140,30,8,16,IN_PROGRESS,0,3,7,7,119,0,0,1,1
140,31,7,17,IN_PROGRESS,1,5,6,7,111,0,0,1,1
140,32,12,8,IN_PROGRESS,0,2,1,1,121,0,0,1,1
140,33,14,16,IN_PROGRESS,1,13,1,2,126,0,0,1,1
140,34,14,15,IN_PROGRESS,1,0,1,3,0,0,0,0,0
140,35,15,22,IN_PROGRESS,0,0,2,4,0,0,0,0,0
140,36,16,22,IN_PROGRESS,0,0,3,4,0,0,0,0,0
140,37,19,15,IN_PROGRESS,1,0,2,3,0,0,0,0,0
140,38,18,22,IN_PROGRESS,0,0,4,5,0,0,0,0,0
140,39,19,22,IN_PROGRESS,0,6,3,5,129,0,0,1,1
140,40,20,22,IN_PROGRESS,0,11,3,5,129,0,0,1,1
140,41,21,15,IN_PROGRESS,1,0,2,2,0,0,0,0,0
140,42,20,15,IN_PROGRESS,1,21,2,2,124,0,0,1,1
140,43,23,22,IN_PROGRESS,0,0,1,3,0,0,0,0,0
141,0,5,8,IN_PROGRESS,1,0,2,2,0,0,0,0,0
141,1,3,1,IN_PROGRESS,0,0,4,7,0,0,0,0,0
141,2,4,1,IN_PROGRESS,0,6,5,8,130,0,0,1,1
141,3,5,1,IN_PROGRESS,0,8,6,9,130,0,0,1,1
141,4,1,1,IN_PROGRESS,0,5,3,4,108,0,0,1,1
141,5,7,2,IN_PROGRESS,0,1,4,7,88,0,0,1,1
141,6,8,1,IN_PROGRESS,0,0,5,8,0,0,0,0,0
141,7,9,1,IN_PROGRESS,0,0,4,8,0,0,0,0,0
141,8,10,1,IN_PROGRESS,0,10,4,8,130,0,0,1,1
141,9,2,1,IN_PROGRESS,0,9,4,5,110,0,0,1,1
141,10,11,8,IN_PROGRESS,1,0,1,1,0,0,0,0,0
141,11,13,1,IN_PROGRESS,0,0,4,6,0,0,0,0,0
141,12,14,1,IN_PROGRESS,0,9,3,5,130,0,0,1,1
141,13,15,1,IN_PROGRESS,0,11,3,6,130,0,0,1,1
141,14,16,5,IN_PROGRESS,1,9,2,5,122,0,0,1,1
141,15,7,1,IN_PROGRESS,0,10,6,8,92,0,0,1,1
141,16,16,1,IN_PROGRESS,0,11,3,7,130,0,0,1,1
141,17,17,5,IN_PROGRESS,1,16,2,4,122,0,0,1,1
141,18,17,4,IN_PROGRESS,0,15,2,5,96,0,0,1,1
141,19,21,1,IN_PROGRESS,0,0,1,3,0,0,0,0,0
141,20,21,5,IN_PROGRESS,1,0,0,5,0,0,0,0,0
141,21,22,1,IN_PROGRESS,0,16,1,2,124,0,0,1,1
141,22,8,15,IN_PROGRESS,0,7,7,7,122,0,0,1,1
141,23,4,8,IN_PROGRESS,0,15,2,2,119,0,0,1,1
141,24,3,8,IN_PROGRESS,0,1,2,2,119,0,0,1,1
141,25,7,14,IN_PROGRESS,0,10,6,7,104,0,0,1,1
141,26,7,15,IN_PROGRESS,0,8,7,7,110,0,0,1,1
141,27,7,16,IN_PROGRESS,0,6,7,7,113,0,0,1,1
141,28,9,15,IN_PROGRESS,1,7,6,8,108,0,0,1,1
141,29,9,16,IN_PROGRESS,1,22,6,8,114,0,0,1,1
141,30,8,16,IN_PROGRESS,0,3,7,7,120,0,0,1,1
141,31,7,17,IN_PROGRESS,1,5,6,7,112,0,0,1,1
141,32,12,8,IN_PROGRESS,0,2,1,1,122,0,0,1,1
141,33,14,16,IN_PROGRESS,1,13,1,2,127,0,0,1,1
141,34,14,15,IN_PROGRESS,1,0,1,3,0,0,0,0,0
141,35,15,22,IN_PROGRESS,0,0,2,4,0,0,0,0,0
141,36,16,22,IN_PROGRESS,0,0,3,4,0,0,0,0,0
141,37,19,15,IN_PROGRESS,1,0,2,3,0,0,0,0,0
141,38,18,22,IN_PROGRESS,0,0,4,5,0,0,0,0,0
141,39,19,22,IN_PROGRESS,0,6,3,5,130,0,0,1,1
141,40,20,22,IN_PROGRESS,0,11,3,5,130,0,0,1,1
141,41,21,15,IN_PROGRESS,1,0,2,2,0,0,0,0,0
141,42,20,15,IN_PROGRESS,1,21,2,2,125,0,0,1,1
141,43,23,22,IN_PROGRESS,0,0,1,3,0,0,0,0,0
142,0,5,8,IN_PROGRESS,1,0,2,2,0,0,0,0,0
142,1,3,1,IN_PROGRESS,0,0,4,7,0,0,0,0,0
142,2,4,1,IN_PROGRESS,0,6,5,8,131,0,0,1,1
142,3,5,1,IN_PROGRESS,0,8,6,9,131,0,0,1,1
142,4,1,1,IN_PROGRESS,0,5,3,4,109,0,0,1,1
142,5,7,2,IN_PROGRESS,0,1,4,7,89,0,0,1,1
142,6,8,1,IN_PROGRESS,0,0,5,8,0,0,0,0,0
142,7,9,1,IN_PROGRESS,0,0,4,8,0,0,0,0,0
142,8,10,1,IN_PROGRESS,0,10,4,8,131,0,0,1,1
142,9,2,1,IN_PROGRESS,0,9,4,5,111,0,0,1,1
142,10,11,8,IN_PROGRESS,1,0,1,1,0,0,0,0,0
142,11,13,1,IN_PROGRESS,0,0,4,6,0,0,0,0,0
142,12,14,1,IN_PROGRESS,0,9,3,5,131,0,0,1,1
142,13,15,1,IN_PROGRESS,0,11,3,6,131,0,0,1,1
142,14,16,5,IN_PROGRESS,1,9,2,5,123,0,0,1,1
142,15,7,1,IN_PROGRESS,0,10,6,8,93,0,0,1,1
142,16,16,1,IN_PROGRESS,0,11,3,7,131,0,0,1,1
142,17,17,5,IN_PROGRESS,1,16,2,4,123,0,0,1,1
142,18,17,4,IN_PROGRESS,0,15,2,5,97,0,0,1,1
142,19,21,1,IN_PROGRESS,0,0,1,3,0,0,0,0,0
142,20,21,5,IN_PROGRESS,1,0,0,5,0,0,0,0,0
142,21,22,1,IN_PROGRESS,0,16,1,2,125,0,0,1,1
142,22,8,15,IN_PROGRESS,0,7,7,7,123,0,0,1,1
142,23,4,8,IN_PROGRESS,0,15,2,2,120,0,0,1,1
142,24,3,8,IN_PROGRESS,0,1,2,2,120,0,0,1,1
142,25,7,14,IN_PROGRESS,0,10,6,7,105,0,0,1,1
142,26,7,15,IN_PROGRESS,0,8,7,7,111,0,0,1,1
142,27,7,16,IN_PROGRESS,0,6,7,7,114,0,0,1,1
142,28,9,15,IN_PROGRESS,1,7,6,8,109,0,0,1,1
142,29,9,16,IN_PROGRESS,1,22,6,8,115,0,0,1,1
142,30,8,16,IN_PROGRESS,0,3,7,7,121,0,0,1,1
142,31,7,17,IN_PROGRESS,1,5,6,7,113,0,0,1,1
142,32,12,8,IN_PROGRESS,0,2,1,1,123,0,0,1,1
142,33,14,16,IN_PROGRESS,1,13,1,2,128,0,0,1,1
142,34,14,15,IN_PROGRESS,1,0,1,3,0,0,0,0,0
142,35,15,22,IN_PROGRESS,0,0,2,4,0,0,0,0,0
142,36,16,22,IN_PROGRESS,0,0,3,4,0,0,0,0,0
142,37,19,15,IN_PROGRESS,1,0,2,3,0,0,0,0,0
142,38,18,22,IN_PROGRESS,0,0,4,5,0,0,0,0,0
142,39,19,22,IN_PROGRESS,0,6,3,5,131,0,0,1,1
142,40,20,22,IN_PROGRESS,0,11,3,5,131,0,0,1,1
142,41,21,15,IN_PROGRESS,1,0,2,2,0,0,0,0,0
142,42,20,15,IN_PROGRESS,1,21,2,2,126,0,0,1,1
142,43,23,22,IN_PROGRESS,0,0,1,3,0,0,0,0,0
143,0,5,8,IN_PROGRESS,1,0,2,2,0,0,0,0,0
143,1,3,1,IN_PROGRESS,0,0,4,7,0,0,0,0,0
143,2,4,1,IN_PROGRESS,0,6,5,8,132,0,0,1,1
143,3,5,1,IN_PROGRESS,0,8,6,9,132,0,0,1,1
143,4,1,1,IN_PROGRESS,0,5,3,4,110,0,0,1,1
143,5,7,2,IN_PROGRESS,0,1,4,7,90,0,0,1,1
143,6,8,1,IN_PROGRESS,0,0,5,8,0,0,0,0,0
143,7,9,1,IN_PROGRESS,0,0,4,8,0,0,0,0,0
143,8,10,1,IN_PROGRESS,0,10,4,8,132,0,0,1,1
143,9,2,1,IN_PROGRESS,0,9,4,5,112,0,0,1,1
143,10,11,8,IN_PROGRESS,1,0,1,1,0,0,0,0,0
143,11,13,1,IN_PROGRESS,0,0,4,6,0,0,0,0,0
143,12,14,1,IN_PROGRESS,0,9,3,5,132,0,0,1,1
143,13,15,1,IN_PROGRESS,0,11,3,6,132,0,0,1,1
143,14,16,5,IN_PROGRESS,1,9,2,5,124,0,0,1,1
143,15,7,1,IN_PROGRESS,0,10,6,8,94,0,0,1,1
143,16,16,1,IN_PROGRESS,0,11,3,7,132,0,0,1,1
143,17,17,5,IN_PROGRESS,1,16,2,4,124,0,0,1,1
143,18,17,4,IN_PROGRESS,0,15,2,5,98,0,0,1,1
143,19,21,1,IN_PROGRESS,0,0,1,3,0,0,0,0,0
143,20,21,5,IN_PROGRESS,1,0,0,5,0,0,0,0,0
143,21,22,1,IN_PROGRESS,0,16,1,2,126,0,0,1,1
143,22,8,15,IN_PROGRESS,0,7,7,7,124,0,0,1,1
143,23,4,8,IN_PROGRESS,0,15,2,2,121,0,0,1,1
143,24,3,8,IN_PROGRESS,0,1,2,2,121,0,0,1,1
143,25,7,14,IN_PROGRESS,0,10,6,7,106,0,0,1,1
143,26,7,15,IN_PROGRESS,0,8,7,7,112,0,0,1,1
143,27,7,16,IN_PROGRESS,0,6,7,7,115,0,0,1,1
143,28,9,15,IN_PROGRESS,1,7,6,8,110,0,0,1,1
143,29,9,16,IN_PROGRESS,1,22,6,8,116,0,0,1,1
143,30,8,16,IN_PROGRESS,0,3,7,7,122,0,0,1,1
143,31,7,17,IN_PROGRESS,1,5,6,7,114,0,0,1,1
143,32,12,8,IN_PROGRESS,0,2,1,1,124,0,0,1,1
143,33,14,16,IN_PROGRESS,1,13,1,2,129,0,0,1,1
143,34,14,15,IN_PROGRESS,1,0,1,3,0,0,0,0,0
143,35,15,22,IN_PROGRESS,0,0,2,4,0,0,0,0,0
143,36,16,22,IN_PROGRESS,0,0,3,4,0,0,0,0,0
143,37,19,15,IN_PROGRESS,1,0,2,3,0,0,0,0,0
143,38,18,22,IN_PROGRESS,0,0,4,5,0,0,0,0,0
143,39,19,22,IN_PROGRESS,0,6,3,5,132,0,0,1,1
143,40,20,22,IN_PROGRESS,0,11,3,5,132,0,0,1,1
143,41,21,15,IN_PROGRESS,1,0,2,2,0,0,0,0,0
143,42,20,15,IN_PROGRESS,1,21,2,2,127,0,0,1,1
143,43,23,22,IN_PROGRESS,0,0,1,3,0,0,0,0,0
144,0,5,8,IN_PROGRESS,1,0,2,2,0,0,0,0,0
144,1,3,1,IN_PROGRESS,0,0,4,7,0,0,0,0,0
144,2,4,1,IN_PROGRESS,0,6,5,8,133,0,0,1,1
144,3,5,1,IN_PROGRESS,0,8,6,9,133,0,0,1,1
144,4,1,1,IN_PROGRESS,0,5,3,4,111,0,0,1,1
144,5,7,2,IN_PROGRESS,0,1,4,7,91,0,0,1,1
144,6,8,1,IN_PROGRESS,0,0,5,8,0,0,0,0,0
144,7,9,1,IN_PROGRESS,0,0,4,8,0,0,0,0,0
144,8,10,1,IN_PROGRESS,0,10,4,8,133,0,0,1,1
144,9,2,1,IN_PROGRESS,0,9,4,5,113,0,0,1,1
144,10,11,8,IN_PROGRESS,1,0,1,1,0,0,0,0,0
144,11,13,1,IN_PROGRESS,0,0,4,6,0,0,0,0,0
144,12,14,1,IN_PROGRESS,0,9,3,5,133,0,0,1,1
144,13,15,1,IN_PROGRESS,0,11,3,6,133,0,0,1,1
144,14,16,5,IN_PROGRESS,1,9,2,5,125,0,0,1,1
144,15,7,1,IN_PROGRESS,0,10,6,8,95,0,0,1,1
144,16,16,1,IN_PROGRESS,0,11,3,7,133,0,0,1,1
144,17,17,5,IN_PROGRESS,1,16,2,4,125,0,0,1,1
144,18,17,4,IN_PROGRESS,0,15,2,5,99,0,0,1,1
144,19,21,1,IN_PROGRESS,0,0,1,3,0,0,0,0,0
144,20,21,5,IN_PROGRESS,1,0,0,5,0,0,0,0,0
144,21,22,1,IN_PROGRESS,0,16,1,2,127,0,0,1,1
144,22,8,15,IN_PROGRESS,0,7,7,7,125,0,0,1,1
144,23,4,8,IN_PROGRESS,0,15,2,2,122,0,0,1,1
144,24,3,8,IN_PROGRESS,0,1,2,2,122,0,0,1,1
144,25,7,14,IN_PROGRESS,0,10,6,7,107,0,0,1,1
144,26,7,15,IN_PROGRESS,0,8,7,7,113,0,0,1,1
144,27,7,16,IN_PROGRESS,0,7,7,7,116,0,0,1,1
144,28,9,15,IN_PROGRESS,1,7,6,8,111,0,0,1,1
144,29,9,16,IN_PROGRESS,1,22,6,8,117,0,0,1,1
144,30,8,16,IN_PROGRESS,0,3,7,7,123,0,0,1,1
144,31,7,17,IN_PROGRESS,1,5,6,7,115,0,0,1,1
144,32,12,8,IN_PROGRESS,0,2,1,1,125,0,0,1,1
144,33,14,16,IN_PROGRESS,1,13,1,2,130,0,0,1,1
144,34,14,15,IN_PROGRESS,1,0,1,3,0,0,0,0,0
144,35,15,22,IN_PROGRESS,0,0,2,4,0,0,0,0,0
144,36,16,22,IN_PROGRESS,0,0,3,4,0,0,0,0,0
144,37,19,15,IN_PROGRESS,1,0,2,3,0,0,0,0,0
144,38,18,22,IN_PROGRESS,0,0,4,5,0,0,0,0,0
144,39,19,22,IN_PROGRESS,0,6,3,5,133,0,0,1,1
144,40,20,22,IN_PROGRESS,0,11,3,5,133,0,0,1,1
144,41,21,15,IN_PROGRESS,1,0,2,2,0,0,0,0,0
144,42,20,15,IN_PROGRESS,1,21,2,2,128,0,0,1,1
144,43,23,22,IN_PROGRESS,0,0,1,3,0,0,0,0,0
145,0,5,8,IN_PROGRESS,1,0,2,2,0,0,0,0,0
145,1,3,1,IN_PROGRESS,0,0,4,7,0,0,0,0,0
145,2,4,1,IN_PROGRESS,0,6,5,8,134,0,0,1,1
145,3,5,1,IN_PROGRESS,0,8,6,9,134,0,0,1,1
145,4,1,1,IN_PROGRESS,0,5,3,4,112,0,0,1,1
145,5,7,2,IN_PROGRESS,0,1,4,7,92,0,0,1,1
145,6,8,1,IN_PROGRESS,0,0,5,8,0,0,0,0,0
145,7,9,1,IN_PROGRESS,0,0,4,8,0,0,0,0,0
145,8,10,1,IN_PROGRESS,0,10,4,8,134,0,0,1,1
145,9,2,1,IN_PROGRESS,0,9,4,5,114,0,0,1,1
145,10,11,8,IN_PROGRESS,1,0,1,1,0,0,0,0,0
145,11,13,1,IN_PROGRESS,0,0,4,6,0,0,0,0,0
145,12,14,1,IN_PROGRESS,0,9,3,5,134,0,0,1,1
145,13,15,1,IN_PROGRESS,0,11,3,6,134,0,0,1,1
145,14,16,5,IN_PROGRESS,1,9,2,5,126,0,0,1,1
145,15,7,1,IN_PROGRESS,0,10,6,8,96,0,0,1,1
145,16,16,1,IN_PROGRESS,0,11,3,7,134,0,0,1,1
145,17,17,5,IN_PROGRESS,1,16,2,4,126,0,0,1,1
145,18,17,4,IN_PROGRESS,0,15,2,5,100,0,0,1,1
145,19,21,1,IN_PROGRESS,0,0,1,3,0,0,0,0,0
145,20,21,5,IN_PROGRESS,1,0,0,5,0,0,0,0,0
145,21,22,1,IN_PROGRESS,0,16,1,2,128,0,0,1,1
145,22,8,15,IN_PROGRESS,0,7,7,7,126,0,0,1,1
145,23,4,8,IN_PROGRESS,0,15,2,2,123,0,0,1,1
145,24,3,8,IN_PROGRESS,0,1,2,2,123,0,0,1,1
145,25,7,14,IN_PROGRESS,0,10,6,7,108,0,0,1,1
145,26,7,15,IN_PROGRESS,0,8,7,7,114,0,0,1,1
145,27,7,16,IN_PROGRESS,0,6,7,7,117,0,0,1,1
145,28,9,15,IN_PROGRESS,1,7,6,8,112,0,0,1,1
145,29,9,16,IN_PROGRESS,1,22,6,8,118,0,0,1,1
145,30,8,16,IN_PROGRESS,0,3,7,7,124,0,0,1,1
145,31,7,17,IN_PROGRESS,1,5,6,7,116,0,0,1,1
145,32,12,8,IN_PROGRESS,0,2,1,1,126,0,0,1,1
145,33,14,16,IN_PROGRESS,1,13,1,2,131,0,0,1,1
145,34,14,15,IN_PROGRESS,1,0,1,3,0,0,0,0,0
145,35,15,22,IN_PROGRESS,0,0,2,4,0,0,0,0,0
145,36,16,22,IN_PROGRESS,0,0,3,4,0,0,0,0,0
145,37,19,15,IN_PROGRESS,1,0,2,3,0,0,0,0,0
145,38,18,22,IN_PROGRESS,0,0,4,5,0,0,0,0,0
145,39,19,22,IN_PROGRESS,0,6,3,5,134,0,0,1,1
145,40,20,22,IN_PROGRESS,0,11,3,5,134,0,0,1,1
145,41,21,15,IN_PROGRESS,1,0,2,2,0,0,0,0,0
145,42,20,15,IN_PROGRESS,1,21,2,2,129,0,0,1,1
145,43,23,22,IN_PROGRESS,0,0,1,3,0,0,0,0,0
146,0,5,8,IN_PROGRESS,1,0,2,2,0,0,0,0,0
146,1,3,1,IN_PROGRESS,0,0,4,7,0,0,0,0,0
146,2,4,1,IN_PROGRESS,0,6,5,8,135,0,0,1,1
146,3,5,1,IN_PROGRESS,0,8,6,9,135,0,0,1,1
146,4,1,1,IN_PROGRESS,0,5,3,4,113,0,0,1,1
146,5,7,2,IN_PROGRESS,0,1,4,7,93,0,0,1,1
146,6,8,1,IN_PROGRESS,0,0,5,8,0,0,0,0,0
146,7,9,1,IN_PROGRESS,0,0,4,8,0,0,0,0,0
146,8,10,1,IN_PROGRESS,0,10,4,8,135,0,0,1,1
146,9,2,1,IN_PROGRESS,0,9,4,5,115,0,0,1,1
146,10,11,8,IN_PROGRESS,1,0,1,1,0,0,0,0,0
146,11,13,1,IN_PROGRESS,0,0,4,6,0,0,0,0,0
146,12,14,1,IN_PROGRESS,0,9,3,5,135,0,0,1,1
146,13,15,1,IN_PROGRESS,0,11,3,6,135,0,0,1,1
146,14,16,5,IN_PROGRESS,1,9,2,5,127,0,0,1,1
146,15,7,1,IN_PROGRESS,0,10,6,8,97,0,0,1,1
146,16,16,1,IN_PROGRESS,0,11,3,7,135,0,0,1,1
146,17,17,5,IN_PROGRESS,1,16,2,4,127,0,0,1,1
146,18,17,4,IN_PROGRESS,0,16,2,5,101,0,0,1,1
146,19,21,1,IN_PROGRESS,0,0,1,3,0,0,0,0,0
146,20,21,5,IN_PROGRESS,1,0,0,5,0,0,0,0,0
146,21,22,1,IN_PROGRESS,0,16,1,2,129,0,0,1,1
146,22,8,15,IN_PROGRESS,0,7,7,7,127,0,0,1,1
146,23,4,8,IN_PROGRESS,0,15,2,2,124,0,0,1,1
146,24,3,8,IN_PROGRESS,0,1,2,2,124,0,0,1,1
146,25,7,14,IN_PROGRESS,0,10,6,7,109,0,0,1,1
146,26,7,15,IN_PROGRESS,0,8,7,7,115,0,0,1,1
146,27,7,16,IN_PROGRESS,0,6,7,7,118,0,0,1,1
146,28,9,15,IN_PROGRESS,1,7,6,8,113,0,0,1,1
146,29,9,16,IN_PROGRESS,1,22,6,8,119,0,0,1,1
146,30,8,16,IN_PROGRESS,0,3,7,7,125,0,0,1,1
146,31,7,17,IN_PROGRESS,1,5,6,7,117,0,0,1,1
146,32,12,8,IN_PROGRESS,0,2,1,1,127,0,0,1,1
146,33,14,16,IN_PROGRESS,1,13,1,2,132,0,0,1,1
146,34,14,15,IN_PROGRESS,1,0,1,3,0,0,0,0,0
146,35,15,22,IN_PROGRESS,0,0,2,4,0,0,0,0,0
146,36,16,22,IN_PROGRESS,0,0,3,4,0,0,0,0,0
146,37,19,15,IN_PROGRESS,1,0,2,3,0,0,0,0,0
146,38,18,22,IN_PROGRESS,0,0,4,5,0,0,0,0,0
146,39,19,22,IN_PROGRESS,0,6,3,5,135,0,0,1,1
146,40,20,22,IN_PROGRESS,0,11,3,5,135,0,0,1,1
146,41,21,15,IN_PROGRESS,1,0,2,2,0,0,0,0,0
146,42,20,15,IN_PROGRESS,1,21,2,2,130,0,0,1,1
146,43,23,22,IN_PROGRESS,0,0,1,3,0,0,0,0,0
147,0,5,8,IN_PROGRESS,1,0,2,2,0,0,0,0,0
147,1,3,1,IN_PROGRESS,0,0,4,7,0,0,0,0,0
147,2,4,1,IN_PROGRESS,0,6,5,8,136,0,0,1,1
147,3,5,1,IN_PROGRESS,0,8,6,9,136,0,0,1,1
147,4,1,1,IN_PROGRESS,0,5,3,4,114,0,0,1,1
147,5,7,2,IN_PROGRESS,0,1,4,7,94,0,0,1,1
147,6,8,1,IN_PROGRESS,0,0,5,8,0,0,0,0,0
147,7,9,1,IN_PROGRESS,0,0,4,8,0,0,0,0,0
147,8,10,1,IN_PROGRESS,0,10,4,8,136,0,0,1,1
147,9,2,1,IN_PROGRESS,0,9,4,5,116,0,0,1,1
147,10,11,8,IN_PROGRESS,1,0,1,1,0,0,0,0,0
147,11,13,1,IN_PROGRESS,0,0,4,6,0,0,0,0,0
147,12,14,1,IN_PROGRESS,0,9,3,5,136,0,0,1,1
147,13,15,1,IN_PROGRESS,0,11,3,6,136,0,0,1,1
147,14,16,5,IN_PROGRESS,1,9,2,5,128,0,0,1,1
147,15,7,1,IN_PROGRESS,0,10,6,8,98,0,0,1,1
147,16,16,1,IN_PROGRESS,0,11,3,7,136,0,0,1,1
147,17,17,5,IN_PROGRESS,1,16,2,4,128,0,0,1,1
147,18,17,4,IN_PROGRESS,0,15,2,5,102,0,0,1,1
147,19,21,1,IN_PROGRESS,0,0,1,3,0,0,0,0,0
147,20,21,5,IN_PROGRESS,1,0,0,5,0,0,0,0,0
147,21,22,1,IN_PROGRESS,0,16,1,2,130,0,0,1,1
147,22,8,15,IN_PROGRESS,0,7,7,7,128,0,0,1,1
147,23,4,8,IN_PROGRESS,0,15,2,2,125,0,0,1,1
147,24,3,8,IN_PROGRESS,0,1,2,2,125,0,0,1,1
147,25,7,14,IN_PROGRESS,0,10,6,7,110,0,0,1,1
147,26,7,15,IN_PROGRESS,0,8,7,7,116,0,0,1,1
147,27,7,16,IN_PROGRESS,0,6,7,7,119,0,0,1,1
147,28,9,15,IN_PROGRESS,1,7,6,8,114,0,0,1,1
147,29,9,16,IN_PROGRESS,1,22,6,8,120,0,0,1,1
147,30,8,16,IN_PROGRESS,0,3,7,7,126,0,0,1,1
147,31,7,17,IN_PROGRESS,1,5,6,7,118,0,0,1,1
147,32,12,8,IN_PROGRESS,0,2,1,1,128,0,0,1,1
147,33,14,16,IN_PROGRESS,1,13,1,2,133,0,0,1,1
147,34,14,15,IN_PROGRESS,1,0,1,3,0,0,0,0,0
147,35,15,22,IN_PROGRESS,0,0,2,4,0,0,0,0,0
147,36,16,22,IN_PROGRESS,0,0,3,4,0,0,0,0,0
147,37,19,15,IN_PROGRESS,1,0,2,3,0,0,0,0,0
147,38,18,22,IN_PROGRESS,0,0,4,5,0,0,0,0,0
147,39,19,22,IN_PROGRESS,0,6,3,5,136,0,0,1,1
147,40,20,22,IN_PROGRESS,0,11,3,5,136,0,0,1,1
147,41,21,15,IN_PROGRESS,1,0,2,2,0,0,0,0,0
147,42,20,15,IN_PROGRESS,1,21,2,2,131,0,0,1,1
147,43,23,22,IN_PROGRESS,0,0,1,3,0,0,0,0,0
148,0,5,8,IN_PROGRESS,1,0,2,2,0,0,0,0,0
148,1,3,1,IN_PROGRESS,0,0,4,7,0,0,0,0,0
148,2,4,1,IN_PROGRESS,0,6,5,8,137,0,0,1,1
148,3,5,1,IN_PROGRESS,0,8,6,9,137,0,0,1,1
148,4,1,1,IN_PROGRESS,0,5,3,4,115,0,0,1,1
148,5,7,2,IN_PROGRESS,0,1,4,7,95,0,0,1,1
148,6,8,1,IN_PROGRESS,0,0,5,8,0,0,0,0,0
148,7,9,1,IN_PROGRESS,0,0,4,8,0,0,0,0,0
148,8,10,1,IN_PROGRESS,0,10,4,8,137,0,0,1,1
148,9,2,1,IN_PROGRESS,0,9,4,5,117,0,0,1,1
148,10,11,8,IN_PROGRESS,1,0,1,1,0,0,0,0,0
148,11,13,1,IN_PROGRESS,0,0,4,6,0,0,0,0,0
148,12,14,1,IN_PROGRESS,0,9,3,5,137,0,0,1,1
148,13,15,1,IN_PROGRESS,0,11,3,6,137,0,0,1,1
148,14,16,5,IN_PROGRESS,1,9,2,5,129,0,0,1,1
148,15,7,1,IN_PROGRESS,0,10,6,8,99,0,0,1,1
148,16,16,1,IN_PROGRESS,0,11,3,7,137,0,0,1,1
148,17,17,5,IN_PROGRESS,1,16,2,4,129,0,0,1,1
148,18,17,4,IN_PROGRESS,0,15,2,5,103,0,0,1,1
148,19,21,1,IN_PROGRESS,0,0,1,3,0,0,0,0,0
148,20,21,5,IN_PROGRESS,1,0,0,5,0,0,0,0,0
148,21,22,1,IN_PROGRESS,0,16,1,2,131,0,0,1,1
148,22,8,15,IN_PROGRESS,0,7,7,7,129,0,0,1,1
148,23,4,8,IN_PROGRESS,0,15,2,2,126,0,0,1,1
148,24,3,8,IN_PROGRESS,0,1,2,2,126,0,0,1,1
148,25,7,14,IN_PROGRESS,0,10,6,7,111,0,0,1,1
148,26,7,15,IN_PROGRESS,0,8,7,7,117,0,0,1,1
148,27,7,16,IN_PROGRESS,0,6,7,7,120,0,0,1,1
148,28,9,15,IN_PROGRESS,1,7,6,8,115,0,0,1,1
148,29,9,16,IN_PROGRESS,1,22,6,8,121,0,0,1,1
148,30,8,16,IN_PROGRESS,0,3,7,7,127,0,0,1,1
148,31,7,17,IN_PROGRESS,1,5,6,7,119,0,0,1,1
148,32,12,8,IN_PROGRESS,0,2,1,1,129,0,0,1,1
148,33,14,16,IN_PROGRESS,1,13,1,2,134,0,0,1,1
148,34,14,15,IN_PROGRESS,1,0,1,3,0,0,0,0,0
148,35,15,22,IN_PROGRESS,0,0,2,4,0,0,0,0,0
148,36,16,22,IN_PROGRESS,0,0,3,4,0,0,0,0,0
148,37,19,15,IN_PROGRESS,1,0,2,3,0,0,0,0,0
148,38,18,22,IN_PROGRESS,0,0,4,5,0,0,0,0,0
148,39,19,22,IN_PROGRESS,0,6,3,5,137,0,0,1,1
148,40,20,22,IN_PROGRESS,0,11,3,5,137,0,0,1,1
148,41,21,15,IN_PROGRESS,1,0,2,2,0,0,0,0,0
148,42,20,15,IN_PROGRESS,1,21,2,2,132,0,0,1,1
148,43,23,22,IN_PROGRESS,0,0,1,3,0,0,0,0,0
149,0,5,8,IN_PROGRESS,1,0,2,2,0,0,0,0,0
149,1,3,1,IN_PROGRESS,0,0,4,7,0,0,0,0,0
149,2,4,1,IN_PROGRESS,0,6,5,8,138,0,0,1,1
149,3,5,1,IN_PROGRESS,0,8,6,9,138,0,0,1,1
149,4,1,1,IN_PROGRESS,0,5,3,4,116,0,0,1,1
149,5,7,2,IN_PROGRESS,0,1,4,7,96,0,0,1,1
149,6,8,1,IN_PROGRESS,0,0,5,8,0,0,0,0,0
149,7,9,1,IN_PROGRESS,0,0,4,8,0,0,0,0,0
149,8,10,1,IN_PROGRESS,0,10,4,8,138,0,0,1,1
149,9,2,1,IN_PROGRESS,0,9,4,5,118,0,0,1,1
149,10,11,8,IN_PROGRESS,1,0,1,1,0,0,0,0,0
149,11,13,1,IN_PROGRESS,0,0,4,6,0,0,0,0,0
149,12,14,1,IN_PROGRESS,0,9,3,5,138,0,0,1,1
149,13,15,1,IN_PROGRESS,0,11,3,6,138,0,0,1,1
149,14,16,5,IN_PROGRESS,1,9,2,5,130,0,0,1,1
149,15,7,1,IN_PROGRESS,0,10,6,8,100,0,0,1,1
149,16,16,1,IN_PROGRESS,0,11,3,7,138,0,0,1,1
149,17,17,5,IN_PROGRESS,1,16,2,4,130,0,0,1,1
149,18,17,4,IN_PROGRESS,0,15,2,5,104,0,0,1,1
149,19,21,1,IN_PROGRESS,0,0,1,3,0,0,0,0,0
149,20,21,5,IN_PROGRESS,1,0,0,5,0,0,0,0,0
149,21,22,1,IN_PROGRESS,0,16,1,2,132,0,0,1,1
149,22,8,15,IN_PROGRESS,0,7,7,7,130,0,0,1,1
149,23,4,8,IN_PROGRESS,0,15,2,2,127,0,0,1,1
149,24,3,8,IN_PROGRESS,0,1,2,2,127,0,0,1,1
149,25,7,14,IN_PROGRESS,0,10,6,7,112,0,0,1,1
149,26,7,15,IN_PROGRESS,0,8,7,7,118,0,0,1,1
149,27,7,16,IN_PROGRESS,0,6,7,7,121,0,0,1,1
149,28,9,15,IN_PROGRESS,1,7,6,8,116,0,0,1,1
149,29,9,16,IN_PROGRESS,1,22,6,8,122,0,0,1,1
149,30,8,16,IN_PROGRESS,0,3,7,7,128,0,0,1,1
149,31,7,17,IN_PROGRESS,1,5,6,7,120,0,0,1,1
149,32,12,8,IN_PROGRESS,0,2,1,1,130,0,0,1,1
149,33,14,16,IN_PROGRESS,1,13,1,2,135,0,0,1,1
149,34,14,15,IN_PROGRESS,1,0,1,3,0,0,0,0,0
149,35,15,22,IN_PROGRESS,0,0,2,4,0,0,0,0,0
149,36,16,22,IN_PROGRESS,0,0,3,4,0,0,0,0,0
149,37,19,15,IN_PROGRESS,1,0,2,3,0,0,0,0,0
149,38,18,22,IN_PROGRESS,0,0,4,5,0,0,0,0,0
149,39,19,22,IN_PROGRESS,0,6,3,5,138,0,0,1,1
149,40,20,22,IN_PROGRESS,0,11,3,5,138,0,0,1,1
149,41,21,15,IN_PROGRESS,1,0,2,2,0,0,0,0,0
149,42,20,15,IN_PROGRESS,1,21,2,2,133,0,0,1,1
149,43,23,22,IN_PROGRESS,0,0,1,3,0,0,0,0,0
150,0,5,8,IN_PROGRESS,1,0,2,2,0,0,0,0,0
150,1,3,1,IN_PROGRESS,0,0,4,7,0,0,0,0,0
150,2,4,1,IN_PROGRESS,0,6,5,8,139,0,0,1,1
150,3,5,1,IN_PROGRESS,0,8,6,9,139,0,0,1,1
150,4,1,1,IN_PROGRESS,0,5,3,4,117,0,0,1,1
150,5,7,2,IN_PROGRESS,0,1,4,7,97,0,0,1,1
150,6,8,1,IN_PROGRESS,0,0,5,8,0,0,0,0,0
150,7,9,1,IN_PROGRESS,0,0,4,8,0,0,0,0,0
150,8,10,1,IN_PROGRESS,0,10,4,8,139,0,0,1,1
150,9,2,1,IN_PROGRESS,0,9,4,5,119,0,0,1,1
150,10,11,8,IN_PROGRESS,1,0,1,1,0,0,0,0,0
150,11,13,1,IN_PROGRESS,0,0,4,6,0,0,0,0,0
150,12,14,1,IN_PROGRESS,0,9,3,5,139,0,0,1,1
150,13,15,1,IN_PROGRESS,0,11,3,6,139,0,0,1,1
150,14,16,5,IN_PROGRESS,1,9,2,5,131,0,0,1,1
150,15,7,1,IN_PROGRESS,0,10,6,8,101,0,0,1,1
150,16,16,1,IN_PROGRESS,0,11,3,7,139,0,0,1,1
150,17,17,5,IN_PROGRESS,1,16,2,4,131,0,0,1,1
150,18,17,4,IN_PROGRESS,0,15,2,5,105,0,0,1,1
150,19,21,1,IN_PROGRESS,0,0,1,3,0,0,0,0,0
150,20,21,5,IN_PROGRESS,1,0,0,5,0,0,0,0,0
150,21,22,1,IN_PROGRESS,0,16,1,2,133,0,0,1,1
150,22,8,15,IN_PROGRESS,0,7,7,7,131,0,0,1,1
150,23,4,8,IN_PROGRESS,0,15,2,2,128,0,0,1,1
150,24,3,8,IN_PROGRESS,0,1,2,2,128,0,0,1,1
150,25,7,14,IN_PROGRESS,0,10,6,7,113,0,0,1,1
150,26,7,15,IN_PROGRESS,0,8,7,7,119,0,0,1,1
150,27,7,16,IN_PROGRESS,0,6,7,7,122,0,0,1,1
150,28,9,15,IN_PROGRESS,1,7,6,8,117,0,0,1,1
150,29,9,16,IN_PROGRESS,1,22,6,8,123,0,0,1,1
150,30,8,16,IN_PROGRESS,0,3,7,7,129,0,0,1,1
150,31,7,17,IN_PROGRESS,1,5,6,7,121,0,0,1,1
150,32,12,8,IN_PROGRESS,0,2,1,1,131,0,0,1,1
150,33,14,16,IN_PROGRESS,1,13,1,2,136,0,0,1,1
150,34,14,15,IN_PROGRESS,1,0,1,3,0,0,0,0,0
150,35,15,22,IN_PROGRESS,0,0,2,4,0,0,0,0,0
150,36,16,22,IN_PROGRESS,0,0,3,4,0,0,0,0,0
150,37,19,15,IN_PROGRESS,1,0,2,3,0,0,0,0,0
150,38,18,22,IN_PROGRESS,0,0,4,5,0,0,0,0,0
150,39,19,22,IN_PROGRESS,0,6,3,5,139,0,0,1,1
150,40,20,22,IN_PROGRESS,0,11,3,5,139,0,0,1,1
150,41,21,15,IN_PROGRESS,1,0,2,2,0,0,0,0,0
150,42,20,15,IN_PROGRESS,1,21,2,2,134,0,0,1,1
150,43,23,22,IN_PROGRESS,0,0,1,3,0,0,0,0,0
151,0,5,8,IN_PROGRESS,1,0,2,2,0,0,0,0,0
151,1,3,1,IN_PROGRESS,0,0,4,7,0,0,0,0,0
151,2,4,1,IN_PROGRESS,0,6,5,8,140,0,0,1,1
151,3,5,1,IN_PROGRESS,0,8,6,9,140,0,0,1,1
151,4,1,1,IN_PROGRESS,0,5,3,4,118,0,0,1,1
151,5,7,2,IN_PROGRESS,0,1,4,7,98,0,0,1,1
151,6,8,1,IN_PROGRESS,0,0,5,8,0,0,0,0,0
151,7,9,1,IN_PROGRESS,0,0,4,8,0,0,0,0,0
151,8,10,1,IN_PROGRESS,0,10,4,8,140,0,0,1,1
151,9,2,1,IN_PROGRESS,0,9,4,5,120,0,0,1,1
151,10,11,8,IN_PROGRESS,1,0,1,1,0,0,0,0,0
151,11,13,1,IN_PROGRESS,0,0,4,6,0,0,0,0,0
151,12,14,1,IN_PROGRESS,0,9,3,5,140,0,0,1,1
151,13,15,1,IN_PROGRESS,0,11,3,6,140,0,0,1,1
151,14,16,5,IN_PROGRESS,1,9,2,5,132,0,0,1,1
151,15,7,1,IN_PROGRESS,0,10,6,8,102,0,0,1,1
151,16,16,1,IN_PROGRESS,0,11,3,7,140,0,0,1,1
151,17,17,5,IN_PROGRESS,1,16,2,4,132,0,0,1,1
151,18,17,4,IN_PROGRESS,0,15,2,5,106,0,0,1,1
151,19,21,1,IN_PROGRESS,0,0,1,3,0,0,0,0,0
151,20,21,5,IN_PROGRESS,1,0,0,5,0,0,0,0,0
151,21,22,1,IN_PROGRESS,0,16,1,2,134,0,0,1,1
151,22,8,15,IN_PROGRESS,0,7,7,7,132,0,0,1,1
151,23,4,8,IN_PROGRESS,0,15,2,2,129,0,0,1,1
151,24,3,8,IN_PROGRESS,0,1,2,2,129,0,0,1,1
151,25,7,14,IN_PROGRESS,0,10,6,7,114,0,0,1,1
151,26,7,15,IN_PROGRESS,0,8,7,7,120,0,0,1,1
151,27,7,16,IN_PROGRESS,0,6,7,7,123,0,0,1,1
151,28,9,15,IN_PROGRESS,1,7,6,8,118,0,0,1,1
151,29,9,16,IN_PROGRESS,1,22,6,8,124,0,0,1,1
151,30,8,16,IN_PROGRESS,0,3,7,7,130,0,0,1,1
151,31,7,17,IN_PROGRESS,1,5,6,7,122,0,0,1,1
151,32,12,8,IN_PROGRESS,0,2,1,1,132,0,0,1,1
151,33,14,16,IN_PROGRESS,1,13,1,2,137,0,0,1,1
151,34,14,15,IN_PROGRESS,1,0,1,3,0,0,0,0,0
151,35,15,22,IN_PROGRESS,0,0,2,4,0,0,0,0,0
151,36,16,22,IN_PROGRESS,0,0,3,4,0,0,0,0,0
151,37,19,15,IN_PROGRESS,1,0,2,3,0,0,0,0,0
151,38,18,22,IN_PROGRESS,0,0,4,5,0,0,0,0,0
151,39,19,22,IN_PROGRESS,0,6,3,5,140,0,0,1,1
151,40,20,22,IN_PROGRESS,0,11,3,5,140,0,0,1,1
151,41,21,15,IN_PROGRESS,1,0,2,2,0,0,0,0,0
151,42,20,15,IN_PROGRESS,1,21,2,2,135,0,0,1,1
151,43,23,22,IN_PROGRESS,0,0,1,3,0,0,0,0,0
152,0,5,8,IN_PROGRESS,1,0,2,2,0,0,0,0,0
152,1,3,1,IN_PROGRESS,0,0,4,7,0,0,0,0,0
152,2,4,1,IN_PROGRESS,0,6,5,8,141,0,0,1,1
152,3,5,1,IN_PROGRESS,0,8,6,9,141,0,0,1,1
152,4,1,1,IN_PROGRESS,0,5,3,4,119,0,0,1,1
152,5,7,2,IN_PROGRESS,0,1,4,7,99,0,0,1,1
152,6,8,1,IN_PROGRESS,0,0,5,8,0,0,0,0,0
152,7,9,1,IN_PROGRESS,0,0,4,8,0,0,0,0,0
152,8,10,1,IN_PROGRESS,0,10,4,8,141,0,0,1,1
152,9,2,1,IN_PROGRESS,0,9,4,5,121,0,0,1,1
152,10,11,8,IN_PROGRESS,1,0,1,1,0,0,0,0,0
152,11,13,1,IN_PROGRESS,0,0,4,6,0,0,0,0,0
152,12,14,1,IN_PROGRESS,0,9,3,5,141,0,0,1,1
152,13,15,1,IN_PROGRESS,0,11,3,6,141,0,0,1,1
152,14,16,5,IN_PROGRESS,1,9,2,5,133,0,0,1,1
152,15,7,1,IN_PROGRESS,0,10,6,8,103,0,0,1,1
152,16,16,1,IN_PROGRESS,0,11,3,7,141,0,0,1,1
152,17,17,5,IN_PROGRESS,1,16,2,4,133,0,0,1,1
152,18,17,4,IN_PROGRESS,0,15,2,5,107,0,0,1,1
152,19,21,1,IN_PROGRESS,0,0,1,3,0,0,0,0,0
152,20,21,5,IN_PROGRESS,1,0,0,5,0,0,0,0,0
152,21,22,1,IN_PROGRESS,0,16,1,2,135,0,0,1,1
152,22,8,15,IN_PROGRESS,0,7,7,7,133,0,0,1,1
152,23,4,8,IN_PROGRESS,0,15,2,2,130,0,0,1,1
152,24,3,8,IN_PROGRESS,0,1,2,2,130,0,0,1,1
152,25,7,14,IN_PROGRESS,0,10,6,7,115,0,0,1,1
152,26,7,15,IN_PROGRESS,0,8,7,7,121,0,0,1,1
152,27,7,16,IN_PROGRESS,0,6,7,7,124,0,0,1,1
152,28,9,15,IN_PROGRESS,1,7,6,8,119,0,0,1,1
152,29,9,16,IN_PROGRESS,1,22,6,8,125,0,0,1,1
152,30,8,16,IN_PROGRESS,0,3,7,7,131,0,0,1,1
152,31,7,17,IN_PROGRESS,1,5,6,7,123,0,0,1,1
152,32,12,8,IN_PROGRESS,0,2,1,1,133,0,0,1,1
152,33,14,16,IN_PROGRESS,1,13,1,2,138,0,0,1,1
152,34,14,15,IN_PROGRESS,1,0,1,3,0,0,0,0,0
152,35,15,22,IN_PROGRESS,0,0,2,4,0,0,0,0,0
152,36,16,22,IN_PROGRESS,0,0,3,4,0,0,0,0,0
152,37,19,15,IN_PROGRESS,1,0,2,3,0,0,0,0,0
152,38,18,22,IN_PROGRESS,0,0,4,5,0,0,0,0,0
152,39,19,22,IN_PROGRESS,0,6,3,5,141,0,0,1,1
152,40,20,22,IN_PROGRESS,0,11,3,5,141,0,0,1,1
152,41,21,15,IN_PROGRESS,1,0,2,2,0,0,0,0,0
152,42,20,15,IN_PROGRESS,1,21,2,2,136,0,0,1,1
152,43,23,22,IN_PROGRESS,0,0,1,3,0,0,0,0,0
153,0,5,8,IN_PROGRESS,1,0,2,2,0,0,0,0,0
153,1,3,1,IN_PROGRESS,0,0,4,7,0,0,0,0,0
153,2,4,1,IN_PROGRESS,0,6,5,8,142,0,0,1,1
153,3,5,1,IN_PROGRESS,0,8,6,9,142,0,0,1,1
153,4,1,1,IN_PROGRESS,0,5,3,4,120,0,0,1,1
153,5,7,2,IN_PROGRESS,0,1,4,7,100,0,0,1,1
153,6,8,1,IN_PROGRESS,0,0,5,8,0,0,0,0,0
153,7,9,1,IN_PROGRESS,0,0,4,8,0,0,0,0,0
153,8,10,1,IN_PROGRESS,0,10,4,8,142,0,0,1,1
153,9,2,1,IN_PROGRESS,0,9,4,5,122,0,0,1,1
153,10,11,8,IN_PROGRESS,1,0,1,1,0,0,0,0,0
153,11,13,1,IN_PROGRESS,0,0,4,6,0,0,0,0,0
153,12,14,1,IN_PROGRESS,0,9,3,5,142,0,0,1,1
153,13,15,1,IN_PROGRESS,0,11,3,6,142,0,0,1,1
153,14,16,5,IN_PROGRESS,1,9,2,5,134,0,0,1,1
153,15,7,1,IN_PROGRESS,0,10,6,8,104,0,0,1,1
153,16,16,1,IN_PROGRESS,0,11,3,7,142,0,0,1,1
153,17,17,5,IN_PROGRESS,1,16,2,4,134,0,0,1,1
153,18,17,4,IN_PROGRESS,0,15,2,5,108,0,0,1,1
153,19,21,1,IN_PROGRESS,0,0,1,3,0,0,0,0,0
153,20,21,5,IN_PROGRESS,1,0,0,5,0,0,0,0,0
153,21,22,1,IN_PROGRESS,0,16,1,2,136,0,0,1,1
153,22,8,15,IN_PROGRESS,0,7,7,7,134,0,0,1,1
153,23,4,8,IN_PROGRESS,0,15,2,2,131,0,0,1,1
153,24,3,8,IN_PROGRESS,0,1,2,2,131,0,0,1,1
153,25,7,14,IN_PROGRESS,0,10,6,7,116,0,0,1,1
153,26,7,15,IN_PROGRESS,0,8,7,7,122,0,0,1,1
153,27,7,16,IN_PROGRESS,0,6,7,7,125,0,0,1,1
153,28,9,15,IN_PROGRESS,1,7,6,8,120,0,0,1,1
153,29,9,16,IN_PROGRESS,1,22,6,8,126,0,0,1,1
153,30,8,16,IN_PROGRESS,0,3,7,7,132,0,0,1,1
153,31,7,17,IN_PROGRESS,1,5,6,7,124,0,0,1,1
153,32,12,8,IN_PROGRESS,0,2,1,1,134,0,0,1,1
153,33,14,16,IN_PROGRESS,1,13,1,2,139,0,0,1,1
153,34,14,15,IN_PROGRESS,1,0,1,3,0,0,0,0,0
153,35,15,22,IN_PROGRESS,0,0,2,4,0,0,0,0,0
153,36,16,22,IN_PROGRESS,0,0,3,4,0,0,0,0,0
153,37,19,15,IN_PROGRESS,1,0,2,3,0,0,0,0,0
153,38,18,22,IN_PROGRESS,0,0,4,5,0,0,0,0,0
153,39,19,22,IN_PROGRESS,0,6,3,5,142,0,0,1,1
153,40,20,22,IN_PROGRESS,0,11,3,5,142,0,0,1,1
153,41,21,15,IN_PROGRESS,1,0,2,2,0,0,0,0,0
153,42,20,15,IN_PROGRESS,1,21,2,2,137,0,0,1,1
153,43,23,22,IN_PROGRESS,0,0,1,3,0,0,0,0,0
154,0,5,8,IN_PROGRESS,1,0,2,2,0,0,0,0,0
154,1,3,1,IN_PROGRESS,0,0,4,7,0,0,0,0,0
154,2,4,1,IN_PROGRESS,0,6,5,8,143,0,0,1,1
154,3,5,1,IN_PROGRESS,0,8,6,9,143,0,0,1,1
154,4,1,1,IN_PROGRESS,0,5,3,4,121,0,0,1,1
154,5,7,2,IN_PROGRESS,0,1,4,7,101,0,0,1,1
154,6,8,1,IN_PROGRESS,0,0,5,8,0,0,0,0,0
154,7,9,1,IN_PROGRESS,0,0,4,8,0,0,0,0,0
154,8,10,1,IN_PROGRESS,0,10,4,8,143,0,0,1,1
154,9,2,1,IN_PROGRESS,0,9,4,5,123,0,0,1,1
154,10,11,8,IN_PROGRESS,1,0,1,1,0,0,0,0,0
154,11,13,1,IN_PROGRESS,0,0,4,6,0,0,0,0,0
154,12,14,1,IN_PROGRESS,0,9,3,5,143,0,0,1,1
154,13,15,1,IN_PROGRESS,0,11,3,6,143,0,0,1,1
154,14,16,5,IN_PROGRESS,1,9,2,5,135,0,0,1,1
154,15,7,1,IN_PROGRESS,0,10,6,8,105,0,0,1,1
154,16,16,1,IN_PROGRESS,0,11,3,7,143,0,0,1,1
154,17,17,5,IN_PROGRESS,1,16,2,4,135,0,0,1,1
154,18,17,4,IN_PROGRESS,0,15,2,5,109,0,0,1,1
154,19,21,1,IN_PROGRESS,0,0,1,3,0,0,0,0,0
154,20,21,5,IN_PROGRESS,1,0,0,5,0,0,0,0,0
154,21,22,1,IN_PROGRESS,0,16,1,2,137,0,0,1,1
154,22,8,15,IN_PROGRESS,0,7,7,7,135,0,0,1,1
154,23,4,8,IN_PROGRESS,0,15,2,2,132,0,0,1,1
154,24,3,8,IN_PROGRESS,0,1,2,2,132,0,0,1,1
154,25,7,14,IN_PROGRESS,0,10,6,7,117,0,0,1,1
154,26,7,15,IN_PROGRESS,0,8,7,7,123,0,0,1,1
154,27,7,16,IN_PROGRESS,0,6,7,7,126,0,0,1,1
154,28,9,15,IN_PROGRESS,1,7,6,8,121,0,0,1,1
154,29,9,16,IN_PROGRESS,1,22,6,8,127,0,0,1,1
154,30,8,16,IN_PROGRESS,0,3,7,7,133,0,0,1,1
154,31,7,17,IN_PROGRESS,1,5,6,7,125,0,0,1,1
154,32,12,8,IN_PROGRESS,0,2,1,1,135,0,0,1,1
154,33,14,16,IN_PROGRESS,1,13,1,2,140,0,0,1,1
154,34,14,15,IN_PROGRESS,1,0,1,3,0,0,0,0,0
154,35,15,22,IN_PROGRESS,0,0,2,4,0,0,0,0,0
154,36,16,22,IN_PROGRESS,0,0,3,4,0,0,0,0,0
154,37,19,15,IN_PROGRESS,1,0,2,3,0,0,0,0,0
154,38,18,22,IN_PROGRESS,0,0,4,5,0,0,0,0,0
154,39,19,22,IN_PROGRESS,0,6,3,5,143,0,0,1,1
154,40,20,22,IN_PROGRESS,0,11,3,5,143,0,0,1,1
154,41,21,15,IN_PROGRESS,1,0,2,2,0,0,0,0,0
154,42,20,15,IN_PROGRESS,1,21,2,2,138,0,0,1,1
154,43,23,22,IN_PROGRESS,0,0,1,3,0,0,0,0,0
155,0,5,8,IN_PROGRESS,1,0,2,2,0,0,0,0,0
155,1,3,1,IN_PROGRESS,0,0,4,7,0,0,0,0,0
155,2,4,1,IN_PROGRESS,0,6,5,8,144,0,0,1,1
155,3,5,1,IN_PROGRESS,0,8,6,9,144,0,0,1,1
155,4,1,1,IN_PROGRESS,0,5,3,4,122,0,0,1,1
155,5,7,2,IN_PROGRESS,0,1,4,7,102,0,0,1,1
155,6,8,1,IN_PROGRESS,0,0,5,8,0,0,0,0,0
155,7,9,1,IN_PROGRESS,0,0,4,8,0,0,0,0,0
155,8,10,1,IN_PROGRESS,0,10,4,8,144,0,0,1,1
155,9,2,1,IN_PROGRESS,0,9,4,5,124,0,0,1,1
155,10,11,8,IN_PROGRESS,1,0,1,1,0,0,0,0,0
155,11,13,1,IN_PROGRESS,0,0,4,6,0,0,0,0,0
155,12,14,1,IN_PROGRESS,0,9,3,5,144,0,0,1,1
155,13,15,1,IN_PROGRESS,0,11,3,6,144,0,0,1,1
155,14,16,5,IN_PROGRESS,1,9,2,5,136,0,0,1,1
155,15,7,1,IN_PROGRESS,0,10,6,8,106,0,0,1,1
155,16,16,1,IN_PROGRESS,0,11,3,7,144,0,0,1,1
155,17,17,5,IN_PROGRESS,1,16,2,4,136,0,0,1,1
155,18,17,4,IN_PROGRESS,0,15,2,5,110,0,0,1,1
155,19,21,1,IN_PROGRESS,0,0,1,3,0,0,0,0,0
155,20,21,5,IN_PROGRESS,1,0,0,5,0,0,0,0,0
155,21,22,1,IN_PROGRESS,0,16,1,2,138,0,0,1,1
155,22,8,15,IN_PROGRESS,0,7,7,7,136,0,0,1,1
155,23,4,8,IN_PROGRESS,0,15,2,2,133,0,0,1,1
155,24,3,8,IN_PROGRESS,0,1,2,2,133,0,0,1,1
155,25,7,14,IN_PROGRESS,0,10,6,7,118,0,0,1,1
155,26,7,15,IN_PROGRESS,0,8,7,7,124,0,0,1,1
155,27,7,16,IN_PROGRESS,0,6,7,7,127,0,0,1,1
155,28,9,15,IN_PROGRESS,1,7,6,8,122,0,0,1,1
155,29,9,16,IN_PROGRESS,1,22,6,8,128,0,0,1,1
155,30,8,16,IN_PROGRESS,0,3,7,7,134,0,0,1,1
155,31,7,17,IN_PROGRESS,1,5,6,7,126,0,0,1,1
155,32,12,8,IN_PROGRESS,0,2,1,1,136,0,0,1,1
155,33,14,16,IN_PROGRESS,1,13,1,2,141,0,0,1,1
155,34,14,15,IN_PROGRESS,1,0,1,3,0,0,0,0,0
155,35,15,22,IN_PROGRESS,0,0,2,4,0,0,0,0,0
155,36,16,22,IN_PROGRESS,0,0,3,4,0,0,0,0,0
155,37,19,15,IN_PROGRESS,1,0,2,3,0,0,0,0,0
155,38,18,22,IN_PROGRESS,0,0,4,5,0,0,0,0,0
155,39,19,22,IN_PROGRESS,0,6,3,5,144,0,0,1,1
155,40,20,22,IN_PROGRESS,0,11,3,5,144,0,0,1,1
155,41,21,15,IN_PROGRESS,1,0,2,2,0,0,0,0,0
155,42,20,15,IN_PROGRESS,1,21,2,2,139,0,0,1,1
155,43,23,22,IN_PROGRESS,0,0,1,3,0,0,0,0,0
1,0,2,1,AVAILABLE,0,0,3,5,0,0,0,0,0
1,1,3,1,AVAILABLE,0,0,4,6,0,0,0,0,0
1,2,4,1,AVAILABLE,0,0,5,7,0,0,0,0,0
1,3,5,1,AVAILABLE,0,0,6,8,0,0,0,0,0
1,4,6,1,AVAILABLE,0,0,6,9,0,0,0,0,0
1,5,7,1,AVAILABLE,0,0,6,10,0,0,0,0,0
1,6,8,1,AVAILABLE,0,0,6,10,0,0,0,0,0
1,7,9,1,AVAILABLE,0,0,6,10,0,0,0,0,0
1,8,10,1,AVAILABLE,0,0,6,10,0,0,0,0,0
1,9,11,1,AVAILABLE,0,0,6,10,0,0,0,0,0
1,10,12,1,AVAILABLE,0,0,6,10,0,0,0,0,0
1,11,13,1,AVAILABLE,0,0,6,10,0,0,0,0,0
1,12,14,1,AVAILABLE,0,0,6,10,0,0,0,0,0
1,13,15,1,AVAILABLE,0,0,6,10,0,0,0,0,0
1,14,16,1,AVAILABLE,0,0,6,10,0,0,0,0,0
1,15,17,1,AVAILABLE,0,0,6,10,0,0,0,0,0
1,16,18,1,AVAILABLE,0,0,6,10,0,0,0,0,0
1,17,19,1,AVAILABLE,0,0,6,9,0,0,0,0,0
1,18,20,1,AVAILABLE,0,0,6,8,0,0,0,0,0
1,19,21,1,AVAILABLE,0,0,5,7,0,0,0,0,0
1,20,22,1,AVAILABLE,0,0,4,6,0,0,0,0,0
1,21,23,1,AVAILABLE,0,0,3,5,0,0,0,0,0
1,22,2,22,AVAILABLE,0,0,3,5,0,0,0,0,0
1,23,3,22,AVAILABLE,0,0,4,6,0,0,0,0,0
1,24,4,22,AVAILABLE,0,0,5,7,0,0,0,0,0
1,25,5,22,AVAILABLE,0,0,6,8,0,0,0,0,0
1,26,6,22,AVAILABLE,0,0,6,9,0,0,0,0,0
1,27,7,22,AVAILABLE,0,0,6,10,0,0,0,0,0
1,28,8,22,AVAILABLE,0,0,6,10,0,0,0,0,0
1,29,9,22,AVAILABLE,0,0,6,10,0,0,0,0,0
1,30,10,22,AVAILABLE,0,0,6,10,0,0,0,0,0
1,31,11,22,AVAILABLE,0,0,6,10,0,0,0,0,0
1,32,12,22,AVAILABLE,0,0,6,10,0,0,0,0,0
1,33,13,22,AVAILABLE,0,0,6,10,0,0,0,0,0
1,34,14,22,AVAILABLE,0,0,6,10,0,0,0,0,0
1,35,15,22,AVAILABLE,0,0,6,10,0,0,0,0,0
1,36,16,22,AVAILABLE,0,0,6,10,0,0,0,0,0
1,37,17,22,AVAILABLE,0,0,6,10,0,0,0,0,0
1,38,18,22,AVAILABLE,0,0,6,10,0,0,0,0,0
1,39,19,22,AVAILABLE,0,0,6,9,0,0,0,0,0
1,40,20,22,AVAILABLE,0,0,6,8,0,0,0,0,0
1,41,21,22,AVAILABLE,0,0,5,7,0,0,0,0,0
1,42,22,22,AVAILABLE,0,0,4,6,0,0,0,0,0
1,43,23,22,AVAILABLE,0,0,3,5,0,0,0,0,0
2,0,2,1,AVAILABLE,0,0,3,5,0,0,0,0,0
2,1,3,1,AVAILABLE,0,0,4,6,0,0,0,0,0
2,2,4,1,AVAILABLE,0,0,5,7,0,0,0,0,0
2,3,5,1,AVAILABLE,0,0,6,8,0,0,0,0,0
2,4,6,1,AVAILABLE,0,0,6,9,0,0,0,0,0
2,5,7,1,AVAILABLE,0,0,6,10,0,0,0,0,0
2,6,8,1,AVAILABLE,0,0,6,10,0,0,0,0,0
2,7,9,1,AVAILABLE,0,0,6,10,0,0,0,0,0
2,8,10,1,AVAILABLE,0,0,6,10,0,0,0,0,0
2,9,11,1,AVAILABLE,0,0,6,10,0,0,0,0,0
2,10,12,1,AVAILABLE,0,0,6,10,0,0,0,0,0
2,11,13,1,AVAILABLE,0,0,6,10,0,0,0,0,0
2,12,14,1,AVAILABLE,0,0,6,10,0,0,0,0,0
2,13,15,1,AVAILABLE,0,0,6,10,0,0,0,0,0
2,14,16,1,AVAILABLE,0,0,6,10,0,0,0,0,0
2,15,17,1,AVAILABLE,0,0,6,10,0,0,0,0,0
2,16,18,1,AVAILABLE,0,0,6,10,0,0,0,0,0
2,17,19,1,AVAILABLE,0,0,6,9,0,0,0,0,0
2,18,20,1,AVAILABLE,0,0,6,8,0,0,0,0,0
2,19,21,1,AVAILABLE,0,0,5,7,0,0,0,0,0
2,20,22,1,AVAILABLE,0,0,4,6,0,0,0,0,0
2,21,23,1,AVAILABLE,0,0,3,5,0,0,0,0,0
2,22,2,22,AVAILABLE,0,0,3,5,0,0,0,0,0
2,23,3,22,AVAILABLE,0,0,4,6,0,0,0,0,0
2,24,4,22,AVAILABLE,0,0,5,7,0,0,0,0,0
2,25,5,22,AVAILABLE,0,0,6,8,0,0,0,0,0
2,26,6,22,AVAILABLE,0,0,6,9,0,0,0,0,0
2,27,7,22,AVAILABLE,0,0,6,10,0,0,0,0,0
2,28,8,22,AVAILABLE,0,0,6,10,0,0,0,0,0
2,29,9,22,AVAILABLE,0,0,6,10,0,0,0,0,0
2,30,10,22,AVAILABLE,0,0,6,10,0,0,0,0,0
2,31,11,22,AVAILABLE,0,0,6,10,0,0,0,0,0
2,32,12,22,AVAILABLE,0,0,6,10,0,0,0,0,0
2,33,13,22,AVAILABLE,0,0,6,10,0,0,0,0,0
2,34,14,22,AVAILABLE,0,0,6,10,0,0,0,0,0
2,35,15,22,AVAILABLE,0,0,6,10,0,0,0,0,0
2,36,16,22,AVAILABLE,0,0,6,10,0,0,0,0,0
2,37,17,22,AVAILABLE,0,0,6,10,0,0,0,0,0
2,38,18,22,AVAILABLE,0,0,6,10,0,0,0,0,0
2,39,19,22,AVAILABLE,0,0,6,9,0,0,0,0,0
2,40,20,22,AVAILABLE,0,0,6,8,0,0,0,0,0
2,41,21,22,AVAILABLE,0,0,5,7,0,0,0,0,0
2,42,22,22,AVAILABLE,0,0,4,6,0,0,0,0,0
2,43,23,22,AVAILABLE,0,0,3,5,0,0,0,0,0
3,0,2,1,AVAILABLE,0,0,3,5,0,0,0,0,0
3,1,3,1,AVAILABLE,0,0,4,6,0,0,0,0,0
3,2,4,1,AVAILABLE,0,0,5,7,0,0,0,0,0
3,3,5,1,AVAILABLE,0,0,6,8,0,0,0,0,0
3,4,6,1,AVAILABLE,0,0,6,9,0,0,0,0,0
3,5,7,1,AVAILABLE,0,0,6,10,0,0,0,0,0
3,6,8,1,AVAILABLE,0,0,6,10,0,0,0,0,0
3,7,9,1,AVAILABLE,0,0,6,10,0,0,0,0,0
3,8,10,1,AVAILABLE,0,0,6,10,0,0,0,0,0
3,9,11,1,AVAILABLE,0,0,6,10,0,0,0,0,0
3,10,12,1,AVAILABLE,0,0,6,10,0,0,0,0,0
3,11,13,1,AVAILABLE,0,0,6,10,0,0,0,0,0
3,12,14,1,AVAILABLE,0,0,6,10,0,0,0,0,0
3,13,15,1,AVAILABLE,0,0,6,10,0,0,0,0,0
3,14,16,1,AVAILABLE,0,0,6,10,0,0,0,0,0
3,15,17,1,AVAILABLE,0,0,6,10,0,0,0,0,0
3,16,18,1,AVAILABLE,0,0,6,10,0,0,0,0,0
3,17,19,1,AVAILABLE,0,0,6,9,0,0,0,0,0
3,18,20,1,AVAILABLE,0,0,6,8,0,0,0,0,0
3,19,21,1,AVAILABLE,0,0,5,7,0,0,0,0,0
3,20,22,1,AVAILABLE,0,0,4,6,0,0,0,0,0
3,21,23,1,AVAILABLE,0,0,3,5,0,0,0,0,0
3,22,2,22,AVAILABLE,0,0,3,5,0,0,0,0,0
3,23,3,22,AVAILABLE,0,0,4,6,0,0,0,0,0
3,24,4,22,AVAILABLE,0,0,5,7,0,0,0,0,0
3,25,5,22,AVAILABLE,0,0,6,8,0,0,0,0,0
3,26,6,22,AVAILABLE,0,0,6,9,0,0,0,0,0
3,27,7,22,AVAILABLE,0,0,6,10,0,0,0,0,0
3,28,8,22,AVAILABLE,0,0,6,10,0,0,0,0,0
3,29,9,22,AVAILABLE,0,0,6,10,0,0,0,0,0
3,30,10,22,AVAILABLE,0,0,6,10,0,0,0,0,0
3,31,11,22,AVAILABLE,0,0,6,10,0,0,0,0,0
3,32,12,22,AVAILABLE,0,0,6,10,0,0,0,0,0
3,33,13,22,AVAILABLE,0,0,6,10,0,0,0,0,0
3,34,14,22,AVAILABLE,0,0,6,10,0,0,0,0,0
3,35,15,22,AVAILABLE,0,0,6,10,0,0,0,0,0
3,36,16,22,AVAILABLE,0,0,6,10,0,0,0,0,0
3,37,17,22,AVAILABLE,0,0,6,10,0,0,0,0,0
3,38,18,22,AVAILABLE,0,0,6,10,0,0,0,0,0
3,39,19,22,AVAILABLE,0,0,6,9,0,0,0,0,0
3,40,20,22,AVAILABLE,0,0,6,8,0,0,0,0,0
3,41,21,22,AVAILABLE,0,0,5,7,0,0,0,0,0
3,42,22,22,AVAILABLE,0,0,4,6,0,0,0,0,0
3,43,23,22,AVAILABLE,0,0,3,5,0,0,0,0,0
4,0,2,1,IN_PROGRESS,0,0,3,5,0,0,0,0,0
4,1,3,1,IN_PROGRESS,0,0,4,6,0,0,0,0,0
4,2,4,1,IN_PROGRESS,0,0,5,7,0,0,0,0,0
4,3,5,1,IN_PROGRESS,0,0,6,8,0,0,0,0,0
4,4,6,1,IN_PROGRESS,0,0,6,9,0,0,0,0,0
4,5,7,1,IN_PROGRESS,0,0,6,10,0,0,0,0,0
4,6,8,1,IN_PROGRESS,0,0,6,10,0,0,0,0,0
4,7,9,1,IN_PROGRESS,0,0,6,10,0,0,0,0,0
4,8,10,1,IN_PROGRESS,0,0,6,10,0,0,0,0,0
4,9,11,1,IN_PROGRESS,0,0,6,10,0,0,0,0,0
4,10,12,1,IN_PROGRESS,0,0,6,10,0,0,0,0,0
4,11,13,1,IN_PROGRESS,0,0,6,10,0,0,0,0,0
4,12,14,1,IN_PROGRESS,0,0,6,10,0,0,0,0,0
4,13,15,1,IN_PROGRESS,0,0,6,10,0,0,0,0,0
4,14,16,1,IN_PROGRESS,0,0,6,10,0,0,0,0,0
4,15,17,1,IN_PROGRESS,0,0,6,10,0,0,0,0,0
4,16,18,1,IN_PROGRESS,0,0,6,10,0,0,0,0,0
4,17,19,1,IN_PROGRESS,0,0,6,9,0,0,0,0,0
4,18,20,1,IN_PROGRESS,0,0,6,8,0,0,0,0,0
4,19,21,1,IN_PROGRESS,0,0,5,7,0,0,0,0,0
4,20,22,1,IN_PROGRESS,0,0,4,6,0,0,0,0,0
4,21,23,1,IN_PROGRESS,0,0,3,5,0,0,0,0,0
4,22,2,22,IN_PROGRESS,0,0,3,5,0,0,0,0,0
4,23,3,22,IN_PROGRESS,0,0,4,6,0,0,0,0,0
4,24,4,22,IN_PROGRESS,0,0,5,7,0,0,0,0,0
4,25,5,22,IN_PROGRESS,0,0,6,8,0,0,0,0,0
4,26,6,22,IN_PROGRESS,0,0,6,9,0,0,0,0,0
4,27,7,22,IN_PROGRESS,0,0,6,10,0,0,0,0,0
4,28,8,22,IN_PROGRESS,0,0,6,10,0,0,0,0,0
4,29,9,22,IN_PROGRESS,0,0,6,10,0,0,0,0,0
4,30,10,22,IN_PROGRESS,0,0,6,10,0,0,0,0,0
4,31,11,22,IN_PROGRESS,0,0,6,10,0,0,0,0,0
4,32,12,22,IN_PROGRESS,0,0,6,10,0,0,0,0,0
4,33,13,22,IN_PROGRESS,0,0,6,10,0,0,0,0,0
4,34,14,22,IN_PROGRESS,0,0,6,10,0,0,0,0,0
4,35,15,22,IN_PROGRESS,0,0,6,10,0,0,0,0,0
4,36,16,22,IN_PROGRESS,0,0,6,10,0,0,0,0,0
4,37,17,22,IN_PROGRESS,0,0,6,10,0,0,0,0,0
4,38,18,22,IN_PROGRESS,0,0,6,10,0,0,0,0,0
4,39,19,22,IN_PROGRESS,0,0,6,9,0,0,0,0,0
4,40,20,22,IN_PROGRESS,0,0,6,8,0,0,0,0,0
4,41,21,22,IN_PROGRESS,0,0,5,7,0,0,0,0,0
4,42,22,22,IN_PROGRESS,0,0,4,6,0,0,0,0,0
4,43,23,22,IN_PROGRESS,0,0,3,5,0,0,0,0,0
5,0,2,1,IN_PROGRESS,0,0,3,5,0,0,0,0,0
5,1,3,1,IN_PROGRESS,0,16,4,6,1,0,0,0,0
5,2,4,1,IN_PROGRESS,0,10,5,7,1,0,0,0,0
5,3,5,1,IN_PROGRESS,0,10,6,8,1,0,0,0,0
5,4,6,1,IN_PROGRESS,0,0,6,9,0,0,0,0,0
5,5,7,1,IN_PROGRESS,0,0,6,10,0,0,0,0,0
5,6,8,1,IN_PROGRESS,0,13,6,10,1,0,0,0,0
5,7,9,1,IN_PROGRESS,0,0,6,10,0,0,0,0,0
5,8,10,1,IN_PROGRESS,0,0,6,10,0,0,0,0,0
5,9,11,1,IN_PROGRESS,0,0,6,10,0,0,0,0,0
5,10,12,1,IN_PROGRESS,0,8,6,10,1,0,0,0,0
5,11,13,1,IN_PROGRESS,0,0,6,10,0,0,0,0,0
5,12,14,1,IN_PROGRESS,0,6,6,10,1,0,0,0,0
5,13,15,1,IN_PROGRESS,0,0,6,10,0,0,0,0,0
5,14,16,1,IN_PROGRESS,0,9,6,10,1,0,0,0,0
5,15,17,1,IN_PROGRESS,0,0,6,10,0,0,0,0,0
5,16,18,1,IN_PROGRESS,0,0,6,10,0,0,0,0,0
5,17,19,1,IN_PROGRESS,0,17,6,9,1,0,0,0,0
5,18,20,1,IN_PROGRESS,0,11,6,8,1,0,0,0,0
5,19,21,1,IN_PROGRESS,0,0,5,7,0,0,0,0,0
5,20,22,1,IN_PROGRESS,0,12,4,6,1,0,0,0,0
5,21,23,1,IN_PROGRESS,0,15,3,5,1,0,0,0,0
5,22,2,22,IN_PROGRESS,0,22,3,5,1,0,0,0,0
5,23,3,22,IN_PROGRESS,0,8,4,6,1,0,0,0,0
5,24,4,22,IN_PROGRESS,0,0,5,7,0,0,0,0,0
5,25,5,22,IN_PROGRESS,0,12,6,8,1,0,0,0,0
5,26,6,22,IN_PROGRESS,0,31,6,9,1,0,0,0,0
5,27,7,22,IN_PROGRESS,0,0,6,10,0,0,0,0,0
5,28,8,22,IN_PROGRESS,0,20,6,10,1,0,0,0,0
5,29,9,22,IN_PROGRESS,0,19,6,10,1,0,0,0,0
5,30,10,22,IN_PROGRESS,0,0,6,10,0,0,0,0,0
5,31,11,22,IN_PROGRESS,0,9,6,10,1,0,0,0,0
5,32,12,22,IN_PROGRESS,0,6,6,10,1,0,0,0,0
5,33,13,22,IN_PROGRESS,0,0,6,10,0,0,0,0,0
5,34,14,22,IN_PROGRESS,0,11,6,10,1,0,0,0,0
5,35,15,22,IN_PROGRESS,0,12,6,10,1,0,0,0,0
5,36,16,22,IN_PROGRESS,0,6,6,10,1,0,0,0,0
5,37,17,22,IN_PROGRESS,0,0,6,10,0,0,0,0,0
5,38,18,22,IN_PROGRESS,0,9,6,10,1,0,0,0,0
5,39,19,22,IN_PROGRESS,0,10,6,9,1,0,0,0,0
5,40,20,22,IN_PROGRESS,0,0,6,8,0,0,0,0,0
5,41,21,22,IN_PROGRESS,0,9,5,7,1,0,0,0,0
5,42,22,22,IN_PROGRESS,0,8,4,6,1,0,0,0,0
5,43,23,22,IN_PROGRESS,0,0,3,5,0,0,0,0,0
6,0,2,1,IN_PROGRESS,0,0,2,5,0,0,0,0,0
6,1,3,1,IN_PROGRESS,0,15,4,5,2,0,0,1,0
6,2,4,2,IN_PROGRESS,0,9,4,6,0,0,0,0,0
6,3,5,2,IN_PROGRESS,0,9,5,7,0,0,0,0,0
6,4,6,1,IN_PROGRESS,0,0,6,9,0,0,0,0,0
6,5,7,1,IN_PROGRESS,0,0,5,9,0,0,0,0,0
6,6,8,2,IN_PROGRESS,0,12,5,8,0,0,0,0,0
6,7,9,1,IN_PROGRESS,0,0,5,8,0,0,0,0,0
6,8,10,1,IN_PROGRESS,0,0,6,9,0,0,0,0,0
6,9,11,1,IN_PROGRESS,0,0,4,9,0,0,0,0,0
6,10,12,2,IN_PROGRESS,0,7,4,8,0,0,0,0,0
6,11,13,1,IN_PROGRESS,0,0,5,9,0,0,0,0,0
6,12,14,2,IN_PROGRESS,0,5,4,8,0,0,0,0,0
6,13,15,1,IN_PROGRESS,0,0,5,9,0,0,0,0,0
6,14,16,2,IN_PROGRESS,0,8,4,8,0,0,0,0,0
6,15,17,1,IN_PROGRESS,0,0,4,9,0,0,0,0,0
6,16,18,1,IN_PROGRESS,0,0,6,9,0,0,0,0,0
6,17,19,1,IN_PROGRESS,0,16,5,8,2,0,0,1,0
6,18,20,2,IN_PROGRESS,0,10,5,7,0,0,0,0,0
6,19,21,1,IN_PROGRESS,0,0,5,6,0,0,0,0,0
6,20,22,1,IN_PROGRESS,0,11,4,6,2,0,0,1,0
6,21,23,2,IN_PROGRESS,0,14,3,4,0,0,0,0,0
6,22,2,21,IN_PROGRESS,0,21,3,4,0,0,0,0,0
6,23,3,21,IN_PROGRESS,0,7,4,6,0,0,0,0,0
6,24,4,22,IN_PROGRESS,0,0,5,6,0,0,0,0,0
6,25,5,21,IN_PROGRESS,0,11,6,7,0,0,0,0,0
6,26,6,21,IN_PROGRESS,0,30,6,9,0,0,0,0,0
6,27,7,22,IN_PROGRESS,0,0,6,8,0,0,0,0,0
6,28,8,21,IN_PROGRESS,0,19,6,9,0,0,0,0,0
6,29,9,21,IN_PROGRESS,0,18,6,9,0,0,0,0,0
6,30,10,22,IN_PROGRESS,0,0,6,8,0,0,0,0,0
6,31,11,21,IN_PROGRESS,0,8,6,10,0,0,0,0,0
6,32,12,21,IN_PROGRESS,0,5,6,8,0,0,0,0,0
6,33,13,22,IN_PROGRESS,0,0,5,8,0,0,0,0,0
6,34,14,21,IN_PROGRESS,0,10,5,10,0,0,0,0,0
6,35,15,21,IN_PROGRESS,0,11,6,8,0,0,0,0,0
6,36,16,21,IN_PROGRESS,0,5,5,10,0,0,0,0,0
6,37,17,22,IN_PROGRESS,0,0,5,8,0,0,0,0,0
6,38,18,21,IN_PROGRESS,0,8,6,8,0,0,0,0,0
6,39,19,21,IN_PROGRESS,0,9,6,9,0,0,0,0,0
6,40,20,22,IN_PROGRESS,0,0,6,7,0,0,0,0,0
6,41,21,21,IN_PROGRESS,0,8,5,7,0,0,0,0,0
6,42,22,21,IN_PROGRESS,0,7,4,5,0,0,0,0,0
6,43,23,22,IN_PROGRESS,0,0,3,4,0,0,0,0,0
7,0,2,1,IN_PROGRESS,0,0,2,5,0,0,0,0,0
7,1,3,1,IN_PROGRESS,0,14,3,5,3,0,0,1,0
7,2,3,2,IN_PROGRESS,0,8,3,5,0,0,0,0,0
7,3,5,3,IN_PROGRESS,0,8,3,6,0,0,0,0,0
7,4,6,1,IN_PROGRESS,0,0,4,9,0,0,0,0,0
7,5,7,1,IN_PROGRESS,0,0,4,9,0,0,0,0,0
7,6,8,3,IN_PROGRESS,0,11,3,7,0,0,0,0,0
7,7,9,1,IN_PROGRESS,0,0,5,8,0,0,0,0,0
7,8,10,1,IN_PROGRESS,0,0,4,9,0,0,0,0,0
7,9,11,1,IN_PROGRESS,0,0,5,9,0,0,0,0,0
7,10,12,3,IN_PROGRESS,0,6,3,8,0,0,0,0,0
7,11,13,1,IN_PROGRESS,0,0,5,9,0,0,0,0,0
7,12,13,2,IN_PROGRESS,0,4,4,8,0,0,0,0,0
7,13,15,1,IN_PROGRESS,0,0,5,10,0,0,0,0,0
7,14,16,3,IN_PROGRESS,0,7,2,8,0,0,0,0,0
7,15,17,1,IN_PROGRESS,0,0,5,9,0,0,0,0,0
7,16,18,1,IN_PROGRESS,0,0,5,9,0,0,0,0,0
7,17,19,1,IN_PROGRESS,0,15,5,8,3,0,0,1,0
7,18,19,2,IN_PROGRESS,0,9,5,8,0,0,0,0,0
7,19,21,1,IN_PROGRESS,0,0,5,6,0,0,0,0,0
7,20,22,1,IN_PROGRESS,0,10,3,6,3,0,0,1,0
7,21,22,2,IN_PROGRESS,0,13,3,5,0,0,0,0,0
7,22,2,20,IN_PROGRESS,0,20,2,4,0,0,0,0,0
7,23,3,20,IN_PROGRESS,0,6,4,5,0,0,0,0,0
7,24,4,22,IN_PROGRESS,0,0,3,5,0,0,0,0,0
7,25,5,20,IN_PROGRESS,0,10,5,7,0,0,0,0,0
7,26,6,20,IN_PROGRESS,0,29,5,8,0,0,0,0,0
7,27,7,22,IN_PROGRESS,0,0,4,6,0,0,0,0,0
7,28,8,20,IN_PROGRESS,0,18,5,7,0,0,0,0,0
7,29,9,20,IN_PROGRESS,0,17,4,8,0,0,0,0,0
7,30,10,22,IN_PROGRESS,0,0,4,6,0,0,0,0,0
7,31,11,20,IN_PROGRESS,0,7,5,9,0,0,0,0,0
7,32,13,21,IN_PROGRESS,0,4,4,8,0,0,0,0,0
7,33,13,22,IN_PROGRESS,0,0,3,7,0,0,0,0,0
7,34,14,20,IN_PROGRESS,0,9,5,9,0,0,0,0,0
7,35,15,20,IN_PROGRESS,0,10,4,8,0,0,0,0,0
7,36,16,20,IN_PROGRESS,0,4,5,9,0,0,0,0,0
7,37,17,22,IN_PROGRESS,0,0,3,8,0,0,0,0,0
7,38,18,20,IN_PROGRESS,0,7,5,8,0,0,0,0,0
7,39,19,20,IN_PROGRESS,0,8,4,8,0,0,0,0,0
7,40,20,22,IN_PROGRESS,0,0,5,6,0,0,0,0,0
7,41,21,20,IN_PROGRESS,0,7,4,6,0,0,0,0,0
7,42,22,21,IN_PROGRESS,0,6,3,5,1,0,0,0,0
7,43,23,22,IN_PROGRESS,0,0,2,3,0,0,0,0,0
8,0,2,1,IN_PROGRESS,0,0,2,4,0,0,0,0,0
8,1,3,1,IN_PROGRESS,0,13,3,5,4,0,0,1,0
8,2,3,3,IN_PROGRESS,0,7,3,4,0,0,0,0,0
8,3,6,3,IN_PROGRESS,0,7,4,6,0,0,0,0,0
8,4,6,1,IN_PROGRESS,0,0,4,9,0,0,0,0,0
8,5,7,1,IN_PROGRESS,0,0,4,8,0,0,0,0,0
8,6,8,4,IN_PROGRESS,0,10,1,6,0,0,0,0,0
8,7,9,1,IN_PROGRESS,0,0,4,7,0,0,0,0,0
8,8,10,1,IN_PROGRESS,0,0,4,9,0,0,0,0,0
8,9,11,1,IN_PROGRESS,0,0,3,8,0,0,0,0,0
8,10,12,4,IN_PROGRESS,0,5,1,5,0,0,0,0,0
8,11,13,1,IN_PROGRESS,0,0,4,8,0,0,0,0,0
8,12,13,3,IN_PROGRESS,0,3,2,6,0,0,0,0,0
8,13,15,1,IN_PROGRESS,0,0,3,9,0,0,0,0,0
8,14,17,3,IN_PROGRESS,0,6,3,7,0,0,0,0,0
8,15,17,1,IN_PROGRESS,0,0,5,9,0,0,0,0,0
8,16,18,1,IN_PROGRESS,0,0,6,9,0,0,0,0,0
8,17,19,1,IN_PROGRESS,0,14,6,8,4,0,0,1,0
8,18,18,2,IN_PROGRESS,0,8,5,8,0,0,0,0,0
8,19,21,1,IN_PROGRESS,0,0,4,6,0,0,0,0,0
8,20,22,1,IN_PROGRESS,0,9,3,6,4,0,0,1,0
8,21,21,2,IN_PROGRESS,0,12,4,7,0,0,0,0,0
8,22,2,20,IN_PROGRESS,0,19,2,4,1,0,0,0,0
8,23,3,19,IN_PROGRESS,0,5,2,5,0,0,0,0,0
8,24,4,22,IN_PROGRESS,0,0,2,5,0,0,0,0,0
8,25,5,20,IN_PROGRESS,0,9,4,7,1,0,0,0,0
8,26,7,20,IN_PROGRESS,0,28,4,9,0,0,0,0,0
8,27,7,22,IN_PROGRESS,0,0,3,6,0,0,0,0,0
8,28,8,19,IN_PROGRESS,0,17,2,7,0,0,0,0,0
8,29,9,20,IN_PROGRESS,0,16,4,8,1,0,0,0,0
8,30,10,22,IN_PROGRESS,0,0,3,7,0,0,0,0,0
8,31,12,20,IN_PROGRESS,0,6,5,9,0,0,0,0,0
8,32,13,20,IN_PROGRESS,0,3,4,7,0,0,0,0,0
8,33,13,22,IN_PROGRESS,0,0,4,6,0,0,0,0,0
8,34,14,20,IN_PROGRESS,0,8,5,9,1,0,0,0,0
8,35,15,20,IN_PROGRESS,0,9,4,8,1,0,0,0,0
8,36,17,20,IN_PROGRESS,0,3,5,9,0,0,0,0,0
8,37,17,22,IN_PROGRESS,0,0,2,7,0,0,0,0,0
8,38,18,19,IN_PROGRESS,0,6,2,7,0,0,0,0,0
8,39,19,20,IN_PROGRESS,0,7,4,8,1,0,0,0,0
8,40,20,22,IN_PROGRESS,0,0,4,7,0,0,0,0,0
8,41,22,20,IN_PROGRESS,0,6,3,6,0,0,0,0,0
8,42,22,21,IN_PROGRESS,0,5,3,4,2,0,0,1,0
8,43,23,22,IN_PROGRESS,0,0,3,3,0,0,0,0,0
9,0,2,1,IN_PROGRESS,0,0,1,4,0,0,0,0,0
9,1,3,2,IN_PROGRESS,0,12,2,5,0,0,0,0,0
9,2,3,4,IN_PROGRESS,0,6,1,3,0,0,0,0,0
9,3,7,3,IN_PROGRESS,0,6,3,7,0,0,0,0,0
9,4,6,1,IN_PROGRESS,0,0,3,7,0,0,0,0,0
9,5,7,1,IN_PROGRESS,0,0,4,8,0,0,0,0,0
9,6,8,5,IN_PROGRESS,0,9,1,4,0,0,0,0,0
9,7,9,1,IN_PROGRESS,0,0,4,7,0,0,0,0,0
9,8,10,1,IN_PROGRESS,0,0,4,8,0,0,0,0,0
9,9,11,1,IN_PROGRESS,0,0,3,8,0,0,0,0,0
9,10,12,4,IN_PROGRESS,0,5,1,6,1,0,0,0,0
9,11,13,1,IN_PROGRESS,0,0,4,8,0,0,0,0,0
9,12,13,4,IN_PROGRESS,0,2,2,5,0,0,0,0,0
9,13,15,1,IN_PROGRESS,0,0,3,9,0,0,0,0,0
9,14,17,4,IN_PROGRESS,0,5,2,8,0,0,0,0,0
9,15,17,1,IN_PROGRESS,0,0,5,8,0,0,0,0,0
9,16,18,1,IN_PROGRESS,0,0,6,9,0,0,0,0,0
9,17,19,1,IN_PROGRESS,0,13,5,8,5,0,0,1,0
9,18,18,3,IN_PROGRESS,0,7,5,8,0,0,0,0,0
9,19,21,1,IN_PROGRESS,0,0,4,6,0,0,0,0,0
9,20,22,2,IN_PROGRESS,0,8,2,5,0,0,0,0,0
9,21,20,2,IN_PROGRESS,0,11,5,7,0,0,0,0,0
9,22,3,20,IN_PROGRESS,0,18,3,5,0,0,0,0,0
9,23,3,18,IN_PROGRESS,0,4,1,5,0,0,0,0,0
9,24,4,22,IN_PROGRESS,0,0,2,4,0,0,0,0,0
9,25,6,20,IN_PROGRESS,0,8,4,7,0,0,0,0,0
9,26,7,19,IN_PROGRESS,0,27,4,7,0,0,0,0,0
9,27,7,22,IN_PROGRESS,0,0,5,6,0,0,0,0,0
9,28,8,18,IN_PROGRESS,0,16,2,6,0,0,0,0,0
9,29,8,20,IN_PROGRESS,0,15,4,7,0,0,0,0,0
9,30,10,22,IN_PROGRESS,0,0,2,4,0,0,0,0,0
9,31,12,19,IN_PROGRESS,0,5,2,9,0,0,0,0,0
9,32,13,19,IN_PROGRESS,0,2,3,5,0,0,0,0,0
9,33,13,22,IN_PROGRESS,0,0,3,6,0,0,0,0,0
9,34,14,20,IN_PROGRESS,0,7,4,7,2,0,0,1,0
9,35,16,20,IN_PROGRESS,0,8,4,8,0,0,0,0,0
9,36,17,19,IN_PROGRESS,0,2,4,8,0,0,0,0,0
9,37,17,22,IN_PROGRESS,0,0,4,7,0,0,0,0,0
9,38,18,18,IN_PROGRESS,0,5,2,5,0,0,0,0,0
9,39,18,20,IN_PROGRESS,0,6,4,8,0,0,0,0,0
9,40,20,22,IN_PROGRESS,0,0,3,5,0,0,0,0,0
9,41,22,19,IN_PROGRESS,0,5,1,6,0,0,0,0,0
9,42,22,21,IN_PROGRESS,0,4,3,4,3,0,0,1,0
9,43,23,22,IN_PROGRESS,0,0,2,3,0,0,0,0,0
10,0,2,1,IN_PROGRESS,0,0,1,4,0,0,0,0,0
10,1,3,3,IN_PROGRESS,0,11,2,4,0,0,0,0,0
10,2,3,5,IN_PROGRESS,0,5,1,3,0,0,0,0,0
10,3,7,4,IN_PROGRESS,0,5,2,6,0,0,0,0,0
10,4,6,1,IN_PROGRESS,0,0,2,7,0,0,0,0,0
10,5,7,1,IN_PROGRESS,0,0,4,6,0,0,0,0,0
10,6,8,6,IN_PROGRESS,0,8,1,2,0,0,0,0,0
10,7,9,1,IN_PROGRESS,0,0,4,6,0,0,0,0,0
10,8,10,1,IN_PROGRESS,0,0,4,6,0,0,0,0,0
10,9,11,1,IN_PROGRESS,0,0,3,7,0,0,0,0,0
10,10,12,5,IN_PROGRESS,0,4,1,5,0,0,0,0,0
10,11,13,1,IN_PROGRESS,0,0,3,8,0,0,0,0,0
10,12,13,5,IN_PROGRESS,0,1,1,3,0,0,0,0,0
10,13,15,1,IN_PROGRESS,0,0,3,7,0,0,0,0,0
10,14,17,5,IN_PROGRESS,0,4,1,6,0,0,0,0,0
10,15,17,1,IN_PROGRESS,0,0,4,9,0,0,0,0,0
10,16,18,1,IN_PROGRESS,0,0,6,9,0,0,0,0,0
10,17,19,1,IN_PROGRESS,0,14,5,7,6,0,0,1,1
10,18,18,4,IN_PROGRESS,0,6,3,6,0,0,0,0,0
10,19,21,1,IN_PROGRESS,0,0,4,5,0,0,0,0,0
10,20,21,2,IN_PROGRESS,0,7,3,6,0,0,0,0,0
10,21,19,2,IN_PROGRESS,0,10,6,8,0,0,0,0,0
10,22,4,20,IN_PROGRESS,0,17,2,6,0,0,0,0,0
10,23,3,17,IN_PROGRESS,0,3,0,3,0,0,0,0,0
10,24,4,22,IN_PROGRESS,0,0,2,3,0,0,0,0,0
10,25,7,20,IN_PROGRESS,0,7,4,7,0,0,0,0,0
10,26,7,18,IN_PROGRESS,0,26,3,7,0,0,0,0,0
10,27,7,22,IN_PROGRESS,0,0,4,6,0,0,0,0,0
10,28,8,17,IN_PROGRESS,0,15,2,5,0,0,0,0,0
10,29,8,20,IN_PROGRESS,0,14,4,7,1,0,0,0,0
10,30,10,22,IN_PROGRESS,0,0,2,5,0,0,0,0,0
10,31,12,18,IN_PROGRESS,0,4,2,6,0,0,0,0,0
10,32,13,18,IN_PROGRESS,0,1,2,4,0,0,0,0,0
10,33,13,22,IN_PROGRESS,0,0,2,5,0,0,0,0,0
10,34,13,20,IN_PROGRESS,0,6,3,6,0,0,0,0,0
10,35,17,20,IN_PROGRESS,0,7,3,7,0,0,0,0,0
10,36,17,18,IN_PROGRESS,0,1,3,7,0,0,0,0,0
10,37,17,22,IN_PROGRESS,0,0,2,5,0,0,0,0,0
10,38,18,17,IN_PROGRESS,0,4,2,4,0,0,0,0,0
10,39,18,19,IN_PROGRESS,0,5,3,7,0,0,0,0,0
10,40,20,22,IN_PROGRESS,0,0,2,5,0,0,0,0,0
10,41,22,18,IN_PROGRESS,0,4,1,5,0,0,0,0,0
10,42,22,20,IN_PROGRESS,0,3,2,5,0,0,0,0,0
10,43,23,22,IN_PROGRESS,0,0,2,3,0,0,0,0,0
11,0,2,1,IN_PROGRESS,0,0,0,3,0,0,0,0,0
11,1,4,3,IN_PROGRESS,0,10,0,5,0,0,0,0,0
11,2,3,6,IN_PROGRESS,0,4,0,2,0,0,0,0,0
11,3,7,5,IN_PROGRESS,0,4,1,5,0,0,0,0,0
11,4,6,1,IN_PROGRESS,0,0,2,7,0,0,0,0,0
11,5,7,1,IN_PROGRESS,0,0,3,7,0,0,0,0,0
11,6,8,7,IN_PROGRESS,0,7,1,2,0,0,0,0,0
11,7,9,1,IN_PROGRESS,0,0,4,5,0,0,0,0,0
11,8,10,1,IN_PROGRESS,0,0,4,6,0,0,0,0,0
11,9,11,1,IN_PROGRESS,0,0,3,6,0,0,0,0,0
11,10,12,6,IN_PROGRESS,0,3,1,3,0,0,0,0,0
11,11,13,1,IN_PROGRESS,0,0,3,7,0,0,0,0,0
11,12,14,5,IN_PROGRESS,0,0,1,5,0,0,0,0,0
11,13,15,1,IN_PROGRESS,0,0,3,8,0,0,0,0,0
11,14,17,6,IN_PROGRESS,0,3,1,5,0,0,0,0,0
11,15,17,1,IN_PROGRESS,0,0,4,9,0,0,0,0,0
11,16,18,1,IN_PROGRESS,0,0,6,8,0,0,0,0,0
11,17,19,1,IN_PROGRESS,0,13,5,7,7,0,0,1,1
11,18,18,5,IN_PROGRESS,0,5,2,7,0,0,0,0,0
11,19,21,1,IN_PROGRESS,0,0,3,5,0,0,0,0,0
11,20,20,2,IN_PROGRESS,0,6,4,6,0,0,0,0,0
11,21,18,2,IN_PROGRESS,0,9,5,8,0,0,0,0,0
11,22,5,20,IN_PROGRESS,0,16,2,5,0,0,0,0,0
11,23,3,16,IN_PROGRESS,0,2,0,2,0,0,0,0,0
11,24,4,22,IN_PROGRESS,0,0,2,2,0,0,0,0,0
11,25,7,19,IN_PROGRESS,0,6,4,5,0,0,0,0,0
11,26,7,17,IN_PROGRESS,0,25,3,7,0,0,0,0,0
11,27,7,22,IN_PROGRESS,0,0,3,6,0,0,0,0,0
11,28,8,16,IN_PROGRESS,0,14,2,5,0,0,0,0,0
11,29,8,19,IN_PROGRESS,0,13,3,7,0,0,0,0,0
11,30,10,22,IN_PROGRESS,0,0,2,3,0,0,0,0,0
11,31,12,17,IN_PROGRESS,0,3,2,5,0,0,0,0,0
11,32,14,18,IN_PROGRESS,0,0,3,6,0,0,0,0,0
11,33,13,22,IN_PROGRESS,0,0,2,4,0,0,0,0,0
11,34,13,19,IN_PROGRESS,0,5,3,6,0,0,0,0,0
11,35,17,19,IN_PROGRESS,0,6,3,7,0,0,0,0,0
11,36,16,18,IN_PROGRESS,0,0,3,7,0,0,0,0,0
11,37,17,22,IN_PROGRESS,0,0,2,5,0,0,0,0,0
11,38,18,16,IN_PROGRESS,0,3,1,4,0,0,0,0,0
11,39,18,18,IN_PROGRESS,0,4,3,7,0,0,0,0,0
11,40,20,22,IN_PROGRESS,0,0,2,3,0,0,0,0,0
11,41,22,17,IN_PROGRESS,0,3,1,3,0,0,0,0,0
11,42,22,19,IN_PROGRESS,0,2,1,5,0,0,0,0,0
11,43,23,22,IN_PROGRESS,0,0,1,2,0,0,0,0,0
12,0,2,1,IN_PROGRESS,0,0,0,3,0,0,0,0,0
12,1,5,3,IN_PROGRESS,0,9,1,4,0,0,0,0,0
12,2,3,7,IN_PROGRESS,0,3,0,1,0,0,0,0,0
12,3,7,6,IN_PROGRESS,0,3,1,5,0,0,0,0,0
12,4,6,1,IN_PROGRESS,0,0,3,6,0,0,0,0,0
12,5,7,1,IN_PROGRESS,0,0,3,7,0,0,0,0,0
12,6,9,7,IN_PROGRESS,0,6,2,2,0,0,0,0,0
12,7,9,1,IN_PROGRESS,0,0,4,5,0,0,0,0,0
12,8,10,1,IN_PROGRESS,0,0,4,6,0,0,0,0,0
12,9,11,1,IN_PROGRESS,0,0,3,7,0,0,0,0,0
12,10,11,6,IN_PROGRESS,0,2,1,5,0,0,0,0,0
12,11,13,1,IN_PROGRESS,0,0,3,8,0,0,0,0,0
12,12,14,5,IN_PROGRESS,1,0,1,5,0,0,0,0,0
12,13,15,1,IN_PROGRESS,0,0,4,9,0,0,0,0,0
12,14,16,6,IN_PROGRESS,0,2,2,4,0,0,0,0,0
12,15,17,1,IN_PROGRESS,0,0,5,7,0,0,0,0,0
12,16,18,1,IN_PROGRESS,0,0,6,8,0,0,0,0,0
12,17,19,1,IN_PROGRESS,0,12,5,6,8,0,0,1,1
12,18,18,6,IN_PROGRESS,0,4,1,5,0,0,0,0,0
12,19,21,1,IN_PROGRESS,0,0,3,5,0,0,0,0,0
12,20,19,2,IN_PROGRESS,0,5,5,7,0,0,0,0,0
12,21,17,2,IN_PROGRESS,0,8,5,9,0,0,0,0,0
12,22,6,20,IN_PROGRESS,0,15,2,5,0,0,0,0,0
12,23,3,15,IN_PROGRESS,0,1,0,2,0,0,0,0,0
12,24,4,22,IN_PROGRESS,0,0,1,2,0,0,0,0,0
12,25,7,18,IN_PROGRESS,0,5,3,6,0,0,0,0,0
12,26,7,16,IN_PROGRESS,0,24,3,6,0,0,0,0,0
12,27,7,22,IN_PROGRESS,0,0,3,5,0,0,0,0,0
12,28,8,15,IN_PROGRESS,0,13,2,5,0,0,0,0,0
12,29,8,18,IN_PROGRESS,0,12,3,7,0,0,0,0,0
12,30,10,22,IN_PROGRESS,0,0,2,2,0,0,0,0,0
12,31,11,17,IN_PROGRESS,0,2,1,6,0,0,0,0,0
12,32,14,18,IN_PROGRESS,1,0,3,6,0,0,0,0,0
12,33,13,22,IN_PROGRESS,0,0,1,4,0,0,0,0,0
12,34,13,18,IN_PROGRESS,0,4,3,6,0,0,0,0,0
12,35,17,18,IN_PROGRESS,0,5,3,8,0,0,0,0,0
12,36,16,18,IN_PROGRESS,1,0,4,6,0,0,0,0,0
12,37,17,22,IN_PROGRESS,0,0,1,4,0,0,0,0,0
12,38,19,16,IN_PROGRESS,0,2,2,5,0,0,0,0,0
12,39,18,17,IN_PROGRESS,0,3,4,6,0,0,0,0,0
12,40,20,22,IN_PROGRESS,0,0,2,2,0,0,0,0,0
12,41,21,17,IN_PROGRESS,0,2,3,4,0,0,0,0,0
12,42,22,18,IN_PROGRESS,0,1,1,5,0,0,0,0,0
12,43,23,22,IN_PROGRESS,0,0,1,2,0,0,0,0,0
13,0,2,1,IN_PROGRESS,0,0,0,2,0,0,0,0,0
13,1,6,3,IN_PROGRESS,0,8,3,4,0,0,0,0,0
13,2,4,7,IN_PROGRESS,0,2,1,1,0,0,0,0,0
13,3,6,6,IN_PROGRESS,0,2,2,4,0,0,0,0,0
13,4,6,1,IN_PROGRESS,0,0,3,7,0,0,0,0,0
13,5,7,1,IN_PROGRESS,0,0,4,6,0,0,0,0,0
13,6,10,7,IN_PROGRESS,0,5,1,2,0,0,0,0,0
13,7,9,1,IN_PROGRESS,0,0,4,6,0,0,0,0,0
13,8,10,1,IN_PROGRESS,0,0,4,6,0,0,0,0,0
13,9,11,1,IN_PROGRESS,0,0,3,6,0,0,0,0,0
13,10,11,7,IN_PROGRESS,0,1,1,3,0,0,0,0,0
13,11,13,1,IN_PROGRESS,0,0,3,7,0,0,0,0,0
13,12,14,5,IN_PROGRESS,1,16,0,5,1,0,0,0,0
13,13,15,1,IN_PROGRESS,0,0,3,9,0,0,0,0,0
13,14,16,7,IN_PROGRESS,0,1,1,4,0,0,0,0,0
13,15,17,1,IN_PROGRESS,0,0,5,7,0,0,0,0,0
13,16,18,1,IN_PROGRESS,0,0,6,7,0,0,0,0,0
13,17,19,1,IN_PROGRESS,0,11,4,6,9,0,0,1,1
13,18,18,7,IN_PROGRESS,0,3,1,3,0,0,0,0,0
13,19,21,1,IN_PROGRESS,0,0,2,4,0,0,0,0,0
13,20,18,2,IN_PROGRESS,0,4,4,7,0,0,0,0,0
13,21,17,3,IN_PROGRESS,0,7,3,8,0,0,0,0,0
13,22,7,20,IN_PROGRESS,0,14,2,6,0,0,0,0,0
13,23,4,15,IN_PROGRESS,0,0,1,3,0,0,0,0,0
13,24,4,22,IN_PROGRESS,0,0,1,2,0,0,0,0,0
13,25,7,17,IN_PROGRESS,0,4,4,7,0,0,0,0,0
13,26,7,15,IN_PROGRESS,0,23,4,6,0,0,0,0,0
13,27,7,22,IN_PROGRESS,0,0,3,4,0,0,0,0,0
13,28,8,14,IN_PROGRESS,0,12,2,5,0,0,0,0,0
13,29,8,17,IN_PROGRESS,0,11,4,6,0,0,0,0,0
13,30,10,22,IN_PROGRESS,0,0,2,4,0,0,0,0,0
13,31,10,17,IN_PROGRESS,0,1,3,7,0,0,0,0,0
13,32,14,18,IN_PROGRESS,1,17,2,5,1,0,0,0,0
13,33,13,22,IN_PROGRESS,0,0,1,4,0,0,0,0,0
13,34,13,17,IN_PROGRESS,0,3,2,6,0,0,0,0,0
13,35,17,17,IN_PROGRESS,0,4,3,8,0,0,0,0,0
13,36,16,18,IN_PROGRESS,1,20,2,7,1,0,0,0,0
13,37,17,22,IN_PROGRESS,0,0,1,4,0,0,0,0,0
13,38,20,16,IN_PROGRESS,0,1,3,4,0,0,0,0,0
13,39,18,16,IN_PROGRESS,0,2,3,5,0,0,0,0,0
13,40,20,22,IN_PROGRESS,0,0,2,4,0,0,0,0,0
13,41,20,17,IN_PROGRESS,0,1,4,6,0,0,0,0,0
13,42,21,18,IN_PROGRESS,0,0,2,6,0,0,0,0,0
13,43,23,22,IN_PROGRESS,0,0,1,1,0,0,0,0,0
14,0,2,1,IN_PROGRESS,0,0,0,2,0,0,0,0,0
14,1,7,3,IN_PROGRESS,0,7,2,5,0,0,0,0,0
14,2,5,7,IN_PROGRESS,0,1,1,1,0,0,0,0,0
14,3,5,6,IN_PROGRESS,0,1,1,2,0,0,0,0,0
14,4,6,1,IN_PROGRESS,0,0,3,6,0,0,0,0,0
14,5,7,1,IN_PROGRESS,0,0,4,6,0,0,0,0,0
14,6,11,7,IN_PROGRESS,0,4,1,2,0,0,0,0,0
14,7,9,1,IN_PROGRESS,0,0,4,6,0,0,0,0,0
14,8,10,1,IN_PROGRESS,0,0,4,7,0,0,0,0,0
14,9,11,1,IN_PROGRESS,0,0,3,6,0,0,0,0,0
14,10,11,8,IN_PROGRESS,0,0,1,3,0,0,0,0,0
14,11,13,1,IN_PROGRESS,0,0,3,7,0,0,0,0,0
14,12,13,5,IN_PROGRESS,1,15,0,4,0,0,0,0,0
14,13,15,1,IN_PROGRESS,0,0,3,8,0,0,0,0,0
14,14,16,8,IN_PROGRESS,0,0,0,3,0,0,0,0,0
14,15,17,1,IN_PROGRESS,0,0,5,7,0,0,0,0,0
14,16,18,1,IN_PROGRESS,0,0,5,7,0,0,0,0,0
14,17,19,1,IN_PROGRESS,0,10,4,6,10,0,0,1,1
14,18,19,7,IN_PROGRESS,0,2,0,3,0,0,0,0,0
14,19,21,1,IN_PROGRESS,0,0,2,4,0,0,0,0,0
14,20,18,3,IN_PROGRESS,0,3,4,7,0,0,0,0,0
14,21,17,4,IN_PROGRESS,0,6,2,8,0,0,0,0,0
14,22,8,20,IN_PROGRESS,0,13,2,5,0,0,0,0,0
14,23,4,15,IN_PROGRESS,1,0,0,2,0,0,0,0,0
14,24,4,22,IN_PROGRESS,0,0,1,1,0,0,0,0,0
14,25,6,17,IN_PROGRESS,0,3,1,5,0,0,0,0,0
14,26,7,14,IN_PROGRESS,0,22,1,4,0,0,0,0,0
14,27,7,22,IN_PROGRESS,0,0,3,3,0,0,0,0,0
14,28,8,13,IN_PROGRESS,0,11,1,2,0,0,0,0,0
14,29,8,17,IN_PROGRESS,0,10,3,5,1,0,0,0,0
14,30,10,22,IN_PROGRESS,0,0,2,4,0,0,0,0,0
14,31,10,18,IN_PROGRESS,0,0,2,6,0,0,0,0,0
14,32,13,18,IN_PROGRESS,1,16,3,5,0,0,0,0,0
14,33,13,22,IN_PROGRESS,0,0,1,3,0,0,0,0,0
14,34,14,17,IN_PROGRESS,0,2,3,4,0,0,0,0,0
14,35,16,17,IN_PROGRESS,0,3,2,5,0,0,0,0,0
14,36,16,18,IN_PROGRESS,1,19,3,7,2,0,0,1,0
14,37,17,22,IN_PROGRESS,0,0,1,3,0,0,0,0,0
14,38,20,15,IN_PROGRESS,0,0,2,3,0,0,0,0,0
14,39,18,15,IN_PROGRESS,0,1,1,4,0,0,0,0,0
14,40,20,22,IN_PROGRESS,0,0,2,4,0,0,0,0,0
14,41,20,18,IN_PROGRESS,0,0,2,6,0,0,0,0,0
14,42,21,18,IN_PROGRESS,1,0,1,4,0,0,0,0,0
14,43,23,22,IN_PROGRESS,0,0,1,1,0,0,0,0,0
15,0,2,1,IN_PROGRESS,0,0,0,2,0,0,0,0,0
15,1,7,4,IN_PROGRESS,0,6,2,4,0,0,0,0,0
15,2,5,8,IN_PROGRESS,0,0,1,1,0,0,0,0,0
15,3,5,5,IN_PROGRESS,0,0,2,3,0,0,0,0,0
15,4,6,1,IN_PROGRESS,0,0,2,7,0,0,0,0,0
15,5,7,1,IN_PROGRESS,0,0,4,6,0,0,0,0,0
15,6,12,7,IN_PROGRESS,0,3,2,3,0,0,0,0,0
15,7,9,1,IN_PROGRESS,0,0,4,6,0,0,0,0,0
15,8,10,1,IN_PROGRESS,0,0,4,6,0,0,0,0,0
15,9,11,1,IN_PROGRESS,0,0,3,7,0,0,0,0,0
15,10,11,8,IN_PROGRESS,1,0,1,3,0,0,0,0,0
15,11,13,1,IN_PROGRESS,0,0,3,7,0,0,0,0,0
15,12,12,5,IN_PROGRESS,1,14,1,5,0,0,0,0,0
15,13,15,1,IN_PROGRESS,0,0,3,6,0,0,0,0,0
15,14,16,8,IN_PROGRESS,1,0,0,4,0,0,0,0,0
15,15,17,1,IN_PROGRESS,0,0,3,7,0,0,0,0,0
15,16,18,1,IN_PROGRESS,0,0,5,7,0,0,0,0,0
15,17,19,1,IN_PROGRESS,0,11,3,5,11,0,0,1,1
15,18,20,7,IN_PROGRESS,0,1,0,3,0,0,0,0,0
15,19,21,1,IN_PROGRESS,0,0,2,3,0,0,0,0,0
15,20,18,4,IN_PROGRESS,0,2,2,5,0,0,0,0,0
15,21,17,5,IN_PROGRESS,0,5,1,6,0,0,0,0,0
15,22,9,20,IN_PROGRESS,0,12,2,5,0,0,0,0,0
15,23,4,15,IN_PROGRESS,1,0,1,3,0,0,0,0,0
15,24,4,22,IN_PROGRESS,0,0,1,1,0,0,0,0,0
15,25,5,17,IN_PROGRESS,0,2,1,2,0,0,0,0,0
15,26,7,13,IN_PROGRESS,0,21,1,3,0,0,0,0,0
15,27,7,22,IN_PROGRESS,0,0,2,3,0,0,0,0,0
15,28,8,12,IN_PROGRESS,0,10,1,2,0,0,0,0,0
15,29,8,16,IN_PROGRESS,0,9,0,6,0,0,0,0,0
15,30,10,22,IN_PROGRESS,0,0,3,4,0,0,0,0,0
15,31,10,18,IN_PROGRESS,1,0,2,4,0,0,0,0,0
15,32,12,18,IN_PROGRESS,1,15,1,5,0,0,0,0,0
15,33,13,22,IN_PROGRESS,0,0,1,3,0,0,0,0,0
15,34,15,17,IN_PROGRESS,0,1,2,3,0,0,0,0,0
15,35,16,16,IN_PROGRESS,0,2,2,4,0,0,0,0,0
15,36,16,18,IN_PROGRESS,1,18,2,6,3,0,0,1,0
15,37,17,22,IN_PROGRESS,0,0,1,3,0,0,0,0,0
15,38,20,15,IN_PROGRESS,1,0,2,4,0,0,0,0,0
15,39,19,15,IN_PROGRESS,0,0,1,4,0,0,0,0,0
15,40,20,22,IN_PROGRESS,0,0,2,4,0,0,0,0,0
15,41,20,18,IN_PROGRESS,1,0,2,5,0,0,0,0,0
15,42,21,18,IN_PROGRESS,1,14,1,5,1,0,0,0,0
15,43,23,22,IN_PROGRESS,0,0,1,1,0,0,0,0,0
16,0,2,1,IN_PROGRESS,0,0,0,2,0,0,0,0,0
16,1,7,5,IN_PROGRESS,0,5,1,4,0,0,0,0,0
16,2,5,8,IN_PROGRESS,1,0,1,2,0,0,0,0,0
16,3,5,5,IN_PROGRESS,1,0,2,3,0,0,0,0,0
16,4,6,1,IN_PROGRESS,0,0,2,7,0,0,0,0,0
16,5,7,1,IN_PROGRESS,0,0,3,6,0,0,0,0,0
16,6,12,8,IN_PROGRESS,0,2,1,3,0,0,0,0,0
16,7,9,1,IN_PROGRESS,0,0,4,5,0,0,0,0,0
16,8,10,1,IN_PROGRESS,0,0,4,7,0,0,0,0,0
16,9,11,1,IN_PROGRESS,0,0,3,7,0,0,0,0,0
16,10,11,8,IN_PROGRESS,1,15,1,3,1,0,0,0,0
16,11,13,1,IN_PROGRESS,0,0,3,7,0,0,0,0,0
16,12,12,4,IN_PROGRESS,1,13,0,5,0,0,0,0,0
16,13,15,1,IN_PROGRESS,0,0,3,6,0,0,0,0,0
16,14,16,8,IN_PROGRESS,1,8,1,5,1,0,0,0,0
16,15,17,1,IN_PROGRESS,0,0,3,7,0,0,0,0,0
16,16,18,1,IN_PROGRESS,0,0,4,6,0,0,0,0,0
16,17,19,1,IN_PROGRESS,0,10,3,5,12,0,0,1,1
16,18,20,8,IN_PROGRESS,0,0,0,3,0,0,0,0,0
16,19,21,1,IN_PROGRESS,0,13,2,3,1,0,0,0,0
16,20,18,5,IN_PROGRESS,0,1,1,6,0,0,0,0,0
16,21,17,6,IN_PROGRESS,0,4,2,4,0,0,0,0,0
16,22,10,20,IN_PROGRESS,0,11,2,5,0,0,0,0,0
16,23,4,15,IN_PROGRESS,1,0,1,2,0,0,0,0,0
16,24,4,22,IN_PROGRESS,0,0,1,1,0,0,0,0,0
16,25,5,16,IN_PROGRESS,0,1,1,2,0,0,0,0,0
16,26,7,12,IN_PROGRESS,0,20,1,2,0,0,0,0,0
16,27,7,22,IN_PROGRESS,0,19,2,3,1,0,0,0,0
16,28,8,11,IN_PROGRESS,0,9,1,2,0,0,0,0,0
16,29,8,15,IN_PROGRESS,0,8,0,5,0,0,0,0,0
16,30,10,22,IN_PROGRESS,0,0,3,4,0,0,0,0,0
16,31,10,18,IN_PROGRESS,1,11,2,5,1,0,0,0,0
16,32,12,17,IN_PROGRESS,1,14,1,5,0,0,0,0,0
16,33,13,22,IN_PROGRESS,0,0,1,3,0,0,0,0,0
16,34,15,18,IN_PROGRESS,0,0,2,5,0,0,0,0,0
16,35,15,16,IN_PROGRESS,0,1,2,4,0,0,0,0,0
16,36,16,17,IN_PROGRESS,1,17,2,6,0,0,0,0,0
16,37,17,22,IN_PROGRESS,0,0,1,2,0,0,0,0,0
16,38,20,15,IN_PROGRESS,1,21,3,3,1,0,0,0,0
16,39,19,15,IN_PROGRESS,1,0,1,5,0,0,0,0,0
16,40,20,22,IN_PROGRESS,0,11,2,3,1,0,0,0,0
16,41,20,18,IN_PROGRESS,1,28,2,6,1,0,0,0,0
16,42,21,17,IN_PROGRESS,1,13,2,4,0,0,0,0,0
16,43,23,22,IN_PROGRESS,0,6,1,1,1,0,0,0,0
17,0,2,1,IN_PROGRESS,0,11,0,2,1,0,0,0,0
17,1,8,5,IN_PROGRESS,0,4,1,5,0,0,0,0,0
17,2,5,8,IN_PROGRESS,1,12,1,3,1,0,0,0,0
17,3,5,5,IN_PROGRESS,1,7,2,3,1,0,0,0,0
17,4,6,1,IN_PROGRESS,0,0,2,6,0,0,0,0,0
17,5,7,1,IN_PROGRESS,0,0,3,6,0,0,0,0,0
17,6,13,8,IN_PROGRESS,0,1,1,3,0,0,0,0,0
17,7,9,1,IN_PROGRESS,0,0,4,7,0,0,0,0,0
17,8,10,1,IN_PROGRESS,0,10,4,7,1,0,0,0,0
17,9,11,1,IN_PROGRESS,0,0,4,7,0,0,0,0,0
17,10,11,7,IN_PROGRESS,1,14,1,3,0,0,0,0,0
17,11,13,1,IN_PROGRESS,0,0,4,7,0,0,0,0,0
17,12,12,3,IN_PROGRESS,1,12,2,6,0,0,0,0,0
17,13,15,1,IN_PROGRESS,0,0,3,7,0,0,0,0,0
17,14,17,8,IN_PROGRESS,1,7,2,4,0,0,0,0,0
17,15,17,1,IN_PROGRESS,0,0,3,5,0,0,0,0,0
17,16,18,1,IN_PROGRESS,0,0,3,6,0,0,0,0,0
17,17,19,1,IN_PROGRESS,0,9,3,5,13,0,0,1,1
17,18,20,8,IN_PROGRESS,1,0,1,2,0,0,0,0,0
17,19,21,2,IN_PROGRESS,0,12,1,4,0,0,0,0,0
17,20,19,5,IN_PROGRESS,0,0,0,6,0,0,0,0,0
17,21,16,6,IN_PROGRESS,0,3,1,3,0,0,0,0,0
17,22,11,20,IN_PROGRESS,0,10,3,5,0,0,0,0,0
17,23,4,15,IN_PROGRESS,1,0,1,2,0,0,0,0,0
17,24,4,22,IN_PROGRESS,0,0,0,1,0,0,0,0,0
17,25,5,15,IN_PROGRESS,0,0,1,2,0,0,0,0,0
17,26,7,11,IN_PROGRESS,0,19,1,3,0,0,0,0,0
17,27,7,21,IN_PROGRESS,0,18,0,3,0,0,0,0,0
17,28,8,10,IN_PROGRESS,0,8,1,4,0,0,0,0,0
17,29,8,14,IN_PROGRESS,0,7,0,4,0,0,0,0,0
17,30,10,22,IN_PROGRESS,0,10,2,4,1,0,0,0,0
17,31,10,18,IN_PROGRESS,1,10,2,4,2,0,0,1,0
17,32,11,17,IN_PROGRESS,1,13,2,4,0,0,0,0,0
17,33,13,22,IN_PROGRESS,0,0,1,3,0,0,0,0,0
17,34,15,18,IN_PROGRESS,1,0,2,5,0,0,0,0,0
17,35,15,15,IN_PROGRESS,0,0,2,3,0,0,0,0,0
17,36,15,17,IN_PROGRESS,1,16,2,4,0,0,0,0,0
17,37,17,22,IN_PROGRESS,0,0,0,2,0,0,0,0,0
17,38,20,16,IN_PROGRESS,1,20,3,4,0,0,0,0,0
17,39,19,15,IN_PROGRESS,1,0,2,4,0,0,0,0,0
17,40,20,21,IN_PROGRESS,0,10,2,5,0,0,0,0,0
17,41,20,18,IN_PROGRESS,1,27,3,5,2,0,0,1,0
17,42,20,17,IN_PROGRESS,1,12,3,5,0,0,0,0,0
17,43,23,21,IN_PROGRESS,0,5,1,1,0,0,0,0,0
18,0,2,2,IN_PROGRESS,0,10,0,1,0,0,0,0,0
18,1,8,6,IN_PROGRESS,0,3,3,5,0,0,0,0,0
18,2,5,7,IN_PROGRESS,1,11,1,4,0,0,0,0,0
18,3,5,6,IN_PROGRESS,1,6,2,2,0,0,0,0,0
18,4,6,1,IN_PROGRESS,0,0,2,5,0,0,0,0,0
18,5,7,1,IN_PROGRESS,0,0,2,4,0,0,0,0,0
18,6,14,8,IN_PROGRESS,0,0,1,3,0,0,0,0,0
18,7,9,1,IN_PROGRESS,0,0,4,6,0,0,0,0,0
18,8,10,2,IN_PROGRESS,0,9,3,7,0,0,0,0,0
18,9,11,1,IN_PROGRESS,0,0,4,7,0,0,0,0,0
18,10,10,7,IN_PROGRESS,1,13,1,6,0,0,0,0,0
18,11,13,1,IN_PROGRESS,0,0,2,7,0,0,0,0,0
18,12,11,3,IN_PROGRESS,1,11,2,5,0,0,0,0,0
18,13,15,1,IN_PROGRESS,0,0,3,6,0,0,0,0,0
18,14,17,9,IN_PROGRESS,1,6,0,3,0,0,0,0,0
18,15,17,1,IN_PROGRESS,0,0,3,5,0,0,0,0,0
18,16,18,1,IN_PROGRESS,0,0,4,6,0,0,0,0,0
18,17,19,2,IN_PROGRESS,0,8,4,5,0,0,0,0,0
18,18,20,8,IN_PROGRESS,1,8,0,2,1,0,0,0,0
18,19,20,2,IN_PROGRESS,0,11,2,4,0,0,0,0,0
18,20,19,5,IN_PROGRESS,1,0,1,5,0,0,0,0,0
18,21,15,6,IN_PROGRESS,0,2,1,4,0,0,0,0,0
18,22,12,20,IN_PROGRESS,0,9,2,7,0,0,0,0,0
18,23,4,15,IN_PROGRESS,1,0,1,1,0,0,0,0,0
18,24,4,22,IN_PROGRESS,0,0,0,1,0,0,0,0,0
18,25,5,15,IN_PROGRESS,1,0,1,2,0,0,0,0,0
18,26,8,11,IN_PROGRESS,0,18,2,3,0,0,0,0,0
18,27,7,20,IN_PROGRESS,0,17,0,4,0,0,0,0,0
18,28,8,9,IN_PROGRESS,0,7,2,5,0,0,0,0,0
18,29,8,13,IN_PROGRESS,0,6,1,3,0,0,0,0,0
18,30,10,21,IN_PROGRESS,0,9,2,5,0,0,0,0,0
18,31,10,18,IN_PROGRESS,1,9,2,6,3,0,0,1,0
18,32,10,17,IN_PROGRESS,1,12,1,4,0,0,0,0,0
18,33,13,22,IN_PROGRESS,0,0,1,3,0,0,0,0,0
18,34,15,18,IN_PROGRESS,1,0,2,6,0,0,0,0,0
18,35,15,15,IN_PROGRESS,1,0,2,4,0,0,0,0,0
18,36,14,17,IN_PROGRESS,1,15,2,6,0,0,0,0,0
18,37,17,22,IN_PROGRESS,0,0,1,2,0,0,0,0,0
18,38,19,16,IN_PROGRESS,1,19,3,5,0,0,0,0,0
18,39,19,15,IN_PROGRESS,1,0,2,4,0,0,0,0,0
18,40,19,21,IN_PROGRESS,0,9,2,5,0,0,0,0,0
18,41,20,18,IN_PROGRESS,1,26,2,6,3,0,0,1,0
18,42,19,17,IN_PROGRESS,1,11,3,6,0,0,0,0,0
18,43,22,21,IN_PROGRESS,0,4,1,2,0,0,0,0,0
19,0,2,3,IN_PROGRESS,0,9,0,1,0,0,0,0,0
19,1,9,6,IN_PROGRESS,0,2,2,7,0,0,0,0,0
19,2,6,7,IN_PROGRESS,1,10,3,4,0,0,0,0,0
19,3,4,6,IN_PROGRESS,1,5,1,3,0,0,0,0,0
19,4,6,1,IN_PROGRESS,0,0,2,3,0,0,0,0,0
19,5,7,1,IN_PROGRESS,0,0,2,5,0,0,0,0,0
19,6,14,8,IN_PROGRESS,1,0,1,2,0,0,0,0,0
19,7,9,1,IN_PROGRESS,0,0,5,7,0,0,0,0,0
19,8,11,2,IN_PROGRESS,0,8,4,6,0,0,0,0,0
19,9,11,1,IN_PROGRESS,0,0,4,7,0,0,0,0,0
19,10,9,7,IN_PROGRESS,1,12,3,5,0,0,0,0,0
19,11,13,1,IN_PROGRESS,0,0,3,7,0,0,0,0,0
19,12,10,3,IN_PROGRESS,1,10,3,7,0,0,0,0,0
19,13,15,1,IN_PROGRESS,0,0,3,6,0,0,0,0,0
19,14,17,10,IN_PROGRESS,1,5,0,2,0,0,0,0,0
19,15,17,1,IN_PROGRESS,0,0,3,5,0,0,0,0,0
19,16,18,1,IN_PROGRESS,0,0,3,6,0,0,0,0,0
19,17,18,2,IN_PROGRESS,0,7,3,5,0,0,0,0,0
19,18,20,7,IN_PROGRESS,1,7,1,3,0,0,0,0,0
19,19,20,3,IN_PROGRESS,0,10,2,5,0,0,0,0,0
19,20,19,5,IN_PROGRESS,1,0,2,4,0,0,0,0,0
19,21,15,7,IN_PROGRESS,0,1,1,3,0,0,0,0,0
19,22,13,20,IN_PROGRESS,0,8,3,6,0,0,0,0,0
19,23,4,15,IN_PROGRESS,1,0,1,1,0,0,0,0,0
19,24,4,22,IN_PROGRESS,0,0,0,0,0,0,0,0,0
19,25,5,15,IN_PROGRESS,1,0,1,1,0,0,0,0,0
19,26,9,11,IN_PROGRESS,0,17,1,4,0,0,0,0,0
19,27,8,20,IN_PROGRESS,0,16,1,4,0,0,0,0,0
19,28,8,8,IN_PROGRESS,0,6,3,5,0,0,0,0,0
19,29,8,12,IN_PROGRESS,0,5,1,2,0,0,0,0,0
19,30,10,20,IN_PROGRESS,0,8,3,5,0,0,0,0,0
19,31,10,18,IN_PROGRESS,1,8,2,6,4,0,0,1,0
19,32,9,17,IN_PROGRESS,1,11,1,4,0,0,0,0,0
19,33,13,22,IN_PROGRESS,0,0,1,4,0,0,0,0,0
19,34,15,18,IN_PROGRESS,1,0,2,6,0,0,0,0,0
19,35,15,15,IN_PROGRESS,1,13,1,5,1,0,0,0,0
19,36,13,17,IN_PROGRESS,1,14,2,7,0,0,0,0,0
19,37,17,22,IN_PROGRESS,0,0,1,2,0,0,0,0,0
19,38,18,16,IN_PROGRESS,1,18,3,6,0,0,0,0,0
19,39,19,15,IN_PROGRESS,1,0,3,4,0,0,0,0,0
19,40,18,21,IN_PROGRESS,0,8,1,4,0,0,0,0,0
19,41,20,17,IN_PROGRESS,1,25,3,4,0,0,0,0,0
19,42,18,17,IN_PROGRESS,1,10,3,7,0,0,0,0,0
19,43,22,20,IN_PROGRESS,0,3,0,2,0,0,0,0,0
20,0,2,4,IN_PROGRESS,0,8,1,1,0,0,0,0,0
20,1,10,6,IN_PROGRESS,0,1,2,6,0,0,0,0,0
20,2,7,7,IN_PROGRESS,1,9,2,5,0,0,0,0,0
20,3,3,6,IN_PROGRESS,1,4,1,2,0,0,0,0,0
20,4,6,1,IN_PROGRESS,0,0,2,4,0,0,0,0,0
20,5,7,1,IN_PROGRESS,0,0,2,4,0,0,0,0,0
20,6,14,8,IN_PROGRESS,1,9,1,1,1,0,0,0,0
20,7,9,1,IN_PROGRESS,0,0,4,6,0,0,0,0,0
20,8,11,3,IN_PROGRESS,0,7,2,5,0,0,0,0,0
20,9,11,1,IN_PROGRESS,0,0,3,7,0,0,0,0,0
20,10,9,7,IN_PROGRESS,1,11,3,6,1,0,0,0,0
20,11,13,1,IN_PROGRESS,0,0,2,6,0,0,0,0,0
20,12,9,3,IN_PROGRESS,1,9,2,8,0,0,0,0,0
20,13,15,1,IN_PROGRESS,0,0,3,5,0,0,0,0,0
20,14,17,11,IN_PROGRESS,1,4,0,1,0,0,0,0,0
20,15,17,1,IN_PROGRESS,0,0,3,5,0,0,0,0,0
20,16,18,1,IN_PROGRESS,0,0,3,6,0,0,0,0,0
20,17,18,3,IN_PROGRESS,0,6,4,6,0,0,0,0,0
20,18,20,6,IN_PROGRESS,1,6,2,3,0,0,0,0,0
20,19,20,3,IN_PROGRESS,0,10,3,5,1,0,0,0,0
20,20,19,5,IN_PROGRESS,1,0,3,4,0,0,0,0,0
20,21,15,8,IN_PROGRESS,0,0,1,2,0,0,0,0,0
20,22,14,20,IN_PROGRESS,0,7,3,8,0,0,0,0,0
20,23,4,15,IN_PROGRESS,1,0,1,1,0,0,0,0,0
20,24,4,22,IN_PROGRESS,0,0,0,0,0,0,0,0,0
20,25,5,15,IN_PROGRESS,1,0,1,2,0,0,0,0,0
20,26,10,11,IN_PROGRESS,0,16,1,3,0,0,0,0,0
20,27,9,20,IN_PROGRESS,0,15,1,4,0,0,0,0,0
20,28,8,7,IN_PROGRESS,0,5,3,5,0,0,0,0,0
20,29,8,11,IN_PROGRESS,0,4,1,4,0,0,0,0,0
20,30,11,20,IN_PROGRESS,0,7,2,5,0,0,0,0,0
20,31,10,17,IN_PROGRESS,1,7,2,4,0,0,0,0,0
20,32,8,17,IN_PROGRESS,1,10,1,4,0,0,0,0,0
20,33,13,22,IN_PROGRESS,0,0,1,3,0,0,0,0,0
20,34,15,18,IN_PROGRESS,1,0,3,7,0,0,0,0,0
20,35,15,16,IN_PROGRESS,1,12,3,7,0,0,0,0,0
20,36,12,17,IN_PROGRESS,1,13,1,7,0,0,0,0,0
20,37,17,22,IN_PROGRESS,0,0,1,4,0,0,0,0,0
20,38,18,16,IN_PROGRESS,1,17,4,6,1,0,0,0,0
20,39,19,15,IN_PROGRESS,1,0,2,4,0,0,0,0,0
20,40,18,20,IN_PROGRESS,0,7,1,7,0,0,0,0,0
20,41,19,17,IN_PROGRESS,1,24,3,7,0,0,0,0,0
20,42,17,17,IN_PROGRESS,1,9,4,8,0,0,0,0,0
20,43,22,19,IN_PROGRESS,0,2,0,2,0,0,0,0,0
21,0,2,5,IN_PROGRESS,0,7,1,1,0,0,0,0,0
21,1,10,5,IN_PROGRESS,0,0,2,6,0,0,0,0,0
21,2,7,8,IN_PROGRESS,1,8,3,3,0,0,0,0,0
21,3,2,6,IN_PROGRESS,1,3,1,1,0,0,0,0,0
21,4,6,1,IN_PROGRESS,0,0,2,4,0,0,0,0,0
21,5,7,1,IN_PROGRESS,0,0,3,4,0,0,0,0,0
21,6,14,7,IN_PROGRESS,1,8,1,2,0,0,0,0,0
21,7,9,1,IN_PROGRESS,0,0,4,7,0,0,0,0,0
21,8,12,3,IN_PROGRESS,0,6,2,6,0,0,0,0,0
21,9,11,1,IN_PROGRESS,0,0,3,8,0,0,0,0,0
21,10,9,7,IN_PROGRESS,1,10,3,6,2,0,0,1,0
21,11,13,1,IN_PROGRESS,0,8,3,6,1,0,0,0,0
21,12,8,3,IN_PROGRESS,1,8,3,8,0,0,0,0,0
21,13,15,1,IN_PROGRESS,0,0,3,5,0,0,0,0,0
21,14,16,11,IN_PROGRESS,1,3,0,2,0,0,0,0,0
21,15,17,1,IN_PROGRESS,0,0,2,5,0,0,0,0,0
21,16,18,1,IN_PROGRESS,0,0,4,6,0,0,0,0,0
21,17,18,4,IN_PROGRESS,0,5,3,5,0,0,0,0,0
21,18,21,6,IN_PROGRESS,1,5,1,3,0,0,0,0,0
21,19,19,3,IN_PROGRESS,0,9,3,5,0,0,0,0,0
21,20,19,5,IN_PROGRESS,1,0,3,4,0,0,0,0,0
21,21,15,8,IN_PROGRESS,1,0,1,2,0,0,0,0,0
21,22,15,20,IN_PROGRESS,0,6,2,7,0,0,0,0,0
21,23,4,15,IN_PROGRESS,1,0,1,2,0,0,0,0,0
21,24,4,22,IN_PROGRESS,0,0,0,0,0,0,0,0,0
21,25,5,15,IN_PROGRESS,1,0,1,2,0,0,0,0,0
21,26,11,11,IN_PROGRESS,0,15,0,2,0,0,0,0,0
21,27,10,20,IN_PROGRESS,0,14,1,5,0,0,0,0,0
21,28,8,6,IN_PROGRESS,0,4,4,5,0,0,0,0,0
21,29,8,10,IN_PROGRESS,0,3,1,4,0,0,0,0,0
21,30,12,20,IN_PROGRESS,0,6,3,5,0,0,0,0,0
21,31,9,17,IN_PROGRESS,1,6,2,3,0,0,0,0,0
21,32,7,17,IN_PROGRESS,1,9,1,4,0,0,0,0,0
21,33,13,22,IN_PROGRESS,0,0,1,4,0,0,0,0,0
21,34,15,18,IN_PROGRESS,1,0,2,8,0,0,0,0,0
21,35,14,16,IN_PROGRESS,1,11,2,6,0,0,0,0,0
21,36,11,17,IN_PROGRESS,1,12,1,6,0,0,0,0,0
21,37,17,22,IN_PROGRESS,0,0,0,3,0,0,0,0,0
21,38,18,16,IN_PROGRESS,1,16,4,6,2,0,0,1,0
21,39,19,15,IN_PROGRESS,1,0,3,4,0,0,0,0,0
21,40,18,19,IN_PROGRESS,0,6,2,8,0,0,0,0,0
21,41,18,17,IN_PROGRESS,1,23,4,7,0,0,0,0,0
21,42,17,16,IN_PROGRESS,1,8,4,6,0,0,0,0,0
21,43,22,18,IN_PROGRESS,0,1,0,2,0,0,0,0,0
22,0,3,5,IN_PROGRESS,0,6,1,1,0,0,0,0,0
22,1,10,5,IN_PROGRESS,1,0,2,6,0,0,0,0,0
22,2,7,9,IN_PROGRESS,1,7,2,3,0,0,0,0,0
22,3,1,6,IN_PROGRESS,1,2,1,1,0,0,0,0,0
22,4,6,1,IN_PROGRESS,0,0,3,4,0,0,0,0,0
22,5,7,1,IN_PROGRESS,0,0,3,4,0,0,0,0,0
22,6,15,7,IN_PROGRESS,1,7,1,3,0,0,0,0,0
22,7,9,1,IN_PROGRESS,0,0,3,7,0,0,0,0,0
22,8,12,4,IN_PROGRESS,0,5,2,4,0,0,0,0,0
22,9,11,1,IN_PROGRESS,0,0,2,7,0,0,0,0,0
22,10,8,7,IN_PROGRESS,1,9,3,5,0,0,0,0,0
22,11,13,2,IN_PROGRESS,0,7,3,5,0,0,0,0,0
22,12,7,3,IN_PROGRESS,1,7,2,6,0,0,0,0,0
22,13,15,1,IN_PROGRESS,0,11,3,4,1,0,0,0,0
22,14,15,11,IN_PROGRESS,1,2,2,3,0,0,0,0,0
22,15,17,1,IN_PROGRESS,0,0,2,5,0,0,0,0,0
22,16,18,1,IN_PROGRESS,0,0,3,5,0,0,0,0,0
22,17,18,5,IN_PROGRESS,0,4,2,6,0,0,0,0,0
22,18,22,6,IN_PROGRESS,1,4,0,2,0,0,0,0,0
22,19,19,3,IN_PROGRESS,0,8,3,4,1,0,0,0,0
22,20,19,5,IN_PROGRESS,1,0,2,4,0,0,0,0,0
22,21,15,8,IN_PROGRESS,1,15,2,2,1,0,0,0,0
22,22,16,20,IN_PROGRESS,0,5,2,7,0,0,0,0,0
22,23,4,15,IN_PROGRESS,1,0,1,2,0,0,0,0,0
22,24,4,22,IN_PROGRESS,0,0,0,0,0,0,0,0,0
22,25,5,15,IN_PROGRESS,1,0,2,3,0,0,0,0,0
22,26,12,11,IN_PROGRESS,0,14,1,1,0,0,0,0,0
22,27,11,20,IN_PROGRESS,0,13,1,4,0,0,0,0,0
22,28,9,6,IN_PROGRESS,0,3,2,7,0,0,0,0,0
22,29,8,9,IN_PROGRESS,0,2,2,3,0,0,0,0,0
22,30,12,19,IN_PROGRESS,0,5,1,6,0,0,0,0,0
22,31,8,17,IN_PROGRESS,1,5,2,3,0,0,0,0,0
22,32,7,16,IN_PROGRESS,1,8,2,4,0,0,0,0,0
22,33,13,22,IN_PROGRESS,0,0,0,4,0,0,0,0,0
22,34,15,18,IN_PROGRESS,1,0,3,7,0,0,0,0,0
22,35,13,16,IN_PROGRESS,1,10,0,6,0,0,0,0,0
22,36,10,17,IN_PROGRESS,1,11,1,5,0,0,0,0,0
22,37,17,22,IN_PROGRESS,0,0,1,4,0,0,0,0,0
22,38,18,16,IN_PROGRESS,1,15,4,7,3,0,0,1,0
22,39,19,15,IN_PROGRESS,1,0,2,5,0,0,0,0,0
22,40,18,18,IN_PROGRESS,0,5,4,8,0,0,0,0,0
22,41,17,17,IN_PROGRESS,1,22,4,9,0,0,0,0,0
22,42,17,15,IN_PROGRESS,1,7,3,6,0,0,0,0,0
22,43,21,18,IN_PROGRESS,0,0,1,4,0,0,0,0,0
23,0,3,6,IN_PROGRESS,0,5,1,2,0,0,0,0,0
23,1,10,5,IN_PROGRESS,1,0,2,7,0,0,0,0,0
23,2,7,10,IN_PROGRESS,1,6,2,3,0,0,0,0,0
23,3,1,5,IN_PROGRESS,1,1,1,1,0,0,0,0,0
23,4,6,1,IN_PROGRESS,0,0,3,4,0,0,0,0,0
23,5,7,1,IN_PROGRESS,0,0,3,4,0,0,0,0,0
23,6,16,7,IN_PROGRESS,1,6,2,4,0,0,0,0,0
23,7,9,1,IN_PROGRESS,0,0,3,5,0,0,0,0,0
23,8,12,5,IN_PROGRESS,0,4,3,4,0,0,0,0,0
23,9,11,1,IN_PROGRESS,0,0,1,7,0,0,0,0,0
23,10,7,7,IN_PROGRESS,1,8,2,6,0,0,0,0,0
23,11,13,3,IN_PROGRESS,0,6,2,5,0,0,0,0,0
23,12,6,3,IN_PROGRESS,1,6,2,4,0,0,0,0,0
23,13,15,2,IN_PROGRESS,0,10,2,5,0,0,0,0,0
23,14,15,10,IN_PROGRESS,1,1,2,3,0,0,0,0,0
23,15,17,1,IN_PROGRESS,0,0,3,3,0,0,0,0,0
23,16,18,1,IN_PROGRESS,0,0,2,5,0,0,0,0,0
23,17,18,6,IN_PROGRESS,0,3,3,6,0,0,0,0,0
23,18,22,5,IN_PROGRESS,1,3,1,2,0,0,0,0,0
23,19,18,3,IN_PROGRESS,0,7,4,6,0,0,0,0,0
23,20,19,5,IN_PROGRESS,1,0,3,5,0,0,0,0,0
23,21,15,8,IN_PROGRESS,1,14,2,4,2,0,0,1,0
23,22,17,20,IN_PROGRESS,0,4,1,6,0,0,0,0,0
23,23,4,15,IN_PROGRESS,1,0,2,3,0,0,0,0,0
23,24,4,22,IN_PROGRESS,0,0,0,0,0,0,0,0,0
23,25,5,15,IN_PROGRESS,1,0,2,3,0,0,0,0,0
23,26,13,11,IN_PROGRESS,0,13,1,2,0,0,0,0,0
23,27,12,20,IN_PROGRESS,0,12,2,5,0,0,0,0,0
23,28,10,6,IN_PROGRESS,0,2,2,4,0,0,0,0,0
23,29,8,8,IN_PROGRESS,0,1,2,4,0,0,0,0,0
23,30,12,18,IN_PROGRESS,0,4,3,6,0,0,0,0,0
23,31,8,16,IN_PROGRESS,1,4,2,5,0,0,0,0,0
23,32,7,15,IN_PROGRESS,1,7,3,5,0,0,0,0,0
23,33,13,22,IN_PROGRESS,0,0,1,3,0,0,0,0,0
23,34,15,18,IN_PROGRESS,1,0,2,7,0,0,0,0,0
23,35,12,16,IN_PROGRESS,1,9,1,7,0,0,0,0,0
23,36,9,17,IN_PROGRESS,1,10,1,4,0,0,0,0,0
23,37,17,22,IN_PROGRESS,0,0,1,2,0,0,0,0,0
23,38,17,16,IN_PROGRESS,1,14,4,7,0,0,0,0,0
23,39,19,15,IN_PROGRESS,1,0,3,5,0,0,0,0,0
23,40,18,17,IN_PROGRESS,0,4,3,7,0,0,0,0,0
23,41,16,17,IN_PROGRESS,1,21,3,8,0,0,0,0,0
23,42,17,14,IN_PROGRESS,1,6,2,4,0,0,0,0,0
23,43,21,18,IN_PROGRESS,1,0,0,2,0,0,0,0,0
24,0,4,6,IN_PROGRESS,0,4,1,3,0,0,0,0,0
24,1,10,5,IN_PROGRESS,1,0,2,6,0,0,0,0,0
24,2,8,10,IN_PROGRESS,1,5,1,4,0,0,0,0,0
24,3,1,4,IN_PROGRESS,1,0,0,2,0,0,0,0,0
24,4,6,1,IN_PROGRESS,0,0,3,4,0,0,0,0,0
24,5,7,1,IN_PROGRESS,0,0,2,4,0,0,0,0,0
24,6,17,7,IN_PROGRESS,1,5,2,4,0,0,0,0,0
24,7,9,1,IN_PROGRESS,0,0,3,4,0,0,0,0,0
24,8,12,6,IN_PROGRESS,0,3,3,5,0,0,0,0,0
24,9,11,1,IN_PROGRESS,0,0,1,7,0,0,0,0,0
24,10,6,7,IN_PROGRESS,1,7,1,4,0,0,0,0,0
24,11,13,4,IN_PROGRESS,0,5,2,6,0,0,0,0,0
24,12,5,3,IN_PROGRESS,1,5,1,5,0,0,0,0,0
24,13,14,2,IN_PROGRESS,0,9,1,5,0,0,0,0,0
24,14,14,10,IN_PROGRESS,1,0,2,2,0,0,0,0,0
24,15,17,1,IN_PROGRESS,0,0,2,3,0,0,0,0,0
24,16,18,1,IN_PROGRESS,0,0,2,4,0,0,0,0,0
24,17,18,7,IN_PROGRESS,0,2,2,4,0,0,0,0,0
24,18,22,4,IN_PROGRESS,1,2,0,1,0,0,0,0,0
24,19,17,3,IN_PROGRESS,0,6,2,7,0,0,0,0,0
24,20,19,5,IN_PROGRESS,1,0,1,5,0,0,0,0,0
24,21,15,8,IN_PROGRESS,1,13,2,5,3,0,0,1,0
24,22,17,19,IN_PROGRESS,0,3,2,7,0,0,0,0,0
24,23,4,15,IN_PROGRESS,1,0,1,3,0,0,0,0,0
24,24,4,22,IN_PROGRESS,0,0,0,0,0,0,0,0,0
24,25,5,15,IN_PROGRESS,1,0,3,4,0,0,0,0,0
24,26,14,11,IN_PROGRESS,0,12,1,3,0,0,0,0,0
24,27,13,20,IN_PROGRESS,0,11,1,5,0,0,0,0,0
24,28,11,6,IN_PROGRESS,0,1,2,5,0,0,0,0,0
24,29,9,8,IN_PROGRESS,0,0,1,5,0,0,0,0,0
24,30,12,17,IN_PROGRESS,0,3,2,6,0,0,0,0,0
24,31,8,15,IN_PROGRESS,1,3,3,6,0,0,0,0,0
24,32,7,14,IN_PROGRESS,1,6,2,5,0,0,0,0,0
24,33,13,22,IN_PROGRESS,0,0,1,2,0,0,0,0,0
24,34,15,18,IN_PROGRESS,1,0,3,6,0,0,0,0,0
24,35,12,15,IN_PROGRESS,1,8,1,4,0,0,0,0,0
24,36,8,17,IN_PROGRESS,1,9,1,4,0,0,0,0,0
24,37,17,22,IN_PROGRESS,0,0,1,2,0,0,0,0,0
24,38,16,16,IN_PROGRESS,1,13,3,8,0,0,0,0,0
24,39,19,15,IN_PROGRESS,1,0,1,4,0,0,0,0,0
24,40,18,16,IN_PROGRESS,0,3,2,7,0,0,0,0,0
24,41,15,17,IN_PROGRESS,1,20,3,7,0,0,0,0,0
24,42,17,13,IN_PROGRESS,1,5,0,4,0,0,0,0,0
24,43,21,18,IN_PROGRESS,1,0,0,3,0,0,0,0,0
25,0,5,6,IN_PROGRESS,0,3,1,2,0,0,0,0,0
25,1,10,5,IN_PROGRESS,1,0,2,6,0,0,0,0,0
25,2,8,11,IN_PROGRESS,1,4,2,3,0,0,0,0,0
25,3,1,4,IN_PROGRESS,0,0,0,1,0,0,0,0,0
25,4,6,1,IN_PROGRESS,0,0,2,4,0,0,0,0,0
25,5,7,1,IN_PROGRESS,0,0,2,4,0,0,0,0,0
25,6,17,8,IN_PROGRESS,1,4,2,7,0,0,0,0,0
25,7,9,1,IN_PROGRESS,0,0,3,5,0,0,0,0,0
25,8,12,7,IN_PROGRESS,0,2,3,6,0,0,0,0,0
25,9,11,1,IN_PROGRESS,0,0,2,6,0,0,0,0,0
25,10,5,7,IN_PROGRESS,1,6,1,3,0,0,0,0,0
25,11,13,5,IN_PROGRESS,0,4,4,6,0,0,0,0,0
25,12,4,3,IN_PROGRESS,1,4,0,5,0,0,0,0,0
25,13,13,2,IN_PROGRESS,0,8,2,5,0,0,0,0,0
25,14,14,10,IN_PROGRESS,0,0,1,5,0,0,0,0,0
25,15,17,1,IN_PROGRESS,0,0,2,3,0,0,0,0,0
25,16,18,1,IN_PROGRESS,0,0,1,3,0,0,0,0,0
25,17,18,8,IN_PROGRESS,0,1,1,5,0,0,0,0,0
25,18,23,4,IN_PROGRESS,1,1,0,1,0,0,0,0,0
25,19,17,4,IN_PROGRESS,0,5,2,7,0,0,0,0,0
25,20,19,5,IN_PROGRESS,1,0,1,5,0,0,0,0,0
25,21,15,7,IN_PROGRESS,1,12,2,7,0,0,0,0,0
25,22,17,18,IN_PROGRESS,0,2,1,8,0,0,0,0,0
25,23,4,15,IN_PROGRESS,1,0,1,4,0,0,0,0,0
25,24,4,22,IN_PROGRESS,0,0,0,0,0,0,0,0,0
25,25,5,15,IN_PROGRESS,1,0,1,4,0,0,0,0,0
25,26,15,11,IN_PROGRESS,0,11,2,5,0,0,0,0,0
25,27,14,20,IN_PROGRESS,0,10,3,6,0,0,0,0,0
25,28,11,5,IN_PROGRESS,0,0,3,6,0,0,0,0,0
25,29,9,8,IN_PROGRESS,1,0,0,5,0,0,0,0,0
25,30,11,17,IN_PROGRESS,0,2,1,5,0,0,0,0,0
25,31,8,14,IN_PROGRESS,1,2,2,6,0,0,0,0,0
25,32,7,13,IN_PROGRESS,1,5,2,5,0,0,0,0,0
25,33,13,22,IN_PROGRESS,0,0,1,2,0,0,0,0,0
25,34,15,18,IN_PROGRESS,1,0,4,5,0,0,0,0,0
25,35,12,14,IN_PROGRESS,1,7,0,4,0,0,0,0,0
25,36,7,17,IN_PROGRESS,1,8,0,5,0,0,0,0,0
25,37,17,22,IN_PROGRESS,0,0,0,3,0,0,0,0,0
25,38,15,16,IN_PROGRESS,1,12,2,9,0,0,0,0,0
25,39,19,15,IN_PROGRESS,1,0,1,5,0,0,0,0,0
25,40,19,16,IN_PROGRESS,0,2,1,4,0,0,0,0,0
25,41,14,17,IN_PROGRESS,1,19,4,6,0,0,0,0,0
25,42,17,12,IN_PROGRESS,1,4,1,5,0,0,0,0,0
25,43,21,18,IN_PROGRESS,1,0,0,3,0,0,0,0,0
26,0,5,6,IN_PROGRESS,0,2,1,2,1,0,0,0,0
26,1,10,5,IN_PROGRESS,1,0,2,7,0,0,0,0,0
26,2,9,11,IN_PROGRESS,1,3,3,4,0,0,0,0,0
26,3,1,4,IN_PROGRESS,0,7,1,1,1,0,0,0,0
26,4,6,1,IN_PROGRESS,0,0,2,4,0,0,0,0,0
26,5,7,1,IN_PROGRESS,0,0,2,3,0,0,0,0,0
26,6,17,9,IN_PROGRESS,1,3,2,6,0,0,0,0,0
26,7,9,1,IN_PROGRESS,0,0,3,4,0,0,0,0,0
26,8,11,7,IN_PROGRESS,0,1,4,5,0,0,0,0,0
26,9,11,1,IN_PROGRESS,0,0,1,6,0,0,0,0,0
26,10,4,7,IN_PROGRESS,1,5,1,2,0,0,0,0,0
26,11,13,6,IN_PROGRESS,0,3,4,7,0,0,0,0,0
26,12,3,3,IN_PROGRESS,1,3,1,4,0,0,0,0,0
26,13,13,3,IN_PROGRESS,0,7,1,4,0,0,0,0,0
26,14,14,10,IN_PROGRESS,0,14,1,6,1,0,0,0,0
26,15,17,1,IN_PROGRESS,0,0,1,2,0,0,0,0,0
26,16,18,1,IN_PROGRESS,0,0,1,3,0,0,0,0,0
26,17,19,8,IN_PROGRESS,0,0,2,4,0,0,0,0,0
26,18,24,4,IN_PROGRESS,1,0,0,0,0,0,0,0,0
26,19,17,5,IN_PROGRESS,0,4,1,7,0,0,0,0,0
26,20,19,5,IN_PROGRESS,1,0,2,3,0,0,0,0,0
26,21,15,7,IN_PROGRESS,1,11,1,7,1,0,0,0,0
26,22,18,18,IN_PROGRESS,0,1,2,6,0,0,0,0,0
26,23,4,15,IN_PROGRESS,1,0,1,2,0,0,0,0,0
26,24,4,22,IN_PROGRESS,0,0,0,0,0,0,0,0,0
26,25,5,15,IN_PROGRESS,1,0,2,4,0,0,0,0,0
26,26,16,11,IN_PROGRESS,0,10,3,4,0,0,0,0,0
26,27,15,20,IN_PROGRESS,0,9,1,6,0,0,0,0,0
26,28,11,5,IN_PROGRESS,1,0,3,6,0,0,0,0,0
26,29,9,8,IN_PROGRESS,1,0,2,4,0,0,0,0,0
26,30,10,17,IN_PROGRESS,0,1,1,3,0,0,0,0,0
26,31,8,13,IN_PROGRESS,1,1,2,5,0,0,0,0,0
26,32,7,12,IN_PROGRESS,1,4,2,4,0,0,0,0,0
26,33,13,22,IN_PROGRESS,0,0,0,3,0,0,0,0,0
26,34,15,18,IN_PROGRESS,1,0,4,4,0,0,0,0,0
26,35,12,13,IN_PROGRESS,1,6,0,6,0,0,0,0,0
26,36,7,16,IN_PROGRESS,1,7,1,5,0,0,0,0,0
26,37,17,22,IN_PROGRESS,0,0,0,3,0,0,0,0,0
26,38,14,16,IN_PROGRESS,1,11,2,5,0,0,0,0,0
26,39,19,15,IN_PROGRESS,1,0,1,3,0,0,0,0,0
26,40,20,16,IN_PROGRESS,0,1,2,3,0,0,0,0,0
26,41,13,17,IN_PROGRESS,1,18,3,6,0,0,0,0,0
26,42,16,12,IN_PROGRESS,1,3,1,4,0,0,0,0,0
26,43,21,18,IN_PROGRESS,1,0,2,3,0,0,0,0,0
27,0,5,7,IN_PROGRESS,0,1,1,2,0,0,0,0,0
27,1,10,5,IN_PROGRESS,1,0,1,7,0,0,0,0,0
27,2,10,11,IN_PROGRESS,1,2,2,6,0,0,0,0,0
27,3,2,4,IN_PROGRESS,0,6,1,2,0,0,0,0,0
27,4,6,1,IN_PROGRESS,0,0,2,3,0,0,0,0,0
27,5,7,1,IN_PROGRESS,0,0,2,3,0,0,0,0,0
27,6,18,9,IN_PROGRESS,1,2,2,5,0,0,0,0,0
27,7,9,1,IN_PROGRESS,0,0,3,4,0,0,0,0,0
27,8,11,8,IN_PROGRESS,0,0,3,8,0,0,0,0,0
27,9,11,1,IN_PROGRESS,0,0,1,6,0,0,0,0,0
27,10,3,7,IN_PROGRESS,1,4,1,3,0,0,0,0,0
27,11,13,7,IN_PROGRESS,0,2,4,8,0,0,0,0,0
27,12,2,3,IN_PROGRESS,1,2,1,2,0,0,0,0,0
27,13,13,4,IN_PROGRESS,0,6,2,5,0,0,0,0,0
27,14,13,10,IN_PROGRESS,0,13,2,7,0,0,0,0,0
27,15,17,1,IN_PROGRESS,0,0,1,2,0,0,0,0,0
27,16,18,1,IN_PROGRESS,0,0,1,2,0,0,0,0,0
27,17,19,8,IN_PROGRESS,1,0,2,4,0,0,0,0,0
27,18,24,4,IN_PROGRESS,0,0,0,0,0,0,0,0,0
27,19,17,6,IN_PROGRESS,0,3,1,7,0,0,0,0,0
27,20,19,5,IN_PROGRESS,1,0,2,4,0,0,0,0,0
27,21,14,7,IN_PROGRESS,1,10,1,6,0,0,0,0,0
27,22,19,18,IN_PROGRESS,0,0,2,5,0,0,0,0,0
27,23,4,15,IN_PROGRESS,1,0,2,3,0,0,0,0,0
27,24,4,22,IN_PROGRESS,0,0,0,0,0,0,0,0,0
27,25,5,15,IN_PROGRESS,1,16,2,3,1,0,0,0,0
27,26,17,11,IN_PROGRESS,0,9,2,5,0,0,0,0,0
27,27,16,20,IN_PROGRESS,0,8,2,4,0,0,0,0,0
27,28,11,5,IN_PROGRESS,1,0,3,7,0,0,0,0,0
27,29,9,8,IN_PROGRESS,1,0,1,7,0,0,0,0,0
27,30,10,18,IN_PROGRESS,0,0,1,3,0,0,0,0,0
27,31,9,13,IN_PROGRESS,1,0,1,5,0,0,0,0,0
27,32,6,12,IN_PROGRESS,1,3,0,5,0,0,0,0,0
27,33,13,22,IN_PROGRESS,0,0,0,2,0,0,0,0,0
27,34,15,18,IN_PROGRESS,1,0,1,5,0,0,0,0,0
27,35,12,12,IN_PROGRESS,1,5,2,7,0,0,0,0,0
27,36,7,15,IN_PROGRESS,1,6,2,4,0,0,0,0,0
27,37,17,22,IN_PROGRESS,0,0,1,2,0,0,0,0,0
27,38,13,16,IN_PROGRESS,1,10,1,4,0,0,0,0,0
27,39,19,15,IN_PROGRESS,1,0,2,3,0,0,0,0,0
27,40,20,15,IN_PROGRESS,0,0,1,3,0,0,0,0,0
27,41,12,17,IN_PROGRESS,1,17,2,4,0,0,0,0,0
27,42,16,12,IN_PROGRESS,1,2,1,4,1,0,0,0,0
27,43,21,18,IN_PROGRESS,1,0,1,3,0,0,0,0,0
28,0,5,8,IN_PROGRESS,0,0,0,3,0,0,0,0,0
28,1,10,5,IN_PROGRESS,1,0,2,7,0,0,0,0,0
28,2,10,10,IN_PROGRESS,1,1,3,7,0,0,0,0,0
28,3,3,4,IN_PROGRESS,0,5,1,2,0,0,0,0,0
28,4,6,1,IN_PROGRESS,0,0,2,3,0,0,0,0,0
28,5,7,1,IN_PROGRESS,0,0,2,3,0,0,0,0,0
28,6,18,10,IN_PROGRESS,1,1,3,3,0,0,0,0,0
28,7,9,1,IN_PROGRESS,0,0,3,4,0,0,0,0,0
28,8,11,8,IN_PROGRESS,1,0,5,9,0,0,0,0,0
28,9,11,1,IN_PROGRESS,0,0,1,5,0,0,0,0,0
28,10,2,7,IN_PROGRESS,1,3,0,3,0,0,0,0,0
28,11,13,8,IN_PROGRESS,0,1,4,8,0,0,0,0,0
28,12,1,3,IN_PROGRESS,1,1,1,2,0,0,0,0,0
28,13,13,5,IN_PROGRESS,0,5,4,7,0,0,0,0,0
28,14,13,9,IN_PROGRESS,0,12,3,9,0,0,0,0,0
28,15,17,1,IN_PROGRESS,0,0,1,1,0,0,0,0,0
28,16,18,1,IN_PROGRESS,0,0,1,2,0,0,0,0,0
28,17,19,8,IN_PROGRESS,1,8,2,4,1,0,0,0,0
28,18,24,4,IN_PROGRESS,0,7,0,0,1,0,0,0,0
28,19,16,6,IN_PROGRESS,0,2,1,7,0,0,0,0,0
28,20,19,5,IN_PROGRESS,1,0,1,3,0,0,0,0,0
28,21,14,7,IN_PROGRESS,1,9,4,6,1,0,0,0,0
28,22,19,18,IN_PROGRESS,1,0,2,5,0,0,0,0,0
28,23,4,15,IN_PROGRESS,1,0,1,3,0,0,0,0,0
28,24,4,22,IN_PROGRESS,0,0,0,0,0,0,0,0,0
28,25,5,16,IN_PROGRESS,1,15,1,3,0,0,0,0,0
28,26,17,10,IN_PROGRESS,0,8,2,5,0,0,0,0,0
28,27,17,20,IN_PROGRESS,0,7,1,3,0,0,0,0,0
28,28,11,5,IN_PROGRESS,1,0,3,7,0,0,0,0,0
28,29,9,8,IN_PROGRESS,1,0,2,8,0,0,0,0,0
28,30,10,18,IN_PROGRESS,1,0,1,3,0,0,0,0,0
28,31,9,13,IN_PROGRESS,0,0,2,5,0,0,0,0,0
28,32,5,12,IN_PROGRESS,1,2,0,5,0,0,0,0,0
28,33,13,22,IN_PROGRESS,0,0,0,1,0,0,0,0,0
28,34,15,18,IN_PROGRESS,1,0,0,5,0,0,0,0,0
28,35,11,12,IN_PROGRESS,1,4,2,6,0,0,0,0,0
28,36,7,14,IN_PROGRESS,1,5,1,4,0,0,0,0,0
28,37,17,22,IN_PROGRESS,0,0,1,2,0,0,0,0,0
28,38,12,16,IN_PROGRESS,1,9,1,4,0,0,0,0,0
28,39,19,15,IN_PROGRESS,1,0,2,3,0,0,0,0,0
28,40,20,15,IN_PROGRESS,1,0,1,3,0,0,0,0,0
28,41,11,17,IN_PROGRESS,1,16,2,4,0,0,0,0,0
28,42,16,11,IN_PROGRESS,1,1,2,4,0,0,0,0,0
28,43,21,18,IN_PROGRESS,1,0,1,3,0,0,0,0,0
29,0,5,8,IN_PROGRESS,1,0,0,3,0,0,0,0,0
29,1,10,5,IN_PROGRESS,1,0,1,7,0,0,0,0,0
29,2,11,10,IN_PROGRESS,1,0,3,9,0,0,0,0,0
29,3,3,3,IN_PROGRESS,0,4,1,2,0,0,0,0,0
29,4,6,1,IN_PROGRESS,0,0,2,4,0,0,0,0,0
29,5,7,1,IN_PROGRESS,0,0,2,3,0,0,0,0,0
29,6,19,10,IN_PROGRESS,1,0,3,5,0,0,0,0,0
29,7,9,1,IN_PROGRESS,0,0,3,4,0,0,0,0,0
29,8,11,8,IN_PROGRESS,1,0,6,9,0,0,0,0,0
29,9,11,1,IN_PROGRESS,0,0,1,5,0,0,0,0,0
29,10,1,7,IN_PROGRESS,1,2,1,2,0,0,0,0,0
29,11,14,8,IN_PROGRESS,0,0,5,9,0,0,0,0,0
29,12,1,4,IN_PROGRESS,1,0,2,2,0,0,0,0,0
29,13,13,6,IN_PROGRESS,0,4,4,7,0,0,0,0,0
29,14,13,9,IN_PROGRESS,0,11,5,9,1,0,0,0,0
29,15,17,1,IN_PROGRESS,0,0,1,1,0,0,0,0,0
29,16,18,1,IN_PROGRESS,0,0,1,2,0,0,0,0,0
29,17,19,7,IN_PROGRESS,1,7,3,4,0,0,0,0,0
29,18,23,4,IN_PROGRESS,0,6,0,1,0,0,0,0,0
29,19,16,7,IN_PROGRESS,0,1,5,8,0,0,0,0,0
29,20,19,5,IN_PROGRESS,1,0,1,5,0,0,0,0,0
29,21,13,7,IN_PROGRESS,1,8,5,9,0,0,0,0,0
29,22,19,18,IN_PROGRESS,1,12,3,5,1,0,0,0,0
29,23,4,15,IN_PROGRESS,1,0,2,3,0,0,0,0,0
29,24,4,22,IN_PROGRESS,0,0,0,0,0,0,0,0,0
29,25,6,16,IN_PROGRESS,1,14,1,4,0,0,0,0,0
29,26,17,9,IN_PROGRESS,0,7,3,6,0,0,0,0,0
29,27,17,19,IN_PROGRESS,0,6,3,4,0,0,0,0,0
29,28,11,5,IN_PROGRESS,1,0,3,7,0,0,0,0,0
29,29,9,8,IN_PROGRESS,1,0,1,10,0,0,0,0,0
29,30,10,18,IN_PROGRESS,1,29,2,3,1,0,0,0,0
29,31,9,13,IN_PROGRESS,0,14,2,6,1,0,0,0,0
29,32,4,12,IN_PROGRESS,1,1,1,3,0,0,0,0,0
29,33,13,22,IN_PROGRESS,0,0,0,1,0,0,0,0,0
29,34,15,18,IN_PROGRESS,1,0,1,3,0,0,0,0,0
29,35,10,12,IN_PROGRESS,1,3,2,7,0,0,0,0,0
29,36,7,13,IN_PROGRESS,1,4,1,5,0,0,0,0,0
29,37,17,22,IN_PROGRESS,0,0,1,2,0,0,0,0,0
29,38,11,16,IN_PROGRESS,1,8,2,5,0,0,0,0,0
29,39,19,15,IN_PROGRESS,1,0,2,4,0,0,0,0,0
29,40,20,15,IN_PROGRESS,1,0,1,3,0,0,0,0,0
29,41,10,17,IN_PROGRESS,1,15,2,5,0,0,0,0,0
29,42,16,10,IN_PROGRESS,1,0,3,6,0,0,0,0,0
29,43,21,18,IN_PROGRESS,1,0,1,4,0,0,0,0,0
30,0,5,8,IN_PROGRESS,1,0,0,2,0,0,0,0,0
30,1,10,5,IN_PROGRESS,1,0,1,7,0,0,0,0,0
30,2,11,10,IN_PROGRESS,0,0,1,8,0,0,0,0,0
30,3,3,2,IN_PROGRESS,0,3,0,3,0,0,0,0,0
30,4,6,1,IN_PROGRESS,0,0,2,4,0,0,0,0,0
30,5,7,1,IN_PROGRESS,0,0,2,4,0,0,0,0,0
30,6,19,10,IN_PROGRESS,0,0,1,6,0,0,0,0,0
30,7,9,1,IN_PROGRESS,0,0,3,4,0,0,0,0,0
30,8,11,8,IN_PROGRESS,1,0,6,9,0,0,0,0,0
30,9,11,1,IN_PROGRESS,0,0,1,5,0,0,0,0,0
30,10,1,8,IN_PROGRESS,1,1,0,2,0,0,0,0,0
30,11,14,8,IN_PROGRESS,1,0,6,9,0,0,0,0,0
30,12,1,4,IN_PROGRESS,0,0,0,2,0,0,0,0,0
30,13,14,6,IN_PROGRESS,0,3,3,8,0,0,0,0,0
30,14,13,8,IN_PROGRESS,0,10,5,10,0,0,0,0,0
30,15,17,1,IN_PROGRESS,0,0,1,1,0,0,0,0,0
30,16,18,1,IN_PROGRESS,0,0,1,2,0,0,0,0,0
30,17,20,7,IN_PROGRESS,1,6,1,5,0,0,0,0,0
30,18,22,4,IN_PROGRESS,0,5,0,2,0,0,0,0,0
30,19,16,8,IN_PROGRESS,0,0,4,9,0,0,0,0,0
30,20,19,5,IN_PROGRESS,1,0,1,5,0,0,0,0,0
30,21,12,7,IN_PROGRESS,1,7,5,9,0,0,0,0,0
30,22,19,17,IN_PROGRESS,1,11,4,5,0,0,0,0,0
30,23,4,15,IN_PROGRESS,1,0,1,2,0,0,0,0,0
30,24,4,22,IN_PROGRESS,0,0,0,0,0,0,0,0,0
30,25,7,16,IN_PROGRESS,1,13,2,6,0,0,0,0,0
30,26,17,8,IN_PROGRESS,0,6,3,8,0,0,0,0,0
30,27,17,18,IN_PROGRESS,0,5,2,5,0,0,0,0,0
30,28,11,5,IN_PROGRESS,1,0,3,8,0,0,0,0,0
30,29,9,8,IN_PROGRESS,1,0,1,9,0,0,0,0,0
30,30,10,18,IN_PROGRESS,1,28,2,4,2,0,0,1,0
30,31,8,13,IN_PROGRESS,0,13,2,6,0,0,0,0,0
30,32,4,13,IN_PROGRESS,1,0,1,3,0,0,0,0,0
30,33,13,22,IN_PROGRESS,0,0,0,1,0,0,0,0,0
30,34,15,18,IN_PROGRESS,1,0,1,3,0,0,0,0,0
30,35,9,12,IN_PROGRESS,1,2,2,6,0,0,0,0,0
30,36,7,12,IN_PROGRESS,1,3,2,4,0,0,0,0,0
30,37,17,22,IN_PROGRESS,0,0,0,2,0,0,0,0,0
30,38,10,16,IN_PROGRESS,1,7,3,5,0,0,0,0,0
30,39,19,15,IN_PROGRESS,1,0,2,5,0,0,0,0,0
30,40,20,15,IN_PROGRESS,1,0,2,3,0,0,0,0,0
30,41,9,17,IN_PROGRESS,1,14,3,5,0,0,0,0,0
30,42,16,10,IN_PROGRESS,0,0,3,6,0,0,0,0,0
30,43,21,18,IN_PROGRESS,1,0,1,4,0,0,0,0,0
31,0,5,8,IN_PROGRESS,1,0,0,3,0,0,0,0,0
31,1,10,5,IN_PROGRESS,1,0,1,7,0,0,0,0,0
31,2,11,10,IN_PROGRESS,0,20,3,8,1,0,0,0,0
31,3,4,2,IN_PROGRESS,0,2,1,3,0,0,0,0,0
31,4,6,1,IN_PROGRESS,0,0,3,4,0,0,0,0,0
31,5,7,1,IN_PROGRESS,0,0,2,4,0,0,0,0,0
31,6,19,10,IN_PROGRESS,0,20,2,6,1,0,0,0,0
31,7,9,1,IN_PROGRESS,0,0,3,4,0,0,0,0,0
31,8,11,8,IN_PROGRESS,1,0,6,10,0,0,0,0,0
31,9,11,1,IN_PROGRESS,0,0,1,5,0,0,0,0,0
31,10,1,9,IN_PROGRESS,1,0,0,2,0,0,0,0,0
31,11,14,8,IN_PROGRESS,1,0,5,9,0,0,0,0,0
31,12,1,4,IN_PROGRESS,0,16,0,2,1,0,0,0,0
31,13,14,7,IN_PROGRESS,0,2,4,8,0,0,0,0,0
31,14,13,7,IN_PROGRESS,0,9,4,9,0,0,0,0,0
31,15,17,1,IN_PROGRESS,0,0,1,1,0,0,0,0,0
31,16,18,1,IN_PROGRESS,0,0,1,2,0,0,0,0,0
31,17,21,7,IN_PROGRESS,1,5,0,4,0,0,0,0,0
31,18,22,3,IN_PROGRESS,0,4,0,2,0,0,0,0,0
31,19,16,8,IN_PROGRESS,1,0,4,8,0,0,0,0,0
31,20,19,5,IN_PROGRESS,1,0,0,5,0,0,0,0,0
31,21,12,8,IN_PROGRESS,1,6,6,9,0,0,0,0,0
31,22,19,16,IN_PROGRESS,1,10,3,4,0,0,0,0,0
31,23,4,15,IN_PROGRESS,1,0,2,4,0,0,0,0,0
31,24,4,22,IN_PROGRESS,0,0,0,0,0,0,0,0,0
31,25,7,15,IN_PROGRESS,1,12,4,7,0,0,0,0,0
31,26,18,8,IN_PROGRESS,0,5,2,7,0,0,0,0,0
31,27,18,18,IN_PROGRESS,0,4,3,6,0,0,0,0,0
31,28,11,5,IN_PROGRESS,1,0,2,8,0,0,0,0,0
31,29,9,8,IN_PROGRESS,1,0,3,9,0,0,0,0,0
31,30,10,17,IN_PROGRESS,1,27,2,4,0,0,0,0,0
31,31,8,14,IN_PROGRESS,0,12,3,8,0,0,0,0,0
31,32,4,13,IN_PROGRESS,0,0,2,4,0,0,0,0,0
31,33,13,22,IN_PROGRESS,0,0,0,1,0,0,0,0,0
31,34,15,18,IN_PROGRESS,1,0,1,1,0,0,0,0,0
31,35,9,11,IN_PROGRESS,1,1,2,6,0,0,0,0,0
31,36,6,12,IN_PROGRESS,1,2,1,6,0,0,0,0,0
31,37,17,22,IN_PROGRESS,0,0,0,2,0,0,0,0,0
31,38,9,16,IN_PROGRESS,1,6,4,5,0,0,0,0,0
31,39,19,15,IN_PROGRESS,1,0,2,5,0,0,0,0,0
31,40,20,15,IN_PROGRESS,1,0,2,4,0,0,0,0,0
31,41,8,17,IN_PROGRESS,1,13,4,4,0,0,0,0,0
31,42,16,10,IN_PROGRESS,0,18,2,6,1,0,0,0,0
31,43,21,18,IN_PROGRESS,1,0,1,4,0,0,0,0,0
32,0,5,8,IN_PROGRESS,1,0,0,3,0,0,0,0,0
32,1,10,5,IN_PROGRESS,1,0,1,7,0,0,0,0,0
32,2,10,10,IN_PROGRESS,0,19,4,6,0,0,0,0,0
32,3,5,2,IN_PROGRESS,0,1,2,4,0,0,0,0,0
32,4,6,1,IN_PROGRESS,0,0,3,4,0,0,0,0,0
32,5,7,1,IN_PROGRESS,0,0,3,4,0,0,0,0,0
32,6,18,10,IN_PROGRESS,0,19,2,3,0,0,0,0,0
32,7,9,1,IN_PROGRESS,0,0,3,5,0,0,0,0,0
32,8,11,8,IN_PROGRESS,1,0,5,10,0,0,0,0,0
32,9,11,1,IN_PROGRESS,0,0,1,5,0,0,0,0,0
32,10,1,9,IN_PROGRESS,0,0,0,1,0,0,0,0,0
32,11,14,8,IN_PROGRESS,1,0,5,8,0,0,0,0,0
32,12,1,3,IN_PROGRESS,0,15,0,1,0,0,0,0,0
32,13,15,7,IN_PROGRESS,0,1,4,7,0,0,0,0,0
32,14,13,6,IN_PROGRESS,0,8,3,7,0,0,0,0,0
32,15,17,1,IN_PROGRESS,0,0,1,1,0,0,0,0,0
32,16,18,1,IN_PROGRESS,0,0,1,3,0,0,0,0,0
32,17,22,7,IN_PROGRESS,1,4,0,3,0,0,0,0,0
32,18,21,3,IN_PROGRESS,0,3,0,3,0,0,0,0,0
32,19,16,8,IN_PROGRESS,1,6,4,8,1,0,0,0,0
32,20,19,5,IN_PROGRESS,1,0,1,4,0,0,0,0,0
32,21,12,9,IN_PROGRESS,1,5,3,9,0,0,0,0,0
32,22,18,16,IN_PROGRESS,1,9,3,5,0,0,0,0,0
32,23,4,15,IN_PROGRESS,1,0,1,5,0,0,0,0,0
32,24,4,22,IN_PROGRESS,0,0,0,0,0,0,0,0,0
32,25,7,14,IN_PROGRESS,1,11,3,7,0,0,0,0,0
32,26,18,7,IN_PROGRESS,0,4,4,6,0,0,0,0,0
32,27,18,17,IN_PROGRESS,0,3,2,5,0,0,0,0,0
32,28,11,5,IN_PROGRESS,1,0,3,6,0,0,0,0,0
32,29,9,8,IN_PROGRESS,1,0,3,8,0,0,0,0,0
32,30,10,16,IN_PROGRESS,1,26,2,4,0,0,0,0,0
32,31,8,15,IN_PROGRESS,0,11,4,5,0,0,0,0,0
32,32,4,13,IN_PROGRESS,0,19,1,3,1,0,0,0,0
32,33,13,22,IN_PROGRESS,0,0,0,1,0,0,0,0,0
32,34,15,18,IN_PROGRESS,1,0,0,2,0,0,0,0,0
32,35,9,10,IN_PROGRESS,1,0,2,5,0,0,0,0,0
32,36,6,11,IN_PROGRESS,1,1,0,5,0,0,0,0,0
32,37,17,22,IN_PROGRESS,0,0,0,1,0,0,0,0,0
32,38,8,16,IN_PROGRESS,1,5,4,5,0,0,0,0,0
32,39,19,15,IN_PROGRESS,1,0,3,4,0,0,0,0,0
32,40,20,15,IN_PROGRESS,1,0,2,4,0,0,0,0,0
32,41,7,17,IN_PROGRESS,1,12,3,5,0,0,0,0,0
32,42,16,11,IN_PROGRESS,0,17,2,4,0,0,0,0,0
32,43,21,18,IN_PROGRESS,1,0,0,4,0,0,0,0,0
33,0,5,8,IN_PROGRESS,1,0,1,3,0,0,0,0,0
33,1,10,5,IN_PROGRESS,1,0,2,6,0,0,0,0,0
33,2,10,11,IN_PROGRESS,0,18,2,6,0,0,0,0,0
33,3,5,1,IN_PROGRESS,0,0,2,4,0,0,0,0,0
33,4,6,1,IN_PROGRESS,0,0,3,4,0,0,0,0,0
33,5,7,1,IN_PROGRESS,0,0,3,4,0,0,0,0,0
33,6,17,10,IN_PROGRESS,0,18,2,6,0,0,0,0,0
33,7,9,1,IN_PROGRESS,0,0,3,5,0,0,0,0,0
33,8,11,8,IN_PROGRESS,1,0,4,9,0,0,0,0,0
33,9,11,1,IN_PROGRESS,0,0,1,5,0,0,0,0,0
33,10,1,9,IN_PROGRESS,0,19,0,1,1,0,0,0,0
33,11,14,8,IN_PROGRESS,1,0,3,7,0,0,0,0,0
33,12,1,2,IN_PROGRESS,0,14,0,1,0,0,0,0,0
33,13,15,8,IN_PROGRESS,0,0,2,8,0,0,0,0,0
33,14,13,5,IN_PROGRESS,0,7,2,5,0,0,0,0,0
33,15,17,1,IN_PROGRESS,0,0,1,2,0,0,0,0,0
33,16,18,1,IN_PROGRESS,0,5,1,3,1,0,0,0,0
33,17,22,8,IN_PROGRESS,1,3,0,2,0,0,0,0,0
33,18,20,3,IN_PROGRESS,0,2,1,4,0,0,0,0,0
33,19,17,8,IN_PROGRESS,1,5,4,7,0,0,0,0,0
33,20,19,5,IN_PROGRESS,1,23,2,4,1,0,0,0,0
33,21,12,10,IN_PROGRESS,1,4,3,7,0,0,0,0,0
33,22,17,16,IN_PROGRESS,1,8,2,5,0,0,0,0,0
33,23,4,15,IN_PROGRESS,1,0,1,5,0,0,0,0,0
33,24,4,22,IN_PROGRESS,0,0,0,0,0,0,0,0,0
33,25,7,13,IN_PROGRESS,1,10,2,8,0,0,0,0,0
33,26,19,7,IN_PROGRESS,0,3,2,6,0,0,0,0,0
33,27,19,17,IN_PROGRESS,0,2,4,5,0,0,0,0,0
33,28,11,5,IN_PROGRESS,1,0,3,5,0,0,0,0,0
33,29,9,8,IN_PROGRESS,1,0,2,9,0,0,0,0,0
33,30,11,16,IN_PROGRESS,1,25,0,3,0,0,0,0,0
33,31,8,15,IN_PROGRESS,0,10,3,5,1,0,0,0,0
33,32,3,13,IN_PROGRESS,0,18,1,2,0,0,0,0,0
33,33,13,22,IN_PROGRESS,0,0,0,1,0,0,0,0,0
33,34,15,18,IN_PROGRESS,1,0,0,2,0,0,0,0,0
33,35,9,10,IN_PROGRESS,0,0,4,6,0,0,0,0,0
33,36,6,10,IN_PROGRESS,1,0,2,5,0,0,0,0,0
33,37,17,22,IN_PROGRESS,0,0,0,1,0,0,0,0,0
33,38,7,16,IN_PROGRESS,1,4,3,5,0,0,0,0,0
33,39,19,15,IN_PROGRESS,1,0,3,4,0,0,0,0,0
33,40,20,15,IN_PROGRESS,1,0,2,4,0,0,0,0,0
33,41,7,17,IN_PROGRESS,1,11,2,5,1,0,0,0,0
33,42,16,12,IN_PROGRESS,0,16,1,4,0,0,0,0,0
33,43,21,18,IN_PROGRESS,1,0,1,3,0,0,0,0,0
34,0,5,8,IN_PROGRESS,1,0,1,3,0,0,0,0,0
34,1,10,5,IN_PROGRESS,1,0,1,6,0,0,0,0,0
34,2,9,11,IN_PROGRESS,0,17,4,6,0,0,0,0,0
34,3,5,1,IN_PROGRESS,0,0,2,4,0,0,0,0,0
34,4,6,1,IN_PROGRESS,0,0,3,5,0,0,0,0,0
34,5,7,1,IN_PROGRESS,0,0,3,4,0,0,0,0,0
34,6,17,9,IN_PROGRESS,0,17,3,7,0,0,0,0,0
34,7,9,1,IN_PROGRESS,0,0,3,5,0,0,0,0,0
34,8,11,8,IN_PROGRESS,1,13,3,8,1,0,0,0,0
34,9,11,1,IN_PROGRESS,0,0,1,6,0,0,0,0,0
34,10,1,8,IN_PROGRESS,0,18,0,1,0,0,0,0,0
34,11,14,8,IN_PROGRESS,1,0,2,7,0,0,0,0,0
34,12,2,2,IN_PROGRESS,0,13,0,2,0,0,0,0,0
34,13,15,8,IN_PROGRESS,1,0,3,4,0,0,0,0,0
34,14,13,4,IN_PROGRESS,0,6,1,4,0,0,0,0,0
34,15,17,1,IN_PROGRESS,0,0,1,3,0,0,0,0,0
34,16,18,2,IN_PROGRESS,0,4,3,3,0,0,0,0,0
34,17,22,9,IN_PROGRESS,1,2,0,3,0,0,0,0,0
34,18,20,2,IN_PROGRESS,0,1,1,4,0,0,0,0,0
34,19,18,8,IN_PROGRESS,1,4,4,7,0,0,0,0,0
34,20,18,5,IN_PROGRESS,1,22,2,6,0,0,0,0,0
34,21,12,11,IN_PROGRESS,1,3,1,5,0,0,0,0,0
34,22,17,15,IN_PROGRESS,1,7,3,5,0,0,0,0,0
34,23,4,15,IN_PROGRESS,1,0,2,4,0,0,0,0,0
34,24,4,22,IN_PROGRESS,0,0,0,0,0,0,0,0,0
34,25,7,12,IN_PROGRESS,1,9,3,6,0,0,0,0,0
34,26,20,7,IN_PROGRESS,0,2,1,5,0,0,0,0,0
34,27,20,17,IN_PROGRESS,0,1,3,4,0,0,0,0,0
34,28,11,5,IN_PROGRESS,1,0,3,5,0,0,0,0,0
34,29,9,8,IN_PROGRESS,1,0,3,8,0,0,0,0,0
34,30,12,16,IN_PROGRESS,1,24,0,3,0,0,0,0,0
34,31,8,16,IN_PROGRESS,0,9,2,5,0,0,0,0,0
34,32,3,14,IN_PROGRESS,0,17,1,2,0,0,0,0,0
34,33,13,22,IN_PROGRESS,0,0,0,1,0,0,0,0,0
34,34,15,18,IN_PROGRESS,1,0,0,2,0,0,0,0,0
34,35,9,10,IN_PROGRESS,0,19,3,6,1,0,0,0,0
34,36,6,10,IN_PROGRESS,0,0,3,5,0,0,0,0,0
34,37,17,22,IN_PROGRESS,0,0,0,1,0,0,0,0,0
34,38,7,15,IN_PROGRESS,1,3,4,5,0,0,0,0,0
34,39,19,15,IN_PROGRESS,1,0,3,5,0,0,0,0,0
34,40,20,15,IN_PROGRESS,1,0,3,4,0,0,0,0,0
34,41,7,17,IN_PROGRESS,1,10,2,4,2,0,0,1,0
34,42,17,12,IN_PROGRESS,0,15,2,4,0,0,0,0,0
34,43,21,18,IN_PROGRESS,1,0,1,3,0,0,0,0,0
35,0,5,8,IN_PROGRESS,1,0,1,4,0,0,0,0,0
35,1,10,5,IN_PROGRESS,1,0,2,7,0,0,0,0,0
35,2,9,12,IN_PROGRESS,0,16,3,6,0,0,0,0,0
35,3,5,1,IN_PROGRESS,0,13,3,4,1,0,0,0,0
35,4,6,1,IN_PROGRESS,0,0,3,5,0,0,0,0,0
35,5,7,1,IN_PROGRESS,0,0,3,5,0,0,0,0,0
35,6,17,8,IN_PROGRESS,0,16,4,6,0,0,0,0,0
35,7,9,1,IN_PROGRESS,0,0,3,5,0,0,0,0,0
35,8,11,7,IN_PROGRESS,1,12,3,7,0,0,0,0,0
35,9,11,1,IN_PROGRESS,0,0,1,6,0,0,0,0,0
35,10,1,7,IN_PROGRESS,0,17,0,1,0,0,0,0,0
35,11,14,8,IN_PROGRESS,1,0,2,5,0,0,0,0,0
35,12,3,2,IN_PROGRESS,0,12,1,3,0,0,0,0,0
35,13,15,8,IN_PROGRESS,1,0,2,5,0,0,0,0,0
35,14,13,3,IN_PROGRESS,0,5,0,4,0,0,0,0,0
35,15,17,1,IN_PROGRESS,0,0,2,2,0,0,0,0,0
35,16,18,3,IN_PROGRESS,0,3,2,4,0,0,0,0,0
35,17,23,9,IN_PROGRESS,1,1,0,2,0,0,0,0,0
35,18,20,1,IN_PROGRESS,0,0,1,2,0,0,0,0,0
35,19,18,9,IN_PROGRESS,1,3,3,7,0,0,0,0,0
35,20,18,6,IN_PROGRESS,1,21,3,5,0,0,0,0,0
35,21,11,11,IN_PROGRESS,1,2,2,6,0,0,0,0,0
35,22,17,14,IN_PROGRESS,1,6,2,3,0,0,0,0,0
35,23,4,15,IN_PROGRESS,1,0,1,3,0,0,0,0,0
35,24,4,22,IN_PROGRESS,0,0,0,0,0,0,0,0,0
35,25,7,11,IN_PROGRESS,1,8,3,8,0,0,0,0,0
35,26,21,7,IN_PROGRESS,0,1,0,4,0,0,0,0,0
35,27,20,18,IN_PROGRESS,0,0,2,4,0,0,0,0,0
35,28,11,5,IN_PROGRESS,1,0,2,5,0,0,0,0,0
35,29,9,8,IN_PROGRESS,1,0,2,10,0,0,0,0,0
35,30,12,15,IN_PROGRESS,1,23,0,1,0,0,0,0,0
35,31,8,17,IN_PROGRESS,0,8,1,2,0,0,0,0,0
35,32,3,15,IN_PROGRESS,0,16,1,3,0,0,0,0,0
35,33,13,22,IN_PROGRESS,0,0,0,1,0,0,0,0,0
35,34,15,18,IN_PROGRESS,1,0,0,1,0,0,0,0,0
35,35,10,10,IN_PROGRESS,0,18,3,7,0,0,0,0,0
35,36,6,10,IN_PROGRESS,0,22,2,6,1,0,0,0,0
35,37,17,22,IN_PROGRESS,0,0,0,1,0,0,0,0,0
35,38,7,14,IN_PROGRESS,1,2,2,7,0,0,0,0,0
35,39,19,15,IN_PROGRESS,1,0,2,5,0,0,0,0,0
35,40,20,15,IN_PROGRESS,1,0,2,5,0,0,0,0,0
35,41,7,16,IN_PROGRESS,1,9,2,5,0,0,0,0,0
35,42,18,12,IN_PROGRESS,0,14,2,5,0,0,0,0,0
35,43,21,18,IN_PROGRESS,1,0,1,3,0,0,0,0,0
36,0,5,8,IN_PROGRESS,1,0,0,2,0,0,0,0,0
36,1,10,5,IN_PROGRESS,1,0,2,5,0,0,0,0,0
36,2,8,12,IN_PROGRESS,0,15,5,7,0,0,0,0,0
36,3,5,1,IN_PROGRESS,0,12,3,4,2,0,0,1,0
36,4,6,1,IN_PROGRESS,0,0,4,5,0,0,0,0,0
36,5,7,1,IN_PROGRESS,0,0,3,5,0,0,0,0,0
36,6,17,7,IN_PROGRESS,0,15,3,6,0,0,0,0,0
36,7,9,1,IN_PROGRESS,0,0,3,6,0,0,0,0,0
36,8,10,7,IN_PROGRESS,1,11,3,5,0,0,0,0,0
36,9,11,1,IN_PROGRESS,0,0,2,6,0,0,0,0,0
36,10,1,6,IN_PROGRESS,0,16,0,0,0,0,0,0,0
36,11,14,8,IN_PROGRESS,1,0,1,6,0,0,0,0,0
36,12,4,2,IN_PROGRESS,0,11,2,3,0,0,0,0,0
36,13,15,8,IN_PROGRESS,1,0,3,4,0,0,0,0,0
36,14,13,2,IN_PROGRESS,0,4,1,4,0,0,0,0,0
36,15,17,1,IN_PROGRESS,0,0,1,3,0,0,0,0,0
36,16,18,4,IN_PROGRESS,0,2,1,4,0,0,0,0,0
36,17,24,9,IN_PROGRESS,1,0,0,1,0,0,0,0,0
36,18,20,1,IN_PROGRESS,0,0,1,2,0,0,0,0,0
36,19,17,9,IN_PROGRESS,1,2,3,7,0,0,0,0,0
36,20,18,7,IN_PROGRESS,1,20,3,6,0,0,0,0,0
36,21,11,12,IN_PROGRESS,1,1,3,5,0,0,0,0,0
36,22,17,13,IN_PROGRESS,1,5,1,4,0,0,0,0,0
36,23,4,15,IN_PROGRESS,1,0,2,3,0,0,0,0,0
36,24,4,22,IN_PROGRESS,0,0,0,0,0,0,0,0,0
36,25,8,11,IN_PROGRESS,1,7,4,7,0,0,0,0,0
36,26,21,8,IN_PROGRESS,0,0,0,4,0,0,0,0,0
36,27,20,18,IN_PROGRESS,1,0,2,4,0,0,0,0,0
36,28,11,5,IN_PROGRESS,1,0,2,5,0,0,0,0,0
36,29,9,8,IN_PROGRESS,1,0,1,9,0,0,0,0,0
36,30,12,14,IN_PROGRESS,1,22,1,2,0,0,0,0,0
36,31,8,18,IN_PROGRESS,0,7,0,1,0,0,0,0,0
36,32,3,16,IN_PROGRESS,0,15,1,2,0,0,0,0,0
36,33,13,22,IN_PROGRESS,0,0,0,1,0,0,0,0,0
36,34,15,18,IN_PROGRESS,1,0,0,1,0,0,0,0,0
36,35,10,11,IN_PROGRESS,0,17,3,8,0,0,0,0,0
36,36,7,10,IN_PROGRESS,0,21,3,7,0,0,0,0,0
36,37,17,22,IN_PROGRESS,0,0,0,1,0,0,0,0,0
36,38,7,13,IN_PROGRESS,1,1,4,7,0,0,0,0,0
36,39,19,15,IN_PROGRESS,1,21,2,5,1,0,0,0,0
36,40,20,15,IN_PROGRESS,1,0,2,5,0,0,0,0,0
36,41,7,15,IN_PROGRESS,1,8,2,7,0,0,0,0,0
36,42,18,13,IN_PROGRESS,0,13,2,4,0,0,0,0,0
36,43,21,18,IN_PROGRESS,1,0,1,3,0,0,0,0,0
37,0,5,8,IN_PROGRESS,1,0,0,3,0,0,0,0,0
37,1,10,5,IN_PROGRESS,1,0,2,5,0,0,0,0,0
37,2,7,12,IN_PROGRESS,0,14,5,6,0,0,0,0,0
37,3,5,1,IN_PROGRESS,0,11,3,4,3,0,0,1,0
37,4,6,1,IN_PROGRESS,0,0,4,5,0,0,0,0,0
37,5,7,1,IN_PROGRESS,0,0,4,5,0,0,0,0,0
37,6,16,7,IN_PROGRESS,0,14,3,5,0,0,0,0,0
37,7,9,1,IN_PROGRESS,0,0,3,6,0,0,0,0,0
37,8,9,7,IN_PROGRESS,1,10,2,6,0,0,0,0,0
37,9,11,1,IN_PROGRESS,0,0,1,6,0,0,0,0,0
37,10,1,5,IN_PROGRESS,0,15,0,0,0,0,0,0,0
37,11,14,8,IN_PROGRESS,1,0,2,5,0,0,0,0,0
37,12,5,2,IN_PROGRESS,0,10,3,4,0,0,0,0,0
37,13,15,8,IN_PROGRESS,1,0,3,4,0,0,0,0,0
37,14,14,2,IN_PROGRESS,0,3,0,2,0,0,0,0,0
37,15,17,1,IN_PROGRESS,0,0,1,3,0,0,0,0,0
37,16,18,5,IN_PROGRESS,0,1,1,3,0,0,0,0,0
37,17,24,9,IN_PROGRESS,0,0,0,1,0,0,0,0,0
37,18,20,1,IN_PROGRESS,0,11,1,1,1,0,0,0,0
37,19,17,10,IN_PROGRESS,1,1,2,6,0,0,0,0,0
37,20,18,8,IN_PROGRESS,1,19,5,7,0,0,0,0,0
37,21,11,13,IN_PROGRESS,1,0,2,6,0,0,0,0,0
37,22,17,12,IN_PROGRESS,1,4,2,4,0,0,0,0,0
37,23,4,15,IN_PROGRESS,1,0,1,3,0,0,0,0,0
37,24,4,22,IN_PROGRESS,0,0,0,0,0,0,0,0,0
37,25,9,11,IN_PROGRESS,1,6,4,9,0,0,0,0,0
37,26,21,8,IN_PROGRESS,1,0,1,2,0,0,0,0,0
37,27,20,18,IN_PROGRESS,1,0,2,4,0,0,0,0,0
37,28,11,5,IN_PROGRESS,1,0,1,4,0,0,0,0,0
37,29,9,8,IN_PROGRESS,1,0,3,8,0,0,0,0,0
37,30,12,13,IN_PROGRESS,1,21,2,3,0,0,0,0,0
37,31,8,19,IN_PROGRESS,0,6,0,0,0,0,0,0,0
37,32,3,17,IN_PROGRESS,0,14,1,1,0,0,0,0,0
37,33,13,22,IN_PROGRESS,0,0,0,1,0,0,0,0,0
37,34,15,18,IN_PROGRESS,1,0,0,1,0,0,0,0,0
37,35,10,12,IN_PROGRESS,0,16,4,8,0,0,0,0,0
37,36,8,10,IN_PROGRESS,0,20,3,8,0,0,0,0,0
37,37,17,22,IN_PROGRESS,0,0,0,1,0,0,0,0,0
37,38,6,13,IN_PROGRESS,1,0,2,7,0,0,0,0,0
37,39,19,15,IN_PROGRESS,1,20,2,5,2,0,0,1,0
37,40,20,15,IN_PROGRESS,1,0,3,4,0,0,0,0,0
37,41,7,14,IN_PROGRESS,1,7,2,7,0,0,0,0,0
37,42,18,14,IN_PROGRESS,0,12,3,4,0,0,0,0,0
37,43,21,18,IN_PROGRESS,1,0,1,3,0,0,0,0,0
38,0,5,8,IN_PROGRESS,1,0,0,3,0,0,0,0,0
38,1,10,5,IN_PROGRESS,1,0,1,5,0,0,0,0,0
38,2,7,11,IN_PROGRESS,0,13,4,8,0,0,0,0,0
38,3,5,1,IN_PROGRESS,0,10,3,4,4,0,0,1,0
38,4,6,1,IN_PROGRESS,0,0,4,5,0,0,0,0,0
38,5,7,1,IN_PROGRESS,0,0,4,5,0,0,0,0,0
38,6,15,7,IN_PROGRESS,0,13,3,5,0,0,0,0,0
38,7,9,1,IN_PROGRESS,0,0,3,6,0,0,0,0,0
38,8,8,7,IN_PROGRESS,1,9,1,6,0,0,0,0,0
38,9,11,1,IN_PROGRESS,0,0,1,6,0,0,0,0,0
38,10,2,5,IN_PROGRESS,0,14,0,0,0,0,0,0,0
38,11,14,8,IN_PROGRESS,1,0,3,5,0,0,0,0,0
38,12,6,2,IN_PROGRESS,0,9,3,4,0,0,0,0,0
38,13,15,8,IN_PROGRESS,1,0,4,5,0,0,0,0,0
38,14,15,2,IN_PROGRESS,0,2,1,4,0,0,0,0,0
38,15,17,1,IN_PROGRESS,0,0,1,2,0,0,0,0,0
38,16,19,5,IN_PROGRESS,0,0,0,3,0,0,0,0,0
38,17,24,9,IN_PROGRESS,0,13,0,1,1,0,0,0,0
38,18,20,2,IN_PROGRESS,0,10,0,3,0,0,0,0,0
38,19,16,10,IN_PROGRESS,1,0,3,5,0,0,0,0,0
38,20,17,8,IN_PROGRESS,1,18,4,7,0,0,0,0,0
38,21,11,13,IN_PROGRESS,0,0,3,6,0,0,0,0,0
38,22,16,12,IN_PROGRESS,1,3,1,6,0,0,0,0,0
38,23,4,15,IN_PROGRESS,1,0,0,3,0,0,0,0,0
38,24,4,22,IN_PROGRESS,0,0,0,1,0,0,0,0,0
38,25,10,11,IN_PROGRESS,1,5,5,7,0,0,0,0,0
38,26,21,8,IN_PROGRESS,1,0,0,3,0,0,0,0,0
38,27,20,18,IN_PROGRESS,1,0,2,5,0,0,0,0,0
38,28,11,5,IN_PROGRESS,1,0,1,4,0,0,0,0,0
38,29,9,8,IN_PROGRESS,1,0,1,8,0,0,0,0,0
38,30,12,12,IN_PROGRESS,1,20,3,5,0,0,0,0,0
38,31,8,20,IN_PROGRESS,0,5,0,0,0,0,0,0,0
38,32,3,18,IN_PROGRESS,0,13,0,2,0,0,0,0,0
38,33,13,22,IN_PROGRESS,0,0,0,1,0,0,0,0,0
38,34,15,18,IN_PROGRESS,1,0,0,1,0,0,0,0,0
38,35,11,12,IN_PROGRESS,0,15,3,7,0,0,0,0,0
38,36,8,11,IN_PROGRESS,0,19,3,9,0,0,0,0,0
38,37,17,22,IN_PROGRESS,0,0,0,1,0,0,0,0,0
38,38,6,13,IN_PROGRESS,0,0,2,5,0,0,0,0,0
38,39,19,15,IN_PROGRESS,1,19,2,4,3,0,0,1,0
38,40,20,15,IN_PROGRESS,1,0,3,4,0,0,0,0,0
38,41,7,13,IN_PROGRESS,1,6,3,7,0,0,0,0,0
38,42,18,15,IN_PROGRESS,0,11,2,4,0,0,0,0,0
38,43,21,18,IN_PROGRESS,1,0,1,3,0,0,0,0,0
39,0,5,8,IN_PROGRESS,1,0,1,3,0,0,0,0,0
39,1,10,5,IN_PROGRESS,1,0,1,5,0,0,0,0,0
39,2,7,10,IN_PROGRESS,0,12,3,7,0,0,0,0,0
39,3,5,2,IN_PROGRESS,0,9,3,5,0,0,0,0,0
39,4,6,1,IN_PROGRESS,0,0,4,5,0,0,0,0,0
39,5,7,1,IN_PROGRESS,0,0,4,5,0,0,0,0,0
39,6,14,7,IN_PROGRESS,0,12,2,5,0,0,0,0,0
39,7,9,1,IN_PROGRESS,0,14,4,6,1,0,0,0,0
39,8,7,7,IN_PROGRESS,1,8,3,6,0,0,0,0,0
39,9,11,1,IN_PROGRESS,0,0,1,6,0,0,0,0,0
39,10,2,4,IN_PROGRESS,0,13,0,1,0,0,0,0,0
39,11,14,8,IN_PROGRESS,1,0,2,7,0,0,0,0,0
39,12,7,2,IN_PROGRESS,0,8,4,6,0,0,0,0,0
39,13,15,8,IN_PROGRESS,1,0,4,5,0,0,0,0,0
39,14,16,2,IN_PROGRESS,0,1,2,2,0,0,0,0,0
39,15,17,1,IN_PROGRESS,0,0,2,2,0,0,0,0,0
39,16,19,5,IN_PROGRESS,1,0,1,2,0,0,0,0,0
39,17,23,9,IN_PROGRESS,0,12,1,1,0,0,0,0,0
39,18,19,2,IN_PROGRESS,0,9,3,3,0,0,0,0,0
39,19,16,10,IN_PROGRESS,0,0,3,6,0,0,0,0,0
39,20,17,9,IN_PROGRESS,1,17,2,6,0,0,0,0,0
39,21,11,13,IN_PROGRESS,0,25,3,7,1,0,0,0,0
39,22,15,12,IN_PROGRESS,1,2,2,8,0,0,0,0,0
39,23,4,15,IN_PROGRESS,1,0,0,2,0,0,0,0,0
39,24,4,22,IN_PROGRESS,0,0,0,2,0,0,0,0,0
39,25,11,11,IN_PROGRESS,1,4,3,8,0,0,0,0,0
39,26,21,8,IN_PROGRESS,1,0,1,3,0,0,0,0,0
39,27,20,18,IN_PROGRESS,1,0,2,5,0,0,0,0,0
39,28,11,5,IN_PROGRESS,1,0,1,4,0,0,0,0,0
39,29,9,8,IN_PROGRESS,1,8,1,8,1,0,0,0,0
39,30,13,12,IN_PROGRESS,1,19,4,7,0,0,0,0,0
39,31,8,21,IN_PROGRESS,0,4,0,1,0,0,0,0,0
39,32,3,19,IN_PROGRESS,0,12,0,2,0,0,0,0,0
39,33,13,22,IN_PROGRESS,0,0,0,1,0,0,0,0,0
39,34,15,18,IN_PROGRESS,1,0,0,2,0,0,0,0,0
39,35,11,12,IN_PROGRESS,0,14,4,6,1,0,0,0,0
39,36,8,12,IN_PROGRESS,0,18,4,8,0,0,0,0,0
39,37,17,22,IN_PROGRESS,0,0,0,1,0,0,0,0,0
39,38,6,13,IN_PROGRESS,0,22,2,5,1,0,0,0,0
39,39,19,15,IN_PROGRESS,1,18,2,4,4,0,0,1,0
39,40,20,15,IN_PROGRESS,1,0,3,4,0,0,0,0,0
39,41,7,12,IN_PROGRESS,1,5,3,7,0,0,0,0,0
39,42,18,16,IN_PROGRESS,0,10,2,5,0,0,0,0,0
39,43,21,18,IN_PROGRESS,1,15,1,4,1,0,0,0,0
40,0,5,8,IN_PROGRESS,1,0,3,4,0,0,0,0,0
40,1,10,5,IN_PROGRESS,1,0,1,6,0,0,0,0,0
40,2,7,9,IN_PROGRESS,0,11,3,6,0,0,0,0,0
40,3,4,2,IN_PROGRESS,0,8,2,4,0,0,0,0,0
40,4,6,1,IN_PROGRESS,0,0,4,5,0,0,0,0,0
40,5,7,1,IN_PROGRESS,0,0,3,5,0,0,0,0,0
40,6,13,7,IN_PROGRESS,0,11,2,6,0,0,0,0,0
40,7,9,1,IN_PROGRESS,0,13,4,5,2,0,0,1,0
40,8,6,7,IN_PROGRESS,1,7,3,4,0,0,0,0,0
40,9,11,1,IN_PROGRESS,0,0,1,7,0,0,0,0,0
40,10,2,3,IN_PROGRESS,0,12,1,1,0,0,0,0,0
40,11,14,8,IN_PROGRESS,1,0,2,7,0,0,0,0,0
40,12,8,2,IN_PROGRESS,0,7,3,6,0,0,0,0,0
40,13,15,8,IN_PROGRESS,1,0,3,6,0,0,0,0,0
40,14,16,1,IN_PROGRESS,0,0,2,3,0,0,0,0,0
40,15,17,1,IN_PROGRESS,0,0,2,2,0,0,0,0,0
40,16,19,5,IN_PROGRESS,1,0,0,2,0,0,0,0,0
40,17,22,9,IN_PROGRESS,0,11,1,1,0,0,0,0,0
40,18,18,2,IN_PROGRESS,0,8,2,3,0,0,0,0,0
40,19,16,10,IN_PROGRESS,0,15,2,6,1,0,0,0,0
40,20,17,10,IN_PROGRESS,1,16,1,5,0,0,0,0,0
40,21,11,13,IN_PROGRESS,0,24,3,6,2,0,0,1,0
40,22,14,12,IN_PROGRESS,1,1,3,8,0,0,0,0,0
40,23,4,15,IN_PROGRESS,1,0,0,2,0,0,0,0,0
40,24,4,22,IN_PROGRESS,0,0,1,1,0,0,0,0,0
40,25,12,11,IN_PROGRESS,1,3,4,7,0,0,0,0,0
40,26,21,8,IN_PROGRESS,1,0,1,2,0,0,0,0,0
40,27,20,18,IN_PROGRESS,1,0,3,5,0,0,0,0,0
40,28,11,5,IN_PROGRESS,1,0,1,3,0,0,0,0,0
40,29,8,8,IN_PROGRESS,1,7,3,5,0,0,0,0,0
40,30,13,11,IN_PROGRESS,1,18,3,9,0,0,0,0,0
40,31,9,21,IN_PROGRESS,0,3,0,1,0,0,0,0,0
40,32,3,20,IN_PROGRESS,0,11,1,1,0,0,0,0,0
40,33,13,22,IN_PROGRESS,0,0,0,2,0,0,0,0,0
40,34,15,18,IN_PROGRESS,1,0,0,2,0,0,0,0,0
40,35,12,12,IN_PROGRESS,0,13,4,5,0,0,0,0,0
40,36,8,13,IN_PROGRESS,0,17,3,6,0,0,0,0,0
40,37,17,22,IN_PROGRESS,0,0,0,1,0,0,0,0,0
40,38,7,13,IN_PROGRESS,0,21,2,5,0,0,0,0,0
40,39,18,15,IN_PROGRESS,1,17,2,4,0,0,0,0,0
40,40,20,15,IN_PROGRESS,1,0,3,4,0,0,0,0,0
40,41,6,12,IN_PROGRESS,1,4,2,6,0,0,0,0,0
40,42,18,17,IN_PROGRESS,0,9,3,5,0,0,0,0,0
40,43,21,17,IN_PROGRESS,1,14,3,4,0,0,0,0,0
41,0,5,8,IN_PROGRESS,1,0,2,4,0,0,0,0,0
41,1,10,5,IN_PROGRESS,1,0,1,5,0,0,0,0,0
41,2,7,8,IN_PROGRESS,0,10,3,3,0,0,0,0,0
41,3,4,3,IN_PROGRESS,0,7,1,4,0,0,0,0,0
41,4,6,1,IN_PROGRESS,0,0,2,6,0,0,0,0,0
41,5,7,1,IN_PROGRESS,0,0,3,5,0,0,0,0,0
41,6,12,7,IN_PROGRESS,0,10,3,5,0,0,0,0,0
41,7,9,1,IN_PROGRESS,0,12,4,5,3,0,0,1,0
41,8,5,7,IN_PROGRESS,1,6,2,5,0,0,0,0,0
41,9,11,1,IN_PROGRESS,0,0,2,7,0,0,0,0,0
41,10,2,2,IN_PROGRESS,0,11,1,2,0,0,0,0,0
41,11,14,8,IN_PROGRESS,1,0,3,6,0,0,0,0,0
41,12,9,2,IN_PROGRESS,0,6,3,6,0,0,0,0,0
41,13,15,8,IN_PROGRESS,1,0,2,6,0,0,0,0,0
41,14,16,1,IN_PROGRESS,0,0,2,3,0,0,0,0,0
41,15,17,1,IN_PROGRESS,0,0,2,2,0,0,0,0,0
41,16,19,5,IN_PROGRESS,1,0,0,2,0,0,0,0,0
41,17,22,8,IN_PROGRESS,0,10,1,1,0,0,0,0,0
41,18,17,2,IN_PROGRESS,0,7,2,3,0,0,0,0,0
41,19,16,10,IN_PROGRESS,0,14,3,6,2,0,0,1,0
41,20,17,11,IN_PROGRESS,1,15,2,5,0,0,0,0,0
41,21,11,12,IN_PROGRESS,0,23,2,5,0,0,0,0,0
41,22,14,13,IN_PROGRESS,1,0,2,8,0,0,0,0,0
41,23,4,15,IN_PROGRESS,1,0,0,3,0,0,0,0,0
41,24,4,22,IN_PROGRESS,0,0,1,1,0,0,0,0,0
41,25,12,10,IN_PROGRESS,1,2,4,9,0,0,0,0,0
41,26,21,8,IN_PROGRESS,1,0,1,2,0,0,0,0,0
41,27,20,18,IN_PROGRESS,1,0,3,4,0,0,0,0,0
41,28,11,5,IN_PROGRESS,1,0,2,4,0,0,0,0,0
41,29,8,9,IN_PROGRESS,1,6,1,5,0,0,0,0,0
41,30,14,11,IN_PROGRESS,1,17,5,8,0,0,0,0,0
41,31,10,21,IN_PROGRESS,0,2,0,1,0,0,0,0,0
41,32,3,21,IN_PROGRESS,0,10,1,1,0,0,0,0,0
41,33,13,22,IN_PROGRESS,0,0,0,2,0,0,0,0,0
41,34,15,18,IN_PROGRESS,1,0,1,3,0,0,0,0,0
41,35,12,13,IN_PROGRESS,0,12,3,5,0,0,0,0,0
41,36,8,14,IN_PROGRESS,0,16,1,6,0,0,0,0,0
41,37,17,22,IN_PROGRESS,0,0,0,2,0,0,0,0,0
41,38,7,14,IN_PROGRESS,0,20,1,3,0,0,0,0,0
41,39,17,15,IN_PROGRESS,1,16,1,6,0,0,0,0,0
41,40,20,15,IN_PROGRESS,1,0,3,4,0,0,0,0,0
41,41,5,12,IN_PROGRESS,1,3,0,5,0,0,0,0,0
41,42,18,18,IN_PROGRESS,0,8,3,6,0,0,0,0,0
41,43,20,17,IN_PROGRESS,1,13,3,4,0,0,0,0,0
42,0,5,8,IN_PROGRESS,1,0,3,4,0,0,0,0,0
42,1,10,5,IN_PROGRESS,1,0,3,6,0,0,0,0,0
42,2,7,7,IN_PROGRESS,0,9,3,5,0,0,0,0,0
42,3,3,3,IN_PROGRESS,0,6,1,3,0,0,0,0,0
42,4,6,1,IN_PROGRESS,0,0,2,6,0,0,0,0,0
42,5,7,1,IN_PROGRESS,0,0,2,5,0,0,0,0,0
42,6,11,7,IN_PROGRESS,0,9,2,7,0,0,0,0,0
42,7,9,1,IN_PROGRESS,0,11,4,5,4,0,0,1,0
42,8,4,7,IN_PROGRESS,1,5,2,5,0,0,0,0,0
42,9,11,1,IN_PROGRESS,0,0,2,7,0,0,0,0,0
42,10,3,2,IN_PROGRESS,0,10,1,3,0,0,0,0,0
42,11,14,8,IN_PROGRESS,1,0,2,6,0,0,0,0,0
42,12,10,2,IN_PROGRESS,0,5,3,6,0,0,0,0,0
42,13,15,8,IN_PROGRESS,1,0,2,5,0,0,0,0,0
42,14,16,1,IN_PROGRESS,0,29,2,3,1,0,0,0,0
42,15,17,1,IN_PROGRESS,0,0,2,2,0,0,0,0,0
42,16,19,5,IN_PROGRESS,1,0,0,3,0,0,0,0,0
42,17,22,7,IN_PROGRESS,0,9,1,2,0,0,0,0,0
42,18,17,3,IN_PROGRESS,0,6,2,3,0,0,0,0,0
42,19,17,10,IN_PROGRESS,0,13,2,6,0,0,0,0,0
42,20,17,12,IN_PROGRESS,1,14,3,4,0,0,0,0,0
42,21,11,11,IN_PROGRESS,0,22,1,5,0,0,0,0,0
42,22,14,13,IN_PROGRESS,0,0,2,7,0,0,0,0,0
42,23,4,15,IN_PROGRESS,1,0,2,3,0,0,0,0,0
42,24,4,22,IN_PROGRESS,0,0,1,1,0,0,0,0,0
42,25,13,10,IN_PROGRESS,1,1,3,8,0,0,0,0,0
42,26,21,8,IN_PROGRESS,1,0,1,2,0,0,0,0,0
42,27,20,18,IN_PROGRESS,1,0,3,4,0,0,0,0,0
42,28,11,5,IN_PROGRESS,1,0,2,4,0,0,0,0,0
42,29,7,9,IN_PROGRESS,1,5,2,3,0,0,0,0,0
42,30,15,11,IN_PROGRESS,1,16,5,8,0,0,0,0,0
42,31,11,21,IN_PROGRESS,0,1,1,1,0,0,0,0,0
42,32,4,21,IN_PROGRESS,0,9,1,1,0,0,0,0,0
42,33,13,22,IN_PROGRESS,0,0,1,2,0,0,0,0,0
42,34,15,18,IN_PROGRESS,1,0,0,3,0,0,0,0,0
42,35,12,14,IN_PROGRESS,0,11,1,5,0,0,0,0,0
42,36,8,15,IN_PROGRESS,0,15,1,3,0,0,0,0,0
42,37,17,22,IN_PROGRESS,0,0,0,2,0,0,0,0,0
42,38,7,15,IN_PROGRESS,0,19,2,2,0,0,0,0,0
42,39,17,14,IN_PROGRESS,1,15,1,7,0,0,0,0,0
42,40,20,15,IN_PROGRESS,1,0,2,3,0,0,0,0,0
42,41,4,12,IN_PROGRESS,1,2,1,3,0,0,0,0,0
42,42,18,19,IN_PROGRESS,0,7,2,4,0,0,0,0,0
42,43,19,17,IN_PROGRESS,1,12,3,5,0,0,0,0,0
43,0,5,8,IN_PROGRESS,1,0,1,4,0,0,0,0,0
43,1,10,5,IN_PROGRESS,1,0,2,6,0,0,0,0,0
43,2,7,6,IN_PROGRESS,0,8,0,7,0,0,0,0,0
43,3,3,4,IN_PROGRESS,0,5,2,2,0,0,0,0,0
43,4,6,1,IN_PROGRESS,0,0,2,4,0,0,0,0,0
43,5,7,1,IN_PROGRESS,0,0,2,6,0,0,0,0,0
43,6,10,7,IN_PROGRESS,0,8,2,4,0,0,0,0,0
43,7,9,2,IN_PROGRESS,0,10,3,7,0,0,0,0,0
43,8,3,7,IN_PROGRESS,1,4,2,4,0,0,0,0,0
43,9,11,1,IN_PROGRESS,0,0,2,6,0,0,0,0,0
43,10,4,2,IN_PROGRESS,0,9,2,4,0,0,0,0,0
43,11,14,8,IN_PROGRESS,1,0,2,7,0,0,0,0,0
43,12,11,2,IN_PROGRESS,0,4,3,6,0,0,0,0,0
43,13,15,8,IN_PROGRESS,1,0,3,5,0,0,0,0,0
43,14,16,2,IN_PROGRESS,0,28,2,3,0,0,0,0,0
43,15,17,1,IN_PROGRESS,0,0,2,2,0,0,0,0,0
43,16,19,5,IN_PROGRESS,1,0,1,3,0,0,0,0,0
43,17,22,6,IN_PROGRESS,0,8,1,2,0,0,0,0,0
43,18,17,4,IN_PROGRESS,0,5,3,4,0,0,0,0,0
43,19,17,9,IN_PROGRESS,0,12,2,8,0,0,0,0,0
43,20,16,12,IN_PROGRESS,1,13,3,7,0,0,0,0,0
43,21,12,11,IN_PROGRESS,0,21,1,6,0,0,0,0,0
43,22,14,13,IN_PROGRESS,0,21,3,7,1,0,0,0,0
43,23,4,15,IN_PROGRESS,1,0,0,3,0,0,0,0,0
43,24,4,22,IN_PROGRESS,0,0,1,1,0,0,0,0,0
43,25,14,10,IN_PROGRESS,1,0,5,7,0,0,0,0,0
43,26,21,8,IN_PROGRESS,1,14,1,3,1,0,0,0,0
43,27,20,18,IN_PROGRESS,1,0,2,4,0,0,0,0,0
43,28,11,5,IN_PROGRESS,1,0,3,6,0,0,0,0,0
43,29,7,10,IN_PROGRESS,1,4,0,3,0,0,0,0,0
43,30,16,11,IN_PROGRESS,1,15,4,8,0,0,0,0,0
43,31,11,22,IN_PROGRESS,0,0,1,1,0,0,0,0,0
43,32,5,21,IN_PROGRESS,0,8,1,1,0,0,0,0,0
43,33,13,22,IN_PROGRESS,0,0,1,2,0,0,0,0,0
43,34,15,18,IN_PROGRESS,1,0,0,3,0,0,0,0,0
43,35,12,15,IN_PROGRESS,0,10,0,3,0,0,0,0,0
43,36,8,16,IN_PROGRESS,0,14,1,3,0,0,0,0,0
43,37,17,22,IN_PROGRESS,0,0,1,2,0,0,0,0,0
43,38,7,16,IN_PROGRESS,0,18,1,2,0,0,0,0,0
43,39,17,13,IN_PROGRESS,1,14,3,6,0,0,0,0,0
43,40,20,15,IN_PROGRESS,1,0,1,3,0,0,0,0,0
43,41,4,11,IN_PROGRESS,1,1,0,4,0,0,0,0,0
43,42,18,20,IN_PROGRESS,0,6,2,4,0,0,0,0,0
43,43,18,17,IN_PROGRESS,1,11,2,5,0,0,0,0,0
44,0,5,8,IN_PROGRESS,1,0,1,6,0,0,0,0,0
44,1,10,5,IN_PROGRESS,1,0,3,6,0,0,0,0,0
44,2,7,5,IN_PROGRESS,0,7,1,9,0,0,0,0,0
44,3,3,5,IN_PROGRESS,0,4,1,4,0,0,0,0,0
44,4,6,1,IN_PROGRESS,0,0,3,5,0,0,0,0,0
44,5,7,1,IN_PROGRESS,0,0,3,5,0,0,0,0,0
44,6,9,7,IN_PROGRESS,0,7,1,4,0,0,0,0,0
44,7,8,2,IN_PROGRESS,0,9,3,7,0,0,0,0,0
44,8,2,7,IN_PROGRESS,1,3,1,3,0,0,0,0,0
44,9,11,1,IN_PROGRESS,0,0,1,7,0,0,0,0,0
44,10,5,2,IN_PROGRESS,0,8,3,5,0,0,0,0,0
44,11,14,8,IN_PROGRESS,1,0,3,5,0,0,0,0,0
44,12,12,2,IN_PROGRESS,0,3,2,5,0,0,0,0,0
44,13,15,8,IN_PROGRESS,1,0,3,7,0,0,0,0,0
44,14,15,2,IN_PROGRESS,0,27,2,4,0,0,0,0,0
44,15,17,1,IN_PROGRESS,0,0,1,2,0,0,0,0,0
44,16,19,5,IN_PROGRESS,1,0,2,3,0,0,0,0,0
44,17,22,5,IN_PROGRESS,0,7,2,3,0,0,0,0,0
44,18,17,5,IN_PROGRESS,0,4,2,6,0,0,0,0,0
44,19,17,8,IN_PROGRESS,0,11,4,8,0,0,0,0,0
44,20,15,12,IN_PROGRESS,1,12,4,7,0,0,0,0,0
44,21,12,10,IN_PROGRESS,0,20,1,5,0,0,0,0,0
44,22,13,13,IN_PROGRESS,0,20,1,5,0,0,0,0,0
44,23,4,15,IN_PROGRESS,1,0,0,2,0,0,0,0,0
44,24,4,22,IN_PROGRESS,0,0,1,1,0,0,0,0,0
44,25,14,10,IN_PROGRESS,0,0,4,8,0,0,0,0,0
44,26,22,8,IN_PROGRESS,1,13,1,2,0,0,0,0,0
44,27,20,18,IN_PROGRESS,1,0,1,4,0,0,0,0,0
44,28,11,5,IN_PROGRESS,1,0,1,5,0,0,0,0,0
44,29,7,11,IN_PROGRESS,1,3,0,2,0,0,0,0,0
44,30,17,11,IN_PROGRESS,1,14,3,5,0,0,0,0,0
44,31,11,22,IN_PROGRESS,0,0,1,1,0,0,0,0,0
44,32,6,21,IN_PROGRESS,0,7,1,2,0,0,0,0,0
44,33,13,22,IN_PROGRESS,0,0,1,2,0,0,0,0,0
44,34,15,18,IN_PROGRESS,1,0,1,3,0,0,0,0,0
44,35,12,16,IN_PROGRESS,0,9,0,3,0,0,0,0,0
44,36,8,17,IN_PROGRESS,0,13,1,2,0,0,0,0,0
44,37,17,22,IN_PROGRESS,0,0,1,3,0,0,0,0,0
44,38,7,17,IN_PROGRESS,0,17,1,3,0,0,0,0,0
44,39,17,12,IN_PROGRESS,1,13,2,6,0,0,0,0,0
44,40,20,15,IN_PROGRESS,1,0,1,2,0,0,0,0,0
44,41,4,10,IN_PROGRESS,1,0,1,4,0,0,0,0,0
44,42,18,21,IN_PROGRESS,0,5,1,3,0,0,0,0,0
44,43,17,17,IN_PROGRESS,1,10,1,6,0,0,0,0,0
45,0,5,8,IN_PROGRESS,1,0,1,5,0,0,0,0,0
45,1,10,5,IN_PROGRESS,1,0,1,5,0,0,0,0,0
45,2,7,4,IN_PROGRESS,0,6,3,7,0,0,0,0,0
45,3,3,6,IN_PROGRESS,0,3,1,3,0,0,0,0,0
45,4,6,1,IN_PROGRESS,0,0,2,5,0,0,0,0,0
45,5,7,1,IN_PROGRESS,0,0,4,5,0,0,0,0,0
45,6,8,7,IN_PROGRESS,0,6,0,5,0,0,0,0,0
45,7,8,3,IN_PROGRESS,0,8,3,8,0,0,0,0,0
45,8,1,7,IN_PROGRESS,1,2,1,2,0,0,0,0,0
45,9,11,1,IN_PROGRESS,0,0,1,6,0,0,0,0,0
45,10,6,2,IN_PROGRESS,0,7,4,4,0,0,0,0,0
45,11,14,8,IN_PROGRESS,1,0,3,7,0,0,0,0,0
45,12,13,2,IN_PROGRESS,0,2,2,4,0,0,0,0,0
45,13,15,8,IN_PROGRESS,1,0,3,9,0,0,0,0,0
45,14,15,3,IN_PROGRESS,0,26,1,4,0,0,0,0,0
45,15,17,1,IN_PROGRESS,0,0,0,3,0,0,0,0,0
45,16,19,5,IN_PROGRESS,1,0,1,3,0,0,0,0,0
45,17,22,4,IN_PROGRESS,0,6,0,2,0,0,0,0,0
45,18,17,6,IN_PROGRESS,0,3,2,7,0,0,0,0,0
45,19,17,7,IN_PROGRESS,0,10,3,5,0,0,0,0,0
45,20,14,12,IN_PROGRESS,1,11,3,7,0,0,0,0,0
45,21,12,9,IN_PROGRESS,0,19,2,6,0,0,0,0,0
45,22,12,13,IN_PROGRESS,0,19,1,5,0,0,0,0,0
45,23,4,15,IN_PROGRESS,1,0,0,1,0,0,0,0,0
45,24,4,22,IN_PROGRESS,0,0,0,1,0,0,0,0,0
45,25,14,10,IN_PROGRESS,0,23,5,7,1,0,0,0,0
45,26,22,9,IN_PROGRESS,1,12,0,1,0,0,0,0,0
45,27,20,18,IN_PROGRESS,1,0,1,4,0,0,0,0,0
45,28,11,5,IN_PROGRESS,1,0,1,7,0,0,0,0,0
45,29,6,11,IN_PROGRESS,1,2,1,2,0,0,0,0,0
45,30,17,10,IN_PROGRESS,1,13,3,7,0,0,0,0,0
45,31,11,22,IN_PROGRESS,0,0,1,2,0,0,0,0,0
45,32,7,21,IN_PROGRESS,0,6,1,4,0,0,0,0,0
45,33,13,22,IN_PROGRESS,0,0,1,2,0,0,0,0,0
45,34,15,18,IN_PROGRESS,1,13,1,3,1,0,0,0,0
45,35,12,17,IN_PROGRESS,0,8,0,4,0,0,0,0,0
45,36,8,18,IN_PROGRESS,0,12,1,3,0,0,0,0,0
45,37,17,22,IN_PROGRESS,0,0,1,2,0,0,0,0,0
45,38,7,18,IN_PROGRESS,0,16,2,2,0,0,0,0,0
45,39,16,12,IN_PROGRESS,1,12,2,6,0,0,0,0,0
45,40,20,15,IN_PROGRESS,1,0,1,1,0,0,0,0,0
45,41,4,10,IN_PROGRESS,0,0,2,4,0,0,0,0,0
45,42,19,21,IN_PROGRESS,0,4,1,2,0,0,0,0,0
45,43,16,17,IN_PROGRESS,1,9,1,4,0,0,0,0,0
46,0,5,8,IN_PROGRESS,1,0,2,5,0,0,0,0,0
46,1,10,5,IN_PROGRESS,1,0,3,6,0,0,0,0,0
46,2,7,3,IN_PROGRESS,0,5,4,6,0,0,0,0,0
46,3,3,7,IN_PROGRESS,0,2,2,3,0,0,0,0,0
46,4,6,1,IN_PROGRESS,0,0,3,5,0,0,0,0,0
46,5,7,1,IN_PROGRESS,0,0,3,5,0,0,0,0,0
46,6,8,6,IN_PROGRESS,0,5,2,6,0,0,0,0,0
46,7,8,4,IN_PROGRESS,0,7,4,7,0,0,0,0,0
46,8,1,8,IN_PROGRESS,1,1,1,3,0,0,0,0,0
46,9,11,1,IN_PROGRESS,0,0,0,7,0,0,0,0,0
46,10,7,2,IN_PROGRESS,0,6,4,6,0,0,0,0,0
46,11,14,8,IN_PROGRESS,1,0,3,9,0,0,0,0,0
46,12,14,2,IN_PROGRESS,0,1,1,3,0,0,0,0,0
46,13,15,8,IN_PROGRESS,1,0,4,7,0,0,0,0,0
46,14,14,3,IN_PROGRESS,0,25,1,6,0,0,0,0,0
46,15,17,1,IN_PROGRESS,0,0,0,2,0,0,0,0,0
46,16,19,5,IN_PROGRESS,1,0,1,3,0,0,0,0,0
46,17,22,3,IN_PROGRESS,0,5,0,1,0,0,0,0,0
46,18,16,6,IN_PROGRESS,0,2,2,6,0,0,0,0,0
46,19,18,7,IN_PROGRESS,0,9,3,5,0,0,0,0,0
46,20,13,12,IN_PROGRESS,1,10,3,5,0,0,0,0,0
46,21,12,8,IN_PROGRESS,0,18,3,6,0,0,0,0,0
46,22,12,14,IN_PROGRESS,0,18,1,4,0,0,0,0,0
46,23,4,15,IN_PROGRESS,1,0,0,2,0,0,0,0,0
46,24,4,22,IN_PROGRESS,0,0,0,1,0,0,0,0,0
46,25,13,10,IN_PROGRESS,0,22,3,7,0,0,0,0,0
46,26,22,10,IN_PROGRESS,1,11,0,0,0,0,0,0,0
46,27,20,18,IN_PROGRESS,1,0,2,3,0,0,0,0,0
46,28,11,5,IN_PROGRESS,1,0,1,6,0,0,0,0,0
46,29,6,12,IN_PROGRESS,1,1,0,3,0,0,0,0,0
46,30,17,9,IN_PROGRESS,1,12,2,6,0,0,0,0,0
46,31,11,22,IN_PROGRESS,0,0,1,3,0,0,0,0,0
46,32,8,21,IN_PROGRESS,0,5,2,4,0,0,0,0,0
46,33,13,22,IN_PROGRESS,0,11,1,3,1,0,0,0,0
46,34,15,18,IN_PROGRESS,1,12,2,3,2,0,0,1,0
46,35,12,18,IN_PROGRESS,0,7,1,6,0,0,0,0,0
46,36,8,19,IN_PROGRESS,0,11,2,3,0,0,0,0,0
46,37,17,22,IN_PROGRESS,0,0,0,2,0,0,0,0,0
46,38,7,19,IN_PROGRESS,0,15,2,2,0,0,0,0,0
46,39,15,12,IN_PROGRESS,1,11,1,7,0,0,0,0,0
46,40,20,15,IN_PROGRESS,1,0,1,1,0,0,0,0,0
46,41,4,10,IN_PROGRESS,0,31,1,5,1,0,0,0,0
46,42,20,21,IN_PROGRESS,0,3,1,2,0,0,0,0,0
46,43,15,17,IN_PROGRESS,1,8,1,3,0,0,0,0,0
47,0,5,8,IN_PROGRESS,1,0,1,3,0,0,0,0,0
47,1,10,5,IN_PROGRESS,1,0,2,7,0,0,0,0,0
47,2,6,3,IN_PROGRESS,0,4,4,5,0,0,0,0,0
47,3,3,8,IN_PROGRESS,0,1,2,3,0,0,0,0,0
47,4,6,1,IN_PROGRESS,0,0,3,5,0,0,0,0,0
47,5,7,1,IN_PROGRESS,0,0,4,6,0,0,0,0,0
47,6,8,5,IN_PROGRESS,0,4,4,6,0,0,0,0,0
47,7,7,4,IN_PROGRESS,0,6,4,7,0,0,0,0,0
47,8,1,9,IN_PROGRESS,1,0,1,3,0,0,0,0,0
47,9,11,1,IN_PROGRESS,0,0,1,7,0,0,0,0,0
47,10,8,2,IN_PROGRESS,0,5,5,7,0,0,0,0,0
47,11,14,8,IN_PROGRESS,1,0,4,6,0,0,0,0,0
47,12,14,1,IN_PROGRESS,0,0,3,3,0,0,0,0,0
47,13,15,8,IN_PROGRESS,1,0,3,7,0,0,0,0,0
47,14,13,3,IN_PROGRESS,0,24,1,6,0,0,0,0,0
47,15,17,1,IN_PROGRESS,0,0,1,1,0,0,0,0,0
47,16,19,5,IN_PROGRESS,1,0,1,4,0,0,0,0,0
47,17,21,3,IN_PROGRESS,0,4,0,1,0,0,0,0,0
47,18,15,6,IN_PROGRESS,0,1,3,8,0,0,0,0,0
47,19,18,6,IN_PROGRESS,0,8,3,4,0,0,0,0,0
47,20,12,12,IN_PROGRESS,1,9,3,4,0,0,0,0,0
47,21,12,7,IN_PROGRESS,0,17,3,8,0,0,0,0,0
47,22,12,15,IN_PROGRESS,0,17,1,5,0,0,0,0,0
47,23,4,15,IN_PROGRESS,1,0,0,2,0,0,0,0,0
47,24,4,22,IN_PROGRESS,0,0,0,1,0,0,0,0,0
47,25,12,10,IN_PROGRESS,0,21,2,6,0,0,0,0,0
47,26,22,11,IN_PROGRESS,1,10,0,0,0,0,0,0,0
47,27,20,18,IN_PROGRESS,1,0,1,3,0,0,0,0,0
47,28,11,5,IN_PROGRESS,1,0,3,7,0,0,0,0,0
47,29,6,13,IN_PROGRESS,1,0,0,2,0,0,0,0,0
47,30,17,8,IN_PROGRESS,1,11,3,5,0,0,0,0,0
47,31,11,22,IN_PROGRESS,0,0,2,4,0,0,0,0,0
47,32,9,21,IN_PROGRESS,0,4,3,5,0,0,0,0,0
47,33,13,21,IN_PROGRESS,0,10,2,6,0,0,0,0,0
47,34,15,18,IN_PROGRESS,1,11,1,4,3,0,0,1,0
47,35,12,19,IN_PROGRESS,0,6,1,7,0,0,0,0,0
47,36,8,20,IN_PROGRESS,0,10,2,4,0,0,0,0,0
47,37,17,22,IN_PROGRESS,0,0,0,2,0,0,0,0,0
47,38,7,20,IN_PROGRESS,0,14,2,3,0,0,0,0,0
47,39,14,12,IN_PROGRESS,1,10,1,6,0,0,0,0,0
47,40,20,15,IN_PROGRESS,1,0,1,1,0,0,0,0,0
47,41,4,11,IN_PROGRESS,0,30,0,5,0,0,0,0,0
47,42,21,21,IN_PROGRESS,0,2,0,2,0,0,0,0,0
47,43,14,17,IN_PROGRESS,1,7,1,5,0,0,0,0,0
48,0,5,8,IN_PROGRESS,1,0,1,5,0,0,0,0,0
48,1,10,5,IN_PROGRESS,1,0,4,8,0,0,0,0,0
48,2,5,3,IN_PROGRESS,0,3,1,6,0,0,0,0,0
48,3,4,8,IN_PROGRESS,0,0,1,3,0,0,0,0,0
48,4,6,1,IN_PROGRESS,0,0,2,6,0,0,0,0,0
48,5,7,1,IN_PROGRESS,0,0,2,6,0,0,0,0,0
48,6,8,4,IN_PROGRESS,0,3,3,8,0,0,0,0,0
48,7,7,5,IN_PROGRESS,0,5,2,8,0,0,0,0,0
48,8,1,9,IN_PROGRESS,0,0,0,2,0,0,0,0,0
48,9,11,1,IN_PROGRESS,0,0,3,7,0,0,0,0,0
48,10,9,2,IN_PROGRESS,0,4,3,9,0,0,0,0,0
48,11,14,8,IN_PROGRESS,1,0,1,6,0,0,0,0,0
48,12,14,1,IN_PROGRESS,0,0,2,4,0,0,0,0,0
48,13,15,8,IN_PROGRESS,1,0,3,4,0,0,0,0,0
48,14,12,3,IN_PROGRESS,0,23,3,8,0,0,0,0,0
48,15,17,1,IN_PROGRESS,0,0,1,3,0,0,0,0,0
48,16,19,5,IN_PROGRESS,1,0,2,4,0,0,0,0,0
48,17,20,3,IN_PROGRESS,0,3,1,3,0,0,0,0,0
48,18,15,5,IN_PROGRESS,0,0,2,10,0,0,0,0,0
48,19,18,5,IN_PROGRESS,0,7,3,5,0,0,0,0,0
48,20,11,12,IN_PROGRESS,1,8,2,3,0,0,0,0,0
48,21,12,6,IN_PROGRESS,0,16,3,7,0,0,0,0,0
48,22,12,16,IN_PROGRESS,0,16,1,6,0,0,0,0,0
48,23,4,15,IN_PROGRESS,1,0,1,2,0,0,0,0,0
48,24,4,22,IN_PROGRESS,0,0,0,2,0,0,0,0,0
48,25,12,11,IN_PROGRESS,0,20,2,5,0,0,0,0,0
48,26,21,11,IN_PROGRESS,1,9,0,1,0,0,0,0,0
48,27,20,18,IN_PROGRESS,1,0,1,2,0,0,0,0,0
48,28,11,5,IN_PROGRESS,1,0,3,8,0,0,0,0,0
48,29,6,13,IN_PROGRESS,0,0,1,2,0,0,0,0,0
48,30,17,7,IN_PROGRESS,1,10,2,5,0,0,0,0,0
48,31,11,22,IN_PROGRESS,0,0,2,5,0,0,0,0,0
48,32,10,21,IN_PROGRESS,0,3,4,5,0,0,0,0,0
48,33,14,21,IN_PROGRESS,0,9,1,6,0,0,0,0,0
48,34,15,17,IN_PROGRESS,1,10,1,3,0,0,0,0,0
48,35,12,20,IN_PROGRESS,0,5,3,6,0,0,0,0,0
48,36,8,21,IN_PROGRESS,0,9,2,5,0,0,0,0,0
48,37,17,22,IN_PROGRESS,0,0,0,1,0,0,0,0,0
48,38,7,21,IN_PROGRESS,0,13,2,4,0,0,0,0,0
48,39,13,12,IN_PROGRESS,1,9,2,5,0,0,0,0,0
48,40,20,15,IN_PROGRESS,1,0,1,2,0,0,0,0,0
48,41,4,12,IN_PROGRESS,0,29,2,4,0,0,0,0,0
48,42,22,21,IN_PROGRESS,0,1,0,1,0,0,0,0,0
48,43,13,17,IN_PROGRESS,1,6,2,5,0,0,0,0,0
49,0,5,8,IN_PROGRESS,1,0,1,3,0,0,0,0,0
49,1,10,5,IN_PROGRESS,1,0,4,8,0,0,0,0,0
49,2,4,3,IN_PROGRESS,0,2,0,4,0,0,0,0,0
49,3,4,8,IN_PROGRESS,1,0,1,5,0,0,0,0,0
49,4,6,1,IN_PROGRESS,0,0,1,5,0,0,0,0,0
49,5,7,1,IN_PROGRESS,0,0,2,6,0,0,0,0,0
49,6,8,3,IN_PROGRESS,0,2,3,9,0,0,0,0,0
49,7,7,6,IN_PROGRESS,0,4,0,6,0,0,0,0,0
49,8,1,9,IN_PROGRESS,0,17,0,3,1,0,0,0,0
49,9,11,1,IN_PROGRESS,0,0,3,9,0,0,0,0,0
49,10,10,2,IN_PROGRESS,0,3,4,9,0,0,0,0,0
49,11,14,8,IN_PROGRESS,1,0,1,4,0,0,0,0,0
49,12,14,1,IN_PROGRESS,0,22,2,5,1,0,0,0,0
49,13,15,8,IN_PROGRESS,1,0,2,3,0,0,0,0,0
49,14,11,3,IN_PROGRESS,0,22,6,7,0,0,0,0,0
49,15,17,1,IN_PROGRESS,0,0,1,4,0,0,0,0,0
49,16,19,5,IN_PROGRESS,1,0,3,4,0,0,0,0,0
49,17,19,3,IN_PROGRESS,0,2,2,4,0,0,0,0,0
49,18,15,5,IN_PROGRESS,1,0,3,9,0,0,0,0,0
49,19,18,4,IN_PROGRESS,0,6,3,5,0,0,0,0,0
49,20,10,12,IN_PROGRESS,1,7,2,4,0,0,0,0,0
49,21,12,5,IN_PROGRESS,0,15,4,7,0,0,0,0,0
49,22,11,16,IN_PROGRESS,0,15,1,6,0,0,0,0,0
49,23,4,15,IN_PROGRESS,1,0,0,2,0,0,0,0,0
49,24,4,22,IN_PROGRESS,0,0,0,1,0,0,0,0,0
49,25,11,11,IN_PROGRESS,0,19,2,3,0,0,0,0,0
49,26,20,11,IN_PROGRESS,1,8,0,1,0,0,0,0,0
49,27,20,18,IN_PROGRESS,1,0,1,1,0,0,0,0,0
49,28,11,5,IN_PROGRESS,1,0,3,8,0,0,0,0,0
49,29,6,13,IN_PROGRESS,0,12,0,3,1,0,0,0,0
49,30,17,6,IN_PROGRESS,1,9,3,7,0,0,0,0,0
49,31,11,22,IN_PROGRESS,0,0,2,5,0,0,0,0,0
49,32,11,21,IN_PROGRESS,0,2,3,7,0,0,0,0,0
49,33,14,20,IN_PROGRESS,0,8,2,6,0,0,0,0,0
49,34,14,17,IN_PROGRESS,1,9,2,4,0,0,0,0,0
49,35,13,20,IN_PROGRESS,0,4,2,6,0,0,0,0,0
49,36,9,21,IN_PROGRESS,0,8,3,4,0,0,0,0,0
49,37,17,22,IN_PROGRESS,0,0,0,2,0,0,0,0,0
49,38,7,21,IN_PROGRESS,0,12,1,4,1,0,0,0,0
49,39,12,12,IN_PROGRESS,1,8,2,4,0,0,0,0,0
49,40,20,15,IN_PROGRESS,1,0,1,2,0,0,0,0,0
49,41,3,12,IN_PROGRESS,0,28,0,4,0,0,0,0,0
49,42,22,22,IN_PROGRESS,0,0,0,1,0,0,0,0,0
49,43,12,17,IN_PROGRESS,1,5,2,6,0,0,0,0,0
50,0,5,8,IN_PROGRESS,1,10,2,3,1,0,0,0,0
50,1,10,5,IN_PROGRESS,1,0,3,8,0,0,0,0,0
50,2,4,2,IN_PROGRESS,0,1,1,3,0,0,0,0,0
50,3,4,8,IN_PROGRESS,1,0,2,3,0,0,0,0,0
50,4,6,1,IN_PROGRESS,0,12,3,4,1,0,0,0,0
50,5,7,1,IN_PROGRESS,0,0,2,6,0,0,0,0,0
50,6,8,2,IN_PROGRESS,0,1,4,7,0,0,0,0,0
50,7,7,7,IN_PROGRESS,0,3,1,3,0,0,0,0,0
50,8,1,8,IN_PROGRESS,0,16,1,2,0,0,0,0,0
50,9,11,1,IN_PROGRESS,0,0,2,9,0,0,0,0,0
50,10,11,2,IN_PROGRESS,0,2,6,8,0,0,0,0,0
50,11,14,8,IN_PROGRESS,1,0,1,2,0,0,0,0,0
50,12,14,2,IN_PROGRESS,0,21,1,8,0,0,0,0,0
50,13,15,8,IN_PROGRESS,1,20,2,3,1,0,0,0,0
50,14,10,3,IN_PROGRESS,0,21,6,8,0,0,0,0,0
50,15,17,1,IN_PROGRESS,0,0,2,3,0,0,0,0,0
50,16,19,5,IN_PROGRESS,1,0,3,4,0,0,0,0,0
50,17,19,2,IN_PROGRESS,0,1,3,5,0,0,0,0,0
50,18,15,5,IN_PROGRESS,1,11,1,9,1,0,0,0,0
50,19,18,3,IN_PROGRESS,0,5,4,6,0,0,0,0,0
50,20,9,12,IN_PROGRESS,1,6,3,4,0,0,0,0,0
50,21,12,4,IN_PROGRESS,0,14,4,7,0,0,0,0,0
50,22,10,16,IN_PROGRESS,0,14,1,6,0,0,0,0,0
50,23,4,15,IN_PROGRESS,1,0,1,2,0,0,0,0,0
50,24,4,22,IN_PROGRESS,0,0,0,1,0,0,0,0,0
50,25,10,11,IN_PROGRESS,0,18,2,4,0,0,0,0,0
50,26,19,11,IN_PROGRESS,1,7,0,1,0,0,0,0,0
50,27,20,18,IN_PROGRESS,1,0,1,1,0,0,0,0,0
50,28,11,5,IN_PROGRESS,1,0,4,6,0,0,0,0,0
50,29,7,13,IN_PROGRESS,0,11,1,5,0,0,0,0,0
50,30,18,6,IN_PROGRESS,1,8,2,5,0,0,0,0,0
50,31,11,22,IN_PROGRESS,0,0,3,5,0,0,0,0,0
50,32,12,21,IN_PROGRESS,0,1,4,7,0,0,0,0,0
50,33,14,20,IN_PROGRESS,0,7,2,6,1,0,0,0,0
50,34,13,17,IN_PROGRESS,1,8,1,5,0,0,0,0,0
50,35,13,21,IN_PROGRESS,0,3,4,7,0,0,0,0,0
50,36,10,21,IN_PROGRESS,0,7,4,6,0,0,0,0,0
50,37,17,22,IN_PROGRESS,0,0,0,3,0,0,0,0,0
50,38,8,21,IN_PROGRESS,0,11,1,5,0,0,0,0,0
50,39,11,12,IN_PROGRESS,1,7,2,5,0,0,0,0,0
50,40,20,15,IN_PROGRESS,1,0,1,2,0,0,0,0,0
50,41,3,13,IN_PROGRESS,0,27,1,2,0,0,0,0,0
50,42,22,22,IN_PROGRESS,0,0,0,1,0,0,0,0,0
50,43,12,16,IN_PROGRESS,1,4,2,4,0,0,0,0,0
51,0,5,7,IN_PROGRESS,1,9,2,3,0,0,0,0,0
51,1,10,5,IN_PROGRESS,1,0,2,5,0,0,0,0,0
51,2,4,1,IN_PROGRESS,0,0,2,3,0,0,0,0,0
51,3,4,8,IN_PROGRESS,1,0,2,3,0,0,0,0,0
51,4,6,2,IN_PROGRESS,0,11,3,4,0,0,0,0,0
51,5,7,1,IN_PROGRESS,0,0,3,5,0,0,0,0,0
51,6,8,1,IN_PROGRESS,0,0,4,6,0,0,0,0,0
51,7,7,8,IN_PROGRESS,0,2,2,4,0,0,0,0,0
51,8,1,7,IN_PROGRESS,0,15,0,2,0,0,0,0,0
51,9,11,1,IN_PROGRESS,0,0,3,8,0,0,0,0,0
51,10,12,2,IN_PROGRESS,0,1,3,7,0,0,0,0,0
51,11,14,8,IN_PROGRESS,1,0,2,3,0,0,0,0,0
51,12,14,3,IN_PROGRESS,0,20,2,9,0,0,0,0,0
51,13,15,8,IN_PROGRESS,1,19,2,2,2,0,0,1,0
51,14,9,3,IN_PROGRESS,0,20,3,9,0,0,0,0,0
51,15,17,1,IN_PROGRESS,0,0,2,3,0,0,0,0,0
51,16,19,5,IN_PROGRESS,1,0,1,4,0,0,0,0,0
51,17,19,1,IN_PROGRESS,0,0,2,4,0,0,0,0,0
51,18,15,6,IN_PROGRESS,1,10,2,6,0,0,0,0,0
51,19,18,2,IN_PROGRESS,0,4,2,5,0,0,0,0,0
51,20,8,12,IN_PROGRESS,1,5,3,5,0,0,0,0,0
51,21,12,3,IN_PROGRESS,0,13,5,6,0,0,0,0,0
51,22,9,16,IN_PROGRESS,0,13,0,7,0,0,0,0,0
51,23,4,15,IN_PROGRESS,1,0,1,2,0,0,0,0,0
51,24,4,22,IN_PROGRESS,0,0,0,0,0,0,0,0,0
51,25,9,11,IN_PROGRESS,0,17,2,5,0,0,0,0,0
51,26,18,11,IN_PROGRESS,1,6,0,0,0,0,0,0,0
51,27,20,18,IN_PROGRESS,1,0,1,1,0,0,0,0,0
51,28,11,5,IN_PROGRESS,1,0,2,7,0,0,0,0,0
51,29,7,14,IN_PROGRESS,0,10,1,6,0,0,0,0,0
51,30,19,6,IN_PROGRESS,1,7,1,4,0,0,0,0,0
51,31,11,22,IN_PROGRESS,0,0,3,5,0,0,0,0,0
51,32,12,22,IN_PROGRESS,0,0,4,6,0,0,0,0,0
51,33,13,20,IN_PROGRESS,0,6,3,6,0,0,0,0,0
51,34,13,16,IN_PROGRESS,1,7,1,3,0,0,0,0,0
51,35,14,21,IN_PROGRESS,0,2,3,6,0,0,0,0,0
51,36,11,21,IN_PROGRESS,0,6,5,5,0,0,0,0,0
51,37,17,22,IN_PROGRESS,0,0,0,3,0,0,0,0,0
51,38,9,21,IN_PROGRESS,0,10,2,6,0,0,0,0,0
51,39,10,12,IN_PROGRESS,1,6,2,5,0,0,0,0,0
51,40,20,15,IN_PROGRESS,1,0,1,1,0,0,0,0,0
51,41,3,14,IN_PROGRESS,0,26,1,2,0,0,0,0,0
51,42,22,22,IN_PROGRESS,0,19,0,1,1,0,0,0,0
51,43,12,15,IN_PROGRESS,1,3,1,3,0,0,0,0,0
52,0,6,7,IN_PROGRESS,1,8,2,3,0,0,0,0,0
52,1,10,5,IN_PROGRESS,1,0,1,5,0,0,0,0,0
52,2,4,1,IN_PROGRESS,0,0,1,3,0,0,0,0,0
52,3,4,8,IN_PROGRESS,1,0,1,3,0,0,0,0,0
52,4,6,3,IN_PROGRESS,0,10,2,5,0,0,0,0,0
52,5,7,1,IN_PROGRESS,0,0,4,6,0,0,0,0,0
52,6,8,1,IN_PROGRESS,0,0,3,6,0,0,0,0,0
52,7,8,8,IN_PROGRESS,0,1,2,7,0,0,0,0,0
52,8,1,6,IN_PROGRESS,0,14,0,1,0,0,0,0,0
52,9,11,1,IN_PROGRESS,0,0,2,8,0,0,0,0,0
52,10,12,1,IN_PROGRESS,0,0,2,7,0,0,0,0,0
52,11,14,8,IN_PROGRESS,1,0,2,3,0,0,0,0,0
52,12,14,3,IN_PROGRESS,0,19,1,7,1,0,0,0,0
52,13,15,8,IN_PROGRESS,1,18,2,3,3,0,0,1,0
52,14,8,3,IN_PROGRESS,0,19,3,8,0,0,0,0,0
52,15,17,1,IN_PROGRESS,0,0,2,4,0,0,0,0,0
52,16,19,5,IN_PROGRESS,1,0,2,4,0,0,0,0,0
52,17,19,1,IN_PROGRESS,0,0,2,3,0,0,0,0,0
52,18,15,6,IN_PROGRESS,1,10,2,7,1,0,0,0,0
52,19,19,2,IN_PROGRESS,0,3,3,4,0,0,0,0,0
52,20,7,12,IN_PROGRESS,1,4,3,5,0,0,0,0,0
52,21,13,3,IN_PROGRESS,0,12,2,7,0,0,0,0,0
52,22,8,16,IN_PROGRESS,0,12,1,5,0,0,0,0,0
52,23,4,15,IN_PROGRESS,1,0,2,3,0,0,0,0,0
52,24,4,22,IN_PROGRESS,0,0,0,0,0,0,0,0,0
52,25,8,11,IN_PROGRESS,0,16,3,5,0,0,0,0,0
52,26,17,11,IN_PROGRESS,1,5,0,1,0,0,0,0,0
52,27,20,18,IN_PROGRESS,1,0,1,2,0,0,0,0,0
52,28,11,5,IN_PROGRESS,1,0,1,7,0,0,0,0,0
52,29,7,15,IN_PROGRESS,0,9,3,6,0,0,0,0,0
52,30,20,6,IN_PROGRESS,1,6,1,3,0,0,0,0,0
52,31,11,22,IN_PROGRESS,0,0,3,5,0,0,0,0,0
52,32,12,22,IN_PROGRESS,0,0,3,6,0,0,0,0,0
52,33,13,19,IN_PROGRESS,0,5,1,6,0,0,0,0,0
52,34,13,15,IN_PROGRESS,1,6,1,2,0,0,0,0,0
52,35,15,21,IN_PROGRESS,0,1,2,6,0,0,0,0,0
52,36,12,21,IN_PROGRESS,0,5,5,5,0,0,0,0,0
52,37,17,22,IN_PROGRESS,0,0,1,2,0,0,0,0,0
52,38,10,21,IN_PROGRESS,0,9,3,5,0,0,0,0,0
52,39,9,12,IN_PROGRESS,1,5,2,6,0,0,0,0,0
52,40,20,15,IN_PROGRESS,1,0,1,1,0,0,0,0,0
52,41,3,15,IN_PROGRESS,0,25,1,2,0,0,0,0,0
52,42,22,21,IN_PROGRESS,0,18,0,1,0,0,0,0,0
52,43,12,14,IN_PROGRESS,1,2,1,2,0,0,0,0,0
53,0,7,7,IN_PROGRESS,1,7,1,6,0,0,0,0,0
53,1,10,5,IN_PROGRESS,1,0,1,5,0,0,0,0,0
53,2,4,1,IN_PROGRESS,0,0,1,4,0,0,0,0,0
53,3,4,8,IN_PROGRESS,1,0,0,2,0,0,0,0,0
53,4,6,3,IN_PROGRESS,0,9,2,5,1,0,0,0,0
53,5,7,1,IN_PROGRESS,0,0,4,6,0,0,0,0,0
53,6,8,1,IN_PROGRESS,0,19,3,6,1,0,0,0,0
53,7,9,8,IN_PROGRESS,0,0,1,7,0,0,0,0,0
53,8,1,5,IN_PROGRESS,0,13,0,0,0,0,0,0,0
53,9,11,1,IN_PROGRESS,0,0,3,7,0,0,0,0,0
53,10,12,1,IN_PROGRESS,0,0,2,7,0,0,0,0,0
53,11,14,8,IN_PROGRESS,1,0,2,5,0,0,0,0,0
53,12,14,3,IN_PROGRESS,0,18,1,7,2,0,0,1,0
53,13,15,8,IN_PROGRESS,1,17,2,3,4,0,0,1,0
53,14,7,3,IN_PROGRESS,0,18,3,6,0,0,0,0,0
53,15,17,1,IN_PROGRESS,0,0,1,5,0,0,0,0,0
53,16,19,5,IN_PROGRESS,1,0,1,3,0,0,0,0,0
53,17,19,1,IN_PROGRESS,0,20,2,3,1,0,0,0,0
53,18,15,7,IN_PROGRESS,1,9,2,4,0,0,0,0,0
53,19,20,2,IN_PROGRESS,0,2,1,4,0,0,0,0,0
53,20,6,12,IN_PROGRESS,1,3,2,5,0,0,0,0,0
53,21,13,2,IN_PROGRESS,0,11,3,5,0,0,0,0,0
53,22,7,16,IN_PROGRESS,0,11,1,6,0,0,0,0,0
53,23,4,15,IN_PROGRESS,1,0,1,4,0,0,0,0,0
53,24,4,22,IN_PROGRESS,0,0,0,0,0,0,0,0,0
53,25,7,11,IN_PROGRESS,0,15,2,6,0,0,0,0,0
53,26,16,11,IN_PROGRESS,1,4,0,3,0,0,0,0,0
53,27,20,18,IN_PROGRESS,1,0,1,2,0,0,0,0,0
53,28,11,5,IN_PROGRESS,1,0,1,6,0,0,0,0,0
53,29,8,15,IN_PROGRESS,0,8,2,5,0,0,0,0,0
53,30,21,6,IN_PROGRESS,1,5,1,2,0,0,0,0,0
53,31,11,22,IN_PROGRESS,0,0,3,4,0,0,0,0,0
53,32,12,22,IN_PROGRESS,0,0,4,6,0,0,0,0,0
53,33,13,18,IN_PROGRESS,0,4,1,4,0,0,0,0,0
53,34,13,14,IN_PROGRESS,1,5,1,2,0,0,0,0,0
53,35,15,22,IN_PROGRESS,0,0,3,5,0,0,0,0,0
53,36,13,21,IN_PROGRESS,0,4,5,6,0,0,0,0,0
53,37,17,22,IN_PROGRESS,0,0,1,4,0,0,0,0,0
53,38,11,21,IN_PROGRESS,0,8,3,5,0,0,0,0,0
53,39,8,12,IN_PROGRESS,1,4,3,6,0,0,0,0,0
53,40,20,15,IN_PROGRESS,1,0,1,1,0,0,0,0,0
53,41,3,16,IN_PROGRESS,0,24,1,2,0,0,0,0,0
53,42,21,21,IN_PROGRESS,0,17,0,2,0,0,0,0,0
53,43,12,13,IN_PROGRESS,1,1,1,2,0,0,0,0,0
54,0,7,8,IN_PROGRESS,1,6,3,5,0,0,0,0,0
54,1,10,5,IN_PROGRESS,1,0,1,6,0,0,0,0,0
54,2,4,1,IN_PROGRESS,0,0,1,3,0,0,0,0,0
54,3,4,8,IN_PROGRESS,1,0,1,4,0,0,0,0,0
54,4,6,3,IN_PROGRESS,0,8,3,4,2,0,0,1,0
54,5,7,1,IN_PROGRESS,0,0,4,6,0,0,0,0,0
54,6,8,2,IN_PROGRESS,0,18,3,7,0,0,0,0,0
54,7,9,8,IN_PROGRESS,1,0,1,6,0,0,0,0,0
54,8,2,5,IN_PROGRESS,0,12,0,1,0,0,0,0,0
54,9,11,1,IN_PROGRESS,0,0,1,7,0,0,0,0,0
54,10,12,1,IN_PROGRESS,0,0,3,7,0,0,0,0,0
54,11,14,8,IN_PROGRESS,1,0,2,4,0,0,0,0,0
54,12,13,3,IN_PROGRESS,0,17,2,5,0,0,0,0,0
54,13,15,7,IN_PROGRESS,1,16,2,3,0,0,0,0,0
54,14,7,4,IN_PROGRESS,0,17,3,6,0,0,0,0,0
54,15,17,1,IN_PROGRESS,0,0,1,4,0,0,0,0,0
54,16,19,5,IN_PROGRESS,1,0,1,4,0,0,0,0,0
54,17,19,2,IN_PROGRESS,0,19,3,4,0,0,0,0,0
54,18,16,7,IN_PROGRESS,1,8,2,4,0,0,0,0,0
54,19,20,2,IN_PROGRESS,0,2,1,3,1,0,0,0,0
54,20,5,12,IN_PROGRESS,1,2,2,5,0,0,0,0,0
54,21,14,2,IN_PROGRESS,0,10,2,5,0,0,0,0,0
54,22,6,16,IN_PROGRESS,0,10,2,5,0,0,0,0,0
54,23,4,15,IN_PROGRESS,1,0,2,4,0,0,0,0,0
54,24,4,22,IN_PROGRESS,0,0,0,0,0,0,0,0,0
54,25,7,11,IN_PROGRESS,0,14,3,4,1,0,0,0,0
54,26,15,11,IN_PROGRESS,1,3,0,4,0,0,0,0,0
54,27,20,18,IN_PROGRESS,1,0,2,2,0,0,0,0,0
54,28,11,5,IN_PROGRESS,1,0,1,6,0,0,0,0,0
54,29,8,16,IN_PROGRESS,0,7,1,3,0,0,0,0,0
54,30,22,6,IN_PROGRESS,1,4,0,1,0,0,0,0,0
54,31,11,22,IN_PROGRESS,0,0,2,4,0,0,0,0,0
54,32,12,22,IN_PROGRESS,0,0,4,5,0,0,0,0,0
54,33,13,17,IN_PROGRESS,0,3,0,3,0,0,0,0,0
54,34,13,13,IN_PROGRESS,1,4,1,3,0,0,0,0,0
54,35,15,22,IN_PROGRESS,0,0,3,5,0,0,0,0,0
54,36,14,21,IN_PROGRESS,0,3,3,6,0,0,0,0,0
54,37,17,22,IN_PROGRESS,0,0,1,4,0,0,0,0,0
54,38,12,21,IN_PROGRESS,0,7,3,5,0,0,0,0,0
54,39,7,12,IN_PROGRESS,1,3,2,6,0,0,0,0,0
54,40,20,15,IN_PROGRESS,1,0,1,1,0,0,0,0,0
54,41,3,17,IN_PROGRESS,0,23,1,2,0,0,0,0,0
54,42,20,21,IN_PROGRESS,0,16,1,2,0,0,0,0,0
54,43,11,13,IN_PROGRESS,1,0,1,2,0,0,0,0,0
55,0,7,9,IN_PROGRESS,1,5,2,5,0,0,0,0,0
55,1,10,5,IN_PROGRESS,1,0,2,7,0,0,0,0,0
55,2,4,1,IN_PROGRESS,0,0,1,3,0,0,0,0,0
55,3,4,8,IN_PROGRESS,1,0,0,3,0,0,0,0,0
55,4,7,3,IN_PROGRESS,0,7,3,6,0,0,0,0,0
55,5,7,1,IN_PROGRESS,0,0,3,6,0,0,0,0,0
55,6,8,3,IN_PROGRESS,0,17,3,7,0,0,0,0,0
55,7,9,8,IN_PROGRESS,1,15,1,7,1,0,0,0,0
55,8,2,4,IN_PROGRESS,0,11,0,1,0,0,0,0,0
55,9,11,1,IN_PROGRESS,0,0,2,7,0,0,0,0,0
55,10,12,1,IN_PROGRESS,0,0,2,6,0,0,0,0,0
55,11,14,8,IN_PROGRESS,1,0,2,5,0,0,0,0,0
55,12,12,3,IN_PROGRESS,0,16,3,7,0,0,0,0,0
55,13,14,7,IN_PROGRESS,1,15,2,4,0,0,0,0,0
55,14,7,5,IN_PROGRESS,0,16,3,7,0,0,0,0,0
55,15,17,1,IN_PROGRESS,0,0,2,4,0,0,0,0,0
55,16,19,5,IN_PROGRESS,1,0,1,4,0,0,0,0,0
55,17,18,2,IN_PROGRESS,0,18,3,4,0,0,0,0,0
55,18,17,7,IN_PROGRESS,1,7,1,3,0,0,0,0,0
55,19,21,2,IN_PROGRESS,0,1,1,4,0,0,0,0,0
55,20,4,12,IN_PROGRESS,1,1,2,5,0,0,0,0,0
55,21,15,2,IN_PROGRESS,0,9,2,5,0,0,0,0,0
55,22,5,16,IN_PROGRESS,0,9,1,5,0,0,0,0,0
55,23,4,15,IN_PROGRESS,1,0,2,4,0,0,0,0,0
55,24,4,22,IN_PROGRESS,0,0,0,1,0,0,0,0,0
55,25,7,11,IN_PROGRESS,0,13,2,4,2,0,0,1,0
55,26,14,11,IN_PROGRESS,1,2,2,4,0,0,0,0,0
55,27,20,18,IN_PROGRESS,1,0,1,2,0,0,0,0,0
55,28,11,5,IN_PROGRESS,1,0,2,8,0,0,0,0,0
55,29,8,17,IN_PROGRESS,0,6,0,1,0,0,0,0,0
55,30,22,5,IN_PROGRESS,1,3,1,2,0,0,0,0,0
55,31,11,22,IN_PROGRESS,0,0,2,4,0,0,0,0,0
55,32,12,22,IN_PROGRESS,0,0,3,5,0,0,0,0,0
55,33,14,17,IN_PROGRESS,0,2,0,2,0,0,0,0,0
55,34,13,12,IN_PROGRESS,1,3,2,3,0,0,0,0,0
55,35,15,22,IN_PROGRESS,0,0,4,6,0,0,0,0,0
55,36,15,21,IN_PROGRESS,0,2,3,7,0,0,0,0,0
55,37,17,22,IN_PROGRESS,0,0,3,5,0,0,0,0,0
55,38,13,21,IN_PROGRESS,0,6,4,6,0,0,0,0,0
55,39,6,12,IN_PROGRESS,1,2,2,5,0,0,0,0,0
55,40,20,15,IN_PROGRESS,1,0,1,1,0,0,0,0,0
55,41,3,18,IN_PROGRESS,0,22,0,3,0,0,0,0,0
55,42,19,21,IN_PROGRESS,0,15,1,4,0,0,0,0,0
55,43,11,13,IN_PROGRESS,0,0,1,2,0,0,0,0,0
56,0,7,10,IN_PROGRESS,1,4,3,5,0,0,0,0,0
56,1,10,5,IN_PROGRESS,1,0,3,8,0,0,0,0,0
56,2,4,1,IN_PROGRESS,0,0,1,2,0,0,0,0,0
56,3,4,8,IN_PROGRESS,1,0,0,5,0,0,0,0,0
56,4,7,4,IN_PROGRESS,0,6,3,7,0,0,0,0,0
56,5,7,1,IN_PROGRESS,0,0,2,6,0,0,0,0,0
56,6,9,3,IN_PROGRESS,0,16,2,8,0,0,0,0,0
56,7,8,8,IN_PROGRESS,1,14,2,7,0,0,0,0,0
56,8,2,3,IN_PROGRESS,0,10,0,1,0,0,0,0,0
56,9,11,1,IN_PROGRESS,0,8,1,6,1,0,0,0,0
56,10,12,1,IN_PROGRESS,0,0,2,7,0,0,0,0,0
56,11,14,8,IN_PROGRESS,1,0,2,4,0,0,0,0,0
56,12,12,4,IN_PROGRESS,0,15,3,7,0,0,0,0,0
56,13,13,7,IN_PROGRESS,1,14,1,6,0,0,0,0,0
56,14,7,6,IN_PROGRESS,0,15,2,8,0,0,0,0,0
56,15,17,1,IN_PROGRESS,0,0,2,4,0,0,0,0,0
56,16,19,5,IN_PROGRESS,1,0,1,3,0,0,0,0,0
56,17,18,3,IN_PROGRESS,0,17,3,5,0,0,0,0,0
56,18,17,8,IN_PROGRESS,1,6,1,3,0,0,0,0,0
56,19,21,1,IN_PROGRESS,0,0,0,3,0,0,0,0,0
56,20,4,13,IN_PROGRESS,1,0,2,5,0,0,0,0,0
56,21,16,2,IN_PROGRESS,0,8,2,3,0,0,0,0,0
56,22,4,16,IN_PROGRESS,0,8,2,3,0,0,0,0,0
56,23,4,15,IN_PROGRESS,1,0,2,3,0,0,0,0,0
56,24,4,22,IN_PROGRESS,0,0,0,1,0,0,0,0,0
56,25,7,12,IN_PROGRESS,0,12,2,5,0,0,0,0,0
56,26,14,12,IN_PROGRESS,1,1,1,3,0,0,0,0,0
56,27,20,18,IN_PROGRESS,1,0,1,2,0,0,0,0,0
56,28,11,5,IN_PROGRESS,1,14,2,8,1,0,0,0,0
56,29,8,18,IN_PROGRESS,0,5,0,0,0,0,0,0,0
56,30,22,4,IN_PROGRESS,1,2,0,3,0,0,0,0,0
56,31,11,22,IN_PROGRESS,0,0,1,3,0,0,0,0,0
56,32,12,22,IN_PROGRESS,0,0,3,5,0,0,0,0,0
56,33,15,17,IN_PROGRESS,0,1,0,3,0,0,0,0,0
56,34,13,11,IN_PROGRESS,1,2,1,4,0,0,0,0,0
56,35,15,22,IN_PROGRESS,0,0,4,7,0,0,0,0,0
56,36,16,21,IN_PROGRESS,0,1,4,6,0,0,0,0,0
56,37,17,22,IN_PROGRESS,0,0,3,5,0,0,0,0,0
56,38,14,21,IN_PROGRESS,0,5,3,7,0,0,0,0,0
56,39,6,11,IN_PROGRESS,1,1,2,5,0,0,0,0,0
56,40,20,15,IN_PROGRESS,1,0,1,1,0,0,0,0,0
56,41,3,19,IN_PROGRESS,0,21,0,3,0,0,0,0,0
56,42,18,21,IN_PROGRESS,0,14,2,5,0,0,0,0,0
56,43,11,13,IN_PROGRESS,0,21,0,3,1,0,0,0,0
57,0,7,11,IN_PROGRESS,1,3,3,5,0,0,0,0,0
57,1,10,5,IN_PROGRESS,1,0,4,7,0,0,0,0,0
57,2,4,1,IN_PROGRESS,0,0,2,2,0,0,0,0,0
57,3,4,8,IN_PROGRESS,1,0,0,4,0,0,0,0,0
57,4,7,5,IN_PROGRESS,0,5,2,7,0,0,0,0,0
57,5,7,1,IN_PROGRESS,0,0,1,5,0,0,0,0,0
57,6,9,3,IN_PROGRESS,0,16,2,7,1,0,0,0,0
57,7,8,9,IN_PROGRESS,1,13,3,6,0,0,0,0,0
57,8,2,2,IN_PROGRESS,0,9,1,1,0,0,0,0,0
57,9,11,2,IN_PROGRESS,0,7,2,6,0,0,0,0,0
57,10,12,1,IN_PROGRESS,0,0,1,5,0,0,0,0,0
57,11,14,8,IN_PROGRESS,1,0,2,6,0,0,0,0,0
57,12,12,5,IN_PROGRESS,0,14,3,8,0,0,0,0,0
57,13,12,7,IN_PROGRESS,1,13,3,6,0,0,0,0,0
57,14,7,7,IN_PROGRESS,0,14,2,8,0,0,0,0,0
57,15,17,1,IN_PROGRESS,0,0,2,4,0,0,0,0,0
57,16,19,5,IN_PROGRESS,1,0,0,3,0,0,0,0,0
57,17,17,3,IN_PROGRESS,0,16,2,3,0,0,0,0,0
57,18,17,9,IN_PROGRESS,1,5,0,2,0,0,0,0,0
57,19,21,1,IN_PROGRESS,0,0,0,3,0,0,0,0,0
57,20,4,13,IN_PROGRESS,0,0,2,6,0,0,0,0,0
57,21,17,2,IN_PROGRESS,0,7,2,4,0,0,0,0,0
57,22,3,16,IN_PROGRESS,0,7,1,3,0,0,0,0,0
57,23,4,15,IN_PROGRESS,1,0,2,3,0,0,0,0,0
57,24,4,22,IN_PROGRESS,0,0,1,1,0,0,0,0,0
57,25,7,13,IN_PROGRESS,0,11,2,6,0,0,0,0,0
57,26,14,13,IN_PROGRESS,1,0,1,3,0,0,0,0,0
57,27,20,18,IN_PROGRESS,1,0,1,2,0,0,0,0,0
57,28,11,6,IN_PROGRESS,1,13,3,8,0,0,0,0,0
57,29,8,19,IN_PROGRESS,0,4,0,0,0,0,0,0,0
57,30,23,4,IN_PROGRESS,1,1,0,2,0,0,0,0,0
57,31,11,22,IN_PROGRESS,0,0,1,4,0,0,0,0,0
57,32,12,22,IN_PROGRESS,0,0,2,5,0,0,0,0,0
57,33,15,18,IN_PROGRESS,0,0,1,5,0,0,0,0,0
57,34,13,10,IN_PROGRESS,1,1,1,5,0,0,0,0,0
57,35,15,22,IN_PROGRESS,0,0,5,7,0,0,0,0,0
57,36,16,22,IN_PROGRESS,0,0,4,7,0,0,0,0,0
57,37,17,22,IN_PROGRESS,0,0,4,5,0,0,0,0,0
57,38,15,21,IN_PROGRESS,0,4,5,7,0,0,0,0,0
57,39,6,10,IN_PROGRESS,1,0,2,6,0,0,0,0,0
57,40,20,15,IN_PROGRESS,1,0,1,1,0,0,0,0,0
57,41,3,20,IN_PROGRESS,0,20,1,2,0,0,0,0,0
57,42,17,21,IN_PROGRESS,0,13,4,5,0,0,0,0,0
57,43,12,13,IN_PROGRESS,0,20,1,3,0,0,0,0,0
58,0,6,11,IN_PROGRESS,1,2,2,6,0,0,0,0,0
58,1,10,5,IN_PROGRESS,1,0,4,6,0,0,0,0,0
58,2,4,1,IN_PROGRESS,0,0,2,2,0,0,0,0,0
58,3,4,8,IN_PROGRESS,1,0,1,5,0,0,0,0,0
58,4,7,6,IN_PROGRESS,0,4,1,9,0,0,0,0,0
58,5,7,1,IN_PROGRESS,0,0,1,6,0,0,0,0,0
58,6,10,3,IN_PROGRESS,0,15,2,7,0,0,0,0,0
58,7,8,10,IN_PROGRESS,1,12,3,5,0,0,0,0,0
58,8,3,2,IN_PROGRESS,0,8,1,2,0,0,0,0,0
58,9,11,2,IN_PROGRESS,0,6,2,7,1,0,0,0,0
58,10,12,1,IN_PROGRESS,0,0,1,5,0,0,0,0,0
58,11,14,8,IN_PROGRESS,1,0,1,6,0,0,0,0,0
58,12,12,6,IN_PROGRESS,0,13,3,8,0,0,0,0,0
58,13,11,7,IN_PROGRESS,1,12,3,8,0,0,0,0,0
58,14,7,8,IN_PROGRESS,0,13,4,6,0,0,0,0,0
58,15,17,1,IN_PROGRESS,0,0,2,4,0,0,0,0,0
58,16,19,5,IN_PROGRESS,1,0,1,2,0,0,0,0,0
58,17,17,4,IN_PROGRESS,0,15,3,3,0,0,0,0,0
58,18,17,10,IN_PROGRESS,1,4,1,2,0,0,0,0,0
58,19,21,1,IN_PROGRESS,0,11,0,2,1,0,0,0,0
58,20,4,13,IN_PROGRESS,0,30,1,6,1,0,0,0,0
58,21,18,2,IN_PROGRESS,0,6,2,4,0,0,0,0,0
58,22,2,16,IN_PROGRESS,0,6,1,2,0,0,0,0,0
58,23,4,15,IN_PROGRESS,1,0,2,3,0,0,0,0,0
58,24,4,22,IN_PROGRESS,0,0,1,1,0,0,0,0,0
58,25,7,14,IN_PROGRESS,0,10,0,6,0,0,0,0,0
58,26,14,13,IN_PROGRESS,0,0,2,3,0,0,0,0,0
58,27,20,18,IN_PROGRESS,1,0,1,3,0,0,0,0,0
58,28,11,6,IN_PROGRESS,1,12,3,7,1,0,0,0,0
58,29,8,20,IN_PROGRESS,0,3,0,1,0,0,0,0,0
58,30,24,4,IN_PROGRESS,1,0,0,0,0,0,0,0,0
58,31,11,22,IN_PROGRESS,0,0,1,4,0,0,0,0,0
58,32,12,22,IN_PROGRESS,0,0,2,5,0,0,0,0,0
58,33,15,18,IN_PROGRESS,1,0,0,5,0,0,0,0,0
58,34,14,10,IN_PROGRESS,1,0,3,3,0,0,0,0,0
58,35,15,22,IN_PROGRESS,0,0,4,7,0,0,0,0,0
58,36,16,22,IN_PROGRESS,0,0,4,7,0,0,0,0,0
58,37,17,22,IN_PROGRESS,0,0,4,5,0,0,0,0,0
58,38,16,21,IN_PROGRESS,0,3,4,6,0,0,0,0,0
58,39,6,10,IN_PROGRESS,0,0,3,7,0,0,0,0,0
58,40,20,15,IN_PROGRESS,1,0,1,1,0,0,0,0,0
58,41,3,21,IN_PROGRESS,0,19,1,1,0,0,0,0,0
58,42,17,20,IN_PROGRESS,0,12,3,6,0,0,0,0,0
58,43,12,14,IN_PROGRESS,0,19,1,2,0,0,0,0,0
59,0,6,12,IN_PROGRESS,1,1,3,6,0,0,0,0,0
59,1,10,5,IN_PROGRESS,1,14,3,6,1,0,0,0,0
59,2,4,1,IN_PROGRESS,0,0,2,2,0,0,0,0,0
59,3,4,8,IN_PROGRESS,1,17,0,4,1,0,0,0,0
59,4,6,6,IN_PROGRESS,0,3,0,6,0,0,0,0,0
59,5,7,1,IN_PROGRESS,0,0,1,4,0,0,0,0,0
59,6,11,3,IN_PROGRESS,0,14,4,6,0,0,0,0,0
59,7,8,11,IN_PROGRESS,1,11,3,5,0,0,0,0,0
59,8,4,2,IN_PROGRESS,0,7,1,2,0,0,0,0,0
59,9,11,2,IN_PROGRESS,0,5,2,5,2,0,0,1,0
59,10,12,1,IN_PROGRESS,0,0,2,4,0,0,0,0,0
59,11,14,8,IN_PROGRESS,1,0,2,5,0,0,0,0,0
59,12,12,7,IN_PROGRESS,0,12,3,6,0,0,0,0,0
59,13,10,7,IN_PROGRESS,1,11,3,7,0,0,0,0,0
59,14,7,9,IN_PROGRESS,0,12,2,6,0,0,0,0,0
59,15,17,1,IN_PROGRESS,0,0,1,4,0,0,0,0,0
59,16,19,5,IN_PROGRESS,1,0,2,3,0,0,0,0,0
59,17,17,5,IN_PROGRESS,0,14,1,3,0,0,0,0,0
59,18,17,11,IN_PROGRESS,1,3,0,2,0,0,0,0,0
59,19,21,2,IN_PROGRESS,0,10,1,4,0,0,0,0,0
59,20,4,12,IN_PROGRESS,0,29,2,5,0,0,0,0,0
59,21,19,2,IN_PROGRESS,0,5,3,4,0,0,0,0,0
59,22,2,17,IN_PROGRESS,0,5,0,1,0,0,0,0,0
59,23,4,15,IN_PROGRESS,1,0,2,4,0,0,0,0,0
59,24,4,22,IN_PROGRESS,0,0,1,2,0,0,0,0,0
59,25,7,15,IN_PROGRESS,0,9,1,4,0,0,0,0,0
59,26,14,13,IN_PROGRESS,0,17,1,4,1,0,0,0,0
59,27,20,18,IN_PROGRESS,1,0,1,2,0,0,0,0,0
59,28,11,6,IN_PROGRESS,1,11,4,7,2,0,0,1,0
59,29,8,21,IN_PROGRESS,0,2,0,4,0,0,0,0,0
59,30,24,4,IN_PROGRESS,0,0,0,1,0,0,0,0,0
59,31,11,22,IN_PROGRESS,0,0,1,4,0,0,0,0,0
59,32,12,22,IN_PROGRESS,0,0,2,5,0,0,0,0,0
59,33,15,18,IN_PROGRESS,1,14,1,5,1,0,0,0,0
59,34,14,10,IN_PROGRESS,0,0,2,4,0,0,0,0,0
59,35,15,22,IN_PROGRESS,0,0,5,7,0,0,0,0,0
59,36,16,22,IN_PROGRESS,0,18,4,7,1,0,0,0,0
59,37,17,22,IN_PROGRESS,0,0,4,5,0,0,0,0,0
59,38,17,21,IN_PROGRESS,0,2,4,5,0,0,0,0,0
59,39,6,10,IN_PROGRESS,0,28,3,6,1,0,0,0,0
59,40,20,15,IN_PROGRESS,1,0,1,1,0,0,0,0,0
59,41,4,21,IN_PROGRESS,0,18,1,2,0,0,0,0,0
59,42,16,20,IN_PROGRESS,0,11,5,5,0,0,0,0,0
59,43,12,15,IN_PROGRESS,0,18,0,2,0,0,0,0,0
60,0,6,13,IN_PROGRESS,1,0,1,6,0,0,0,0,0
60,1,10,6,IN_PROGRESS,1,13,2,6,0,0,0,0,0
60,2,4,1,IN_PROGRESS,0,0,2,2,0,0,0,0,0
60,3,3,8,IN_PROGRESS,1,16,0,2,0,0,0,0,0
60,4,5,6,IN_PROGRESS,0,2,0,4,0,0,0,0,0
60,5,7,1,IN_PROGRESS,0,0,2,3,0,0,0,0,0
60,6,12,3,IN_PROGRESS,0,13,2,5,0,0,0,0,0
60,7,9,11,IN_PROGRESS,1,10,2,5,0,0,0,0,0
60,8,5,2,IN_PROGRESS,0,6,2,3,0,0,0,0,0
60,9,11,3,IN_PROGRESS,0,4,2,4,0,0,0,0,0
60,10,12,1,IN_PROGRESS,0,24,2,4,1,0,0,0,0
60,11,14,8,IN_PROGRESS,1,0,2,5,0,0,0,0,0
60,12,12,8,IN_PROGRESS,0,11,2,6,0,0,0,0,0
60,13,9,7,IN_PROGRESS,1,10,2,6,0,0,0,0,0
60,14,7,10,IN_PROGRESS,0,11,2,5,0,0,0,0,0
60,15,17,1,IN_PROGRESS,0,0,0,3,0,0,0,0,0
60,16,19,5,IN_PROGRESS,1,0,1,3,0,0,0,0,0
60,17,17,6,IN_PROGRESS,0,13,1,3,0,0,0,0,0
60,18,16,11,IN_PROGRESS,1,2,1,3,0,0,0,0,0
60,19,21,3,IN_PROGRESS,0,9,1,3,0,0,0,0,0
60,20,4,11,IN_PROGRESS,0,28,1,6,0,0,0,0,0
60,21,20,2,IN_PROGRESS,0,4,1,3,0,0,0,0,0
60,22,2,18,IN_PROGRESS,0,4,0,1,0,0,0,0,0
60,23,4,15,IN_PROGRESS,1,12,0,4,1,0,0,0,0
60,24,4,22,IN_PROGRESS,0,0,1,1,0,0,0,0,0
60,25,7,16,IN_PROGRESS,0,8,0,3,0,0,0,0,0
60,26,13,13,IN_PROGRESS,0,16,0,3,0,0,0,0,0
60,27,20,18,IN_PROGRESS,1,0,1,2,0,0,0,0,0
60,28,11,7,IN_PROGRESS,1,10,3,6,0,0,0,0,0
60,29,9,21,IN_PROGRESS,0,1,1,3,0,0,0,0,0
60,30,24,4,IN_PROGRESS,0,32,0,1,1,0,0,0,0
60,31,11,22,IN_PROGRESS,0,0,2,3,0,0,0,0,0
60,32,12,22,IN_PROGRESS,0,0,2,6,0,0,0,0,0
60,33,15,17,IN_PROGRESS,1,13,1,4,0,0,0,0,0
60,34,14,10,IN_PROGRESS,0,18,2,4,1,0,0,0,0
60,35,15,22,IN_PROGRESS,0,0,4,7,0,0,0,0,0
60,36,16,21,IN_PROGRESS,0,17,4,6,0,0,0,0,0
60,37,17,22,IN_PROGRESS,0,0,3,5,0,0,0,0,0
60,38,18,21,IN_PROGRESS,0,1,2,5,0,0,0,0,0
60,39,6,11,IN_PROGRESS,0,27,4,4,0,0,0,0,0
60,40,20,15,IN_PROGRESS,1,17,1,1,1,0,0,0,0
60,41,5,21,IN_PROGRESS,0,17,1,2,0,0,0,0,0
60,42,15,20,IN_PROGRESS,0,10,3,6,0,0,0,0,0
60,43,12,16,IN_PROGRESS,0,17,0,3,0,0,0,0,0
61,0,6,13,IN_PROGRESS,0,0,3,5,0,0,0,0,0
61,1,9,6,IN_PROGRESS,1,12,1,3,0,0,0,0,0
61,2,4,1,IN_PROGRESS,0,0,2,2,0,0,0,0,0
61,3,3,9,IN_PROGRESS,1,15,0,2,0,0,0,0,0
61,4,5,7,IN_PROGRESS,0,1,1,4,0,0,0,0,0
61,5,7,1,IN_PROGRESS,0,0,2,2,0,0,0,0,0
61,6,13,3,IN_PROGRESS,0,12,2,3,0,0,0,0,0
61,7,10,11,IN_PROGRESS,1,9,1,6,0,0,0,0,0
61,8,6,2,IN_PROGRESS,0,5,2,2,0,0,0,0,0
61,9,12,3,IN_PROGRESS,0,3,2,3,0,0,0,0,0
61,10,12,2,IN_PROGRESS,0,23,2,3,0,0,0,0,0
61,11,14,8,IN_PROGRESS,1,0,3,4,0,0,0,0,0
61,12,12,9,IN_PROGRESS,0,10,2,5,0,0,0,0,0
61,13,8,7,IN_PROGRESS,1,9,2,4,0,0,0,0,0
61,14,7,11,IN_PROGRESS,0,10,4,5,0,0,0,0,0
61,15,17,1,IN_PROGRESS,0,0,0,2,0,0,0,0,0
61,16,19,5,IN_PROGRESS,1,0,1,4,0,0,0,0,0
61,17,17,7,IN_PROGRESS,0,12,0,3,0,0,0,0,0
61,18,16,12,IN_PROGRESS,1,1,1,3,0,0,0,0,0
61,19,20,3,IN_PROGRESS,0,8,2,4,0,0,0,0,0
61,20,5,11,IN_PROGRESS,0,27,3,6,0,0,0,0,0
61,21,21,2,IN_PROGRESS,0,3,1,4,0,0,0,0,0
61,22,2,19,IN_PROGRESS,0,3,0,2,0,0,0,0,0
61,23,3,15,IN_PROGRESS,1,11,0,2,0,0,0,0,0
61,24,4,22,IN_PROGRESS,0,0,1,3,0,0,0,0,0
61,25,7,17,IN_PROGRESS,0,7,0,3,0,0,0,0,0
61,26,12,13,IN_PROGRESS,0,15,0,5,0,0,0,0,0
61,27,20,18,IN_PROGRESS,1,0,1,1,0,0,0,0,0
61,28,12,7,IN_PROGRESS,1,9,2,8,0,0,0,0,0
61,29,9,22,IN_PROGRESS,0,0,2,4,0,0,0,0,0
61,30,23,4,IN_PROGRESS,0,31,0,3,0,0,0,0,0
61,31,11,22,IN_PROGRESS,0,0,2,4,0,0,0,0,0
61,32,12,22,IN_PROGRESS,0,0,3,6,0,0,0,0,0
61,33,15,16,IN_PROGRESS,1,12,0,5,0,0,0,0,0
61,34,14,11,IN_PROGRESS,0,17,2,5,0,0,0,0,0
61,35,15,22,IN_PROGRESS,0,0,5,6,0,0,0,0,0
61,36,16,20,IN_PROGRESS,0,16,3,5,0,0,0,0,0
61,37,17,22,IN_PROGRESS,0,10,3,5,1,0,0,0,0
61,38,18,22,IN_PROGRESS,0,0,2,3,0,0,0,0,0
61,39,6,12,IN_PROGRESS,0,26,3,4,0,0,0,0,0
61,40,20,16,IN_PROGRESS,1,16,1,2,0,0,0,0,0
61,41,6,21,IN_PROGRESS,0,16,1,3,0,0,0,0,0
61,42,14,20,IN_PROGRESS,0,9,2,7,0,0,0,0,0
61,43,12,17,IN_PROGRESS,0,16,0,5,0,0,0,0,0
62,0,6,13,IN_PROGRESS,0,16,3,4,1,0,0,0,0
62,1,8,6,IN_PROGRESS,1,11,1,3,0,0,0,0,0
62,2,4,1,IN_PROGRESS,0,0,1,2,0,0,0,0,0
62,3,3,10,IN_PROGRESS,1,14,0,4,0,0,0,0,0
62,4,5,8,IN_PROGRESS,0,0,1,5,0,0,0,0,0
62,5,7,1,IN_PROGRESS,0,0,2,3,0,0,0,0,0
62,6,14,3,IN_PROGRESS,0,11,1,5,0,0,0,0,0
62,7,11,11,IN_PROGRESS,1,8,2,6,0,0,0,0,0
62,8,7,2,IN_PROGRESS,0,4,1,5,0,0,0,0,0
62,9,12,4,IN_PROGRESS,0,2,2,3,0,0,0,0,0
62,10,11,2,IN_PROGRESS,0,22,1,4,0,0,0,0,0
62,11,14,8,IN_PROGRESS,1,0,3,5,0,0,0,0,0
62,12,12,10,IN_PROGRESS,0,9,3,5,0,0,0,0,0
62,13,7,7,IN_PROGRESS,1,8,2,5,0,0,0,0,0
62,14,7,12,IN_PROGRESS,0,9,3,5,0,0,0,0,0
62,15,17,1,IN_PROGRESS,0,0,0,2,0,0,0,0,0
62,16,19,5,IN_PROGRESS,1,0,1,3,0,0,0,0,0
62,17,17,8,IN_PROGRESS,0,11,1,3,0,0,0,0,0
62,18,16,13,IN_PROGRESS,1,0,1,3,0,0,0,0,0
62,19,19,3,IN_PROGRESS,0,7,1,5,0,0,0,0,0
62,20,6,11,IN_PROGRESS,0,26,3,7,0,0,0,0,0
62,21,22,2,IN_PROGRESS,0,2,1,2,0,0,0,0,0
62,22,2,20,IN_PROGRESS,0,2,0,1,0,0,0,0,0
62,23,3,14,IN_PROGRESS,1,10,0,3,0,0,0,0,0
62,24,4,22,IN_PROGRESS,0,0,0,3,0,0,0,0,0
62,25,7,18,IN_PROGRESS,0,6,1,1,0,0,0,0,0
62,26,12,14,IN_PROGRESS,0,14,1,5,0,0,0,0,0
62,27,20,18,IN_PROGRESS,1,0,1,2,0,0,0,0,0
62,28,12,8,IN_PROGRESS,1,8,2,6,0,0,0,0,0
62,29,9,22,IN_PROGRESS,0,0,3,4,0,0,0,0,0
62,30,22,4,IN_PROGRESS,0,30,1,3,0,0,0,0,0
62,31,11,22,IN_PROGRESS,0,0,2,5,0,0,0,0,0
62,32,12,22,IN_PROGRESS,0,0,4,5,0,0,0,0,0
62,33,16,16,IN_PROGRESS,1,11,1,4,0,0,0,0,0
62,34,14,11,IN_PROGRESS,0,16,3,6,1,0,0,0,0
62,35,15,22,IN_PROGRESS,0,0,3,6,0,0,0,0,0
62,36,17,20,IN_PROGRESS,0,15,2,6,0,0,0,0,0
62,37,17,21,IN_PROGRESS,0,9,3,4,0,0,0,0,0
62,38,18,22,IN_PROGRESS,0,0,3,3,0,0,0,0,0
62,39,6,12,IN_PROGRESS,0,25,3,6,1,0,0,0,0
62,40,21,16,IN_PROGRESS,1,15,1,2,0,0,0,0,0
62,41,7,21,IN_PROGRESS,0,15,2,4,0,0,0,0,0
62,42,13,20,IN_PROGRESS,0,8,1,6,0,0,0,0,0
62,43,12,17,IN_PROGRESS,0,16,1,4,1,0,0,0,0
63,0,5,13,IN_PROGRESS,0,15,3,6,0,0,0,0,0
63,1,8,7,IN_PROGRESS,1,10,1,4,0,0,0,0,0
63,2,4,1,IN_PROGRESS,0,0,1,2,0,0,0,0,0
63,3,3,11,IN_PROGRESS,1,13,1,5,0,0,0,0,0
63,4,5,8,IN_PROGRESS,1,0,1,6,0,0,0,0,0
63,5,7,1,IN_PROGRESS,0,0,2,3,0,0,0,0,0
63,6,15,3,IN_PROGRESS,0,10,1,3,0,0,0,0,0
63,7,11,11,IN_PROGRESS,1,7,3,5,1,0,0,0,0
63,8,8,2,IN_PROGRESS,0,3,2,4,0,0,0,0,0
63,9,12,5,IN_PROGRESS,0,1,0,4,0,0,0,0,0
63,10,10,2,IN_PROGRESS,0,21,1,3,0,0,0,0,0
63,11,14,8,IN_PROGRESS,1,0,2,5,0,0,0,0,0
63,12,12,11,IN_PROGRESS,0,8,3,6,0,0,0,0,0
63,13,6,7,IN_PROGRESS,1,7,2,4,0,0,0,0,0
63,14,7,13,IN_PROGRESS,0,8,3,4,0,0,0,0,0
63,15,17,1,IN_PROGRESS,0,0,1,2,0,0,0,0,0
63,16,19,5,IN_PROGRESS,1,0,2,2,0,0,0,0,0
63,17,17,9,IN_PROGRESS,0,10,0,4,0,0,0,0,0
63,18,16,13,IN_PROGRESS,0,0,0,3,0,0,0,0,0
63,19,18,3,IN_PROGRESS,0,6,3,3,0,0,0,0,0
63,20,7,11,IN_PROGRESS,0,25,2,9,0,0,0,0,0
63,21,23,2,IN_PROGRESS,0,1,0,1,0,0,0,0,0
63,22,2,21,IN_PROGRESS,0,1,1,1,0,0,0,0,0
63,23,3,13,IN_PROGRESS,1,9,2,4,0,0,0,0,0
63,24,4,22,IN_PROGRESS,0,0,1,3,0,0,0,0,0
63,25,7,19,IN_PROGRESS,0,5,1,2,0,0,0,0,0
63,26,12,15,IN_PROGRESS,0,13,1,4,0,0,0,0,0
63,27,20,18,IN_PROGRESS,1,0,0,4,0,0,0,0,0
63,28,12,9,IN_PROGRESS,1,7,3,6,0,0,0,0,0
63,29,9,22,IN_PROGRESS,0,14,3,5,1,0,0,0,0
63,30,22,5,IN_PROGRESS,0,29,1,2,0,0,0,0,0
63,31,11,22,IN_PROGRESS,0,0,2,6,0,0,0,0,0
63,32,12,22,IN_PROGRESS,0,0,3,6,0,0,0,0,0
63,33,17,16,IN_PROGRESS,1,10,1,4,0,0,0,0,0
63,34,14,11,IN_PROGRESS,0,15,3,6,2,0,0,1,0
63,35,15,22,IN_PROGRESS,0,0,2,6,0,0,0,0,0
63,36,17,19,IN_PROGRESS,0,14,2,6,0,0,0,0,0
63,37,18,21,IN_PROGRESS,0,8,2,4,0,0,0,0,0
63,38,18,22,IN_PROGRESS,0,0,2,3,0,0,0,0,0
63,39,6,12,IN_PROGRESS,0,24,3,7,2,0,0,1,0
63,40,22,16,IN_PROGRESS,1,14,0,2,0,0,0,0,0
63,41,8,21,IN_PROGRESS,0,14,2,5,0,0,0,0,0
63,42,13,19,IN_PROGRESS,0,7,1,6,0,0,0,0,0
63,43,12,18,IN_PROGRESS,0,15,2,4,0,0,0,0,0
64,0,5,12,IN_PROGRESS,0,14,3,7,0,0,0,0,0
64,1,8,8,IN_PROGRESS,1,9,2,4,0,0,0,0,0
64,2,4,1,IN_PROGRESS,0,0,1,1,0,0,0,0,0
64,3,3,12,IN_PROGRESS,1,12,2,3,0,0,0,0,0
64,4,5,8,IN_PROGRESS,1,8,2,4,1,0,0,0,0
64,5,7,1,IN_PROGRESS,0,12,2,3,1,0,0,0,0
64,6,16,3,IN_PROGRESS,0,9,2,3,0,0,0,0,0
64,7,11,11,IN_PROGRESS,1,6,3,5,2,0,0,1,0
64,8,9,2,IN_PROGRESS,0,2,2,3,0,0,0,0,0
64,9,11,5,IN_PROGRESS,0,0,1,2,0,0,0,0,0
64,10,10,3,IN_PROGRESS,0,20,2,3,0,0,0,0,0
64,11,14,8,IN_PROGRESS,1,0,1,3,0,0,0,0,0
64,12,12,12,IN_PROGRESS,0,7,3,6,0,0,0,0,0
64,13,5,7,IN_PROGRESS,1,6,1,4,0,0,0,0,0
64,14,7,14,IN_PROGRESS,0,7,1,4,0,0,0,0,0
64,15,17,1,IN_PROGRESS,0,0,1,2,0,0,0,0,0
64,16,19,5,IN_PROGRESS,1,0,1,3,0,0,0,0,0
64,17,17,10,IN_PROGRESS,0,9,0,5,0,0,0,0,0
64,18,16,13,IN_PROGRESS,0,16,1,4,1,0,0,0,0
64,19,18,4,IN_PROGRESS,0,5,2,3,0,0,0,0,0
64,20,7,10,IN_PROGRESS,0,24,2,8,0,0,0,0,0
64,21,23,1,IN_PROGRESS,0,0,0,0,0,0,0,0,0
64,22,2,22,IN_PROGRESS,0,0,1,1,0,0,0,0,0
64,23,3,13,IN_PROGRESS,1,8,2,4,1,0,0,0,0
64,24,4,22,IN_PROGRESS,0,0,1,3,0,0,0,0,0
64,25,7,20,IN_PROGRESS,0,4,1,3,0,0,0,0,0
64,26,12,16,IN_PROGRESS,0,12,2,3,0,0,0,0,0
64,27,20,18,IN_PROGRESS,1,0,1,3,0,0,0,0,0
64,28,12,10,IN_PROGRESS,1,6,3,6,0,0,0,0,0
64,29,9,22,IN_PROGRESS,0,13,3,5,2,0,0,1,0
64,30,22,6,IN_PROGRESS,0,28,0,1,0,0,0,0,0
64,31,11,22,IN_PROGRESS,0,0,3,5,0,0,0,0,0
64,32,12,22,IN_PROGRESS,0,0,4,6,0,0,0,0,0
64,33,17,15,IN_PROGRESS,1,9,2,4,0,0,0,0,0
64,34,14,11,IN_PROGRESS,0,14,4,6,3,0,0,1,0
64,35,15,22,IN_PROGRESS,0,0,2,4,0,0,0,0,0
64,36,17,18,IN_PROGRESS,0,13,3,5,0,0,0,0,0
64,37,18,20,IN_PROGRESS,0,7,2,4,0,0,0,0,0
64,38,18,22,IN_PROGRESS,0,0,2,3,0,0,0,0,0
64,39,7,12,IN_PROGRESS,0,23,3,8,0,0,0,0,0
64,40,22,15,IN_PROGRESS,1,13,0,2,0,0,0,0,0
64,41,9,21,IN_PROGRESS,0,13,3,5,0,0,0,0,0
64,42,13,18,IN_PROGRESS,0,6,2,4,0,0,0,0,0
64,43,12,19,IN_PROGRESS,0,14,3,5,0,0,0,0,0
65,0,5,11,IN_PROGRESS,0,13,2,7,0,0,0,0,0
65,1,8,9,IN_PROGRESS,1,8,1,5,0,0,0,0,0
65,2,4,1,IN_PROGRESS,0,0,0,1,0,0,0,0,0
65,3,4,12,IN_PROGRESS,1,11,2,5,0,0,0,0,0
65,4,5,8,IN_PROGRESS,1,7,3,5,2,0,0,1,0
65,5,7,2,IN_PROGRESS,0,11,2,3,0,0,0,0,0
65,6,17,3,IN_PROGRESS,0,8,2,3,0,0,0,0,0
65,7,12,11,IN_PROGRESS,1,5,3,6,0,0,0,0,0
65,8,10,2,IN_PROGRESS,0,1,2,3,0,0,0,0,0
65,9,11,5,IN_PROGRESS,1,0,0,2,0,0,0,0,0
65,10,9,3,IN_PROGRESS,0,19,2,3,0,0,0,0,0
65,11,14,8,IN_PROGRESS,1,0,0,3,0,0,0,0,0
65,12,12,13,IN_PROGRESS,0,6,3,7,0,0,0,0,0
65,13,4,7,IN_PROGRESS,1,5,1,4,0,0,0,0,0
65,14,7,15,IN_PROGRESS,0,6,1,2,0,0,0,0,0
65,15,17,1,IN_PROGRESS,0,0,1,2,0,0,0,0,0
65,16,19,5,IN_PROGRESS,1,0,2,3,0,0,0,0,0
65,17,17,11,IN_PROGRESS,0,8,2,4,0,0,0,0,0
65,18,16,12,IN_PROGRESS,0,15,3,5,0,0,0,0,0
65,19,18,5,IN_PROGRESS,0,4,2,4,0,0,0,0,0
65,20,7,9,IN_PROGRESS,0,23,2,5,0,0,0,0,0
65,21,23,1,IN_PROGRESS,0,0,0,0,0,0,0,0,0
65,22,2,22,IN_PROGRESS,0,0,1,1,0,0,0,0,0
65,23,3,13,IN_PROGRESS,1,7,1,3,2,0,0,1,0
65,24,4,22,IN_PROGRESS,0,0,1,3,0,0,0,0,0
65,25,6,20,IN_PROGRESS,0,3,0,3,0,0,0,0,0
65,26,11,16,IN_PROGRESS,0,11,1,4,0,0,0,0,0
65,27,20,18,IN_PROGRESS,1,0,1,2,0,0,0,0,0
65,28,12,10,IN_PROGRESS,1,5,2,5,1,0,0,0,0
65,29,9,22,IN_PROGRESS,0,12,3,6,3,0,0,1,0
65,30,21,6,IN_PROGRESS,0,27,1,2,0,0,0,0,0
65,31,11,22,IN_PROGRESS,0,0,4,5,0,0,0,0,0
65,32,12,22,IN_PROGRESS,0,0,5,5,0,0,0,0,0
65,33,17,14,IN_PROGRESS,1,8,3,5,0,0,0,0,0
65,34,14,12,IN_PROGRESS,0,13,3,7,0,0,0,0,0
65,35,15,22,IN_PROGRESS,0,0,2,4,0,0,0,0,0
65,36,17,17,IN_PROGRESS,0,12,2,4,0,0,0,0,0
65,37,18,19,IN_PROGRESS,0,6,3,3,0,0,0,0,0
65,38,18,22,IN_PROGRESS,0,0,2,2,0,0,0,0,0
65,39,7,13,IN_PROGRESS,0,22,1,7,0,0,0,0,0
65,40,22,14,IN_PROGRESS,1,12,0,1,0,0,0,0,0
65,41,10,21,IN_PROGRESS,0,12,4,5,0,0,0,0,0
65,42,13,17,IN_PROGRESS,0,5,1,4,0,0,0,0,0
65,43,12,20,IN_PROGRESS,0,13,3,7,0,0,0,0,0
66,0,4,11,IN_PROGRESS,0,12,2,5,0,0,0,0,0
66,1,8,10,IN_PROGRESS,1,7,1,5,0,0,0,0,0
66,2,4,1,IN_PROGRESS,0,0,0,1,0,0,0,0,0
66,3,5,12,IN_PROGRESS,1,10,2,5,0,0,0,0,0
66,4,5,7,IN_PROGRESS,1,6,2,4,0,0,0,0,0
66,5,7,2,IN_PROGRESS,0,10,1,3,1,0,0,0,0
66,6,17,4,IN_PROGRESS,0,7,3,4,0,0,0,0,0
66,7,13,11,IN_PROGRESS,1,4,3,7,0,0,0,0,0
66,8,10,1,IN_PROGRESS,0,0,0,3,0,0,0,0,0
66,9,11,5,IN_PROGRESS,1,0,0,2,0,0,0,0,0
66,10,8,3,IN_PROGRESS,0,18,1,3,0,0,0,0,0
66,11,14,8,IN_PROGRESS,1,0,0,4,0,0,0,0,0
66,12,12,14,IN_PROGRESS,0,5,2,6,0,0,0,0,0
66,13,3,7,IN_PROGRESS,1,4,1,4,0,0,0,0,0
66,14,7,16,IN_PROGRESS,0,5,2,2,0,0,0,0,0
66,15,17,1,IN_PROGRESS,0,0,1,1,0,0,0,0,0
66,16,19,5,IN_PROGRESS,1,0,3,3,0,0,0,0,0
66,17,17,12,IN_PROGRESS,0,7,2,5,0,0,0,0,0
66,18,16,11,IN_PROGRESS,0,14,2,6,0,0,0,0,0
66,19,18,6,IN_PROGRESS,0,3,3,3,0,0,0,0,0
66,20,7,8,IN_PROGRESS,0,22,2,3,0,0,0,0,0
66,21,23,1,IN_PROGRESS,0,0,0,0,0,0,0,0,0
66,22,2,22,IN_PROGRESS,0,20,1,2,1,0,0,0,0
66,23,3,12,IN_PROGRESS,1,6,2,3,0,0,0,0,0
66,24,4,22,IN_PROGRESS,0,0,2,2,0,0,0,0,0
66,25,5,20,IN_PROGRESS,0,2,1,3,0,0,0,0,0
66,26,10,16,IN_PROGRESS,0,10,2,4,0,0,0,0,0
66,27,20,18,IN_PROGRESS,1,0,1,2,0,0,0,0,0
66,28,12,10,IN_PROGRESS,1,4,2,6,2,0,0,1,0
66,29,9,21,IN_PROGRESS,0,11,3,5,0,0,0,0,0
66,30,20,6,IN_PROGRESS,0,26,2,3,0,0,0,0,0
66,31,11,22,IN_PROGRESS,0,0,4,5,0,0,0,0,0
66,32,12,22,IN_PROGRESS,0,0,4,5,0,0,0,0,0
66,33,18,14,IN_PROGRESS,1,7,2,5,0,0,0,0,0
66,34,13,12,IN_PROGRESS,0,12,3,7,0,0,0,0,0
66,35,15,22,IN_PROGRESS,0,0,2,5,0,0,0,0,0
66,36,17,16,IN_PROGRESS,0,11,2,5,0,0,0,0,0
66,37,18,18,IN_PROGRESS,0,5,2,4,0,0,0,0,0
66,38,18,22,IN_PROGRESS,0,0,1,2,0,0,0,0,0
66,39,7,14,IN_PROGRESS,0,21,1,5,0,0,0,0,0
66,40,22,13,IN_PROGRESS,1,11,0,1,0,0,0,0,0
66,41,11,21,IN_PROGRESS,0,11,4,5,0,0,0,0,0
66,42,13,16,IN_PROGRESS,0,4,2,5,0,0,0,0,0
66,43,12,21,IN_PROGRESS,0,12,4,5,0,0,0,0,0
67,0,3,11,IN_PROGRESS,0,11,1,5,0,0,0,0,0
67,1,7,10,IN_PROGRESS,1,6,2,5,0,0,0,0,0
67,2,4,1,IN_PROGRESS,0,0,0,2,0,0,0,0,0
67,3,6,12,IN_PROGRESS,1,9,2,5,0,0,0,0,0
67,4,4,7,IN_PROGRESS,1,5,2,4,0,0,0,0,0
67,5,8,2,IN_PROGRESS,0,9,2,3,0,0,0,0,0
67,6,17,5,IN_PROGRESS,0,6,3,4,0,0,0,0,0
67,7,14,11,IN_PROGRESS,1,3,4,6,0,0,0,0,0
67,8,10,1,IN_PROGRESS,0,0,1,3,0,0,0,0,0
67,9,11,5,IN_PROGRESS,1,0,0,1,0,0,0,0,0
67,10,7,3,IN_PROGRESS,0,17,1,4,0,0,0,0,0
67,11,14,8,IN_PROGRESS,1,0,1,3,0,0,0,0,0
67,12,12,15,IN_PROGRESS,0,4,2,6,0,0,0,0,0
67,13,2,7,IN_PROGRESS,1,3,1,3,0,0,0,0,0
67,14,6,16,IN_PROGRESS,0,4,2,3,0,0,0,0,0
67,15,17,1,IN_PROGRESS,0,0,0,1,0,0,0,0,0
67,16,19,5,IN_PROGRESS,1,0,3,3,0,0,0,0,0
67,17,17,13,IN_PROGRESS,0,6,3,6,0,0,0,0,0
67,18,17,11,IN_PROGRESS,0,13,3,6,0,0,0,0,0
67,19,18,7,IN_PROGRESS,0,2,3,5,0,0,0,0,0
67,20,7,7,IN_PROGRESS,0,21,2,4,0,0,0,0,0
67,21,23,1,IN_PROGRESS,0,0,0,0,0,0,0,0,0
67,22,2,21,IN_PROGRESS,0,19,2,2,0,0,0,0,0
67,23,4,12,IN_PROGRESS,1,5,2,4,0,0,0,0,0
67,24,4,22,IN_PROGRESS,0,0,2,2,0,0,0,0,0
67,25,5,21,IN_PROGRESS,0,1,2,3,0,0,0,0,0
67,26,9,16,IN_PROGRESS,0,9,2,5,0,0,0,0,0
67,27,20,18,IN_PROGRESS,1,0,1,1,0,0,0,0,0
67,28,12,11,IN_PROGRESS,1,3,2,6,0,0,0,0,0
67,29,9,20,IN_PROGRESS,0,10,0,6,0,0,0,0,0
67,30,19,6,IN_PROGRESS,0,25,3,3,0,0,0,0,0
67,31,11,22,IN_PROGRESS,0,0,3,5,0,0,0,0,0
67,32,12,22,IN_PROGRESS,0,0,4,5,0,0,0,0,0
67,33,18,13,IN_PROGRESS,1,6,3,6,0,0,0,0,0
67,34,13,13,IN_PROGRESS,0,11,4,6,0,0,0,0,0
67,35,15,22,IN_PROGRESS,0,0,3,5,0,0,0,0,0
67,36,17,15,IN_PROGRESS,0,10,3,6,0,0,0,0,0
67,37,18,17,IN_PROGRESS,0,4,2,5,0,0,0,0,0
67,38,18,22,IN_PROGRESS,0,0,1,2,0,0,0,0,0
67,39,7,15,IN_PROGRESS,0,20,2,5,0,0,0,0,0
67,40,22,12,IN_PROGRESS,1,10,0,1,0,0,0,0,0
67,41,12,21,IN_PROGRESS,0,10,3,5,0,0,0,0,0
67,42,13,15,IN_PROGRESS,0,3,2,6,0,0,0,0,0
67,43,13,21,IN_PROGRESS,0,11,4,5,0,0,0,0,0
68,0,2,11,IN_PROGRESS,0,10,0,4,0,0,0,0,0
68,1,7,11,IN_PROGRESS,1,5,2,6,0,0,0,0,0
68,2,4,1,IN_PROGRESS,0,0,0,1,0,0,0,0,0
68,3,7,12,IN_PROGRESS,1,8,3,5,0,0,0,0,0
68,4,3,7,IN_PROGRESS,1,4,1,3,0,0,0,0,0
68,5,8,3,IN_PROGRESS,0,8,1,4,0,0,0,0,0
68,6,18,5,IN_PROGRESS,0,5,3,4,0,0,0,0,0
68,7,15,11,IN_PROGRESS,1,2,1,6,0,0,0,0,0
68,8,10,1,IN_PROGRESS,0,0,0,2,0,0,0,0,0
68,9,11,5,IN_PROGRESS,1,0,0,3,0,0,0,0,0
68,10,6,3,IN_PROGRESS,0,16,1,3,0,0,0,0,0
68,11,14,8,IN_PROGRESS,1,0,0,3,0,0,0,0,0
68,12,12,16,IN_PROGRESS,0,3,2,3,0,0,0,0,0
68,13,1,7,IN_PROGRESS,1,2,1,2,0,0,0,0,0
68,14,5,16,IN_PROGRESS,0,3,2,3,0,0,0,0,0
68,15,17,1,IN_PROGRESS,0,0,0,1,0,0,0,0,0
68,16,19,5,IN_PROGRESS,1,0,2,3,0,0,0,0,0
68,17,17,14,IN_PROGRESS,0,5,3,7,0,0,0,0,0
68,18,17,10,IN_PROGRESS,0,12,3,6,0,0,0,0,0
68,19,18,8,IN_PROGRESS,0,1,3,6,0,0,0,0,0
68,20,7,6,IN_PROGRESS,0,20,0,5,0,0,0,0,0
68,21,23,1,IN_PROGRESS,0,0,0,0,0,0,0,0,0
68,22,2,20,IN_PROGRESS,0,18,0,2,0,0,0,0,0
68,23,5,12,IN_PROGRESS,1,4,2,5,0,0,0,0,0
68,24,4,22,IN_PROGRESS,0,0,1,2,0,0,0,0,0
68,25,5,22,IN_PROGRESS,0,0,1,2,0,0,0,0,0
68,26,8,16,IN_PROGRESS,0,8,2,4,0,0,0,0,0
68,27,20,18,IN_PROGRESS,1,0,0,2,0,0,0,0,0
68,28,11,11,IN_PROGRESS,1,2,0,4,0,0,0,0,0
68,29,10,20,IN_PROGRESS,0,9,1,4,0,0,0,0,0
68,30,19,7,IN_PROGRESS,0,24,3,4,0,0,0,0,0
68,31,11,22,IN_PROGRESS,0,0,3,5,0,0,0,0,0
68,32,12,22,IN_PROGRESS,0,0,4,5,0,0,0,0,0
68,33,18,12,IN_PROGRESS,1,5,3,7,0,0,0,0,0
68,34,13,14,IN_PROGRESS,0,10,2,5,0,0,0,0,0
68,35,15,22,IN_PROGRESS,0,0,4,5,0,0,0,0,0
68,36,18,15,IN_PROGRESS,0,9,3,5,0,0,0,0,0
68,37,18,16,IN_PROGRESS,0,3,2,4,0,0,0,0,0
68,38,18,22,IN_PROGRESS,0,0,1,2,0,0,0,0,0
68,39,7,15,IN_PROGRESS,0,19,3,5,1,0,0,0,0
68,40,22,11,IN_PROGRESS,1,9,0,1,0,0,0,0,0
68,41,13,21,IN_PROGRESS,0,9,4,5,0,0,0,0,0
68,42,13,15,IN_PROGRESS,0,2,2,4,1,0,0,0,0
68,43,14,21,IN_PROGRESS,0,10,3,6,0,0,0,0,0
69,0,2,10,IN_PROGRESS,0,9,2,4,0,0,0,0,0
69,1,6,11,IN_PROGRESS,1,4,2,3,0,0,0,0,0
69,2,4,1,IN_PROGRESS,0,0,1,1,0,0,0,0,0
69,3,8,12,IN_PROGRESS,1,7,4,5,0,0,0,0,0
69,4,3,8,IN_PROGRESS,1,3,2,2,0,0,0,0,0
69,5,8,4,IN_PROGRESS,0,7,1,4,0,0,0,0,0
69,6,18,6,IN_PROGRESS,0,4,3,5,0,0,0,0,0
69,7,15,10,IN_PROGRESS,1,1,2,3,0,0,0,0,0
69,8,10,1,IN_PROGRESS,0,0,0,2,0,0,0,0,0
69,9,11,5,IN_PROGRESS,1,0,0,3,0,0,0,0,0
69,10,5,3,IN_PROGRESS,0,15,1,3,0,0,0,0,0
69,11,14,8,IN_PROGRESS,1,0,1,4,0,0,0,0,0
69,12,11,16,IN_PROGRESS,0,2,1,6,0,0,0,0,0
69,13,1,8,IN_PROGRESS,1,1,2,2,0,0,0,0,0
69,14,4,16,IN_PROGRESS,0,2,1,4,0,0,0,0,0
69,15,17,1,IN_PROGRESS,0,0,0,0,0,0,0,0,0
69,16,19,5,IN_PROGRESS,1,0,3,3,0,0,0,0,0
69,17,17,15,IN_PROGRESS,0,4,2,5,0,0,0,0,0
69,18,17,9,IN_PROGRESS,0,11,4,6,0,0,0,0,0
69,19,19,8,IN_PROGRESS,0,0,4,7,0,0,0,0,0
69,20,7,5,IN_PROGRESS,0,19,1,3,0,0,0,0,0
69,21,23,1,IN_PROGRESS,0,0,0,0,0,0,0,0,0
69,22,2,19,IN_PROGRESS,0,17,0,2,0,0,0,0,0
69,23,5,12,IN_PROGRESS,1,3,2,4,1,0,0,0,0
69,24,4,22,IN_PROGRESS,0,0,1,2,0,0,0,0,0
69,25,5,22,IN_PROGRESS,0,0,1,1,0,0,0,0,0
69,26,7,16,IN_PROGRESS,0,7,2,4,0,0,0,0,0
69,27,20,18,IN_PROGRESS,1,0,1,1,0,0,0,0,0
69,28,11,12,IN_PROGRESS,1,1,1,4,0,0,0,0,0
69,29,11,20,IN_PROGRESS,0,8,2,5,0,0,0,0,0
69,30,18,7,IN_PROGRESS,0,23,4,6,0,0,0,0,0
69,31,11,22,IN_PROGRESS,0,0,2,5,0,0,0,0,0
69,32,12,22,IN_PROGRESS,0,0,4,5,0,0,0,0,0
69,33,18,11,IN_PROGRESS,1,4,2,8,0,0,0,0,0
69,34,13,14,IN_PROGRESS,0,9,1,5,1,0,0,0,0
69,35,15,22,IN_PROGRESS,0,0,4,5,0,0,0,0,0
69,36,18,14,IN_PROGRESS,0,8,3,4,0,0,0,0,0
69,37,19,16,IN_PROGRESS,0,2,3,3,0,0,0,0,0
69,38,18,22,IN_PROGRESS,0,0,1,3,0,0,0,0,0
69,39,8,15,IN_PROGRESS,0,18,2,5,0,0,0,0,0
69,40,22,10,IN_PROGRESS,1,8,0,2,0,0,0,0,0
69,41,14,21,IN_PROGRESS,0,8,3,6,0,0,0,0,0
69,42,12,15,IN_PROGRESS,0,1,2,5,0,0,0,0,0
69,43,15,21,IN_PROGRESS,0,9,2,6,0,0,0,0,0
70,0,2,9,IN_PROGRESS,0,8,2,3,0,0,0,0,0
70,1,5,11,IN_PROGRESS,1,3,1,4,0,0,0,0,0
70,2,4,1,IN_PROGRESS,0,0,1,1,0,0,0,0,0
70,3,9,12,IN_PROGRESS,1,6,2,6,0,0,0,0,0
70,4,3,9,IN_PROGRESS,1,2,2,3,0,0,0,0,0
70,5,8,5,IN_PROGRESS,0,6,2,2,0,0,0,0,0
70,6,19,6,IN_PROGRESS,0,3,3,5,0,0,0,0,0
70,7,16,10,IN_PROGRESS,1,0,1,6,0,0,0,0,0
70,8,10,1,IN_PROGRESS,0,0,0,1,0,0,0,0,0
70,9,11,5,IN_PROGRESS,1,0,1,3,0,0,0,0,0
70,10,4,3,IN_PROGRESS,0,14,1,2,0,0,0,0,0
70,11,14,8,IN_PROGRESS,1,0,1,4,0,0,0,0,0
70,12,10,16,IN_PROGRESS,0,1,2,6,0,0,0,0,0
70,13,1,9,IN_PROGRESS,1,0,2,2,0,0,0,0,0
70,14,4,17,IN_PROGRESS,0,1,2,4,0,0,0,0,0
70,15,17,1,IN_PROGRESS,0,0,0,0,0,0,0,0,0
70,16,19,5,IN_PROGRESS,1,0,2,4,0,0,0,0,0
70,17,17,16,IN_PROGRESS,0,3,2,4,0,0,0,0,0
70,18,17,8,IN_PROGRESS,0,10,4,7,0,0,0,0,0
70,19,19,8,IN_PROGRESS,1,0,5,8,0,0,0,0,0
70,20,7,4,IN_PROGRESS,0,18,1,3,0,0,0,0,0
70,21,23,1,IN_PROGRESS,0,0,0,0,0,0,0,0,0
70,22,2,18,IN_PROGRESS,0,16,1,1,0,0,0,0,0
70,23,6,12,IN_PROGRESS,1,2,2,2,0,0,0,0,0
70,24,4,22,IN_PROGRESS,0,0,1,2,0,0,0,0,0
70,25,5,22,IN_PROGRESS,0,0,1,1,0,0,0,0,0
70,26,7,17,IN_PROGRESS,0,6,2,3,0,0,0,0,0
70,27,20,18,IN_PROGRESS,1,0,1,2,0,0,0,0,0
70,28,11,13,IN_PROGRESS,1,0,2,4,0,0,0,0,0
70,29,12,20,IN_PROGRESS,0,7,2,5,0,0,0,0,0
70,30,17,7,IN_PROGRESS,0,22,3,6,0,0,0,0,0
70,31,11,22,IN_PROGRESS,0,0,2,4,0,0,0,0,0
70,32,12,22,IN_PROGRESS,0,0,3,5,0,0,0,0,0
70,33,19,11,IN_PROGRESS,1,3,1,6,0,0,0,0,0
70,34,13,15,IN_PROGRESS,0,8,1,5,0,0,0,0,0
70,35,15,22,IN_PROGRESS,0,0,4,6,0,0,0,0,0
70,36,17,14,IN_PROGRESS,0,7,1,5,0,0,0,0,0
70,37,20,16,IN_PROGRESS,0,1,2,3,0,0,0,0,0
70,38,18,22,IN_PROGRESS,0,0,2,3,0,0,0,0,0
70,39,8,16,IN_PROGRESS,0,17,2,5,0,0,0,0,0
70,40,22,9,IN_PROGRESS,1,7,0,2,0,0,0,0,0
70,41,15,21,IN_PROGRESS,0,7,2,6,0,0,0,0,0
70,42,11,15,IN_PROGRESS,0,0,3,5,0,0,0,0,0
70,43,16,21,IN_PROGRESS,0,8,3,5,0,0,0,0,0
71,0,2,8,IN_PROGRESS,0,7,2,3,0,0,0,0,0
71,1,4,11,IN_PROGRESS,1,2,2,4,0,0,0,0,0
71,2,4,1,IN_PROGRESS,0,0,1,2,0,0,0,0,0
71,3,10,12,IN_PROGRESS,1,5,2,4,0,0,0,0,0
71,4,3,10,IN_PROGRESS,1,1,3,4,0,0,0,0,0
71,5,7,5,IN_PROGRESS,0,5,1,2,0,0,0,0,0
71,6,20,6,IN_PROGRESS,0,2,2,6,0,0,0,0,0
71,7,16,10,IN_PROGRESS,0,0,1,6,0,0,0,0,0
71,8,10,1,IN_PROGRESS,0,0,0,2,0,0,0,0,0
71,9,11,5,IN_PROGRESS,1,0,0,2,0,0,0,0,0
71,10,3,3,IN_PROGRESS,0,13,1,2,0,0,0,0,0
71,11,14,8,IN_PROGRESS,1,0,1,4,0,0,0,0,0
71,12,10,15,IN_PROGRESS,0,0,3,5,0,0,0,0,0
71,13,1,9,IN_PROGRESS,0,0,2,3,0,0,0,0,0
71,14,4,18,IN_PROGRESS,0,0,2,5,0,0,0,0,0
71,15,17,1,IN_PROGRESS,0,0,0,0,0,0,0,0,0
71,16,19,5,IN_PROGRESS,1,0,2,4,0,0,0,0,0
71,17,16,16,IN_PROGRESS,0,2,1,4,0,0,0,0,0
71,18,18,8,IN_PROGRESS,0,9,2,8,0,0,0,0,0
71,19,19,8,IN_PROGRESS,1,13,4,8,1,0,0,0,0
71,20,7,3,IN_PROGRESS,0,17,1,4,0,0,0,0,0
71,21,23,1,IN_PROGRESS,0,0,0,0,0,0,0,0,0
71,22,2,17,IN_PROGRESS,0,15,1,1,0,0,0,0,0
71,23,6,11,IN_PROGRESS,1,1,1,3,0,0,0,0,0
71,24,4,22,IN_PROGRESS,0,0,1,2,0,0,0,0,0
71,25,5,22,IN_PROGRESS,0,0,1,2,0,0,0,0,0
71,26,7,18,IN_PROGRESS,0,5,2,2,0,0,0,0,0
71,27,20,18,IN_PROGRESS,1,0,1,1,0,0,0,0,0
71,28,11,13,IN_PROGRESS,0,0,3,4,0,0,0,0,0
71,29,12,19,IN_PROGRESS,0,6,1,4,0,0,0,0,0
71,30,16,7,IN_PROGRESS,0,21,3,6,0,0,0,0,0
71,31,11,22,IN_PROGRESS,0,0,1,3,0,0,0,0,0
71,32,12,22,IN_PROGRESS,0,0,3,4,0,0,0,0,0
71,33,20,11,IN_PROGRESS,1,2,0,7,0,0,0,0,0
71,34,13,16,IN_PROGRESS,0,7,2,5,0,0,0,0,0
71,35,15,22,IN_PROGRESS,0,0,4,5,0,0,0,0,0
71,36,17,13,IN_PROGRESS,0,6,0,4,0,0,0,0,0
71,37,20,15,IN_PROGRESS,0,0,1,4,0,0,0,0,0
71,38,18,22,IN_PROGRESS,0,0,3,3,0,0,0,0,0
71,39,8,17,IN_PROGRESS,0,16,1,4,0,0,0,0,0
71,40,22,8,IN_PROGRESS,1,6,1,4,0,0,0,0,0
71,41,16,21,IN_PROGRESS,0,6,3,5,0,0,0,0,0
71,42,11,15,IN_PROGRESS,1,0,3,6,0,0,0,0,0
71,43,17,21,IN_PROGRESS,0,7,3,3,0,0,0,0,0
72,0,2,7,IN_PROGRESS,0,6,1,3,0,0,0,0,0
72,1,4,12,IN_PROGRESS,1,1,1,2,0,0,0,0,0
72,2,4,1,IN_PROGRESS,0,0,0,2,0,0,0,0,0
72,3,11,12,IN_PROGRESS,1,4,2,3,0,0,0,0,0
72,4,4,10,IN_PROGRESS,1,0,2,4,0,0,0,0,0
72,5,7,6,IN_PROGRESS,0,4,0,3,0,0,0,0,0
72,6,21,6,IN_PROGRESS,0,1,3,5,0,0,0,0,0
72,7,16,10,IN_PROGRESS,0,18,1,5,1,0,0,0,0
72,8,10,1,IN_PROGRESS,0,27,0,2,1,0,0,0,0
72,9,11,5,IN_PROGRESS,1,14,0,2,1,0,0,0,0
72,10,3,4,IN_PROGRESS,0,12,0,2,0,0,0,0,0
72,11,14,8,IN_PROGRESS,1,0,1,3,0,0,0,0,0
72,12,10,15,IN_PROGRESS,1,0,2,6,0,0,0,0,0
72,13,1,9,IN_PROGRESS,0,22,1,2,1,0,0,0,0
72,14,4,18,IN_PROGRESS,1,0,0,5,0,0,0,0,0
72,15,17,1,IN_PROGRESS,0,0,0,0,0,0,0,0,0
72,16,19,5,IN_PROGRESS,1,0,3,4,0,0,0,0,0
72,17,15,16,IN_PROGRESS,0,1,1,3,0,0,0,0,0
72,18,18,7,IN_PROGRESS,0,8,3,8,0,0,0,0,0
72,19,19,7,IN_PROGRESS,1,12,4,6,0,0,0,0,0
72,20,7,2,IN_PROGRESS,0,16,0,3,0,0,0,0,0
72,21,23,1,IN_PROGRESS,0,0,0,0,0,0,0,0,0
72,22,2,16,IN_PROGRESS,0,14,0,1,0,0,0,0,0
72,23,6,10,IN_PROGRESS,1,0,1,3,0,0,0,0,0
72,24,4,22,IN_PROGRESS,0,0,1,2,0,0,0,0,0
72,25,5,22,IN_PROGRESS,0,0,1,3,0,0,0,0,0
72,26,7,19,IN_PROGRESS,0,4,1,3,0,0,0,0,0
72,27,20,18,IN_PROGRESS,1,14,1,2,1,0,0,0,0
72,28,11,13,IN_PROGRESS,0,14,3,3,1,0,0,0,0
72,29,12,18,IN_PROGRESS,0,5,1,7,0,0,0,0,0
72,30,15,7,IN_PROGRESS,0,20,2,4,0,0,0,0,0
72,31,11,22,IN_PROGRESS,0,0,1,3,0,0,0,0,0
72,32,12,22,IN_PROGRESS,0,0,2,3,0,0,0,0,0
72,33,20,10,IN_PROGRESS,1,1,0,7,0,0,0,0,0
72,34,13,17,IN_PROGRESS,0,6,2,4,0,0,0,0,0
72,35,15,22,IN_PROGRESS,0,0,3,5,0,0,0,0,0
72,36,17,12,IN_PROGRESS,0,5,1,2,0,0,0,0,0
72,37,20,15,IN_PROGRESS,1,0,1,2,0,0,0,0,0
72,38,18,22,IN_PROGRESS,0,0,3,3,0,0,0,0,0
72,39,8,18,IN_PROGRESS,0,15,1,4,0,0,0,0,0
72,40,22,7,IN_PROGRESS,1,5,2,5,0,0,0,0,0
72,41,17,21,IN_PROGRESS,0,5,3,3,0,0,0,0,0
72,42,11,15,IN_PROGRESS,1,12,3,6,1,0,0,0,0
72,43,18,21,IN_PROGRESS,0,6,2,4,0,0,0,0,0
73,0,2,6,IN_PROGRESS,0,5,2,3,0,0,0,0,0
73,1,4,13,IN_PROGRESS,1,0,1,4,0,0,0,0,0
73,2,4,1,IN_PROGRESS,0,0,0,2,0,0,0,0,0
73,3,12,12,IN_PROGRESS,1,3,2,5,0,0,0,0,0
73,4,4,10,IN_PROGRESS,0,0,2,3,0,0,0,0,0
73,5,6,6,IN_PROGRESS,0,3,0,4,0,0,0,0,0
73,6,21,5,IN_PROGRESS,0,0,3,5,0,0,0,0,0
73,7,15,10,IN_PROGRESS,0,17,2,5,0,0,0,0,0
73,8,10,2,IN_PROGRESS,0,26,1,2,0,0,0,0,0
73,9,11,6,IN_PROGRESS,1,13,0,4,0,0,0,0,0
73,10,3,5,IN_PROGRESS,0,11,1,4,0,0,0,0,0
73,11,14,8,IN_PROGRESS,1,0,2,3,0,0,0,0,0
73,12,10,15,IN_PROGRESS,1,12,2,5,1,0,0,0,0
73,13,1,8,IN_PROGRESS,0,21,1,3,0,0,0,0,0
73,14,4,18,IN_PROGRESS,1,0,0,6,0,0,0,0,0
73,15,17,1,IN_PROGRESS,0,0,0,0,0,0,0,0,0
73,16,19,5,IN_PROGRESS,1,0,3,4,0,0,0,0,0
73,17,15,15,IN_PROGRESS,0,0,1,6,0,0,0,0,0
73,18,18,6,IN_PROGRESS,0,7,2,5,0,0,0,0,0
73,19,20,7,IN_PROGRESS,1,11,4,5,0,0,0,0,0
73,20,8,2,IN_PROGRESS,0,15,1,2,0,0,0,0,0
73,21,23,1,IN_PROGRESS,0,16,0,0,1,0,0,0,0
73,22,2,15,IN_PROGRESS,0,13,0,2,0,0,0,0,0
73,23,6,10,IN_PROGRESS,0,0,1,3,0,0,0,0,0
73,24,4,22,IN_PROGRESS,0,0,1,3,0,0,0,0,0
73,25,5,22,IN_PROGRESS,0,0,1,3,0,0,0,0,0
73,26,7,20,IN_PROGRESS,0,3,1,4,0,0,0,0,0
73,27,20,17,IN_PROGRESS,1,13,1,2,0,0,0,0,0
73,28,10,13,IN_PROGRESS,0,13,2,3,0,0,0,0,0
73,29,12,17,IN_PROGRESS,0,4,2,6,0,0,0,0,0
73,30,14,7,IN_PROGRESS,0,19,1,4,0,0,0,0,0
73,31,11,22,IN_PROGRESS,0,0,1,2,0,0,0,0,0
73,32,12,22,IN_PROGRESS,0,8,2,4,1,0,0,0,0
73,33,21,10,IN_PROGRESS,1,0,0,4,0,0,0,0,0
73,34,13,18,IN_PROGRESS,0,5,1,4,0,0,0,0,0
73,35,15,22,IN_PROGRESS,0,0,2,5,0,0,0,0,0
73,36,17,11,IN_PROGRESS,0,4,1,2,0,0,0,0,0
73,37,20,15,IN_PROGRESS,1,19,1,2,1,0,0,0,0
73,38,18,22,IN_PROGRESS,0,0,3,3,0,0,0,0,0
73,39,8,19,IN_PROGRESS,0,14,1,2,0,0,0,0,0
73,40,22,6,IN_PROGRESS,1,4,2,5,0,0,0,0,0
73,41,18,21,IN_PROGRESS,0,4,2,3,0,0,0,0,0
73,42,12,15,IN_PROGRESS,1,11,4,6,0,0,0,0,0
73,43,19,21,IN_PROGRESS,0,5,2,4,0,0,0,0,0
74,0,2,5,IN_PROGRESS,0,4,2,3,0,0,0,0,0
74,1,4,13,IN_PROGRESS,0,0,2,4,0,0,0,0,0
74,2,4,1,IN_PROGRESS,0,0,0,0,0,0,0,0,0
74,3,12,13,IN_PROGRESS,1,2,3,6,0,0,0,0,0
74,4,4,10,IN_PROGRESS,0,15,2,4,1,0,0,0,0
74,5,5,6,IN_PROGRESS,0,2,1,6,0,0,0,0,0
74,6,21,5,IN_PROGRESS,1,0,4,6,0,0,0,0,0
74,7,15,11,IN_PROGRESS,0,16,1,4,0,0,0,0,0
74,8,10,3,IN_PROGRESS,0,25,2,2,0,0,0,0,0
74,9,10,6,IN_PROGRESS,1,12,1,4,0,0,0,0,0
74,10,3,6,IN_PROGRESS,0,10,3,4,0,0,0,0,0
74,11,14,8,IN_PROGRESS,1,0,1,3,0,0,0,0,0
74,12,10,16,IN_PROGRESS,1,11,1,4,0,0,0,0,0
74,13,1,7,IN_PROGRESS,0,20,2,3,0,0,0,0,0
74,14,4,18,IN_PROGRESS,1,0,0,4,0,0,0,0,0
74,15,17,1,IN_PROGRESS,0,0,0,1,0,0,0,0,0
74,16,19,5,IN_PROGRESS,1,19,3,4,1,0,0,0,0
74,17,15,15,IN_PROGRESS,1,0,1,4,0,0,0,0,0
74,18,18,5,IN_PROGRESS,0,6,2,5,0,0,0,0,0
74,19,21,7,IN_PROGRESS,1,10,3,5,0,0,0,0,0
74,20,9,2,IN_PROGRESS,0,14,1,2,0,0,0,0,0
74,21,23,2,IN_PROGRESS,0,15,0,2,0,0,0,0,0
74,22,2,14,IN_PROGRESS,0,12,1,1,0,0,0,0,0
74,23,6,10,IN_PROGRESS,0,17,1,3,1,0,0,0,0
74,24,4,22,IN_PROGRESS,0,0,1,3,0,0,0,0,0
74,25,5,22,IN_PROGRESS,0,0,2,4,0,0,0,0,0
74,26,6,20,IN_PROGRESS,0,2,2,4,0,0,0,0,0
74,27,19,17,IN_PROGRESS,1,12,1,3,0,0,0,0,0
74,28,10,12,IN_PROGRESS,0,12,1,2,0,0,0,0,0
74,29,12,16,IN_PROGRESS,0,3,3,6,0,0,0,0,0
74,30,13,7,IN_PROGRESS,0,18,1,2,0,0,0,0,0
74,31,11,22,IN_PROGRESS,0,0,1,4,0,0,0,0,0
74,32,12,21,IN_PROGRESS,0,7,2,5,0,0,0,0,0
74,33,21,10,IN_PROGRESS,0,0,1,3,0,0,0,0,0
74,34,13,19,IN_PROGRESS,0,4,1,5,0,0,0,0,0
74,35,15,22,IN_PROGRESS,0,0,1,5,0,0,0,0,0
74,36,17,10,IN_PROGRESS,0,3,1,3,0,0,0,0,0
74,37,20,16,IN_PROGRESS,1,18,1,2,0,0,0,0,0
74,38,18,22,IN_PROGRESS,0,0,3,3,0,0,0,0,0
74,39,8,20,IN_PROGRESS,0,13,1,4,0,0,0,0,0
74,40,22,5,IN_PROGRESS,1,3,3,5,0,0,0,0,0
74,41,19,21,IN_PROGRESS,0,3,2,4,0,0,0,0,0
74,42,13,15,IN_PROGRESS,1,10,3,5,0,0,0,0,0
74,43,20,21,IN_PROGRESS,0,4,2,4,0,0,0,0,0
75,0,2,4,IN_PROGRESS,0,3,1,3,0,0,0,0,0
75,1,4,13,IN_PROGRESS,0,15,1,4,1,0,0,0,0
75,2,4,1,IN_PROGRESS,0,0,0,1,0,0,0,0,0
75,3,13,13,IN_PROGRESS,1,1,3,6,0,0,0,0,0
75,4,3,10,IN_PROGRESS,0,14,1,5,0,0,0,0,0
75,5,5,7,IN_PROGRESS,0,1,1,5,0,0,0,0,0
75,6,21,5,IN_PROGRESS,1,29,3,6,1,0,0,0,0
75,7,14,11,IN_PROGRESS,0,15,2,4,0,0,0,0,0
75,8,11,3,IN_PROGRESS,0,24,1,3,0,0,0,0,0
75,9,9,6,IN_PROGRESS,1,11,0,4,0,0,0,0,0
75,10,3,7,IN_PROGRESS,0,9,3,4,0,0,0,0,0
75,11,14,8,IN_PROGRESS,1,0,2,3,0,0,0,0,0
75,12,11,16,IN_PROGRESS,1,10,2,5,0,0,0,0,0
75,13,1,6,IN_PROGRESS,0,19,2,3,0,0,0,0,0
75,14,4,18,IN_PROGRESS,1,0,0,4,0,0,0,0,0
75,15,17,1,IN_PROGRESS,0,6,0,1,1,0,0,0,0
75,16,19,6,IN_PROGRESS,1,18,2,5,0,0,0,0,0
75,17,15,15,IN_PROGRESS,1,15,2,7,1,0,0,0,0
75,18,18,4,IN_PROGRESS,0,5,1,4,0,0,0,0,0
75,19,22,7,IN_PROGRESS,1,9,2,5,0,0,0,0,0
75,20,10,2,IN_PROGRESS,0,13,1,2,0,0,0,0,0
75,21,22,2,IN_PROGRESS,0,14,1,3,0,0,0,0,0
75,22,2,13,IN_PROGRESS,0,11,1,2,0,0,0,0,0
75,23,6,11,IN_PROGRESS,0,16,0,4,0,0,0,0,0
75,24,4,22,IN_PROGRESS,0,0,2,4,0,0,0,0,0
75,25,5,22,IN_PROGRESS,0,0,2,4,0,0,0,0,0
75,26,6,21,IN_PROGRESS,0,1,3,4,0,0,0,0,0
75,27,18,17,IN_PROGRESS,1,11,1,3,0,0,0,0,0
75,28,9,12,IN_PROGRESS,0,11,0,2,0,0,0,0,0
75,29,12,15,IN_PROGRESS,0,2,4,5,0,0,0,0,0
75,30,12,7,IN_PROGRESS,0,17,1,3,0,0,0,0,0
75,31,11,22,IN_PROGRESS,0,0,1,4,0,0,0,0,0
75,32,12,20,IN_PROGRESS,0,6,2,7,0,0,0,0,0
75,33,21,10,IN_PROGRESS,0,20,0,3,1,0,0,0,0
75,34,13,20,IN_PROGRESS,0,3,1,4,0,0,0,0,0
75,35,15,22,IN_PROGRESS,0,0,1,4,0,0,0,0,0
75,36,17,9,IN_PROGRESS,0,2,0,4,0,0,0,0,0
75,37,19,16,IN_PROGRESS,1,17,1,2,0,0,0,0,0
75,38,18,22,IN_PROGRESS,0,22,2,4,1,0,0,0,0
75,39,8,21,IN_PROGRESS,0,12,1,5,0,0,0,0,0
75,40,22,4,IN_PROGRESS,1,2,3,5,0,0,0,0,0
75,41,20,21,IN_PROGRESS,0,2,2,2,0,0,0,0,0
75,42,13,16,IN_PROGRESS,1,9,4,6,0,0,0,0,0
75,43,21,21,IN_PROGRESS,0,3,1,2,0,0,0,0,0
76,0,2,3,IN_PROGRESS,0,2,1,2,0,0,0,0,0
76,1,3,13,IN_PROGRESS,0,14,1,4,0,0,0,0,0
76,2,4,1,IN_PROGRESS,0,0,0,1,0,0,0,0,0
76,3,14,13,IN_PROGRESS,1,0,4,6,0,0,0,0,0
76,4,2,10,IN_PROGRESS,0,13,2,4,0,0,0,0,0
76,5,5,8,IN_PROGRESS,0,0,1,4,0,0,0,0,0
76,6,21,6,IN_PROGRESS,1,28,2,5,0,0,0,0,0
76,7,13,11,IN_PROGRESS,0,14,1,4,0,0,0,0,0
76,8,12,3,IN_PROGRESS,0,23,1,2,0,0,0,0,0
76,9,8,6,IN_PROGRESS,1,10,0,1,0,0,0,0,0
76,10,3,8,IN_PROGRESS,0,8,2,5,0,0,0,0,0
76,11,14,8,IN_PROGRESS,1,0,2,4,0,0,0,0,0
76,12,12,16,IN_PROGRESS,1,9,3,5,0,0,0,0,0
76,13,1,5,IN_PROGRESS,0,18,1,2,0,0,0,0,0
76,14,4,18,IN_PROGRESS,1,0,0,2,0,0,0,0,0
76,15,17,2,IN_PROGRESS,0,5,1,3,0,0,0,0,0
76,16,18,6,IN_PROGRESS,1,17,3,4,0,0,0,0,0
76,17,15,15,IN_PROGRESS,1,14,3,6,2,0,0,1,0
76,18,18,3,IN_PROGRESS,0,4,2,3,0,0,0,0,0
76,19,22,8,IN_PROGRESS,1,8,1,4,0,0,0,0,0
76,20,11,2,IN_PROGRESS,0,12,1,1,0,0,0,0,0
76,21,21,2,IN_PROGRESS,0,13,0,4,0,0,0,0,0
76,22,2,12,IN_PROGRESS,0,10,2,4,0,0,0,0,0
76,23,6,12,IN_PROGRESS,0,15,1,4,0,0,0,0,0
76,24,4,22,IN_PROGRESS,0,0,2,3,0,0,0,0,0
76,25,5,22,IN_PROGRESS,0,0,2,4,0,0,0,0,0
76,26,6,22,IN_PROGRESS,0,0,2,4,0,0,0,0,0
76,27,17,17,IN_PROGRESS,1,10,1,4,0,0,0,0,0
76,28,8,12,IN_PROGRESS,0,10,1,1,0,0,0,0,0
76,29,13,15,IN_PROGRESS,0,1,4,6,0,0,0,0,0
76,30,12,8,IN_PROGRESS,0,16,1,4,0,0,0,0,0
76,31,11,22,IN_PROGRESS,0,0,2,5,0,0,0,0,0
76,32,12,19,IN_PROGRESS,0,5,2,6,0,0,0,0,0
76,33,20,10,IN_PROGRESS,0,19,0,3,0,0,0,0,0
76,34,13,21,IN_PROGRESS,0,2,3,5,0,0,0,0,0
76,35,15,22,IN_PROGRESS,0,0,1,3,0,0,0,0,0
76,36,17,8,IN_PROGRESS,0,1,2,5,0,0,0,0,0
76,37,18,16,IN_PROGRESS,1,16,1,4,0,0,0,0,0
76,38,18,21,IN_PROGRESS,0,21,1,6,0,0,0,0,0
76,39,9,21,IN_PROGRESS,0,11,1,5,0,0,0,0,0
76,40,23,4,IN_PROGRESS,1,1,0,3,0,0,0,0,0
76,41,21,21,IN_PROGRESS,0,1,2,2,0,0,0,0,0
76,42,14,16,IN_PROGRESS,1,8,4,7,0,0,0,0,0
76,43,22,21,IN_PROGRESS,0,2,1,2,0,0,0,0,0
77,0,2,2,IN_PROGRESS,0,1,2,2,0,0,0,0,0
77,1,3,12,IN_PROGRESS,0,13,2,4,0,0,0,0,0
77,2,4,1,IN_PROGRESS,0,0,1,1,0,0,0,0,0
77,3,14,13,IN_PROGRESS,0,0,2,6,0,0,0,0,0
77,4,2,9,IN_PROGRESS,0,12,2,5,0,0,0,0,0
77,5,5,8,IN_PROGRESS,1,0,1,3,0,0,0,0,0
77,6,20,6,IN_PROGRESS,1,27,1,4,0,0,0,0,0
77,7,13,10,IN_PROGRESS,0,13,2,4,0,0,0,0,0
77,8,12,4,IN_PROGRESS,0,22,1,2,0,0,0,0,0
77,9,7,6,IN_PROGRESS,1,9,0,1,0,0,0,0,0
77,10,3,9,IN_PROGRESS,0,7,4,5,0,0,0,0,0
77,11,14,8,IN_PROGRESS,1,0,3,5,0,0,0,0,0
77,12,12,15,IN_PROGRESS,1,8,3,5,0,0,0,0,0
77,13,2,5,IN_PROGRESS,0,17,1,3,0,0,0,0,0
77,14,4,18,IN_PROGRESS,1,0,0,2,0,0,0,0,0
77,15,17,3,IN_PROGRESS,0,4,2,3,0,0,0,0,0
77,16,17,6,IN_PROGRESS,1,16,3,5,0,0,0,0,0
77,17,15,15,IN_PROGRESS,1,13,6,6,3,0,0,1,0
77,18,18,2,IN_PROGRESS,0,3,2,3,0,0,0,0,0
77,19,22,9,IN_PROGRESS,1,7,0,2,0,0,0,0,0
77,20,12,2,IN_PROGRESS,0,11,1,1,0,0,0,0,0
77,21,20,2,IN_PROGRESS,0,12,1,3,0,0,0,0,0
77,22,2,11,IN_PROGRESS,0,9,3,3,0,0,0,0,0
77,23,7,12,IN_PROGRESS,0,14,1,2,0,0,0,0,0
77,24,4,22,IN_PROGRESS,0,0,2,3,0,0,0,0,0
77,25,5,22,IN_PROGRESS,0,0,2,3,0,0,0,0,0
77,26,6,22,IN_PROGRESS,0,0,2,4,0,0,0,0,0
77,27,16,17,IN_PROGRESS,1,9,3,6,0,0,0,0,0
77,28,8,13,IN_PROGRESS,0,9,1,1,0,0,0,0,0
77,29,14,15,IN_PROGRESS,0,0,4,7,0,0,0,0,0
77,30,12,9,IN_PROGRESS,0,15,2,4,0,0,0,0,0
77,31,11,22,IN_PROGRESS,0,0,1,5,0,0,0,0,0
77,32,12,18,IN_PROGRESS,0,4,1,7,0,0,0,0,0
77,33,20,11,IN_PROGRESS,0,18,0,2,0,0,0,0,0
77,34,14,21,IN_PROGRESS,0,1,1,5,0,0,0,0,0
77,35,15,22,IN_PROGRESS,0,0,1,3,0,0,0,0,0
77,36,16,8,IN_PROGRESS,0,0,2,4,0,0,0,0,0
77,37,17,16,IN_PROGRESS,1,15,3,5,0,0,0,0,0
77,38,18,20,IN_PROGRESS,0,20,0,5,0,0,0,0,0
77,39,10,21,IN_PROGRESS,0,10,1,4,0,0,0,0,0
77,40,24,4,IN_PROGRESS,1,0,0,0,0,0,0,0,0
77,41,21,22,IN_PROGRESS,0,0,1,2,0,0,0,0,0
77,42,15,16,IN_PROGRESS,1,7,4,7,0,0,0,0,0
77,43,23,21,IN_PROGRESS,0,1,1,1,0,0,0,0,0
78,0,2,1,IN_PROGRESS,0,0,2,2,0,0,0,0,0
78,1,2,12,IN_PROGRESS,0,12,2,3,0,0,0,0,0
78,2,4,1,IN_PROGRESS,0,0,1,2,0,0,0,0,0
78,3,14,13,IN_PROGRESS,0,21,3,8,1,0,0,0,0
78,4,2,8,IN_PROGRESS,0,11,3,5,0,0,0,0,0
78,5,5,8,IN_PROGRESS,1,12,2,4,1,0,0,0,0
78,6,19,6,IN_PROGRESS,1,26,1,6,0,0,0,0,0
78,7,13,9,IN_PROGRESS,0,12,2,5,0,0,0,0,0
78,8,12,5,IN_PROGRESS,0,21,0,5,0,0,0,0,0
78,9,6,6,IN_PROGRESS,1,8,1,1,0,0,0,0,0
78,10,3,10,IN_PROGRESS,0,6,3,4,0,0,0,0,0
78,11,14,8,IN_PROGRESS,1,0,2,6,0,0,0,0,0
78,12,12,14,IN_PROGRESS,1,7,3,6,0,0,0,0,0
78,13,2,4,IN_PROGRESS,0,16,1,3,0,0,0,0,0
78,14,4,18,IN_PROGRESS,1,0,0,2,0,0,0,0,0
78,15,17,4,IN_PROGRESS,0,3,1,5,0,0,0,0,0
78,16,16,6,IN_PROGRESS,1,15,3,5,0,0,0,0,0
78,17,15,15,IN_PROGRESS,1,12,4,7,4,0,0,1,0
78,18,19,2,IN_PROGRESS,0,2,1,3,0,0,0,0,0
78,19,22,10,IN_PROGRESS,1,6,0,1,0,0,0,0,0
78,20,13,2,IN_PROGRESS,0,10,0,1,0,0,0,0,0
78,21,20,3,IN_PROGRESS,0,11,1,4,0,0,0,0,0
78,22,2,10,IN_PROGRESS,0,8,3,4,0,0,0,0,0
78,23,7,13,IN_PROGRESS,0,13,1,1,0,0,0,0,0
78,24,4,22,IN_PROGRESS,0,0,2,3,0,0,0,0,0
78,25,5,22,IN_PROGRESS,0,0,2,3,0,0,0,0,0
78,26,6,22,IN_PROGRESS,0,23,2,3,1,0,0,0,0
78,27,15,17,IN_PROGRESS,1,8,5,8,0,0,0,0,0
78,28,8,14,IN_PROGRESS,0,8,1,2,0,0,0,0,0
78,29,14,15,IN_PROGRESS,1,0,5,7,0,0,0,0,0
78,30,12,10,IN_PROGRESS,0,14,1,5,0,0,0,0,0
78,31,11,22,IN_PROGRESS,0,0,2,4,0,0,0,0,0
78,32,12,17,IN_PROGRESS,0,3,2,7,0,0,0,0,0
78,33,19,11,IN_PROGRESS,0,17,0,2,0,0,0,0,0
78,34,14,22,IN_PROGRESS,0,0,2,3,0,0,0,0,0
78,35,15,22,IN_PROGRESS,0,0,1,4,0,0,0,0,0
78,36,16,8,IN_PROGRESS,1,0,2,5,0,0,0,0,0
78,37,17,17,IN_PROGRESS,1,14,3,6,0,0,0,0,0
78,38,18,19,IN_PROGRESS,0,19,1,3,0,0,0,0,0
78,39,11,21,IN_PROGRESS,0,9,1,4,0,0,0,0,0
78,40,24,4,IN_PROGRESS,0,0,0,1,0,0,0,0,0
78,41,21,22,IN_PROGRESS,0,0,1,1,0,0,0,0,0
78,42,16,16,IN_PROGRESS,1,6,4,7,0,0,0,0,0
78,43,23,22,IN_PROGRESS,0,0,1,1,0,0,0,0,0
79,0,2,1,IN_PROGRESS,0,0,2,2,0,0,0,0,0
79,1,2,11,IN_PROGRESS,0,11,2,3,0,0,0,0,0
79,2,4,1,IN_PROGRESS,0,12,1,2,1,0,0,0,0
79,3,14,12,IN_PROGRESS,0,20,3,8,0,0,0,0,0
79,4,2,7,IN_PROGRESS,0,10,2,6,0,0,0,0,0
79,5,5,7,IN_PROGRESS,1,11,2,3,0,0,0,0,0
79,6,18,6,IN_PROGRESS,1,25,2,5,0,0,0,0,0
79,7,12,9,IN_PROGRESS,0,11,3,6,0,0,0,0,0
79,8,12,6,IN_PROGRESS,0,20,2,4,0,0,0,0,0
79,9,5,6,IN_PROGRESS,1,7,1,2,0,0,0,0,0
79,10,3,11,IN_PROGRESS,0,5,2,3,0,0,0,0,0
79,11,14,8,IN_PROGRESS,1,14,3,6,1,0,0,0,0
79,12,12,13,IN_PROGRESS,1,6,2,5,0,0,0,0,0
79,13,2,3,IN_PROGRESS,0,15,1,3,0,0,0,0,0
79,14,4,18,IN_PROGRESS,1,0,0,3,0,0,0,0,0
79,15,17,5,IN_PROGRESS,0,2,2,4,0,0,0,0,0
79,16,15,6,IN_PROGRESS,1,14,5,6,0,0,0,0,0
79,17,15,16,IN_PROGRESS,1,11,4,7,0,0,0,0,0
79,18,20,2,IN_PROGRESS,0,1,1,1,0,0,0,0,0
79,19,22,11,IN_PROGRESS,1,5,0,1,0,0,0,0,0
79,20,14,2,IN_PROGRESS,0,9,0,1,0,0,0,0,0
79,21,19,3,IN_PROGRESS,0,10,1,3,0,0,0,0,0
79,22,2,9,IN_PROGRESS,0,7,3,4,0,0,0,0,0
79,23,7,14,IN_PROGRESS,0,12,1,1,0,0,0,0,0
79,24,4,22,IN_PROGRESS,0,0,2,3,0,0,0,0,0
79,25,5,22,IN_PROGRESS,0,0,2,3,0,0,0,0,0
79,26,6,21,IN_PROGRESS,0,22,2,3,0,0,0,0,0
79,27,14,17,IN_PROGRESS,1,7,4,8,0,0,0,0,0
79,28,8,15,IN_PROGRESS,0,7,1,2,0,0,0,0,0
79,29,14,15,IN_PROGRESS,1,17,3,7,1,0,0,0,0
79,30,12,11,IN_PROGRESS,0,13,3,5,0,0,0,0,0
79,31,11,22,IN_PROGRESS,0,0,2,4,0,0,0,0,0
79,32,11,17,IN_PROGRESS,0,2,1,8,0,0,0,0,0
79,33,18,11,IN_PROGRESS,0,16,0,4,0,0,0,0,0
79,34,14,22,IN_PROGRESS,0,0,3,4,0,0,0,0,0
79,35,15,22,IN_PROGRESS,0,0,1,3,0,0,0,0,0
79,36,16,8,IN_PROGRESS,1,0,2,6,0,0,0,0,0
79,37,16,17,IN_PROGRESS,1,13,4,6,0,0,0,0,0
79,38,18,18,IN_PROGRESS,0,18,2,4,0,0,0,0,0
79,39,12,21,IN_PROGRESS,0,8,2,4,0,0,0,0,0
79,40,24,4,IN_PROGRESS,0,22,0,0,1,0,0,0,0
79,41,21,22,IN_PROGRESS,0,33,1,1,1,0,0,0,0
79,42,17,16,IN_PROGRESS,1,5,3,5,0,0,0,0,0
79,43,23,22,IN_PROGRESS,0,0,1,1,0,0,0,0,0
80,0,2,1,IN_PROGRESS,0,0,2,3,0,0,0,0,0
80,1,2,10,IN_PROGRESS,0,10,2,3,0,0,0,0,0
80,2,4,2,IN_PROGRESS,0,11,2,3,0,0,0,0,0
80,3,14,11,IN_PROGRESS,0,19,2,8,0,0,0,0,0
80,4,2,6,IN_PROGRESS,0,9,2,6,0,0,0,0,0
80,5,6,7,IN_PROGRESS,1,10,1,3,0,0,0,0,0
80,6,17,6,IN_PROGRESS,1,24,3,6,0,0,0,0,0
80,7,12,8,IN_PROGRESS,0,10,2,6,0,0,0,0,0
80,8,13,6,IN_PROGRESS,0,19,3,5,0,0,0,0,0
80,9,4,6,IN_PROGRESS,1,6,2,4,0,0,0,0,0
80,10,3,12,IN_PROGRESS,0,4,1,2,0,0,0,0,0
80,11,14,7,IN_PROGRESS,1,13,4,6,0,0,0,0,0
80,12,13,13,IN_PROGRESS,1,5,3,5,0,0,0,0,0
80,13,2,2,IN_PROGRESS,0,14,2,3,0,0,0,0,0
80,14,4,18,IN_PROGRESS,1,0,0,3,0,0,0,0,0
80,15,18,5,IN_PROGRESS,0,1,2,4,0,0,0,0,0
80,16,14,6,IN_PROGRESS,1,13,3,8,0,0,0,0,0
80,17,16,16,IN_PROGRESS,1,10,3,6,0,0,0,0,0
80,18,20,1,IN_PROGRESS,0,0,0,1,0,0,0,0,0
80,19,22,12,IN_PROGRESS,1,4,0,1,0,0,0,0,0
80,20,15,2,IN_PROGRESS,0,8,0,2,0,0,0,0,0
80,21,18,3,IN_PROGRESS,0,9,1,4,0,0,0,0,0
80,22,2,8,IN_PROGRESS,0,6,2,5,0,0,0,0,0
80,23,7,15,IN_PROGRESS,0,11,1,2,0,0,0,0,0
80,24,4,22,IN_PROGRESS,0,0,2,3,0,0,0,0,0
80,25,5,22,IN_PROGRESS,0,0,2,3,0,0,0,0,0
80,26,5,21,IN_PROGRESS,0,21,2,3,0,0,0,0,0
80,27,13,17,IN_PROGRESS,1,6,3,7,0,0,0,0,0
80,28,8,16,IN_PROGRESS,0,6,2,2,0,0,0,0,0
80,29,13,15,IN_PROGRESS,1,16,3,8,0,0,0,0,0
80,30,12,12,IN_PROGRESS,0,12,2,5,0,0,0,0,0
80,31,11,22,IN_PROGRESS,0,0,2,3,0,0,0,0,0
80,32,11,16,IN_PROGRESS,0,1,3,8,0,0,0,0,0
80,33,18,12,IN_PROGRESS,0,15,0,4,0,0,0,0,0
80,34,14,22,IN_PROGRESS,0,9,3,3,1,0,0,0,0
80,35,15,22,IN_PROGRESS,0,0,2,4,0,0,0,0,0
80,36,16,8,IN_PROGRESS,1,0,2,7,0,0,0,0,0
80,37,15,17,IN_PROGRESS,1,12,3,7,0,0,0,0,0
80,38,18,17,IN_PROGRESS,0,17,3,5,0,0,0,0,0
80,39,13,21,IN_PROGRESS,0,7,3,4,0,0,0,0,0
80,40,23,4,IN_PROGRESS,0,21,0,0,0,0,0,0,0
80,41,21,21,IN_PROGRESS,0,32,1,1,0,0,0,0,0
80,42,17,15,IN_PROGRESS,1,4,2,5,0,0,0,0,0
80,43,23,22,IN_PROGRESS,0,10,1,1,1,0,0,0,0
81,0,2,1,IN_PROGRESS,0,0,1,3,0,0,0,0,0
81,1,2,9,IN_PROGRESS,0,9,1,4,0,0,0,0,0
81,2,4,3,IN_PROGRESS,0,10,1,4,0,0,0,0,0
81,3,13,11,IN_PROGRESS,0,18,2,6,0,0,0,0,0
81,4,2,5,IN_PROGRESS,0,8,2,6,0,0,0,0,0
81,5,7,7,IN_PROGRESS,1,9,0,3,0,0,0,0,0
81,6,16,6,IN_PROGRESS,1,23,3,8,0,0,0,0,0
81,7,12,7,IN_PROGRESS,0,9,3,7,0,0,0,0,0
81,8,13,7,IN_PROGRESS,0,18,3,7,0,0,0,0,0
81,9,3,6,IN_PROGRESS,1,5,2,6,0,0,0,0,0
81,10,3,13,IN_PROGRESS,0,3,0,1,0,0,0,0,0
81,11,15,7,IN_PROGRESS,1,12,5,5,0,0,0,0,0
81,12,13,12,IN_PROGRESS,1,4,2,6,0,0,0,0,0
81,13,3,2,IN_PROGRESS,0,13,2,4,0,0,0,0,0
81,14,4,18,IN_PROGRESS,1,0,1,5,0,0,0,0,0
81,15,19,5,IN_PROGRESS,0,0,0,4,0,0,0,0,0
81,16,14,6,IN_PROGRESS,1,12,4,5,1,0,0,0,0
81,17,17,16,IN_PROGRESS,1,9,2,5,0,0,0,0,0
81,18,20,1,IN_PROGRESS,0,0,0,3,0,0,0,0,0
81,19,22,13,IN_PROGRESS,1,3,0,1,0,0,0,0,0
81,20,16,2,IN_PROGRESS,0,7,1,3,0,0,0,0,0
81,21,17,3,IN_PROGRESS,0,8,1,4,0,0,0,0,0
81,22,2,7,IN_PROGRESS,0,5,3,4,0,0,0,0,0
81,23,7,16,IN_PROGRESS,0,10,1,3,0,0,0,0,0
81,24,4,22,IN_PROGRESS,0,0,2,3,0,0,0,0,0
81,25,5,22,IN_PROGRESS,0,0,2,3,0,0,0,0,0
81,26,4,21,IN_PROGRESS,0,20,3,3,0,0,0,0,0
81,27,13,16,IN_PROGRESS,1,5,3,8,0,0,0,0,0
81,28,8,17,IN_PROGRESS,0,5,1,3,0,0,0,0,0
81,29,12,15,IN_PROGRESS,1,15,3,6,0,0,0,0,0
81,30,12,13,IN_PROGRESS,0,11,4,5,0,0,0,0,0
81,31,11,22,IN_PROGRESS,0,0,1,3,0,0,0,0,0
81,32,11,15,IN_PROGRESS,0,0,3,7,0,0,0,0,0
81,33,18,13,IN_PROGRESS,0,14,2,4,0,0,0,0,0
81,34,14,22,IN_PROGRESS,0,8,3,4,2,0,0,1,0
81,35,15,22,IN_PROGRESS,0,0,2,3,0,0,0,0,0
81,36,16,8,IN_PROGRESS,1,0,2,5,0,0,0,0,0
81,37,14,17,IN_PROGRESS,1,11,1,7,0,0,0,0,0
81,38,18,16,IN_PROGRESS,0,16,3,5,0,0,0,0,0
81,39,14,21,IN_PROGRESS,0,6,2,4,0,0,0,0,0
81,40,23,5,IN_PROGRESS,0,20,0,1,0,0,0,0,0
81,41,20,21,IN_PROGRESS,0,31,1,1,0,0,0,0,0
81,42,17,14,IN_PROGRESS,1,3,3,3,0,0,0,0,0
81,43,23,21,IN_PROGRESS,0,9,1,1,0,0,0,0,0
82,0,2,1,IN_PROGRESS,0,0,3,4,0,0,0,0,0
82,1,2,8,IN_PROGRESS,0,8,2,4,0,0,0,0,0
82,2,3,3,IN_PROGRESS,0,9,3,5,0,0,0,0,0
82,3,12,11,IN_PROGRESS,0,17,2,7,0,0,0,0,0
82,4,2,4,IN_PROGRESS,0,7,3,6,0,0,0,0,0
82,5,7,8,IN_PROGRESS,1,8,0,2,0,0,0,0,0
82,6,15,6,IN_PROGRESS,1,22,4,7,0,0,0,0,0
82,7,12,6,IN_PROGRESS,0,8,3,5,0,0,0,0,0
82,8,13,8,IN_PROGRESS,0,17,3,7,0,0,0,0,0
82,9,3,7,IN_PROGRESS,1,4,2,5,0,0,0,0,0
82,10,3,14,IN_PROGRESS,0,2,0,2,0,0,0,0,0
82,11,16,7,IN_PROGRESS,1,11,2,7,0,0,0,0,0
82,12,14,12,IN_PROGRESS,1,3,1,5,0,0,0,0,0
82,13,4,2,IN_PROGRESS,0,12,2,3,0,0,0,0,0
82,14,4,18,IN_PROGRESS,1,0,0,6,0,0,0,0,0
82,15,19,5,IN_PROGRESS,1,0,0,6,0,0,0,0,0
82,16,13,6,IN_PROGRESS,1,11,3,5,0,0,0,0,0
82,17,17,15,IN_PROGRESS,1,8,3,4,0,0,0,0,0
82,18,20,1,IN_PROGRESS,0,18,0,2,1,0,0,0,0
82,19,22,14,IN_PROGRESS,1,2,0,2,0,0,0,0,0
82,20,17,2,IN_PROGRESS,0,6,1,3,0,0,0,0,0
82,21,16,3,IN_PROGRESS,0,7,1,5,0,0,0,0,0
82,22,2,6,IN_PROGRESS,0,4,3,5,0,0,0,0,0
82,23,6,16,IN_PROGRESS,0,9,0,3,0,0,0,0,0
82,24,4,22,IN_PROGRESS,0,0,2,3,0,0,0,0,0
82,25,5,22,IN_PROGRESS,0,0,2,3,0,0,0,0,0
82,26,3,21,IN_PROGRESS,0,19,2,3,0,0,0,0,0
82,27,13,15,IN_PROGRESS,1,4,4,7,0,0,0,0,0
82,28,8,18,IN_PROGRESS,0,4,0,2,0,0,0,0,0
82,29,12,16,IN_PROGRESS,1,14,4,5,0,0,0,0,0
82,30,12,14,IN_PROGRESS,0,10,4,6,0,0,0,0,0
82,31,11,22,IN_PROGRESS,0,0,1,3,0,0,0,0,0
82,32,11,15,IN_PROGRESS,1,0,3,5,0,0,0,0,0
82,33,18,14,IN_PROGRESS,0,13,3,4,0,0,0,0,0
82,34,14,22,IN_PROGRESS,0,7,3,3,3,0,0,1,0
82,35,15,22,IN_PROGRESS,0,0,2,4,0,0,0,0,0
82,36,16,8,IN_PROGRESS,1,0,3,5,0,0,0,0,0
82,37,13,17,IN_PROGRESS,1,10,2,4,0,0,0,0,0
82,38,19,16,IN_PROGRESS,0,15,2,5,0,0,0,0,0
82,39,15,21,IN_PROGRESS,0,5,2,4,0,0,0,0,0
82,40,23,6,IN_PROGRESS,0,19,0,1,0,0,0,0,0
82,41,19,21,IN_PROGRESS,0,30,1,4,0,0,0,0,0
82,42,17,13,IN_PROGRESS,1,2,2,4,0,0,0,0,0
82,43,22,21,IN_PROGRESS,0,8,1,1,0,0,0,0,0
83,0,2,1,IN_PROGRESS,0,0,1,3,0,0,0,0,0
83,1,3,8,IN_PROGRESS,0,7,2,4,0,0,0,0,0
83,2,3,4,IN_PROGRESS,0,8,2,6,0,0,0,0,0
83,3,11,11,IN_PROGRESS,0,16,0,6,0,0,0,0,0
83,4,2,3,IN_PROGRESS,0,6,2,5,0,0,0,0,0
83,5,7,9,IN_PROGRESS,1,7,0,1,0,0,0,0,0
83,6,14,6,IN_PROGRESS,1,21,3,6,0,0,0,0,0
83,7,12,5,IN_PROGRESS,0,7,2,5,0,0,0,0,0
83,8,13,9,IN_PROGRESS,0,16,1,7,0,0,0,0,0
83,9,2,7,IN_PROGRESS,1,3,2,4,0,0,0,0,0
83,10,3,15,IN_PROGRESS,0,1,1,3,0,0,0,0,0
83,11,16,6,IN_PROGRESS,1,10,2,6,0,0,0,0,0
83,12,15,12,IN_PROGRESS,1,2,0,6,0,0,0,0,0
83,13,5,2,IN_PROGRESS,0,11,0,3,0,0,0,0,0
83,14,4,18,IN_PROGRESS,1,0,2,6,0,0,0,0,0
83,15,19,5,IN_PROGRESS,1,12,0,3,1,0,0,0,0
83,16,13,7,IN_PROGRESS,1,10,3,5,0,0,0,0,0
83,17,17,14,IN_PROGRESS,1,7,2,5,0,0,0,0,0
83,18,20,2,IN_PROGRESS,0,17,1,2,0,0,0,0,0
83,19,23,14,IN_PROGRESS,1,1,0,1,0,0,0,0,0
83,20,18,2,IN_PROGRESS,0,5,1,3,0,0,0,0,0
83,21,15,3,IN_PROGRESS,0,6,0,4,0,0,0,0,0
83,22,3,6,IN_PROGRESS,0,3,3,4,0,0,0,0,0
83,23,5,16,IN_PROGRESS,0,8,2,2,0,0,0,0,0
83,24,4,22,IN_PROGRESS,0,0,2,3,0,0,0,0,0
83,25,5,22,IN_PROGRESS,0,31,1,3,1,0,0,0,0
83,26,3,20,IN_PROGRESS,0,18,2,4,0,0,0,0,0
83,27,13,14,IN_PROGRESS,1,3,3,8,0,0,0,0,0
83,28,8,19,IN_PROGRESS,0,3,0,1,0,0,0,0,0
83,29,11,16,IN_PROGRESS,1,13,3,5,0,0,0,0,0
83,30,12,15,IN_PROGRESS,0,9,4,5,0,0,0,0,0
83,31,11,22,IN_PROGRESS,0,0,0,2,0,0,0,0,0
83,32,11,15,IN_PROGRESS,1,0,4,5,0,0,0,0,0
83,33,18,15,IN_PROGRESS,0,12,3,3,0,0,0,0,0
83,34,14,21,IN_PROGRESS,0,6,2,4,0,0,0,0,0
83,35,15,22,IN_PROGRESS,0,0,2,4,0,0,0,0,0
83,36,16,8,IN_PROGRESS,1,0,1,5,0,0,0,0,0
83,37,13,16,IN_PROGRESS,1,9,4,4,0,0,0,0,0
83,38,20,16,IN_PROGRESS,0,14,1,4,0,0,0,0,0
83,39,16,21,IN_PROGRESS,0,4,3,3,0,0,0,0,0
83,40,23,7,IN_PROGRESS,0,18,0,0,0,0,0,0,0
83,41,18,21,IN_PROGRESS,0,29,1,4,0,0,0,0,0
83,42,18,13,IN_PROGRESS,1,1,2,4,0,0,0,0,0
83,43,22,20,IN_PROGRESS,0,7,0,1,0,0,0,0,0
84,0,2,1,IN_PROGRESS,0,0,1,3,0,0,0,0,0
84,1,3,7,IN_PROGRESS,0,6,3,3,0,0,0,0,0
84,2,3,5,IN_PROGRESS,0,7,2,5,0,0,0,0,0
84,3,10,11,IN_PROGRESS,0,15,0,5,0,0,0,0,0
84,4,2,2,IN_PROGRESS,0,5,1,3,0,0,0,0,0
84,5,7,10,IN_PROGRESS,1,6,0,1,0,0,0,0,0
84,6,13,6,IN_PROGRESS,1,20,2,6,0,0,0,0,0
84,7,12,4,IN_PROGRESS,0,6,3,3,0,0,0,0,0
84,8,13,10,IN_PROGRESS,0,15,0,7,0,0,0,0,0
84,9,1,7,IN_PROGRESS,1,2,1,3,0,0,0,0,0
84,10,4,15,IN_PROGRESS,0,0,2,3,0,0,0,0,0
84,11,17,6,IN_PROGRESS,1,9,2,3,0,0,0,0,0
84,12,15,13,IN_PROGRESS,1,1,1,6,0,0,0,0,0
84,13,6,2,IN_PROGRESS,0,10,0,2,0,0,0,0,0
84,14,4,18,IN_PROGRESS,1,0,3,5,0,0,0,0,0
84,15,18,5,IN_PROGRESS,1,11,1,4,0,0,0,0,0
84,16,12,7,IN_PROGRESS,1,9,2,4,0,0,0,0,0
84,17,17,13,IN_PROGRESS,1,6,3,3,0,0,0,0,0
84,18,20,3,IN_PROGRESS,0,16,1,2,0,0,0,0,0
84,19,24,14,IN_PROGRESS,1,0,0,1,0,0,0,0,0
84,20,19,2,IN_PROGRESS,0,4,1,2,0,0,0,0,0
84,21,14,3,IN_PROGRESS,0,5,1,2,0,0,0,0,0
84,22,4,6,IN_PROGRESS,0,2,2,3,0,0,0,0,0
84,23,4,16,IN_PROGRESS,0,7,2,3,0,0,0,0,0
84,24,4,22,IN_PROGRESS,0,0,1,3,0,0,0,0,0
84,25,5,21,IN_PROGRESS,0,30,1,4,0,0,0,0,0
84,26,3,19,IN_PROGRESS,0,17,1,5,0,0,0,0,0
84,27,12,14,IN_PROGRESS,1,2,3,7,0,0,0,0,0
84,28,8,20,IN_PROGRESS,0,2,0,2,0,0,0,0,0
84,29,10,16,IN_PROGRESS,1,12,2,5,0,0,0,0,0
84,30,12,16,IN_PROGRESS,0,8,4,4,0,0,0,0,0
84,31,11,22,IN_PROGRESS,0,0,1,3,0,0,0,0,0
84,32,11,15,IN_PROGRESS,1,0,4,5,0,0,0,0,0
84,33,17,15,IN_PROGRESS,0,11,1,5,0,0,0,0,0
84,34,13,21,IN_PROGRESS,0,5,2,3,0,0,0,0,0
84,35,15,22,IN_PROGRESS,0,0,2,4,0,0,0,0,0
84,36,16,8,IN_PROGRESS,1,0,1,5,0,0,0,0,0
84,37,13,15,IN_PROGRESS,1,8,3,7,0,0,0,0,0
84,38,21,16,IN_PROGRESS,0,13,0,4,0,0,0,0,0
84,39,17,21,IN_PROGRESS,0,3,2,3,0,0,0,0,0
84,40,23,8,IN_PROGRESS,0,17,0,0,0,0,0,0,0
84,41,18,20,IN_PROGRESS,0,28,1,3,0,0,0,0,0
84,42,19,13,IN_PROGRESS,1,0,1,4,0,0,0,0,0
84,43,22,19,IN_PROGRESS,0,6,0,2,0,0,0,0,0
85,0,2,1,IN_PROGRESS,0,0,1,2,0,0,0,0,0
85,1,3,6,IN_PROGRESS,0,5,2,4,0,0,0,0,0
85,2,2,5,IN_PROGRESS,0,6,1,5,0,0,0,0,0
85,3,9,11,IN_PROGRESS,0,14,1,4,0,0,0,0,0
85,4,3,2,IN_PROGRESS,0,4,1,4,0,0,0,0,0
85,5,7,11,IN_PROGRESS,1,5,1,1,0,0,0,0,0
85,6,12,6,IN_PROGRESS,1,19,2,3,0,0,0,0,0
85,7,12,3,IN_PROGRESS,0,5,2,3,0,0,0,0,0
85,8,13,11,IN_PROGRESS,0,14,1,4,0,0,0,0,0
85,9,1,8,IN_PROGRESS,1,1,0,2,0,0,0,0,0
85,10,4,15,IN_PROGRESS,1,0,2,3,0,0,0,0,0
85,11,18,6,IN_PROGRESS,1,8,1,3,0,0,0,0,0
85,12,16,13,IN_PROGRESS,1,0,2,6,0,0,0,0,0
85,13,7,2,IN_PROGRESS,0,9,0,1,0,0,0,0,0
85,14,4,18,IN_PROGRESS,1,0,4,5,0,0,0,0,0
85,15,17,5,IN_PROGRESS,1,10,1,3,0,0,0,0,0
85,16,11,7,IN_PROGRESS,1,8,1,2,0,0,0,0,0
85,17,18,13,IN_PROGRESS,1,5,2,3,0,0,0,0,0
85,18,19,3,IN_PROGRESS,0,15,1,3,0,0,0,0,0
85,19,24,14,IN_PROGRESS,0,0,0,1,0,0,0,0,0
85,20,20,2,IN_PROGRESS,0,3,1,1,0,0,0,0,0
85,21,13,3,IN_PROGRESS,0,4,1,2,0,0,0,0,0
85,22,5,6,IN_PROGRESS,0,1,1,2,0,0,0,0,0
85,23,3,16,IN_PROGRESS,0,6,3,3,0,0,0,0,0
85,24,4,22,IN_PROGRESS,0,0,1,4,0,0,0,0,0
85,25,5,20,IN_PROGRESS,0,29,2,4,0,0,0,0,0
85,26,3,18,IN_PROGRESS,0,16,2,5,0,0,0,0,0
85,27,12,13,IN_PROGRESS,1,1,3,6,0,0,0,0,0
85,28,8,21,IN_PROGRESS,0,1,0,3,0,0,0,0,0
85,29,9,16,IN_PROGRESS,1,11,1,4,0,0,0,0,0
85,30,12,17,IN_PROGRESS,0,7,2,5,0,0,0,0,0
85,31,11,22,IN_PROGRESS,0,0,0,3,0,0,0,0,0
85,32,11,15,IN_PROGRESS,1,0,4,4,0,0,0,0,0
85,33,17,16,IN_PROGRESS,0,10,0,5,0,0,0,0,0
85,34,13,20,IN_PROGRESS,0,4,0,4,0,0,0,0,0
85,35,15,22,IN_PROGRESS,0,0,0,4,0,0,0,0,0
85,36,16,8,IN_PROGRESS,1,0,0,3,0,0,0,0,0
85,37,12,15,IN_PROGRESS,1,7,3,5,0,0,0,0,0
85,38,22,16,IN_PROGRESS,0,12,1,3,0,0,0,0,0
85,39,18,21,IN_PROGRESS,0,2,1,2,0,0,0,0,0
85,40,23,9,IN_PROGRESS,0,16,0,0,0,0,0,0,0
85,41,17,20,IN_PROGRESS,0,27,1,4,0,0,0,0,0
85,42,19,13,IN_PROGRESS,0,0,2,3,0,0,0,0,0
85,43,22,18,IN_PROGRESS,0,5,1,1,0,0,0,0,0
86,0,2,1,IN_PROGRESS,0,0,1,3,0,0,0,0,0
86,1,3,5,IN_PROGRESS,0,4,2,4,0,0,0,0,0
86,2,2,6,IN_PROGRESS,0,5,1,4,0,0,0,0,0
86,3,8,11,IN_PROGRESS,0,13,1,3,0,0,0,0,0
86,4,4,2,IN_PROGRESS,0,3,1,4,0,0,0,0,0
86,5,6,11,IN_PROGRESS,1,4,1,1,0,0,0,0,0
86,6,11,6,IN_PROGRESS,1,18,2,3,0,0,0,0,0
86,7,11,3,IN_PROGRESS,0,4,2,4,0,0,0,0,0
86,8,13,12,IN_PROGRESS,0,13,2,5,0,0,0,0,0
86,9,1,9,IN_PROGRESS,1,0,0,1,0,0,0,0,0
86,10,4,15,IN_PROGRESS,1,0,2,4,0,0,0,0,0
86,11,19,6,IN_PROGRESS,1,7,1,3,0,0,0,0,0
86,12,16,13,IN_PROGRESS,0,0,2,7,0,0,0,0,0
86,13,8,2,IN_PROGRESS,0,8,0,2,0,0,0,0,0
86,14,4,18,IN_PROGRESS,1,0,3,5,0,0,0,0,0
86,15,17,6,IN_PROGRESS,1,9,2,3,0,0,0,0,0
86,16,10,7,IN_PROGRESS,1,7,1,2,0,0,0,0,0
86,17,18,12,IN_PROGRESS,1,4,2,3,0,0,0,0,0
86,18,18,3,IN_PROGRESS,0,14,0,3,0,0,0,0,0
86,19,24,14,IN_PROGRESS,0,16,1,3,1,0,0,0,0
86,20,21,2,IN_PROGRESS,0,2,0,1,0,0,0,0,0
86,21,13,4,IN_PROGRESS,0,3,1,2,0,0,0,0,0
86,22,5,5,IN_PROGRESS,0,0,1,3,0,0,0,0,0
86,23,3,17,IN_PROGRESS,0,5,3,3,0,0,0,0,0
86,24,4,22,IN_PROGRESS,0,0,0,3,0,0,0,0,0
86,25,6,20,IN_PROGRESS,0,28,0,3,0,0,0,0,0
86,26,2,18,IN_PROGRESS,0,15,2,3,0,0,0,0,0
86,27,11,13,IN_PROGRESS,1,0,3,5,0,0,0,0,0
86,28,8,22,IN_PROGRESS,0,0,1,3,0,0,0,0,0
86,29,8,16,IN_PROGRESS,1,10,0,3,0,0,0,0,0
86,30,12,18,IN_PROGRESS,0,6,1,4,0,0,0,0,0
86,31,11,22,IN_PROGRESS,0,0,1,4,0,0,0,0,0
86,32,11,15,IN_PROGRESS,1,0,2,5,0,0,0,0,0
86,33,17,17,IN_PROGRESS,0,9,0,3,0,0,0,0,0
86,34,13,19,IN_PROGRESS,0,3,1,4,0,0,0,0,0
86,35,15,22,IN_PROGRESS,0,0,1,4,0,0,0,0,0
86,36,16,8,IN_PROGRESS,1,14,1,3,1,0,0,0,0
86,37,12,14,IN_PROGRESS,1,6,3,5,0,0,0,0,0
86,38,22,15,IN_PROGRESS,0,11,2,3,0,0,0,0,0
86,39,19,21,IN_PROGRESS,0,1,0,2,0,0,0,0,0
86,40,23,10,IN_PROGRESS,0,15,0,1,0,0,0,0,0
86,41,16,20,IN_PROGRESS,0,26,1,4,0,0,0,0,0
86,42,19,13,IN_PROGRESS,0,14,2,3,1,0,0,0,0
86,43,22,17,IN_PROGRESS,0,4,1,3,0,0,0,0,0
87,0,2,1,IN_PROGRESS,0,0,0,2,0,0,0,0,0
87,1,3,4,IN_PROGRESS,0,3,1,4,0,0,0,0,0
87,2,2,7,IN_PROGRESS,0,4,1,3,0,0,0,0,0
87,3,8,10,IN_PROGRESS,0,12,0,2,0,0,0,0,0
87,4,5,2,IN_PROGRESS,0,2,1,4,0,0,0,0,0
87,5,5,11,IN_PROGRESS,1,3,0,2,0,0,0,0,0
87,6,10,6,IN_PROGRESS,1,17,2,4,0,0,0,0,0
87,7,10,3,IN_PROGRESS,0,3,3,4,0,0,0,0,0
87,8,13,13,IN_PROGRESS,0,12,3,6,0,0,0,0,0
87,9,1,9,IN_PROGRESS,0,0,1,1,0,0,0,0,0
87,10,4,15,IN_PROGRESS,1,0,1,5,0,0,0,0,0
87,11,20,6,IN_PROGRESS,1,6,0,2,0,0,0,0,0
87,12,16,13,IN_PROGRESS,0,18,2,5,1,0,0,0,0
87,13,9,2,IN_PROGRESS,0,7,1,5,0,0,0,0,0
87,14,4,18,IN_PROGRESS,1,0,3,6,0,0,0,0,0
87,15,16,6,IN_PROGRESS,1,8,1,3,0,0,0,0,0
87,16,9,7,IN_PROGRESS,1,6,1,4,0,0,0,0,0
87,17,19,12,IN_PROGRESS,1,3,1,4,0,0,0,0,0
87,18,17,3,IN_PROGRESS,0,13,0,2,0,0,0,0,0
87,19,24,13,IN_PROGRESS,0,15,2,2,0,0,0,0,0
87,20,22,2,IN_PROGRESS,0,1,0,0,0,0,0,0,0
87,21,12,4,IN_PROGRESS,0,2,1,3,0,0,0,0,0
87,22,5,5,IN_PROGRESS,1,0,2,3,0,0,0,0,0
87,23,3,18,IN_PROGRESS,0,4,2,4,0,0,0,0,0
87,24,4,22,IN_PROGRESS,0,0,0,4,0,0,0,0,0
87,25,7,20,IN_PROGRESS,0,27,1,4,0,0,0,0,0
87,26,2,17,IN_PROGRESS,0,14,2,3,0,0,0,0,0
87,27,11,13,IN_PROGRESS,0,0,3,4,0,0,0,0,0
87,28,8,22,IN_PROGRESS,0,0,2,3,0,0,0,0,0
87,29,7,16,IN_PROGRESS,1,9,0,4,0,0,0,0,0
87,30,12,19,IN_PROGRESS,0,5,1,4,0,0,0,0,0
87,31,11,22,IN_PROGRESS,0,0,1,3,0,0,0,0,0
87,32,11,15,IN_PROGRESS,1,0,2,6,0,0,0,0,0
87,33,17,18,IN_PROGRESS,0,8,0,3,0,0,0,0,0
87,34,13,18,IN_PROGRESS,0,2,1,5,0,0,0,0,0
87,35,15,22,IN_PROGRESS,0,0,1,3,0,0,0,0,0
87,36,17,8,IN_PROGRESS,1,13,1,3,0,0,0,0,0
87,37,12,13,IN_PROGRESS,1,5,3,4,0,0,0,0,0
87,38,22,14,IN_PROGRESS,0,10,1,5,0,0,0,0,0
87,39,19,22,IN_PROGRESS,0,0,0,1,0,0,0,0,0
87,40,23,11,IN_PROGRESS,0,14,1,3,0,0,0,0,0
87,41,15,20,IN_PROGRESS,0,25,1,4,0,0,0,0,0
87,42,18,13,IN_PROGRESS,0,13,2,4,0,0,0,0,0
87,43,21,17,IN_PROGRESS,0,3,0,2,0,0,0,0,0
