t,robot_id,x,y,state,held_item,path_length,local_density_3,local_density_5,stuck_duration,collision_vertex,collision_edge,is_stuck,is_deadlocked
1,0,2,1,AVAILABLE,0,0,3,5,0,0,0,0,0
1,1,3,1,AVAILABLE,0,0,4,6,0,0,0,0,0
1,2,4,1,AVAILABLE,0,0,5,7,0,0,0,0,0
1,3,5,1,AVAILABLE,0,0,6,8,0,0,0,0,0
1,4,6,1,AVAILABLE,0,0,6,9,0,0,0,0,0
1,5,7,1,AVAILABLE,0,0,6,10,0,0,0,0,0
1,6,8,1,AVAILABLE,0,0,6,10,0,0,0,0,0
1,7,9,1,AVAILABLE,0,0,6,10,0,0,0,0,0
1,8,10,1,AVAILABLE,0,0,6,10,0,0,0,0,0
1,9,11,1,AVAILABLE,0,0,6,10,0,0,0,0,0
1,10,12,1,AVAILABLE,0,0,6,10,0,0,0,0,0
1,11,13,1,AVAILABLE,0,0,6,10,0,0,0,0,0
1,12,14,1,AVAILABLE,0,0,6,10,0,0,0,0,0
1,13,15,1,AVAILABLE,0,0,6,10,0,0,0,0,0
1,14,16,1,AVAILABLE,0,0,6,10,0,0,0,0,0
1,15,17,1,AVAILABLE,0,0,6,10,0,0,0,0,0
1,16,18,1,AVAILABLE,0,0,6,10,0,0,0,0,0
1,17,19,1,AVAILABLE,0,0,6,9,0,0,0,0,0
1,18,20,1,AVAILABLE,0,0,6,8,0,0,0,0,0
1,19,21,1,AVAILABLE,0,0,5,7,0,0,0,0,0
1,20,22,1,AVAILABLE,0,0,4,6,0,0,0,0,0
1,21,23,1,AVAILABLE,0,0,3,5,0,0,0,0,0
1,22,2,22,AVAILABLE,0,0,3,5,0,0,0,0,0
1,23,3,22,AVAILABLE,0,0,4,6,0,0,0,0,0
1,24,4,22,AVAILABLE,0,0,5,7,0,0,0,0,0
1,25,5,22,AVAILABLE,0,0,6,8,0,0,0,0,0
1,26,6,22,AVAILABLE,0,0,6,9,0,0,0,0,0
1,27,7,22,AVAILABLE,0,0,6,10,0,0,0,0,0
1,28,8,22,AVAILABLE,0,0,6,10,0,0,0,0,0
1,29,9,22,AVAILABLE,0,0,6,10,0,0,0,0,0
1,30,10,22,AVAILABLE,0,0,6,10,0,0,0,0,0
1,31,11,22,AVAILABLE,0,0,6,10,0,0,0,0,0
1,32,12,22,AVAILABLE,0,0,6,10,0,0,0,0,0
1,33,13,22,AVAILABLE,0,0,6,10,0,0,0,0,0
1,34,14,22,AVAILABLE,0,0,6,10,0,0,0,0,0
1,35,15,22,AVAILABLE,0,0,6,10,0,0,0,0,0
1,36,16,22,AVAILABLE,0,0,6,10,0,0,0,0,0
1,37,17,22,AVAILABLE,0,0,6,10,0,0,0,0,0
1,38,18,22,AVAILABLE,0,0,6,10,0,0,0,0,0
1,39,19,22,AVAILABLE,0,0,6,9,0,0,0,0,0
1,40,20,22,AVAILABLE,0,0,6,8,0,0,0,0,0
1,41,21,22,AVAILABLE,0,0,5,7,0,0,0,0,0
1,42,22,22,AVAILABLE,0,0,4,6,0,0,0,0,0
1,43,23,22,AVAILABLE,0,0,3,5,0,0,0,0,0
2,0,2,1,AVAILABLE,0,0,3,5,0,0,0,0,0
2,1,3,1,AVAILABLE,0,0,4,6,0,0,0,0,0
2,2,4,1,AVAILABLE,0,0,5,7,0,0,0,0,0
2,3,5,1,AVAILABLE,0,0,6,8,0,0,0,0,0
2,4,6,1,AVAILABLE,0,0,6,9,0,0,0,0,0
2,5,7,1,AVAILABLE,0,0,6,10,0,0,0,0,0
2,6,8,1,AVAILABLE,0,0,6,10,0,0,0,0,0
2,7,9,1,AVAILABLE,0,0,6,10,0,0,0,0,0
2,8,10,1,AVAILABLE,0,0,6,10,0,0,0,0,0
2,9,11,1,AVAILABLE,0,0,6,10,0,0,0,0,0
2,10,12,1,AVAILABLE,0,0,6,10,0,0,0,0,0
2,11,13,1,AVAILABLE,0,0,6,10,0,0,0,0,0
2,12,14,1,AVAILABLE,0,0,6,10,0,0,0,0,0
2,13,15,1,AVAILABLE,0,0,6,10,0,0,0,0,0
2,14,16,1,AVAILABLE,0,0,6,10,0,0,0,0,0
2,15,17,1,AVAILABLE,0,0,6,10,0,0,0,0,0
2,16,18,1,AVAILABLE,0,0,6,10,0,0,0,0,0
2,17,19,1,AVAILABLE,0,0,6,9,0,0,0,0,0
2,18,20,1,AVAILABLE,0,0,6,8,0,0,0,0,0
2,19,21,1,AVAILABLE,0,0,5,7,0,0,0,0,0
2,20,22,1,AVAILABLE,0,0,4,6,0,0,0,0,0
2,21,23,1,AVAILABLE,0,0,3,5,0,0,0,0,0
2,22,2,22,AVAILABLE,0,0,3,5,0,0,0,0,0
2,23,3,22,AVAILABLE,0,0,4,6,0,0,0,0,0
2,24,4,22,AVAILABLE,0,0,5,7,0,0,0,0,0
2,25,5,22,AVAILABLE,0,0,6,8,0,0,0,0,0
2,26,6,22,AVAILABLE,0,0,6,9,0,0,0,0,0
2,27,7,22,AVAILABLE,0,0,6,10,0,0,0,0,0
2,28,8,22,AVAILABLE,0,0,6,10,0,0,0,0,0
2,29,9,22,AVAILABLE,0,0,6,10,0,0,0,0,0
2,30,10,22,AVAILABLE,0,0,6,10,0,0,0,0,0
2,31,11,22,AVAILABLE,0,0,6,10,0,0,0,0,0
2,32,12,22,AVAILABLE,0,0,6,10,0,0,0,0,0
2,33,13,22,AVAILABLE,0,0,6,10,0,0,0,0,0
2,34,14,22,AVAILABLE,0,0,6,10,0,0,0,0,0
2,35,15,22,AVAILABLE,0,0,6,10,0,0,0,0,0
2,36,16,22,AVAILABLE,0,0,6,10,0,0,0,0,0
2,37,17,22,AVAILABLE,0,0,6,10,0,0,0,0,0
2,38,18,22,AVAILABLE,0,0,6,10,0,0,0,0,0
2,39,19,22,AVAILABLE,0,0,6,9,0,0,0,0,0
2,40,20,22,AVAILABLE,0,0,6,8,0,0,0,0,0
2,41,21,22,AVAILABLE,0,0,5,7,0,0,0,0,0
2,42,22,22,AVAILABLE,0,0,4,6,0,0,0,0,0
2,43,23,22,AVAILABLE,0,0,3,5,0,0,0,0,0
3,0,2,1,AVAILABLE,0,0,3,5,0,0,0,0,0
3,1,3,1,AVAILABLE,0,0,4,6,0,0,0,0,0
3,2,4,1,AVAILABLE,0,0,5,7,0,0,0,0,0
3,3,5,1,AVAILABLE,0,0,6,8,0,0,0,0,0
3,4,6,1,AVAILABLE,0,0,6,9,0,0,0,0,0
3,5,7,1,AVAILABLE,0,0,6,10,0,0,0,0,0
3,6,8,1,AVAILABLE,0,0,6,10,0,0,0,0,0
3,7,9,1,AVAILABLE,0,0,6,10,0,0,0,0,0
3,8,10,1,AVAILABLE,0,0,6,10,0,0,0,0,0
3,9,11,1,AVAILABLE,0,0,6,10,0,0,0,0,0
3,10,12,1,AVAILABLE,0,0,6,10,0,0,0,0,0
3,11,13,1,AVAILABLE,0,0,6,10,0,0,0,0,0
3,12,14,1,AVAILABLE,0,0,6,10,0,0,0,0,0
3,13,15,1,AVAILABLE,0,0,6,10,0,0,0,0,0
3,14,16,1,AVAILABLE,0,0,6,10,0,0,0,0,0
3,15,17,1,AVAILABLE,0,0,6,10,0,0,0,0,0
3,16,18,1,AVAILABLE,0,0,6,10,0,0,0,0,0
3,17,19,1,AVAILABLE,0,0,6,9,0,0,0,0,0
3,18,20,1,AVAILABLE,0,0,6,8,0,0,0,0,0
3,19,21,1,AVAILABLE,0,0,5,7,0,0,0,0,0
3,20,22,1,AVAILABLE,0,0,4,6,0,0,0,0,0
3,21,23,1,AVAILABLE,0,0,3,5,0,0,0,0,0
3,22,2,22,AVAILABLE,0,0,3,5,0,0,0,0,0
3,23,3,22,AVAILABLE,0,0,4,6,0,0,0,0,0
3,24,4,22,AVAILABLE,0,0,5,7,0,0,0,0,0
3,25,5,22,AVAILABLE,0,0,6,8,0,0,0,0,0
3,26,6,22,AVAILABLE,0,0,6,9,0,0,0,0,0
3,27,7,22,AVAILABLE,0,0,6,10,0,0,0,0,0
3,28,8,22,AVAILABLE,0,0,6,10,0,0,0,0,0
3,29,9,22,AVAILABLE,0,0,6,10,0,0,0,0,0
3,30,10,22,AVAILABLE,0,0,6,10,0,0,0,0,0
3,31,11,22,AVAILABLE,0,0,6,10,0,0,0,0,0
3,32,12,22,AVAILABLE,0,0,6,10,0,0,0,0,0
3,33,13,22,AVAILABLE,0,0,6,10,0,0,0,0,0
3,34,14,22,AVAILABLE,0,0,6,10,0,0,0,0,0
3,35,15,22,AVAILABLE,0,0,6,10,0,0,0,0,0
3,36,16,22,AVAILABLE,0,0,6,10,0,0,0,0,0
3,37,17,22,AVAILABLE,0,0,6,10,0,0,0,0,0
3,38,18,22,AVAILABLE,0,0,6,10,0,0,0,0,0
3,39,19,22,AVAILABLE,0,0,6,9,0,0,0,0,0
3,40,20,22,AVAILABLE,0,0,6,8,0,0,0,0,0
3,41,21,22,AVAILABLE,0,0,5,7,0,0,0,0,0
3,42,22,22,AVAILABLE,0,0,4,6,0,0,0,0,0
3,43,23,22,AVAILABLE,0,0,3,5,0,0,0,0,0
4,0,2,1,IN_PROGRESS,0,0,3,5,0,0,0,0,0
4,1,3,1,IN_PROGRESS,0,0,4,6,0,0,0,0,0
4,2,4,1,IN_PROGRESS,0,0,5,7,0,0,0,0,0
4,3,5,1,IN_PROGRESS,0,0,6,8,0,0,0,0,0
4,4,6,1,IN_PROGRESS,0,0,6,9,0,0,0,0,0
4,5,7,1,IN_PROGRESS,0,0,6,10,0,0,0,0,0
4,6,8,1,IN_PROGRESS,0,0,6,10,0,0,0,0,0
4,7,9,1,IN_PROGRESS,0,0,6,10,0,0,0,0,0
4,8,10,1,IN_PROGRESS,0,0,6,10,0,0,0,0,0
4,9,11,1,IN_PROGRESS,0,0,6,10,0,0,0,0,0
4,10,12,1,IN_PROGRESS,0,0,6,10,0,0,0,0,0
4,11,13,1,IN_PROGRESS,0,0,6,10,0,0,0,0,0
4,12,14,1,IN_PROGRESS,0,0,6,10,0,0,0,0,0
4,13,15,1,IN_PROGRESS,0,0,6,10,0,0,0,0,0
4,14,16,1,IN_PROGRESS,0,0,6,10,0,0,0,0,0
4,15,17,1,IN_PROGRESS,0,0,6,10,0,0,0,0,0
4,16,18,1,IN_PROGRESS,0,0,6,10,0,0,0,0,0
4,17,19,1,IN_PROGRESS,0,0,6,9,0,0,0,0,0
4,18,20,1,IN_PROGRESS,0,0,6,8,0,0,0,0,0
4,19,21,1,IN_PROGRESS,0,0,5,7,0,0,0,0,0
4,20,22,1,IN_PROGRESS,0,0,4,6,0,0,0,0,0
4,21,23,1,IN_PROGRESS,0,0,3,5,0,0,0,0,0
4,22,2,22,IN_PROGRESS,0,0,3,5,0,0,0,0,0
4,23,3,22,IN_PROGRESS,0,0,4,6,0,0,0,0,0
4,24,4,22,IN_PROGRESS,0,0,5,7,0,0,0,0,0
4,25,5,22,IN_PROGRESS,0,0,6,8,0,0,0,0,0
4,26,6,22,IN_PROGRESS,0,0,6,9,0,0,0,0,0
4,27,7,22,IN_PROGRESS,0,0,6,10,0,0,0,0,0
4,28,8,22,IN_PROGRESS,0,0,6,10,0,0,0,0,0
4,29,9,22,IN_PROGRESS,0,0,6,10,0,0,0,0,0
4,30,10,22,IN_PROGRESS,0,0,6,10,0,0,0,0,0
4,31,11,22,IN_PROGRESS,0,0,6,10,0,0,0,0,0
4,32,12,22,IN_PROGRESS,0,0,6,10,0,0,0,0,0
4,33,13,22,IN_PROGRESS,0,0,6,10,0,0,0,0,0
4,34,14,22,IN_PROGRESS,0,0,6,10,0,0,0,0,0
4,35,15,22,IN_PROGRESS,0,0,6,10,0,0,0,0,0
4,36,16,22,IN_PROGRESS,0,0,6,10,0,0,0,0,0
4,37,17,22,IN_PROGRESS,0,0,6,10,0,0,0,0,0
4,38,18,22,IN_PROGRESS,0,0,6,10,0,0,0,0,0
4,39,19,22,IN_PROGRESS,0,0,6,9,0,0,0,0,0
4,40,20,22,IN_PROGRESS,0,0,6,8,0,0,0,0,0
4,41,21,22,IN_PROGRESS,0,0,5,7,0,0,0,0,0
4,42,22,22,IN_PROGRESS,0,0,4,6,0,0,0,0,0
4,43,23,22,IN_PROGRESS,0,0,3,5,0,0,0,0,0
5,0,2,1,IN_PROGRESS,0,9,3,5,1,0,0,0,0
5,1,3,1,IN_PROGRESS,0,9,4,6,1,0,0,0,0
5,2,4,1,IN_PROGRESS,0,0,5,7,0,0,0,0,0
5,3,5,1,IN_PROGRESS,0,8,6,8,1,0,0,0,0
5,4,6,1,IN_PROGRESS,0,9,6,9,1,0,0,0,0
5,5,7,1,IN_PROGRESS,0,0,6,10,0,0,0,0,0
5,6,8,1,IN_PROGRESS,0,5,6,10,1,0,0,0,0
5,7,9,1,IN_PROGRESS,0,9,6,10,1,0,0,0,0
5,8,10,1,IN_PROGRESS,0,8,6,10,1,0,0,0,0
5,9,11,1,IN_PROGRESS,0,0,6,10,0,0,0,0,0
5,10,12,1,IN_PROGRESS,0,8,6,10,1,0,0,0,0
5,11,13,1,IN_PROGRESS,0,10,6,10,1,0,0,0,0
5,12,14,1,IN_PROGRESS,0,9,6,10,1,0,0,0,0
5,13,15,1,IN_PROGRESS,0,0,6,10,0,0,0,0,0
5,14,16,1,IN_PROGRESS,0,9,6,10,1,0,0,0,0
5,15,17,1,IN_PROGRESS,0,5,6,10,1,0,0,0,0
5,16,18,1,IN_PROGRESS,0,0,6,10,0,0,0,0,0
5,17,19,1,IN_PROGRESS,0,6,6,9,1,0,0,0,0
5,18,20,1,IN_PROGRESS,0,12,6,8,1,0,0,0,0
5,19,21,1,IN_PROGRESS,0,0,5,7,0,0,0,0,0
5,20,22,1,IN_PROGRESS,0,16,4,6,1,0,0,0,0
5,21,23,1,IN_PROGRESS,0,12,3,5,1,0,0,0,0
5,22,2,22,IN_PROGRESS,0,22,3,5,1,0,0,0,0
5,23,3,22,IN_PROGRESS,0,5,4,6,1,0,0,0,0
5,24,4,22,IN_PROGRESS,0,9,5,7,1,0,0,0,0
5,25,5,22,IN_PROGRESS,0,8,6,8,1,0,0,0,0
5,26,6,22,IN_PROGRESS,0,0,6,9,0,0,0,0,0
5,27,7,22,IN_PROGRESS,0,8,6,10,1,0,0,0,0
5,28,8,22,IN_PROGRESS,0,0,6,10,0,0,0,0,0
5,29,9,22,IN_PROGRESS,0,9,6,10,1,0,0,0,0
5,30,10,22,IN_PROGRESS,0,11,6,10,1,0,0,0,0
5,31,11,22,IN_PROGRESS,0,9,6,10,1,0,0,0,0
5,32,12,22,IN_PROGRESS,0,7,6,10,1,0,0,0,0
5,33,13,22,IN_PROGRESS,0,9,6,10,1,0,0,0,0
5,34,14,22,IN_PROGRESS,0,6,6,10,1,0,0,0,0
5,35,15,22,IN_PROGRESS,0,0,6,10,0,0,0,0,0
5,36,16,22,IN_PROGRESS,0,7,6,10,1,0,0,0,0
5,37,17,22,IN_PROGRESS,0,8,6,10,1,0,0,0,0
5,38,18,22,IN_PROGRESS,0,11,6,10,1,0,0,0,0
5,39,19,22,IN_PROGRESS,0,9,6,9,1,0,0,0,0
5,40,20,22,IN_PROGRESS,0,7,6,8,1,0,0,0,0
5,41,21,22,IN_PROGRESS,0,0,5,7,0,0,0,0,0
5,42,22,22,IN_PROGRESS,0,5,4,6,1,0,0,0,0
5,43,23,22,IN_PROGRESS,0,0,3,5,0,0,0,0,0
6,0,2,2,IN_PROGRESS,0,8,2,4,0,0,0,0,0
6,1,3,2,IN_PROGRESS,0,8,4,6,0,0,0,0,0
6,2,4,1,IN_PROGRESS,0,0,5,8,0,0,0,0,0
6,3,5,1,IN_PROGRESS,0,8,5,8,2,0,0,1,0
6,4,6,2,IN_PROGRESS,0,8,6,8,0,0,0,0,0
6,5,7,1,IN_PROGRESS,0,0,6,9,0,0,0,0,0
6,6,8,2,IN_PROGRESS,0,4,4,10,0,0,0,0,0
6,7,8,1,IN_PROGRESS,0,8,6,10,0,0,0,0,0
6,8,9,1,IN_PROGRESS,0,7,5,10,0,0,0,0,0
6,9,11,1,IN_PROGRESS,0,0,5,8,0,0,0,0,0
6,10,12,2,IN_PROGRESS,0,7,3,9,0,0,0,0,0
6,11,12,1,IN_PROGRESS,0,9,5,9,0,0,0,0,0
6,12,13,1,IN_PROGRESS,0,8,4,9,0,0,0,0,0
6,13,15,1,IN_PROGRESS,0,0,5,9,0,0,0,0,0
6,14,16,2,IN_PROGRESS,0,8,3,8,0,0,0,0,0
6,15,17,2,IN_PROGRESS,0,4,4,9,0,0,0,0,0
6,16,18,1,IN_PROGRESS,0,0,6,9,0,0,0,0,0
6,17,19,1,IN_PROGRESS,0,6,5,8,2,0,0,1,0
6,18,20,1,IN_PROGRESS,0,11,5,8,2,0,0,1,0
6,19,21,1,IN_PROGRESS,0,0,5,6,0,0,0,0,0
6,20,22,2,IN_PROGRESS,0,15,3,6,0,0,0,0,0
6,21,22,1,IN_PROGRESS,0,11,4,5,0,0,0,0,0
6,22,2,21,IN_PROGRESS,0,21,3,5,0,0,0,0,0
6,23,3,21,IN_PROGRESS,0,4,3,5,0,0,0,0,0
6,24,3,22,IN_PROGRESS,0,8,4,6,0,0,0,0,0
6,25,4,22,IN_PROGRESS,0,7,4,7,0,0,0,0,0
6,26,6,22,IN_PROGRESS,0,0,5,8,0,0,0,0,0
6,27,7,21,IN_PROGRESS,0,7,3,10,0,0,0,0,0
6,28,8,22,IN_PROGRESS,0,0,4,9,0,0,0,0,0
6,29,9,22,IN_PROGRESS,0,9,5,9,2,0,0,1,0
6,30,10,22,IN_PROGRESS,0,11,5,9,2,0,0,1,0
6,31,11,21,IN_PROGRESS,0,8,5,9,0,0,0,0,0
6,32,12,21,IN_PROGRESS,0,6,4,10,0,0,0,0,0
6,33,13,21,IN_PROGRESS,0,8,5,9,0,0,0,0,0
6,34,13,22,IN_PROGRESS,0,5,5,11,0,0,0,0,0
6,35,15,22,IN_PROGRESS,0,0,6,10,0,0,0,0,0
6,36,16,21,IN_PROGRESS,0,6,5,9,0,0,0,0,0
6,37,17,21,IN_PROGRESS,0,7,5,10,0,0,0,0,0
6,38,17,22,IN_PROGRESS,0,10,5,8,0,0,0,0,0
6,39,18,22,IN_PROGRESS,0,8,6,9,0,0,0,0,0
6,40,19,22,IN_PROGRESS,0,6,4,8,0,0,0,0,0
6,41,21,22,IN_PROGRESS,0,0,4,6,0,0,0,0,0
6,42,22,21,IN_PROGRESS,0,4,2,5,0,0,0,0,0
6,43,23,22,IN_PROGRESS,0,0,2,4,0,0,0,0,0
7,0,2,3,IN_PROGRESS,0,7,1,4,0,0,0,0,0
7,1,3,3,IN_PROGRESS,0,7,3,5,0,0,0,0,0
7,2,4,1,IN_PROGRESS,0,0,3,7,0,0,0,0,0
7,3,5,1,IN_PROGRESS,0,8,4,8,3,0,0,1,0
7,4,6,3,IN_PROGRESS,0,7,5,8,0,0,0,0,0
7,5,7,1,IN_PROGRESS,0,0,6,7,0,0,0,0,0
7,6,8,3,IN_PROGRESS,0,3,4,9,0,0,0,0,0
7,7,8,2,IN_PROGRESS,0,7,4,10,0,0,0,0,0
7,8,8,1,IN_PROGRESS,0,6,5,8,0,0,0,0,0
7,9,11,1,IN_PROGRESS,0,0,4,8,0,0,0,0,0
7,10,12,3,IN_PROGRESS,0,6,3,8,0,0,0,0,0
7,11,12,2,IN_PROGRESS,0,8,3,8,0,0,0,0,0
7,12,13,2,IN_PROGRESS,0,7,4,7,0,0,0,0,0
7,13,15,1,IN_PROGRESS,0,0,3,9,0,0,0,0,0
7,14,16,3,IN_PROGRESS,0,7,2,7,0,0,0,0,0
7,15,17,3,IN_PROGRESS,0,3,2,8,0,0,0,0,0
7,16,18,1,IN_PROGRESS,0,0,5,7,0,0,0,0,0
7,17,19,1,IN_PROGRESS,0,6,4,8,3,0,0,1,0
7,18,20,1,IN_PROGRESS,0,11,4,7,3,0,0,1,0
7,19,21,1,IN_PROGRESS,0,0,5,5,0,0,0,0,0
7,20,22,3,IN_PROGRESS,0,14,2,5,0,0,0,0,0
7,21,22,1,IN_PROGRESS,0,11,4,5,1,0,0,0,0
7,22,2,20,IN_PROGRESS,0,20,3,4,0,0,0,0,0
7,23,3,20,IN_PROGRESS,0,3,3,5,0,0,0,0,0
7,24,3,21,IN_PROGRESS,0,7,3,5,0,0,0,0,0
7,25,3,22,IN_PROGRESS,0,6,4,5,0,0,0,0,0
7,26,6,22,IN_PROGRESS,0,0,4,7,0,0,0,0,0
7,27,7,20,IN_PROGRESS,0,6,2,9,0,0,0,0,0
7,28,8,22,IN_PROGRESS,0,0,4,6,0,0,0,0,0
7,29,9,22,IN_PROGRESS,0,9,3,7,3,0,0,1,0
7,30,10,22,IN_PROGRESS,0,11,3,9,3,0,0,1,0
7,31,11,20,IN_PROGRESS,0,7,4,8,0,0,0,0,0
7,32,12,20,IN_PROGRESS,0,5,3,9,0,0,0,0,0
7,33,13,20,IN_PROGRESS,0,7,4,8,0,0,0,0,0
7,34,13,21,IN_PROGRESS,0,4,4,10,0,0,0,0,0
7,35,15,22,IN_PROGRESS,0,0,4,9,0,0,0,0,0
7,36,16,20,IN_PROGRESS,0,5,5,9,0,0,0,0,0
7,37,17,20,IN_PROGRESS,0,6,4,9,0,0,0,0,0
7,38,16,22,IN_PROGRESS,0,9,5,8,0,0,0,0,0
7,39,18,21,IN_PROGRESS,0,7,4,8,0,0,0,0,0
7,40,18,22,IN_PROGRESS,0,5,5,7,0,0,0,0,0
7,41,21,22,IN_PROGRESS,0,0,3,5,0,0,0,0,0
7,42,22,20,IN_PROGRESS,0,3,2,4,0,0,0,0,0
7,43,23,22,IN_PROGRESS,0,0,2,3,0,0,0,0,0
8,0,2,4,IN_PROGRESS,0,6,1,2,0,0,0,0,0
8,1,3,4,IN_PROGRESS,0,6,1,5,0,0,0,0,0
8,2,4,1,IN_PROGRESS,0,0,2,6,0,0,0,0,0
8,3,5,1,IN_PROGRESS,0,8,2,6,4,0,0,1,0
8,4,7,3,IN_PROGRESS,0,6,4,8,0,0,0,0,0
8,5,7,1,IN_PROGRESS,0,0,5,7,0,0,0,0,0
8,6,8,4,IN_PROGRESS,0,2,3,7,0,0,0,0,0
8,7,8,3,IN_PROGRESS,0,6,4,9,0,0,0,0,0
8,8,8,2,IN_PROGRESS,0,5,4,8,0,0,0,0,0
8,9,11,1,IN_PROGRESS,0,0,1,7,0,0,0,0,0
8,10,12,4,IN_PROGRESS,0,5,2,6,0,0,0,0,0
8,11,12,3,IN_PROGRESS,0,7,3,9,0,0,0,0,0
8,12,13,3,IN_PROGRESS,0,6,2,7,0,0,0,0,0
8,13,15,1,IN_PROGRESS,0,0,1,8,0,0,0,0,0
8,14,17,3,IN_PROGRESS,0,6,2,7,0,0,0,0,0
8,15,17,4,IN_PROGRESS,0,2,1,7,0,0,0,0,0
8,16,18,1,IN_PROGRESS,0,0,5,7,0,0,0,0,0
8,17,19,1,IN_PROGRESS,0,6,4,7,4,0,0,1,0
8,18,20,1,IN_PROGRESS,0,11,4,7,4,0,0,1,0
8,19,21,1,IN_PROGRESS,0,0,4,5,0,0,0,0,0
8,20,22,4,IN_PROGRESS,0,13,1,4,0,0,0,0,0
8,21,22,1,IN_PROGRESS,0,11,4,5,2,0,0,1,0
8,22,2,19,IN_PROGRESS,0,19,3,4,0,0,0,0,0
8,23,3,19,IN_PROGRESS,0,2,3,4,0,0,0,0,0
8,24,3,20,IN_PROGRESS,0,6,3,5,0,0,0,0,0
8,25,3,21,IN_PROGRESS,0,5,3,4,0,0,0,0,0
8,26,6,22,IN_PROGRESS,0,0,2,6,0,0,0,0,0
8,27,7,19,IN_PROGRESS,0,5,0,7,0,0,0,0,0
8,28,8,22,IN_PROGRESS,0,0,3,4,0,0,0,0,0
8,29,9,22,IN_PROGRESS,0,9,3,6,4,0,0,1,0
8,30,10,22,IN_PROGRESS,0,11,2,7,4,0,0,1,0
8,31,12,20,IN_PROGRESS,0,6,3,7,0,0,0,0,0
8,32,12,19,IN_PROGRESS,0,4,3,6,0,0,0,0,0
8,33,13,19,IN_PROGRESS,0,6,3,6,0,0,0,0,0
8,34,13,21,IN_PROGRESS,0,4,4,9,1,0,0,0,0
8,35,15,22,IN_PROGRESS,0,0,2,9,0,0,0,0,0
8,36,17,20,IN_PROGRESS,0,4,4,8,0,0,0,0,0
8,37,17,19,IN_PROGRESS,0,5,3,8,0,0,0,0,0
8,38,16,22,IN_PROGRESS,0,9,3,7,1,0,0,0,0
8,39,18,20,IN_PROGRESS,0,6,3,7,0,0,0,0,0
8,40,18,21,IN_PROGRESS,0,4,4,7,0,0,0,0,0
8,41,21,22,IN_PROGRESS,0,0,1,5,0,0,0,0,0
8,42,22,19,IN_PROGRESS,0,2,0,4,0,0,0,0,0
8,43,23,22,IN_PROGRESS,0,0,1,2,0,0,0,0,0
9,0,2,5,IN_PROGRESS,0,5,1,1,0,0,0,0,0
9,1,3,5,IN_PROGRESS,0,5,1,4,0,0,0,0,0
9,2,4,1,IN_PROGRESS,0,0,2,3,0,0,0,0,0
9,3,5,1,IN_PROGRESS,0,8,2,4,5,0,0,1,0
9,4,7,4,IN_PROGRESS,0,5,4,7,0,0,0,0,0
9,5,7,1,IN_PROGRESS,0,0,4,7,0,0,0,0,0
9,6,8,5,IN_PROGRESS,0,1,3,7,0,0,0,0,0
9,7,8,4,IN_PROGRESS,0,5,3,7,0,0,0,0,0
9,8,8,3,IN_PROGRESS,0,4,4,7,0,0,0,0,0
9,9,11,1,IN_PROGRESS,0,0,0,6,0,0,0,0,0
9,10,12,5,IN_PROGRESS,0,4,2,6,0,0,0,0,0
9,11,12,4,IN_PROGRESS,0,6,2,8,0,0,0,0,0
9,12,13,4,IN_PROGRESS,0,5,2,7,0,0,0,0,0
9,13,15,1,IN_PROGRESS,0,0,1,6,0,0,0,0,0
9,14,17,4,IN_PROGRESS,0,5,1,6,0,0,0,0,0
9,15,17,5,IN_PROGRESS,0,1,1,5,0,0,0,0,0
9,16,18,1,IN_PROGRESS,0,0,4,7,0,0,0,0,0
9,17,19,1,IN_PROGRESS,0,6,4,6,5,0,0,1,0
9,18,20,1,IN_PROGRESS,0,11,4,5,5,0,0,1,0
9,19,21,1,IN_PROGRESS,0,0,4,5,0,0,0,0,0
9,20,22,5,IN_PROGRESS,0,12,0,3,0,0,0,0,0
9,21,22,1,IN_PROGRESS,0,11,3,5,3,0,0,1,0
9,22,2,18,IN_PROGRESS,0,18,3,4,0,0,0,0,0
9,23,3,18,IN_PROGRESS,0,1,3,4,0,0,0,0,0
9,24,3,19,IN_PROGRESS,0,5,3,4,0,0,0,0,0
9,25,3,20,IN_PROGRESS,0,4,3,4,0,0,0,0,0
9,26,6,22,IN_PROGRESS,0,0,2,5,0,0,0,0,0
9,27,7,18,IN_PROGRESS,0,4,0,6,0,0,0,0,0
9,28,8,22,IN_PROGRESS,0,0,3,4,0,0,0,0,0
9,29,9,22,IN_PROGRESS,0,9,3,3,5,0,0,1,0
9,30,10,22,IN_PROGRESS,0,11,2,6,5,0,0,1,0
9,31,12,19,IN_PROGRESS,0,5,3,5,0,0,0,0,0
9,32,12,18,IN_PROGRESS,0,3,3,5,0,0,0,0,0
9,33,13,18,IN_PROGRESS,0,5,3,5,0,0,0,0,0
9,34,13,20,IN_PROGRESS,0,3,3,8,0,0,0,0,0
9,35,15,22,IN_PROGRESS,0,0,1,5,0,0,0,0,0
9,36,17,19,IN_PROGRESS,0,3,3,8,0,0,0,0,0
9,37,17,18,IN_PROGRESS,0,4,3,7,0,0,0,0,0
9,38,16,22,IN_PROGRESS,0,9,1,7,2,0,0,1,0
9,39,18,19,IN_PROGRESS,0,5,3,5,0,0,0,0,0
9,40,18,20,IN_PROGRESS,0,3,3,7,0,0,0,0,0
9,41,21,22,IN_PROGRESS,0,0,1,4,0,0,0,0,0
9,42,22,18,IN_PROGRESS,0,1,0,4,0,0,0,0,0
9,43,23,22,IN_PROGRESS,0,0,1,2,0,0,0,0,0
10,0,2,6,IN_PROGRESS,0,4,1,1,0,0,0,0,0
10,1,3,6,IN_PROGRESS,0,4,1,2,0,0,0,0,0
10,2,4,1,IN_PROGRESS,0,0,2,2,0,0,0,0,0
10,3,5,1,IN_PROGRESS,0,8,2,2,6,0,0,1,1
10,4,7,5,IN_PROGRESS,0,4,3,7,0,0,0,0,0
10,5,7,1,IN_PROGRESS,0,0,2,6,0,0,0,0,0
10,6,9,5,IN_PROGRESS,0,0,5,6,0,0,0,0,0
10,7,8,5,IN_PROGRESS,0,4,4,7,0,0,0,0,0
10,8,8,4,IN_PROGRESS,0,3,3,6,0,0,0,0,0
10,9,11,1,IN_PROGRESS,0,0,0,4,0,0,0,0,0
10,10,11,5,IN_PROGRESS,0,3,4,8,0,0,0,0,0
10,11,12,5,IN_PROGRESS,0,5,3,9,0,0,0,0,0
10,12,13,5,IN_PROGRESS,0,4,3,6,0,0,0,0,0
10,13,15,1,IN_PROGRESS,0,0,1,5,0,0,0,0,0
10,14,17,5,IN_PROGRESS,0,4,1,4,0,0,0,0,0
10,15,16,5,IN_PROGRESS,0,0,2,5,0,0,0,0,0
10,16,18,1,IN_PROGRESS,0,0,4,6,0,0,0,0,0
10,17,19,1,IN_PROGRESS,0,6,4,5,6,0,0,1,1
10,18,20,1,IN_PROGRESS,0,11,4,5,6,0,0,1,1
10,19,21,1,IN_PROGRESS,0,0,4,4,0,0,0,0,0
10,20,22,6,IN_PROGRESS,0,11,0,1,0,0,0,0,0
10,21,22,1,IN_PROGRESS,0,11,3,5,4,0,0,1,0
10,22,3,18,IN_PROGRESS,0,17,4,4,0,0,0,0,0
10,23,4,18,IN_PROGRESS,0,0,4,4,0,0,0,0,0
10,24,3,19,IN_PROGRESS,0,5,3,4,1,0,0,0,0
10,25,3,20,IN_PROGRESS,0,4,3,5,1,0,0,0,0
10,26,6,22,IN_PROGRESS,0,0,2,5,0,0,0,0,0
10,27,6,18,IN_PROGRESS,0,3,2,6,0,0,0,0,0
10,28,8,22,IN_PROGRESS,0,0,3,3,0,0,0,0,0
10,29,9,22,IN_PROGRESS,0,9,3,3,6,0,0,1,1
10,30,10,22,IN_PROGRESS,0,11,2,5,6,0,0,1,1
10,31,12,18,IN_PROGRESS,0,4,3,5,0,0,0,0,0
10,32,11,18,IN_PROGRESS,0,2,3,6,0,0,0,0,0
10,33,13,17,IN_PROGRESS,0,4,3,5,0,0,0,0,0
10,34,13,19,IN_PROGRESS,0,2,3,7,0,0,0,0,0
10,35,15,22,IN_PROGRESS,0,0,1,4,0,0,0,0,0
10,36,17,18,IN_PROGRESS,0,2,3,8,0,0,0,0,0
10,37,16,18,IN_PROGRESS,0,3,3,10,0,0,0,0,0
10,38,16,22,IN_PROGRESS,0,9,1,5,3,0,0,1,0
10,39,18,18,IN_PROGRESS,0,4,4,4,0,0,0,0,0
10,40,18,19,IN_PROGRESS,0,2,3,6,0,0,0,0,0
10,41,21,22,IN_PROGRESS,0,0,1,3,0,0,0,0,0
10,42,21,18,IN_PROGRESS,0,0,1,5,0,0,0,0,0
10,43,23,22,IN_PROGRESS,0,0,1,1,0,0,0,0,0
11,0,2,7,IN_PROGRESS,0,3,1,1,0,0,0,0,0
11,1,3,7,IN_PROGRESS,0,3,1,2,0,0,0,0,0
11,2,4,1,IN_PROGRESS,0,0,2,2,0,0,0,0,0
11,3,5,1,IN_PROGRESS,0,8,2,3,7,0,0,1,1
11,4,6,5,IN_PROGRESS,0,3,3,7,0,0,0,0,0
11,5,7,1,IN_PROGRESS,0,0,2,5,0,0,0,0,0
11,6,9,5,IN_PROGRESS,1,0,5,6,0,0,0,0,0
11,7,8,6,IN_PROGRESS,0,3,4,6,0,0,0,0,0
11,8,8,5,IN_PROGRESS,0,2,4,6,0,0,0,0,0
11,9,11,1,IN_PROGRESS,0,0,0,4,0,0,0,0,0
11,10,11,6,IN_PROGRESS,0,2,4,6,0,0,0,0,0
11,11,11,5,IN_PROGRESS,0,4,4,8,0,0,0,0,0
11,12,13,6,IN_PROGRESS,0,3,2,6,0,0,0,0,0
11,13,15,1,IN_PROGRESS,0,0,1,5,0,0,0,0,0
11,14,17,5,IN_PROGRESS,0,4,1,3,1,0,0,0,0
11,15,16,5,IN_PROGRESS,1,0,1,4,0,0,0,0,0
11,16,18,1,IN_PROGRESS,0,0,4,6,0,0,0,0,0
11,17,19,1,IN_PROGRESS,0,6,4,5,7,0,0,1,1
11,18,20,1,IN_PROGRESS,0,11,4,5,7,0,0,1,1
11,19,21,1,IN_PROGRESS,0,0,4,4,0,0,0,0,0
11,20,22,7,IN_PROGRESS,0,10,0,0,0,0,0,0,0
11,21,22,1,IN_PROGRESS,0,11,3,4,5,0,0,1,0
11,22,3,18,IN_PROGRESS,0,17,3,4,1,0,0,0,0
11,23,4,18,IN_PROGRESS,1,0,4,4,0,0,0,0,0
11,24,3,19,IN_PROGRESS,0,5,3,4,2,0,0,1,0
11,25,3,20,IN_PROGRESS,0,4,3,4,2,0,0,1,0
11,26,6,22,IN_PROGRESS,0,0,2,5,0,0,0,0,0
11,27,6,17,IN_PROGRESS,0,2,1,5,0,0,0,0,0
11,28,8,22,IN_PROGRESS,0,0,3,3,0,0,0,0,0
11,29,9,22,IN_PROGRESS,0,9,3,4,7,0,0,1,1
11,30,10,22,IN_PROGRESS,0,11,2,6,7,0,0,1,1
11,31,11,18,IN_PROGRESS,0,3,2,5,0,0,0,0,0
11,32,10,18,IN_PROGRESS,0,1,2,6,0,0,0,0,0
11,33,13,16,IN_PROGRESS,0,3,1,5,0,0,0,0,0
11,34,13,18,IN_PROGRESS,0,1,4,6,0,0,0,0,0
11,35,15,22,IN_PROGRESS,0,0,1,3,0,0,0,0,0
11,36,16,18,IN_PROGRESS,0,1,4,9,0,0,0,0,0
11,37,16,17,IN_PROGRESS,0,2,3,6,0,0,0,0,0
11,38,16,22,IN_PROGRESS,0,9,1,4,4,0,0,1,0
11,39,18,17,IN_PROGRESS,0,3,3,4,0,0,0,0,0
11,40,18,18,IN_PROGRESS,0,1,4,5,0,0,0,0,0
11,41,21,22,IN_PROGRESS,0,0,1,3,0,0,0,0,0
11,42,21,18,IN_PROGRESS,1,0,1,4,0,0,0,0,0
11,43,23,22,IN_PROGRESS,0,0,1,1,0,0,0,0,0
12,0,2,8,IN_PROGRESS,0,2,1,1,0,0,0,0,0
12,1,3,8,IN_PROGRESS,0,2,1,2,0,0,0,0,0
12,2,4,1,IN_PROGRESS,0,0,2,2,0,0,0,0,0
12,3,5,1,IN_PROGRESS,0,8,2,2,8,0,0,1,1
12,4,6,6,IN_PROGRESS,0,2,2,5,0,0,0,0,0
12,5,7,1,IN_PROGRESS,0,0,2,4,0,0,0,0,0
12,6,9,5,IN_PROGRESS,1,10,3,5,1,0,0,0,0
12,7,8,7,IN_PROGRESS,0,2,4,6,0,0,0,0,0
12,8,8,5,IN_PROGRESS,0,2,4,6,1,0,0,0,0
12,9,11,1,IN_PROGRESS,0,0,0,3,0,0,0,0,0
12,10,11,7,IN_PROGRESS,0,1,3,5,0,0,0,0,0
12,11,10,5,IN_PROGRESS,0,3,3,7,0,0,0,0,0
12,12,13,7,IN_PROGRESS,0,2,1,4,0,0,0,0,0
12,13,15,1,IN_PROGRESS,0,0,1,5,0,0,0,0,0
12,14,17,5,IN_PROGRESS,0,4,1,2,2,0,0,1,0
12,15,16,5,IN_PROGRESS,1,0,1,3,0,0,0,0,0
12,16,18,1,IN_PROGRESS,0,0,4,6,0,0,0,0,0
12,17,19,1,IN_PROGRESS,0,6,4,5,8,0,0,1,1
12,18,20,1,IN_PROGRESS,0,11,4,5,8,0,0,1,1
12,19,21,1,IN_PROGRESS,0,0,4,4,0,0,0,0,0
12,20,22,8,IN_PROGRESS,0,9,0,0,0,0,0,0,0
12,21,22,1,IN_PROGRESS,0,11,3,4,6,0,0,1,1
12,22,3,18,IN_PROGRESS,0,17,3,4,2,0,0,1,0
12,23,4,18,IN_PROGRESS,1,7,3,5,1,0,0,0,0
12,24,3,19,IN_PROGRESS,0,5,3,3,3,0,0,1,0
12,25,3,20,IN_PROGRESS,0,4,3,4,3,0,0,1,0
12,26,6,22,IN_PROGRESS,0,0,2,4,0,0,0,0,0
12,27,6,16,IN_PROGRESS,0,1,0,3,0,0,0,0,0
12,28,8,22,IN_PROGRESS,0,0,3,4,0,0,0,0,0
12,29,9,22,IN_PROGRESS,0,9,3,4,8,0,0,1,1
12,30,10,22,IN_PROGRESS,0,11,2,5,8,0,0,1,1
12,31,11,17,IN_PROGRESS,0,2,1,4,0,0,0,0,0
12,32,9,18,IN_PROGRESS,0,0,1,7,0,0,0,0,0
12,33,13,15,IN_PROGRESS,0,2,0,4,0,0,0,0,0
12,34,14,18,IN_PROGRESS,0,0,1,7,0,0,0,0,0
12,35,15,22,IN_PROGRESS,0,0,1,4,0,0,0,0,0
12,36,15,18,IN_PROGRESS,0,0,2,8,0,0,0,0,0
12,37,16,16,IN_PROGRESS,0,1,2,5,0,0,0,0,0
12,38,16,22,IN_PROGRESS,0,9,1,3,5,0,0,1,0
12,39,18,16,IN_PROGRESS,0,2,2,4,0,0,0,0,0
12,40,19,18,IN_PROGRESS,0,0,2,5,0,0,0,0,0
12,41,21,22,IN_PROGRESS,0,6,1,3,1,0,0,0,0
12,42,21,18,IN_PROGRESS,1,10,1,3,1,0,0,0,0
12,43,23,22,IN_PROGRESS,0,0,1,1,0,0,0,0,0
13,0,2,8,IN_PROGRESS,0,2,1,2,1,0,0,0,0
13,1,3,8,IN_PROGRESS,0,2,1,3,1,0,0,0,0
13,2,4,1,IN_PROGRESS,0,0,2,2,0,0,0,0,0
13,3,5,1,IN_PROGRESS,0,8,2,2,9,0,0,1,1
13,4,6,7,IN_PROGRESS,0,1,1,6,0,0,0,0,0
13,5,7,1,IN_PROGRESS,0,0,2,4,0,0,0,0,0
13,6,9,5,IN_PROGRESS,1,10,2,5,2,0,0,1,0
13,7,8,8,IN_PROGRESS,0,1,3,7,0,0,0,0,0
13,8,8,5,IN_PROGRESS,0,2,3,5,2,0,0,1,0
13,9,11,1,IN_PROGRESS,0,0,0,2,0,0,0,0,0
13,10,11,8,IN_PROGRESS,0,0,3,4,0,0,0,0,0
13,11,10,6,IN_PROGRESS,0,2,3,6,0,0,0,0,0
13,12,13,8,IN_PROGRESS,0,1,1,3,0,0,0,0,0
13,13,15,1,IN_PROGRESS,0,0,1,5,0,0,0,0,0
13,14,17,5,IN_PROGRESS,0,4,1,2,3,0,0,1,0
13,15,16,5,IN_PROGRESS,1,0,1,2,0,0,0,0,0
13,16,18,1,IN_PROGRESS,0,0,4,6,0,0,0,0,0
13,17,19,1,IN_PROGRESS,0,6,4,5,9,0,0,1,1
13,18,20,1,IN_PROGRESS,0,11,4,5,9,0,0,1,1
13,19,21,1,IN_PROGRESS,0,0,4,4,0,0,0,0,0
13,20,22,9,IN_PROGRESS,0,8,0,0,0,0,0,0,0
13,21,22,1,IN_PROGRESS,0,11,3,4,7,0,0,1,1
13,22,3,18,IN_PROGRESS,0,17,3,4,3,0,0,1,0
13,23,4,18,IN_PROGRESS,1,7,3,5,2,0,0,1,0
13,24,3,19,IN_PROGRESS,0,5,3,3,4,0,0,1,0
13,25,3,20,IN_PROGRESS,0,4,3,4,4,0,0,1,0
13,26,6,22,IN_PROGRESS,0,0,2,4,0,0,0,0,0
13,27,6,16,IN_PROGRESS,0,1,0,4,1,0,0,0,0
13,28,8,22,IN_PROGRESS,0,0,3,4,0,0,0,0,0
13,29,9,22,IN_PROGRESS,0,9,3,4,9,0,0,1,1
13,30,10,22,IN_PROGRESS,0,11,2,5,9,0,0,1,1
13,31,11,16,IN_PROGRESS,0,1,0,4,0,0,0,0,0
13,32,9,18,IN_PROGRESS,1,0,0,7,0,0,0,0,0
13,33,14,15,IN_PROGRESS,0,1,2,5,0,0,0,0,0
13,34,14,18,IN_PROGRESS,1,0,2,7,0,0,0,0,0
13,35,15,22,IN_PROGRESS,0,0,1,4,0,0,0,0,0
13,36,15,18,IN_PROGRESS,1,0,1,6,0,0,0,0,0
13,37,16,15,IN_PROGRESS,0,0,2,4,0,0,0,0,0
13,38,16,22,IN_PROGRESS,0,9,1,2,6,0,0,1,1
13,39,18,15,IN_PROGRESS,0,1,1,4,0,0,0,0,0
13,40,19,18,IN_PROGRESS,1,0,1,5,0,0,0,0,0
13,41,21,21,IN_PROGRESS,0,5,1,3,0,0,0,0,0
13,42,21,17,IN_PROGRESS,1,9,1,3,0,0,0,0,0
13,43,23,22,IN_PROGRESS,0,0,1,1,0,0,0,0,0
14,0,3,8,IN_PROGRESS,0,1,2,2,0,0,0,0,0
14,1,4,8,IN_PROGRESS,0,1,2,3,0,0,0,0,0
14,2,4,1,IN_PROGRESS,0,0,2,2,0,0,0,0,0
14,3,5,1,IN_PROGRESS,0,8,2,2,10,0,0,1,1
14,4,6,8,IN_PROGRESS,0,0,3,6,0,0,0,0,0
14,5,7,1,IN_PROGRESS,0,0,2,4,0,0,0,0,0
14,6,9,5,IN_PROGRESS,1,10,3,4,3,0,0,1,0
14,7,9,8,IN_PROGRESS,0,0,4,7,0,0,0,0,0
14,8,8,5,IN_PROGRESS,0,2,1,5,3,0,0,1,0
14,9,11,1,IN_PROGRESS,0,0,0,2,0,0,0,0,0
14,10,11,8,IN_PROGRESS,1,0,3,5,0,0,0,0,0
14,11,10,7,IN_PROGRESS,0,1,3,6,0,0,0,0,0
14,12,14,8,IN_PROGRESS,0,0,1,4,0,0,0,0,0
14,13,15,1,IN_PROGRESS,0,0,1,5,0,0,0,0,0
14,14,17,5,IN_PROGRESS,0,4,1,2,4,0,0,1,0
14,15,16,5,IN_PROGRESS,1,0,1,3,0,0,0,0,0
14,16,18,1,IN_PROGRESS,0,0,4,6,0,0,0,0,0
14,17,19,1,IN_PROGRESS,0,6,4,5,10,0,0,1,1
14,18,20,1,IN_PROGRESS,0,11,4,5,10,0,0,1,1
14,19,21,1,IN_PROGRESS,0,0,4,4,0,0,0,0,0
14,20,22,10,IN_PROGRESS,0,7,0,0,0,0,0,0,0
14,21,22,1,IN_PROGRESS,0,11,3,4,8,0,0,1,1
14,22,3,18,IN_PROGRESS,0,17,3,3,4,0,0,1,0
14,23,4,18,IN_PROGRESS,1,7,3,5,3,0,0,1,0
14,24,3,19,IN_PROGRESS,0,5,3,3,5,0,0,1,0
14,25,3,20,IN_PROGRESS,0,4,3,4,5,0,0,1,0
14,26,6,22,IN_PROGRESS,0,0,2,4,0,0,0,0,0
14,27,6,15,IN_PROGRESS,0,0,0,2,0,0,0,0,0
14,28,8,22,IN_PROGRESS,0,0,3,4,0,0,0,0,0
14,29,9,22,IN_PROGRESS,0,9,3,4,10,0,0,1,1
14,30,10,22,IN_PROGRESS,0,11,2,5,10,0,0,1,1
14,31,11,15,IN_PROGRESS,0,0,0,4,0,0,0,0,0
14,32,9,18,IN_PROGRESS,1,18,0,6,1,0,0,0,0
14,33,15,15,IN_PROGRESS,0,0,2,5,0,0,0,0,0
14,34,14,18,IN_PROGRESS,1,16,1,6,1,0,0,0,0
14,35,15,22,IN_PROGRESS,0,0,1,4,0,0,0,0,0
14,36,15,18,IN_PROGRESS,1,14,2,6,1,0,0,0,0
14,37,16,15,IN_PROGRESS,1,0,2,5,0,0,0,0,0
14,38,16,22,IN_PROGRESS,0,9,1,2,7,0,0,1,1
14,39,19,15,IN_PROGRESS,0,0,3,4,0,0,0,0,0
14,40,19,18,IN_PROGRESS,1,13,1,5,1,0,0,0,0
14,41,21,20,IN_PROGRESS,0,4,0,3,0,0,0,0,0
14,42,21,16,IN_PROGRESS,1,8,1,3,0,0,0,0,0
14,43,23,22,IN_PROGRESS,0,0,0,1,0,0,0,0,0
15,0,4,8,IN_PROGRESS,0,0,2,3,0,0,0,0,0
15,1,5,8,IN_PROGRESS,0,0,2,4,0,0,0,0,0
15,2,4,1,IN_PROGRESS,0,0,2,2,0,0,0,0,0
15,3,5,1,IN_PROGRESS,0,8,2,2,11,0,0,1,1
15,4,6,8,IN_PROGRESS,1,0,3,6,0,0,0,0,0
15,5,7,1,IN_PROGRESS,0,0,2,4,0,0,0,0,0
15,6,9,5,IN_PROGRESS,1,10,2,4,4,0,0,1,0
15,7,9,8,IN_PROGRESS,1,0,4,8,0,0,0,0,0
15,8,8,5,IN_PROGRESS,0,2,1,5,4,0,0,1,0
15,9,11,1,IN_PROGRESS,0,0,0,2,0,0,0,0,0
15,10,11,8,IN_PROGRESS,1,0,3,5,0,0,0,0,0
15,11,10,8,IN_PROGRESS,0,0,2,7,0,0,0,0,0
15,12,14,8,IN_PROGRESS,1,0,1,4,0,0,0,0,0
15,13,15,1,IN_PROGRESS,0,0,1,5,0,0,0,0,0
15,14,17,5,IN_PROGRESS,0,4,1,2,5,0,0,1,0
15,15,16,5,IN_PROGRESS,1,0,1,3,0,0,0,0,0
15,16,18,1,IN_PROGRESS,0,0,4,6,0,0,0,0,0
15,17,19,1,IN_PROGRESS,0,6,4,5,11,0,0,1,1
15,18,20,1,IN_PROGRESS,0,11,4,5,11,0,0,1,1
15,19,21,1,IN_PROGRESS,0,0,4,4,0,0,0,0,0
15,20,22,11,IN_PROGRESS,0,6,0,1,0,0,0,0,0
15,21,22,1,IN_PROGRESS,0,11,3,4,9,0,0,1,1
15,22,3,18,IN_PROGRESS,0,17,3,3,5,0,0,1,0
15,23,4,18,IN_PROGRESS,1,7,3,4,4,0,0,1,0
15,24,3,19,IN_PROGRESS,0,5,3,3,6,0,0,1,1
15,25,3,20,IN_PROGRESS,0,4,3,4,6,0,0,1,1
15,26,6,22,IN_PROGRESS,0,0,2,4,0,0,0,0,0
15,27,6,15,IN_PROGRESS,1,0,0,3,0,0,0,0,0
15,28,8,22,IN_PROGRESS,0,0,3,3,0,0,0,0,0
15,29,9,22,IN_PROGRESS,0,9,3,4,11,0,0,1,1
15,30,10,22,IN_PROGRESS,0,11,2,4,11,0,0,1,1
15,31,11,15,IN_PROGRESS,1,0,0,5,0,0,0,0,0
15,32,9,17,IN_PROGRESS,1,17,0,4,0,0,0,0,0
15,33,15,15,IN_PROGRESS,1,0,1,5,0,0,0,0,0
15,34,13,18,IN_PROGRESS,1,15,1,5,0,0,0,0,0
15,35,15,22,IN_PROGRESS,0,0,1,3,0,0,0,0,0
15,36,14,18,IN_PROGRESS,1,13,1,5,0,0,0,0,0
15,37,16,15,IN_PROGRESS,1,7,2,6,1,0,0,0,0
15,38,16,22,IN_PROGRESS,0,9,1,1,8,0,0,1,1
15,39,19,15,IN_PROGRESS,1,0,2,4,0,0,0,0,0
15,40,18,18,IN_PROGRESS,1,12,0,4,0,0,0,0,0
15,41,22,20,IN_PROGRESS,0,3,1,1,0,0,0,0,0
15,42,21,15,IN_PROGRESS,1,7,1,3,0,0,0,0,0
15,43,23,22,IN_PROGRESS,0,0,1,1,0,0,0,0,0
16,0,4,8,IN_PROGRESS,1,0,2,3,0,0,0,0,0
16,1,5,8,IN_PROGRESS,1,0,2,4,0,0,0,0,0
16,2,4,1,IN_PROGRESS,0,0,2,2,0,0,0,0,0
16,3,5,1,IN_PROGRESS,0,8,2,2,12,0,0,1,1
16,4,6,8,IN_PROGRESS,1,9,3,6,1,0,0,0,0
16,5,7,1,IN_PROGRESS,0,0,2,4,0,0,0,0,0
16,6,9,5,IN_PROGRESS,1,10,2,4,5,0,0,1,0
16,7,9,8,IN_PROGRESS,1,0,4,8,0,0,0,0,0
16,8,8,5,IN_PROGRESS,0,2,1,5,5,0,0,1,0
16,9,11,1,IN_PROGRESS,0,0,0,2,0,0,0,0,0
16,10,11,8,IN_PROGRESS,1,0,3,5,0,0,0,0,0
16,11,10,8,IN_PROGRESS,1,0,2,7,0,0,0,0,0
16,12,14,8,IN_PROGRESS,1,0,1,4,0,0,0,0,0
16,13,15,1,IN_PROGRESS,0,0,1,5,0,0,0,0,0
16,14,17,5,IN_PROGRESS,0,4,1,2,6,0,0,1,1
16,15,16,5,IN_PROGRESS,1,0,1,3,0,0,0,0,0
16,16,18,1,IN_PROGRESS,0,0,4,6,0,0,0,0,0
16,17,19,1,IN_PROGRESS,0,6,4,5,12,0,0,1,1
16,18,20,1,IN_PROGRESS,0,11,4,5,12,0,0,1,1
16,19,21,1,IN_PROGRESS,0,0,4,4,0,0,0,0,0
16,20,22,12,IN_PROGRESS,0,5,1,1,0,0,0,0,0
16,21,22,1,IN_PROGRESS,0,11,3,4,10,0,0,1,1
16,22,3,18,IN_PROGRESS,0,17,3,3,6,0,0,1,1
16,23,4,18,IN_PROGRESS,1,7,3,4,5,0,0,1,0
16,24,3,19,IN_PROGRESS,0,5,3,3,7,0,0,1,1
16,25,3,20,IN_PROGRESS,0,4,3,4,7,0,0,1,1
16,26,6,22,IN_PROGRESS,0,0,2,4,0,0,0,0,0
16,27,6,15,IN_PROGRESS,1,10,0,3,1,0,0,0,0
16,28,8,22,IN_PROGRESS,0,9,3,3,1,0,0,0,0
16,29,9,22,IN_PROGRESS,0,9,3,3,12,0,0,1,1
16,30,10,22,IN_PROGRESS,0,11,2,4,12,0,0,1,1
16,31,11,15,IN_PROGRESS,1,0,1,5,0,0,0,0,0
16,32,9,16,IN_PROGRESS,1,16,1,3,0,0,0,0,0
16,33,15,15,IN_PROGRESS,1,0,1,5,0,0,0,0,0
16,34,12,18,IN_PROGRESS,1,14,1,4,0,0,0,0,0
16,35,15,22,IN_PROGRESS,0,0,1,2,0,0,0,0,0
16,36,13,18,IN_PROGRESS,1,12,1,4,0,0,0,0,0
16,37,17,15,IN_PROGRESS,1,6,3,4,0,0,0,0,0
16,38,16,22,IN_PROGRESS,0,9,1,2,9,0,0,1,1
16,39,19,15,IN_PROGRESS,1,0,2,4,0,0,0,0,0
16,40,17,18,IN_PROGRESS,1,11,1,6,0,0,0,0,0
16,41,22,19,IN_PROGRESS,0,2,0,2,0,0,0,0,0
16,42,22,15,IN_PROGRESS,1,6,2,4,0,0,0,0,0
16,43,23,22,IN_PROGRESS,0,0,0,1,0,0,0,0,0
17,0,4,8,IN_PROGRESS,1,9,2,3,1,0,0,0,0
17,1,5,8,IN_PROGRESS,1,0,2,4,0,0,0,0,0
17,2,4,1,IN_PROGRESS,0,0,2,2,0,0,0,0,0
17,3,5,1,IN_PROGRESS,0,8,2,2,13,0,0,1,1
17,4,6,8,IN_PROGRESS,1,9,3,6,2,0,0,1,0
17,5,7,1,IN_PROGRESS,0,0,2,4,0,0,0,0,0
17,6,9,5,IN_PROGRESS,1,10,2,4,6,0,0,1,1
17,7,9,8,IN_PROGRESS,1,0,4,8,0,0,0,0,0
17,8,8,5,IN_PROGRESS,0,2,1,5,6,0,0,1,1
17,9,11,1,IN_PROGRESS,0,0,0,2,0,0,0,0,0
17,10,11,8,IN_PROGRESS,1,0,3,5,0,0,0,0,0
17,11,10,8,IN_PROGRESS,1,0,2,7,0,0,0,0,0
17,12,14,8,IN_PROGRESS,1,0,1,4,0,0,0,0,0
17,13,15,1,IN_PROGRESS,0,0,1,5,0,0,0,0,0
17,14,17,5,IN_PROGRESS,0,4,1,2,7,0,0,1,1
17,15,16,5,IN_PROGRESS,1,0,1,3,0,0,0,0,0
17,16,18,1,IN_PROGRESS,0,0,4,6,0,0,0,0,0
17,17,19,1,IN_PROGRESS,0,6,4,5,13,0,0,1,1
17,18,20,1,IN_PROGRESS,0,11,4,5,13,0,0,1,1
17,19,21,1,IN_PROGRESS,0,0,4,4,0,0,0,0,0
17,20,22,13,IN_PROGRESS,0,4,1,3,0,0,0,0,0
17,21,22,1,IN_PROGRESS,0,11,3,4,11,0,0,1,1
17,22,3,18,IN_PROGRESS,0,17,3,3,7,0,0,1,1
17,23,4,18,IN_PROGRESS,1,7,3,3,6,0,0,1,1
17,24,3,19,IN_PROGRESS,0,5,3,3,8,0,0,1,1
17,25,3,20,IN_PROGRESS,0,4,3,4,8,0,0,1,1
17,26,6,22,IN_PROGRESS,0,0,3,4,0,0,0,0,0
17,27,7,15,IN_PROGRESS,1,9,1,2,0,0,0,0,0
17,28,7,22,IN_PROGRESS,0,8,3,3,0,0,0,0,0
17,29,8,22,IN_PROGRESS,0,8,3,3,0,0,0,0,0
17,30,9,22,IN_PROGRESS,0,10,3,3,0,0,0,0,0
17,31,11,15,IN_PROGRESS,1,0,2,5,0,0,0,0,0
17,32,9,15,IN_PROGRESS,1,15,2,3,0,0,0,0,0
17,33,15,15,IN_PROGRESS,1,0,1,4,0,0,0,0,0
17,34,11,18,IN_PROGRESS,1,13,2,3,0,0,0,0,0
17,35,15,22,IN_PROGRESS,0,0,1,1,0,0,0,0,0
17,36,12,18,IN_PROGRESS,1,11,1,2,0,0,0,0,0
17,37,17,14,IN_PROGRESS,1,5,3,4,0,0,0,0,0
17,38,16,22,IN_PROGRESS,0,9,1,1,10,0,0,1,1
17,39,19,15,IN_PROGRESS,1,0,1,5,0,0,0,0,0
17,40,17,17,IN_PROGRESS,1,10,1,3,0,0,0,0,0
17,41,22,18,IN_PROGRESS,0,1,0,3,0,0,0,0,0
17,42,22,14,IN_PROGRESS,1,5,1,4,0,0,0,0,0
17,43,23,22,IN_PROGRESS,0,0,0,1,0,0,0,0,0
18,0,3,8,IN_PROGRESS,1,8,2,2,0,0,0,0,0
18,1,5,8,IN_PROGRESS,1,0,2,4,0,0,0,0,0
18,2,4,1,IN_PROGRESS,0,0,2,2,0,0,0,0,0
18,3,5,1,IN_PROGRESS,0,8,2,2,14,0,0,1,1
18,4,6,8,IN_PROGRESS,1,9,3,6,3,0,0,1,0
18,5,7,1,IN_PROGRESS,0,0,2,4,0,0,0,0,0
18,6,9,5,IN_PROGRESS,1,10,2,4,7,0,0,1,1
18,7,9,8,IN_PROGRESS,1,0,4,7,0,0,0,0,0
18,8,8,5,IN_PROGRESS,0,2,1,5,7,0,0,1,1
18,9,11,1,IN_PROGRESS,0,0,0,2,0,0,0,0,0
18,10,11,8,IN_PROGRESS,1,0,3,5,0,0,0,0,0
18,11,10,8,IN_PROGRESS,1,0,2,7,0,0,0,0,0
18,12,14,8,IN_PROGRESS,1,0,1,4,0,0,0,0,0
18,13,15,1,IN_PROGRESS,0,0,1,5,0,0,0,0,0
18,14,17,5,IN_PROGRESS,0,4,1,2,8,0,0,1,1
18,15,16,5,IN_PROGRESS,1,0,1,3,0,0,0,0,0
18,16,18,1,IN_PROGRESS,0,0,4,6,0,0,0,0,0
18,17,19,1,IN_PROGRESS,0,6,4,5,14,0,0,1,1
18,18,20,1,IN_PROGRESS,0,11,4,5,14,0,0,1,1
18,19,21,1,IN_PROGRESS,0,0,4,4,0,0,0,0,0
18,20,22,13,IN_PROGRESS,0,4,1,3,1,0,0,0,0
18,21,22,1,IN_PROGRESS,0,11,3,4,12,0,0,1,1
18,22,3,18,IN_PROGRESS,0,17,3,3,8,0,0,1,1
18,23,4,18,IN_PROGRESS,1,7,3,3,7,0,0,1,1
18,24,3,19,IN_PROGRESS,0,5,3,3,9,0,0,1,1
18,25,3,20,IN_PROGRESS,0,4,3,5,9,0,0,1,1
18,26,6,22,IN_PROGRESS,0,0,3,4,0,0,0,0,0
18,27,7,14,IN_PROGRESS,1,8,0,2,0,0,0,0,0
18,28,7,21,IN_PROGRESS,0,7,3,4,0,0,0,0,0
18,29,8,21,IN_PROGRESS,0,7,3,4,0,0,0,0,0
18,30,8,22,IN_PROGRESS,0,9,3,3,0,0,0,0,0
18,31,11,15,IN_PROGRESS,1,0,2,5,0,0,0,0,0
18,32,10,15,IN_PROGRESS,1,14,2,5,0,0,0,0,0
18,33,15,15,IN_PROGRESS,1,0,1,6,0,0,0,0,0
18,34,10,18,IN_PROGRESS,1,12,2,4,0,0,0,0,0
18,35,15,22,IN_PROGRESS,0,0,1,1,0,0,0,0,0
18,36,12,17,IN_PROGRESS,1,10,2,4,0,0,0,0,0
18,37,17,13,IN_PROGRESS,1,4,1,4,0,0,0,0,0
18,38,16,22,IN_PROGRESS,0,9,1,1,11,0,0,1,1
18,39,19,15,IN_PROGRESS,1,0,1,6,0,0,0,0,0
18,40,17,16,IN_PROGRESS,1,9,3,3,0,0,0,0,0
18,41,21,18,IN_PROGRESS,0,0,0,2,0,0,0,0,0
18,42,22,14,IN_PROGRESS,1,5,1,3,1,0,0,0,0
18,43,23,22,IN_PROGRESS,0,0,0,0,0,0,0,0,0
19,0,3,9,IN_PROGRESS,1,7,1,2,0,0,0,0,0
19,1,5,8,IN_PROGRESS,1,0,2,4,0,0,0,0,0
19,2,4,1,IN_PROGRESS,0,0,2,2,0,0,0,0,0
19,3,5,1,IN_PROGRESS,0,8,2,2,15,0,0,1,1
19,4,6,8,IN_PROGRESS,1,9,2,6,4,0,0,1,0
19,5,7,1,IN_PROGRESS,0,0,2,4,0,0,0,0,0
19,6,9,5,IN_PROGRESS,1,10,2,4,8,0,0,1,1
19,7,9,8,IN_PROGRESS,1,0,4,7,0,0,0,0,0
19,8,8,5,IN_PROGRESS,0,2,1,5,8,0,0,1,1
19,9,11,1,IN_PROGRESS,0,0,0,2,0,0,0,0,0
19,10,11,8,IN_PROGRESS,1,0,3,5,0,0,0,0,0
19,11,10,8,IN_PROGRESS,1,0,2,7,0,0,0,0,0
19,12,14,8,IN_PROGRESS,1,0,1,4,0,0,0,0,0
19,13,15,1,IN_PROGRESS,0,0,1,5,0,0,0,0,0
19,14,17,5,IN_PROGRESS,0,4,1,2,9,0,0,1,1
19,15,16,5,IN_PROGRESS,1,0,1,3,0,0,0,0,0
19,16,18,1,IN_PROGRESS,0,0,4,6,0,0,0,0,0
19,17,19,1,IN_PROGRESS,0,6,4,5,15,0,0,1,1
19,18,20,1,IN_PROGRESS,0,11,4,5,15,0,0,1,1
19,19,21,1,IN_PROGRESS,0,0,4,4,0,0,0,0,0
19,20,22,13,IN_PROGRESS,0,4,1,2,2,0,0,1,0
19,21,22,1,IN_PROGRESS,0,11,3,4,13,0,0,1,1
19,22,3,18,IN_PROGRESS,0,17,3,3,9,0,0,1,1
19,23,4,18,IN_PROGRESS,1,7,3,5,8,0,0,1,1
19,24,3,19,IN_PROGRESS,0,5,3,4,10,0,0,1,1
19,25,3,20,IN_PROGRESS,0,4,3,6,10,0,0,1,1
19,26,6,22,IN_PROGRESS,0,0,2,4,0,0,0,0,0
19,27,7,13,IN_PROGRESS,1,7,0,1,0,0,0,0,0
19,28,7,20,IN_PROGRESS,0,6,3,7,0,0,0,0,0
19,29,8,20,IN_PROGRESS,0,6,3,5,0,0,0,0,0
19,30,8,21,IN_PROGRESS,0,8,3,4,0,0,0,0,0
19,31,11,15,IN_PROGRESS,1,0,2,4,0,0,0,0,0
19,32,10,15,IN_PROGRESS,1,14,2,5,1,0,0,0,0
19,33,15,15,IN_PROGRESS,1,0,2,6,0,0,0,0,0
19,34,9,18,IN_PROGRESS,1,11,1,7,0,0,0,0,0
19,35,15,22,IN_PROGRESS,0,0,1,1,0,0,0,0,0
19,36,12,16,IN_PROGRESS,1,9,2,4,0,0,0,0,0
19,37,16,13,IN_PROGRESS,1,3,2,3,0,0,0,0,0
19,38,16,22,IN_PROGRESS,0,9,1,1,12,0,0,1,1
19,39,19,15,IN_PROGRESS,1,0,1,6,0,0,0,0,0
19,40,17,15,IN_PROGRESS,1,8,3,3,0,0,0,0,0
19,41,21,18,IN_PROGRESS,1,0,0,2,0,0,0,0,0
19,42,22,14,IN_PROGRESS,1,5,1,3,2,0,0,1,0
19,43,23,22,IN_PROGRESS,0,0,0,0,0,0,0,0,0
20,0,3,10,IN_PROGRESS,1,6,0,2,0,0,0,0,0
20,1,5,8,IN_PROGRESS,1,0,1,4,0,0,0,0,0
20,2,4,1,IN_PROGRESS,0,0,2,2,0,0,0,0,0
20,3,5,1,IN_PROGRESS,0,8,2,2,16,0,0,1,1
20,4,6,8,IN_PROGRESS,1,9,2,7,5,0,0,1,0
20,5,7,1,IN_PROGRESS,0,0,2,4,0,0,0,0,0
20,6,9,5,IN_PROGRESS,1,10,2,4,9,0,0,1,1
20,7,9,8,IN_PROGRESS,1,0,4,7,0,0,0,0,0
20,8,8,5,IN_PROGRESS,0,2,1,5,9,0,0,1,1
20,9,11,1,IN_PROGRESS,0,0,0,2,0,0,0,0,0
20,10,11,8,IN_PROGRESS,1,0,3,5,0,0,0,0,0
20,11,10,8,IN_PROGRESS,1,0,2,7,0,0,0,0,0
20,12,14,8,IN_PROGRESS,1,0,1,4,0,0,0,0,0
20,13,15,1,IN_PROGRESS,0,0,1,5,0,0,0,0,0
20,14,17,5,IN_PROGRESS,0,4,1,2,10,0,0,1,1
20,15,16,5,IN_PROGRESS,1,0,1,3,0,0,0,0,0
20,16,18,1,IN_PROGRESS,0,0,4,6,0,0,0,0,0
20,17,19,1,IN_PROGRESS,0,6,4,5,16,0,0,1,1
20,18,20,1,IN_PROGRESS,0,11,4,5,16,0,0,1,1
20,19,21,1,IN_PROGRESS,0,0,4,4,0,0,0,0,0
20,20,22,13,IN_PROGRESS,0,4,1,2,3,0,0,1,0
20,21,22,1,IN_PROGRESS,0,11,3,4,14,0,0,1,1
20,22,3,18,IN_PROGRESS,0,17,3,5,10,0,0,1,1
20,23,4,18,IN_PROGRESS,1,7,3,6,9,0,0,1,1
20,24,3,19,IN_PROGRESS,0,5,3,5,11,0,0,1,1
20,25,3,20,IN_PROGRESS,0,4,3,6,11,0,0,1,1
20,26,6,22,IN_PROGRESS,0,0,0,4,0,0,0,0,0
20,27,7,12,IN_PROGRESS,1,6,0,1,0,0,0,0,0
20,28,7,19,IN_PROGRESS,0,5,3,8,0,0,0,0,0
20,29,8,19,IN_PROGRESS,0,5,3,6,0,0,0,0,0
20,30,8,20,IN_PROGRESS,0,7,3,5,0,0,0,0,0
20,31,11,15,IN_PROGRESS,1,0,2,3,0,0,0,0,0
20,32,10,15,IN_PROGRESS,1,14,2,4,2,0,0,1,0
20,33,15,15,IN_PROGRESS,1,0,2,6,0,0,0,0,0
20,34,8,18,IN_PROGRESS,1,10,3,6,0,0,0,0,0
20,35,15,22,IN_PROGRESS,0,0,1,1,0,0,0,0,0
20,36,12,15,IN_PROGRESS,1,8,3,3,0,0,0,0,0
20,37,16,12,IN_PROGRESS,1,2,1,2,0,0,0,0,0
20,38,16,22,IN_PROGRESS,0,9,1,1,13,0,0,1,1
20,39,19,15,IN_PROGRESS,1,0,1,5,0,0,0,0,0
20,40,17,14,IN_PROGRESS,1,7,3,4,0,0,0,0,0
20,41,21,18,IN_PROGRESS,1,0,0,2,0,0,0,0,0
20,42,22,14,IN_PROGRESS,1,5,1,4,3,0,0,1,0
20,43,23,22,IN_PROGRESS,0,0,0,0,0,0,0,0,0
21,0,3,11,IN_PROGRESS,1,5,0,2,0,0,0,0,0
21,1,5,8,IN_PROGRESS,1,0,1,5,0,0,0,0,0
21,2,4,1,IN_PROGRESS,0,0,2,2,0,0,0,0,0
21,3,5,1,IN_PROGRESS,0,8,2,2,17,0,0,1,1
21,4,6,8,IN_PROGRESS,1,9,2,6,6,0,0,1,1
21,5,7,1,IN_PROGRESS,0,0,2,4,0,0,0,0,0
21,6,9,5,IN_PROGRESS,1,10,2,4,10,0,0,1,1
21,7,9,8,IN_PROGRESS,1,0,4,8,0,0,0,0,0
21,8,8,5,IN_PROGRESS,0,2,1,5,10,0,0,1,1
21,9,11,1,IN_PROGRESS,0,0,0,2,0,0,0,0,0
21,10,11,8,IN_PROGRESS,1,0,3,5,0,0,0,0,0
21,11,10,8,IN_PROGRESS,1,0,2,7,0,0,0,0,0
21,12,14,8,IN_PROGRESS,1,0,1,5,0,0,0,0,0
21,13,15,1,IN_PROGRESS,0,0,1,5,0,0,0,0,0
21,14,17,5,IN_PROGRESS,0,4,1,2,11,0,0,1,1
21,15,16,5,IN_PROGRESS,1,0,1,3,0,0,0,0,0
21,16,18,1,IN_PROGRESS,0,0,4,6,0,0,0,0,0
21,17,19,1,IN_PROGRESS,0,6,4,5,17,0,0,1,1
21,18,20,1,IN_PROGRESS,0,11,4,5,17,0,0,1,1
21,19,21,1,IN_PROGRESS,0,0,4,4,0,0,0,0,0
21,20,22,13,IN_PROGRESS,0,4,1,3,4,0,0,1,0
21,21,22,1,IN_PROGRESS,0,11,3,4,15,0,0,1,1
21,22,3,18,IN_PROGRESS,0,17,3,6,11,0,0,1,1
21,23,4,18,IN_PROGRESS,1,7,4,7,10,0,0,1,1
21,24,3,19,IN_PROGRESS,0,5,3,6,12,0,0,1,1
21,25,3,20,IN_PROGRESS,0,4,3,5,12,0,0,1,1
21,26,6,22,IN_PROGRESS,0,0,0,4,0,0,0,0,0
21,27,7,11,IN_PROGRESS,1,5,0,4,0,0,0,0,0
21,28,7,19,IN_PROGRESS,0,5,3,8,1,0,0,0,0
21,29,8,18,IN_PROGRESS,0,4,3,6,0,0,0,0,0
21,30,8,19,IN_PROGRESS,0,6,3,6,0,0,0,0,0
21,31,11,15,IN_PROGRESS,1,0,2,3,0,0,0,0,0
21,32,10,15,IN_PROGRESS,1,14,2,4,3,0,0,1,0
21,33,15,15,IN_PROGRESS,1,0,0,6,0,0,0,0,0
21,34,7,18,IN_PROGRESS,1,9,4,7,0,0,0,0,0
21,35,15,22,IN_PROGRESS,0,0,1,1,0,0,0,0,0
21,36,12,14,IN_PROGRESS,1,7,2,3,0,0,0,0,0
21,37,16,11,IN_PROGRESS,1,1,1,3,0,0,0,0,0
21,38,16,22,IN_PROGRESS,0,9,1,1,14,0,0,1,1
21,39,19,15,IN_PROGRESS,1,0,0,5,0,0,0,0,0
21,40,17,13,IN_PROGRESS,1,6,1,4,0,0,0,0,0
21,41,21,18,IN_PROGRESS,1,0,0,2,0,0,0,0,0
21,42,22,14,IN_PROGRESS,1,5,1,3,4,0,0,1,0
21,43,23,22,IN_PROGRESS,0,0,0,0,0,0,0,0,0
22,0,3,12,IN_PROGRESS,1,4,0,0,0,0,0,0,0
22,1,5,8,IN_PROGRESS,1,0,1,4,0,0,0,0,0
22,2,4,1,IN_PROGRESS,0,0,2,2,0,0,0,0,0
22,3,5,1,IN_PROGRESS,0,8,2,2,18,0,0,1,1
22,4,6,8,IN_PROGRESS,1,9,3,6,7,0,0,1,1
22,5,7,1,IN_PROGRESS,0,0,2,4,0,0,0,0,0
22,6,9,5,IN_PROGRESS,1,10,2,4,11,0,0,1,1
22,7,9,8,IN_PROGRESS,1,0,4,8,0,0,0,0,0
22,8,8,5,IN_PROGRESS,0,2,1,5,11,0,0,1,1
22,9,11,1,IN_PROGRESS,0,0,0,2,0,0,0,0,0
22,10,11,8,IN_PROGRESS,1,0,3,5,0,0,0,0,0
22,11,10,8,IN_PROGRESS,1,0,2,8,0,0,0,0,0
22,12,14,8,IN_PROGRESS,1,0,1,5,0,0,0,0,0
22,13,15,1,IN_PROGRESS,0,0,1,5,0,0,0,0,0
22,14,17,5,IN_PROGRESS,0,4,1,2,12,0,0,1,1
22,15,16,5,IN_PROGRESS,1,0,1,4,0,0,0,0,0
22,16,18,1,IN_PROGRESS,0,0,4,6,0,0,0,0,0
22,17,19,1,IN_PROGRESS,0,6,4,5,18,0,0,1,1
22,18,20,1,IN_PROGRESS,0,11,4,5,18,0,0,1,1
22,19,21,1,IN_PROGRESS,0,0,4,4,0,0,0,0,0
22,20,22,13,IN_PROGRESS,0,4,1,2,5,0,0,1,0
22,21,22,1,IN_PROGRESS,0,11,3,4,16,0,0,1,1
22,22,3,18,IN_PROGRESS,0,17,3,6,12,0,0,1,1
22,23,4,18,IN_PROGRESS,1,7,4,7,11,0,0,1,1
22,24,3,19,IN_PROGRESS,0,5,3,4,13,0,0,1,1
22,25,3,20,IN_PROGRESS,0,4,3,4,13,0,0,1,1
22,26,6,22,IN_PROGRESS,0,0,0,2,0,0,0,0,0
22,27,7,10,IN_PROGRESS,1,4,1,4,0,0,0,0,0
22,28,7,18,IN_PROGRESS,0,4,4,7,0,0,0,0,0
22,29,8,17,IN_PROGRESS,0,3,3,6,0,0,0,0,0
22,30,8,18,IN_PROGRESS,0,5,3,6,0,0,0,0,0
22,31,11,15,IN_PROGRESS,1,0,2,4,0,0,0,0,0
22,32,10,15,IN_PROGRESS,1,14,1,6,4,0,0,1,0
22,33,15,15,IN_PROGRESS,1,0,1,5,0,0,0,0,0
22,34,7,17,IN_PROGRESS,1,8,3,6,0,0,0,0,0
22,35,15,22,IN_PROGRESS,0,0,1,1,0,0,0,0,0
22,36,12,13,IN_PROGRESS,1,6,1,4,0,0,0,0,0
22,37,16,10,IN_PROGRESS,1,0,1,3,0,0,0,0,0
22,38,16,22,IN_PROGRESS,0,9,1,1,15,0,0,1,1
22,39,19,15,IN_PROGRESS,1,0,0,5,0,0,0,0,0
22,40,16,13,IN_PROGRESS,1,5,2,4,0,0,0,0,0
22,41,21,18,IN_PROGRESS,1,0,0,2,0,0,0,0,0
22,42,22,14,IN_PROGRESS,1,5,1,3,5,0,0,1,0
22,43,23,22,IN_PROGRESS,0,0,0,0,0,0,0,0,0
23,0,3,13,IN_PROGRESS,1,3,0,1,0,0,0,0,0
23,1,5,8,IN_PROGRESS,1,0,1,4,0,0,0,0,0
23,2,4,1,IN_PROGRESS,0,0,2,2,0,0,0,0,0
23,3,5,1,IN_PROGRESS,0,8,2,2,19,0,0,1,1
23,4,6,8,IN_PROGRESS,1,9,2,6,8,0,0,1,1
23,5,7,1,IN_PROGRESS,0,0,2,4,0,0,0,0,0
23,6,9,5,IN_PROGRESS,1,10,2,4,12,0,0,1,1
23,7,9,8,IN_PROGRESS,1,0,5,8,0,0,0,0,0
23,8,8,5,IN_PROGRESS,0,2,1,6,12,0,0,1,1
23,9,11,1,IN_PROGRESS,0,0,0,2,0,0,0,0,0
23,10,11,8,IN_PROGRESS,1,0,3,7,0,0,0,0,0
23,11,10,8,IN_PROGRESS,1,0,2,8,0,0,0,0,0
23,12,14,8,IN_PROGRESS,1,0,1,5,0,0,0,0,0
23,13,15,1,IN_PROGRESS,0,0,1,5,0,0,0,0,0
23,14,17,5,IN_PROGRESS,0,4,1,2,13,0,0,1,1
23,15,16,5,IN_PROGRESS,1,0,1,4,0,0,0,0,0
23,16,18,1,IN_PROGRESS,0,0,4,6,0,0,0,0,0
23,17,19,1,IN_PROGRESS,0,6,4,5,19,0,0,1,1
23,18,20,1,IN_PROGRESS,0,11,4,5,19,0,0,1,1
23,19,21,1,IN_PROGRESS,0,0,4,4,0,0,0,0,0
23,20,22,13,IN_PROGRESS,0,4,1,2,6,0,0,1,1
23,21,22,1,IN_PROGRESS,0,11,3,4,17,0,0,1,1
23,22,3,18,IN_PROGRESS,0,17,4,5,13,0,0,1,1
23,23,4,18,IN_PROGRESS,1,7,4,6,12,0,0,1,1
23,24,3,19,IN_PROGRESS,0,5,3,4,14,0,0,1,1
23,25,3,20,IN_PROGRESS,0,4,3,5,14,0,0,1,1
23,26,6,22,IN_PROGRESS,0,0,0,2,0,0,0,0,0
23,27,8,10,IN_PROGRESS,1,3,1,6,0,0,0,0,0
23,28,6,18,IN_PROGRESS,0,3,4,8,0,0,0,0,0
23,29,8,16,IN_PROGRESS,0,2,3,5,0,0,0,0,0
23,30,8,17,IN_PROGRESS,0,4,3,6,0,0,0,0,0
23,31,11,15,IN_PROGRESS,1,0,2,6,0,0,0,0,0
23,32,10,15,IN_PROGRESS,1,14,3,6,5,0,0,1,0
23,33,15,15,IN_PROGRESS,1,0,1,4,0,0,0,0,0
23,34,7,16,IN_PROGRESS,1,7,3,6,0,0,0,0,0
23,35,15,22,IN_PROGRESS,0,0,1,1,0,0,0,0,0
23,36,11,13,IN_PROGRESS,1,5,2,4,0,0,0,0,0
23,37,16,10,IN_PROGRESS,0,0,0,3,0,0,0,0,0
23,38,16,22,IN_PROGRESS,0,9,1,1,16,0,0,1,1
23,39,19,15,IN_PROGRESS,1,0,0,4,0,0,0,0,0
23,40,15,13,IN_PROGRESS,1,4,1,3,0,0,0,0,0
23,41,21,18,IN_PROGRESS,1,0,0,2,0,0,0,0,0
23,42,22,14,IN_PROGRESS,1,5,1,3,6,0,0,1,1
23,43,23,22,IN_PROGRESS,0,0,0,0,0,0,0,0,0
24,0,4,13,IN_PROGRESS,1,2,0,2,0,0,0,0,0
24,1,5,8,IN_PROGRESS,1,0,1,3,0,0,0,0,0
24,2,4,1,IN_PROGRESS,0,0,2,2,0,0,0,0,0
24,3,5,1,IN_PROGRESS,0,8,2,2,20,0,0,1,1
24,4,6,8,IN_PROGRESS,1,9,2,6,9,0,0,1,1
24,5,7,1,IN_PROGRESS,0,0,2,4,0,0,0,0,0
24,6,9,5,IN_PROGRESS,1,10,2,5,13,0,0,1,1
24,7,9,8,IN_PROGRESS,1,0,5,8,0,0,0,0,0
24,8,8,5,IN_PROGRESS,0,2,1,5,13,0,0,1,1
24,9,11,1,IN_PROGRESS,0,0,0,2,0,0,0,0,0
24,10,11,8,IN_PROGRESS,1,0,3,6,0,0,0,0,0
24,11,10,8,IN_PROGRESS,1,0,3,9,0,0,0,0,0
24,12,14,8,IN_PROGRESS,1,0,1,6,0,0,0,0,0
24,13,15,1,IN_PROGRESS,0,0,1,5,0,0,0,0,0
24,14,17,5,IN_PROGRESS,0,4,1,2,14,0,0,1,1
24,15,16,5,IN_PROGRESS,1,0,1,4,0,0,0,0,0
24,16,18,1,IN_PROGRESS,0,0,4,6,0,0,0,0,0
24,17,19,1,IN_PROGRESS,0,6,4,5,20,0,0,1,1
24,18,20,1,IN_PROGRESS,0,11,4,5,20,0,0,1,1
24,19,21,1,IN_PROGRESS,0,0,4,4,0,0,0,0,0
24,20,22,13,IN_PROGRESS,0,4,1,2,7,0,0,1,1
24,21,22,1,IN_PROGRESS,0,11,3,4,18,0,0,1,1
24,22,3,18,IN_PROGRESS,0,17,3,4,14,0,0,1,1
24,23,4,18,IN_PROGRESS,1,7,4,5,13,0,0,1,1
24,24,3,19,IN_PROGRESS,0,5,3,4,15,0,0,1,1
24,25,3,20,IN_PROGRESS,0,4,3,4,15,0,0,1,1
24,26,6,22,IN_PROGRESS,0,0,0,2,0,0,0,0,0
24,27,9,10,IN_PROGRESS,1,2,2,6,0,0,0,0,0
24,28,6,17,IN_PROGRESS,0,2,3,7,0,0,0,0,0
24,29,8,15,IN_PROGRESS,0,1,4,6,0,0,0,0,0
24,30,8,16,IN_PROGRESS,0,3,4,6,0,0,0,0,0
24,31,11,15,IN_PROGRESS,1,0,3,7,0,0,0,0,0
24,32,10,15,IN_PROGRESS,1,14,5,6,6,0,0,1,1
24,33,15,15,IN_PROGRESS,1,0,1,4,0,0,0,0,0
24,34,7,15,IN_PROGRESS,1,6,4,7,0,0,0,0,0
24,35,15,22,IN_PROGRESS,0,0,1,1,0,0,0,0,0
24,36,10,13,IN_PROGRESS,1,4,2,8,0,0,0,0,0
24,37,16,10,IN_PROGRESS,0,13,0,3,1,0,0,0,0
24,38,16,22,IN_PROGRESS,0,9,1,1,17,0,0,1,1
24,39,19,15,IN_PROGRESS,1,0,0,4,0,0,0,0,0
24,40,14,13,IN_PROGRESS,1,3,1,5,0,0,0,0,0
24,41,21,18,IN_PROGRESS,1,0,0,2,0,0,0,0,0
24,42,22,14,IN_PROGRESS,1,5,1,3,7,0,0,1,1
24,43,23,22,IN_PROGRESS,0,0,0,0,0,0,0,0,0
25,0,5,13,IN_PROGRESS,1,1,1,5,0,0,0,0,0
25,1,5,8,IN_PROGRESS,1,0,1,4,0,0,0,0,0
25,2,4,1,IN_PROGRESS,0,0,2,2,0,0,0,0,0
25,3,5,1,IN_PROGRESS,0,8,2,2,21,0,0,1,1
25,4,6,8,IN_PROGRESS,1,9,2,5,10,0,0,1,1
25,5,7,1,IN_PROGRESS,0,0,2,4,0,0,0,0,0
25,6,9,5,IN_PROGRESS,1,10,2,4,14,0,0,1,1
25,7,9,8,IN_PROGRESS,1,0,5,9,0,0,0,0,0
25,8,8,5,IN_PROGRESS,0,2,1,5,14,0,0,1,1
25,9,11,1,IN_PROGRESS,0,0,0,2,0,0,0,0,0
25,10,11,8,IN_PROGRESS,1,0,4,6,0,0,0,0,0
25,11,10,8,IN_PROGRESS,1,0,3,8,0,0,0,0,0
25,12,14,8,IN_PROGRESS,1,0,1,6,0,0,0,0,0
25,13,15,1,IN_PROGRESS,0,0,1,5,0,0,0,0,0
25,14,17,5,IN_PROGRESS,0,4,1,2,15,0,0,1,1
25,15,16,5,IN_PROGRESS,1,0,1,3,0,0,0,0,0
25,16,18,1,IN_PROGRESS,0,0,4,6,0,0,0,0,0
25,17,19,1,IN_PROGRESS,0,6,4,5,21,0,0,1,1
25,18,20,1,IN_PROGRESS,0,11,4,5,21,0,0,1,1
25,19,21,1,IN_PROGRESS,0,0,4,4,0,0,0,0,0
25,20,22,13,IN_PROGRESS,0,4,1,2,8,0,0,1,1
25,21,22,1,IN_PROGRESS,0,11,3,4,19,0,0,1,1
25,22,3,18,IN_PROGRESS,0,17,3,4,15,0,0,1,1
25,23,4,18,IN_PROGRESS,1,7,3,4,14,0,0,1,1
25,24,3,19,IN_PROGRESS,0,5,3,3,16,0,0,1,1
25,25,3,20,IN_PROGRESS,0,4,3,4,16,0,0,1,1
25,26,6,22,IN_PROGRESS,0,0,0,1,0,0,0,0,0
25,27,10,10,IN_PROGRESS,1,1,3,5,0,0,0,0,0
25,28,6,16,IN_PROGRESS,0,1,2,7,0,0,0,0,0
25,29,9,15,IN_PROGRESS,0,0,5,6,0,0,0,0,0
25,30,8,15,IN_PROGRESS,0,2,6,7,0,0,0,0,0
25,31,11,15,IN_PROGRESS,1,0,3,6,0,0,0,0,0
25,32,10,15,IN_PROGRESS,1,14,4,8,7,0,0,1,1
25,33,15,15,IN_PROGRESS,1,0,0,5,0,0,0,0,0
25,34,7,14,IN_PROGRESS,1,5,5,7,0,0,0,0,0
25,35,15,22,IN_PROGRESS,0,0,1,1,0,0,0,0,0
25,36,9,13,IN_PROGRESS,1,3,4,8,0,0,0,0,0
25,37,16,11,IN_PROGRESS,0,12,1,3,0,0,0,0,0
25,38,16,22,IN_PROGRESS,0,9,1,1,18,0,0,1,1
25,39,19,15,IN_PROGRESS,1,0,0,4,0,0,0,0,0
25,40,14,12,IN_PROGRESS,1,2,1,3,0,0,0,0,0
25,41,21,18,IN_PROGRESS,1,0,0,2,0,0,0,0,0
25,42,22,14,IN_PROGRESS,1,5,1,3,8,0,0,1,1
25,43,23,22,IN_PROGRESS,0,0,0,0,0,0,0,0,0
26,0,6,13,IN_PROGRESS,1,0,2,6,0,0,0,0,0
26,1,5,8,IN_PROGRESS,1,0,1,3,0,0,0,0,0
26,2,4,1,IN_PROGRESS,0,0,2,2,0,0,0,0,0
26,3,5,1,IN_PROGRESS,0,8,2,2,22,0,0,1,1
26,4,6,8,IN_PROGRESS,1,9,2,6,11,0,0,1,1
26,5,7,1,IN_PROGRESS,0,0,2,4,0,0,0,0,0
26,6,9,5,IN_PROGRESS,1,10,2,4,15,0,0,1,1
26,7,9,8,IN_PROGRESS,1,0,4,9,0,0,0,0,0
26,8,8,5,IN_PROGRESS,0,2,1,5,15,0,0,1,1
26,9,11,1,IN_PROGRESS,0,0,0,2,0,0,0,0,0
26,10,11,8,IN_PROGRESS,1,0,4,6,0,0,0,0,0
26,11,10,8,IN_PROGRESS,1,0,3,9,0,0,0,0,0
26,12,14,8,IN_PROGRESS,1,0,2,6,0,0,0,0,0
26,13,15,1,IN_PROGRESS,0,0,1,5,0,0,0,0,0
26,14,17,5,IN_PROGRESS,0,4,1,2,16,0,0,1,1
26,15,16,5,IN_PROGRESS,1,0,1,3,0,0,0,0,0
26,16,18,1,IN_PROGRESS,0,0,4,6,0,0,0,0,0
26,17,19,1,IN_PROGRESS,0,6,4,5,22,0,0,1,1
26,18,20,1,IN_PROGRESS,0,11,4,5,22,0,0,1,1
26,19,21,1,IN_PROGRESS,0,0,4,4,0,0,0,0,0
26,20,22,13,IN_PROGRESS,0,4,1,2,9,0,0,1,1
26,21,22,1,IN_PROGRESS,0,11,3,4,20,0,0,1,1
26,22,3,18,IN_PROGRESS,0,17,3,3,16,0,0,1,1
26,23,4,18,IN_PROGRESS,1,7,3,4,15,0,0,1,1
26,24,3,19,IN_PROGRESS,0,5,3,3,17,0,0,1,1
26,25,3,20,IN_PROGRESS,0,4,3,4,17,0,0,1,1
26,26,6,22,IN_PROGRESS,0,0,0,1,0,0,0,0,0
26,27,11,10,IN_PROGRESS,1,0,2,7,0,0,0,0,0
26,28,6,15,IN_PROGRESS,0,0,4,7,0,0,0,0,0
26,29,9,15,IN_PROGRESS,1,0,5,7,0,0,0,0,0
26,30,8,15,IN_PROGRESS,0,2,5,7,1,0,0,0,0
26,31,11,15,IN_PROGRESS,1,0,3,7,0,0,0,0,0
26,32,10,15,IN_PROGRESS,1,14,3,7,8,0,0,1,1
26,33,15,15,IN_PROGRESS,1,0,0,5,0,0,0,0,0
26,34,7,13,IN_PROGRESS,1,4,4,6,0,0,0,0,0
26,35,15,22,IN_PROGRESS,0,0,1,1,0,0,0,0,0
26,36,9,12,IN_PROGRESS,1,2,2,9,0,0,0,0,0
26,37,16,12,IN_PROGRESS,0,11,1,2,0,0,0,0,0
26,38,16,22,IN_PROGRESS,0,9,1,1,19,0,0,1,1
26,39,19,15,IN_PROGRESS,1,0,0,4,0,0,0,0,0
26,40,14,11,IN_PROGRESS,1,1,2,4,0,0,0,0,0
26,41,21,18,IN_PROGRESS,1,0,0,2,0,0,0,0,0
26,42,22,14,IN_PROGRESS,1,5,1,3,9,0,0,1,1
26,43,23,22,IN_PROGRESS,0,0,0,0,0,0,0,0,0
27,0,6,13,IN_PROGRESS,0,0,2,6,0,0,0,0,0
27,1,5,8,IN_PROGRESS,1,0,1,3,0,0,0,0,0
27,2,4,1,IN_PROGRESS,0,0,2,2,0,0,0,0,0
27,3,5,1,IN_PROGRESS,0,8,2,2,23,0,0,1,1
27,4,6,8,IN_PROGRESS,1,9,2,6,12,0,0,1,1
27,5,7,1,IN_PROGRESS,0,0,2,4,0,0,0,0,0
27,6,9,5,IN_PROGRESS,1,10,2,4,16,0,0,1,1
27,7,9,8,IN_PROGRESS,1,0,5,9,0,0,0,0,0
27,8,8,5,IN_PROGRESS,0,2,1,5,16,0,0,1,1
27,9,11,1,IN_PROGRESS,0,0,0,2,0,0,0,0,0
27,10,11,8,IN_PROGRESS,1,0,4,8,0,0,0,0,0
27,11,10,8,IN_PROGRESS,1,0,3,9,0,0,0,0,0
27,12,14,8,IN_PROGRESS,1,0,2,6,0,0,0,0,0
27,13,15,1,IN_PROGRESS,0,0,1,5,0,0,0,0,0
27,14,17,5,IN_PROGRESS,0,4,1,2,17,0,0,1,1
27,15,16,5,IN_PROGRESS,1,0,1,3,0,0,0,0,0
27,16,18,1,IN_PROGRESS,0,0,4,6,0,0,0,0,0
27,17,19,1,IN_PROGRESS,0,6,4,5,23,0,0,1,1
27,18,20,1,IN_PROGRESS,0,11,4,5,23,0,0,1,1
27,19,21,1,IN_PROGRESS,0,0,4,4,0,0,0,0,0
27,20,22,13,IN_PROGRESS,0,4,1,2,10,0,0,1,1
27,21,22,1,IN_PROGRESS,0,11,3,4,21,0,0,1,1
27,22,3,18,IN_PROGRESS,0,17,3,3,17,0,0,1,1
27,23,4,18,IN_PROGRESS,1,7,3,4,16,0,0,1,1
27,24,3,19,IN_PROGRESS,0,5,3,3,18,0,0,1,1
27,25,3,20,IN_PROGRESS,0,4,3,4,18,0,0,1,1
27,26,6,22,IN_PROGRESS,0,0,0,1,0,0,0,0,0
27,27,11,10,IN_PROGRESS,0,0,4,7,0,0,0,0,0
27,28,6,15,IN_PROGRESS,1,0,4,7,0,0,0,0,0
27,29,9,15,IN_PROGRESS,1,14,4,7,1,0,0,0,0
27,30,8,15,IN_PROGRESS,0,2,5,7,2,0,0,1,0
27,31,11,15,IN_PROGRESS,1,0,3,6,0,0,0,0,0
27,32,10,15,IN_PROGRESS,1,14,3,7,9,0,0,1,1
27,33,15,15,IN_PROGRESS,1,0,1,4,0,0,0,0,0
27,34,7,13,IN_PROGRESS,1,4,3,6,1,0,0,0,0
27,35,15,22,IN_PROGRESS,0,0,1,1,0,0,0,0,0
27,36,9,11,IN_PROGRESS,1,1,2,9,0,0,0,0,0
27,37,16,13,IN_PROGRESS,0,10,1,3,0,0,0,0,0
27,38,16,22,IN_PROGRESS,0,9,1,1,20,0,0,1,1
27,39,19,15,IN_PROGRESS,1,0,0,5,0,0,0,0,0
27,40,14,10,IN_PROGRESS,1,0,2,4,0,0,0,0,0
27,41,21,18,IN_PROGRESS,1,0,0,2,0,0,0,0,0
27,42,22,14,IN_PROGRESS,1,5,1,3,10,0,0,1,1
27,43,23,22,IN_PROGRESS,0,0,0,0,0,0,0,0,0
28,0,6,13,IN_PROGRESS,0,16,2,5,1,0,0,0,0
28,1,5,8,IN_PROGRESS,1,0,1,3,0,0,0,0,0
28,2,4,1,IN_PROGRESS,0,0,2,2,0,0,0,0,0
28,3,5,1,IN_PROGRESS,0,8,2,2,24,0,0,1,1
28,4,6,8,IN_PROGRESS,1,9,2,7,13,0,0,1,1
28,5,7,1,IN_PROGRESS,0,0,2,4,0,0,0,0,0
28,6,9,5,IN_PROGRESS,1,10,2,5,17,0,0,1,1
28,7,9,8,IN_PROGRESS,1,0,5,9,0,0,0,0,0
28,8,8,5,IN_PROGRESS,0,2,1,5,17,0,0,1,1
28,9,11,1,IN_PROGRESS,0,0,0,2,0,0,0,0,0
28,10,11,8,IN_PROGRESS,1,0,4,8,0,0,0,0,0
28,11,10,8,IN_PROGRESS,1,0,4,9,0,0,0,0,0
28,12,14,8,IN_PROGRESS,1,0,2,6,0,0,0,0,0
28,13,15,1,IN_PROGRESS,0,0,1,5,0,0,0,0,0
28,14,17,5,IN_PROGRESS,0,4,1,2,18,0,0,1,1
28,15,16,5,IN_PROGRESS,1,0,1,3,0,0,0,0,0
28,16,18,1,IN_PROGRESS,0,0,4,6,0,0,0,0,0
28,17,19,1,IN_PROGRESS,0,6,4,5,24,0,0,1,1
28,18,20,1,IN_PROGRESS,0,11,4,5,24,0,0,1,1
28,19,21,1,IN_PROGRESS,0,0,4,4,0,0,0,0,0
28,20,22,13,IN_PROGRESS,0,4,1,3,11,0,0,1,1
28,21,22,1,IN_PROGRESS,0,11,3,4,22,0,0,1,1
28,22,3,18,IN_PROGRESS,0,17,3,3,18,0,0,1,1
28,23,4,18,IN_PROGRESS,1,7,3,4,17,0,0,1,1
28,24,3,19,IN_PROGRESS,0,5,3,3,19,0,0,1,1
28,25,3,20,IN_PROGRESS,0,4,3,4,19,0,0,1,1
28,26,6,22,IN_PROGRESS,0,0,0,1,0,0,0,0,0
28,27,11,10,IN_PROGRESS,0,16,4,7,1,0,0,0,0
28,28,6,15,IN_PROGRESS,1,0,4,7,0,0,0,0,0
28,29,9,15,IN_PROGRESS,1,14,4,7,2,0,0,1,0
28,30,8,15,IN_PROGRESS,0,2,5,6,3,0,0,1,0
28,31,11,15,IN_PROGRESS,1,7,3,6,1,0,0,0,0
28,32,10,15,IN_PROGRESS,1,14,3,6,10,0,0,1,1
28,33,15,15,IN_PROGRESS,1,0,0,4,0,0,0,0,0
28,34,7,13,IN_PROGRESS,1,4,3,6,2,0,0,1,0
28,35,15,22,IN_PROGRESS,0,0,1,1,0,0,0,0,0
28,36,9,10,IN_PROGRESS,1,0,3,9,0,0,0,0,0
28,37,17,13,IN_PROGRESS,0,9,0,3,0,0,0,0,0
28,38,16,22,IN_PROGRESS,0,9,1,1,21,0,0,1,1
28,39,19,15,IN_PROGRESS,1,0,0,5,0,0,0,0,0
28,40,14,10,IN_PROGRESS,0,0,2,4,0,0,0,0,0
28,41,21,18,IN_PROGRESS,1,0,0,2,0,0,0,0,0
28,42,22,14,IN_PROGRESS,1,5,1,3,11,0,0,1,1
28,43,23,22,IN_PROGRESS,0,0,0,0,0,0,0,0,0
29,0,5,13,IN_PROGRESS,0,15,2,4,0,0,0,0,0
29,1,5,8,IN_PROGRESS,1,0,1,4,0,0,0,0,0
29,2,4,1,IN_PROGRESS,0,0,2,2,0,0,0,0,0
29,3,5,1,IN_PROGRESS,0,8,2,2,25,0,0,1,1
29,4,6,8,IN_PROGRESS,1,9,2,7,14,0,0,1,1
29,5,7,1,IN_PROGRESS,0,0,2,4,0,0,0,0,0
29,6,9,5,IN_PROGRESS,1,10,2,5,18,0,0,1,1
29,7,9,8,IN_PROGRESS,1,0,6,9,0,0,0,0,0
29,8,8,5,IN_PROGRESS,0,2,1,5,18,0,0,1,1
29,9,11,1,IN_PROGRESS,0,0,0,2,0,0,0,0,0
29,10,11,8,IN_PROGRESS,1,0,4,8,0,0,0,0,0
29,11,10,8,IN_PROGRESS,1,0,4,9,0,0,0,0,0
29,12,14,8,IN_PROGRESS,1,4,2,5,1,0,0,0,0
29,13,15,1,IN_PROGRESS,0,0,1,5,0,0,0,0,0
29,14,17,5,IN_PROGRESS,0,4,1,2,19,0,0,1,1
29,15,16,5,IN_PROGRESS,1,0,1,3,0,0,0,0,0
29,16,18,1,IN_PROGRESS,0,0,4,6,0,0,0,0,0
29,17,19,1,IN_PROGRESS,0,6,4,5,25,0,0,1,1
29,18,20,1,IN_PROGRESS,0,11,4,5,25,0,0,1,1
29,19,21,1,IN_PROGRESS,0,0,4,4,0,0,0,0,0
29,20,22,13,IN_PROGRESS,0,4,1,2,12,0,0,1,1
29,21,22,1,IN_PROGRESS,0,11,3,4,23,0,0,1,1
29,22,3,18,IN_PROGRESS,0,17,3,3,19,0,0,1,1
29,23,4,18,IN_PROGRESS,1,7,3,4,18,0,0,1,1
29,24,3,19,IN_PROGRESS,0,5,3,3,20,0,0,1,1
29,25,3,20,IN_PROGRESS,0,4,3,4,20,0,0,1,1
29,26,6,22,IN_PROGRESS,0,0,0,1,0,0,0,0,0
29,27,10,10,IN_PROGRESS,0,15,4,6,0,0,0,0,0
29,28,6,15,IN_PROGRESS,1,0,4,6,0,0,0,0,0
29,29,9,15,IN_PROGRESS,1,14,4,6,3,0,0,1,0
29,30,8,15,IN_PROGRESS,0,2,3,6,4,0,0,1,0
29,31,12,15,IN_PROGRESS,1,6,3,4,0,0,0,0,0
29,32,10,15,IN_PROGRESS,1,14,3,6,11,0,0,1,1
29,33,15,15,IN_PROGRESS,1,0,2,4,0,0,0,0,0
29,34,6,13,IN_PROGRESS,1,3,2,5,0,0,0,0,0
29,35,15,22,IN_PROGRESS,0,0,1,1,0,0,0,0,0
29,36,9,10,IN_PROGRESS,0,0,3,8,0,0,0,0,0
29,37,17,14,IN_PROGRESS,0,8,2,3,0,0,0,0,0
29,38,16,22,IN_PROGRESS,0,9,1,1,22,0,0,1,1
29,39,19,15,IN_PROGRESS,1,0,1,5,0,0,0,0,0
29,40,14,10,IN_PROGRESS,0,18,1,4,1,0,0,0,0
29,41,21,18,IN_PROGRESS,1,0,0,2,0,0,0,0,0
29,42,22,14,IN_PROGRESS,1,5,1,4,12,0,0,1,1
29,43,23,22,IN_PROGRESS,0,0,0,0,0,0,0,0,0
30,0,4,13,IN_PROGRESS,0,14,1,3,0,0,0,0,0
30,1,5,8,IN_PROGRESS,1,0,1,4,0,0,0,0,0
30,2,4,1,IN_PROGRESS,0,0,2,2,0,0,0,0,0
30,3,5,1,IN_PROGRESS,0,8,2,2,26,0,0,1,1
30,4,6,8,IN_PROGRESS,1,9,2,7,15,0,0,1,1
30,5,7,1,IN_PROGRESS,0,0,2,4,0,0,0,0,0
30,6,9,5,IN_PROGRESS,1,10,2,5,19,0,0,1,1
30,7,9,8,IN_PROGRESS,1,0,6,9,0,0,0,0,0
30,8,8,5,IN_PROGRESS,0,2,1,5,19,0,0,1,1
30,9,11,1,IN_PROGRESS,0,0,0,2,0,0,0,0,0
30,10,11,8,IN_PROGRESS,1,0,4,7,0,0,0,0,0
30,11,10,8,IN_PROGRESS,1,5,5,9,1,0,0,0,0
30,12,13,8,IN_PROGRESS,1,3,2,5,0,0,0,0,0
30,13,15,1,IN_PROGRESS,0,10,1,5,1,0,0,0,0
30,14,17,5,IN_PROGRESS,0,4,1,2,20,0,0,1,1
30,15,16,5,IN_PROGRESS,1,0,1,2,0,0,0,0,0
30,16,18,1,IN_PROGRESS,0,0,4,6,0,0,0,0,0
30,17,19,1,IN_PROGRESS,0,6,4,5,26,0,0,1,1
30,18,20,1,IN_PROGRESS,0,11,4,5,26,0,0,1,1
30,19,21,1,IN_PROGRESS,0,0,4,4,0,0,0,0,0
30,20,22,13,IN_PROGRESS,0,4,1,2,13,0,0,1,1
30,21,22,1,IN_PROGRESS,0,11,3,4,24,0,0,1,1
30,22,3,18,IN_PROGRESS,0,17,3,3,20,0,0,1,1
30,23,4,18,IN_PROGRESS,1,7,3,5,19,0,0,1,1
30,24,3,19,IN_PROGRESS,0,5,3,3,21,0,0,1,1
30,25,3,20,IN_PROGRESS,0,4,3,4,21,0,0,1,1
30,26,6,22,IN_PROGRESS,0,0,0,1,0,0,0,0,0
30,27,10,10,IN_PROGRESS,0,15,4,6,1,0,0,0,0
30,28,6,15,IN_PROGRESS,1,0,3,6,0,0,0,0,0
30,29,9,15,IN_PROGRESS,1,14,3,5,4,0,0,1,0
30,30,8,15,IN_PROGRESS,0,2,3,5,5,0,0,1,0
30,31,12,14,IN_PROGRESS,1,5,1,5,0,0,0,0,0
30,32,11,15,IN_PROGRESS,1,13,3,5,0,0,0,0,0
30,33,15,15,IN_PROGRESS,1,0,1,5,0,0,0,0,0
30,34,6,12,IN_PROGRESS,1,2,2,6,0,0,0,0,0
30,35,15,22,IN_PROGRESS,0,0,1,1,0,0,0,0,0
30,36,9,10,IN_PROGRESS,0,19,3,8,1,0,0,0,0
30,37,17,15,IN_PROGRESS,0,7,2,2,0,0,0,0,0
30,38,16,22,IN_PROGRESS,0,9,1,1,23,0,0,1,1
30,39,19,15,IN_PROGRESS,1,0,1,5,0,0,0,0,0
30,40,14,11,IN_PROGRESS,0,17,0,4,0,0,0,0,0
30,41,21,18,IN_PROGRESS,1,0,0,2,0,0,0,0,0
30,42,22,14,IN_PROGRESS,1,5,1,3,13,0,0,1,1
30,43,23,22,IN_PROGRESS,0,0,0,0,0,0,0,0,0
31,0,3,13,IN_PROGRESS,0,13,0,3,0,0,0,0,0
31,1,5,8,IN_PROGRESS,1,0,1,4,0,0,0,0,0
31,2,4,1,IN_PROGRESS,0,0,2,2,0,0,0,0,0
31,3,5,1,IN_PROGRESS,0,8,2,2,27,0,0,1,1
31,4,6,8,IN_PROGRESS,1,9,3,7,16,0,0,1,1
31,5,7,1,IN_PROGRESS,0,0,2,4,0,0,0,0,0
31,6,9,5,IN_PROGRESS,1,10,2,5,20,0,0,1,1
31,7,9,8,IN_PROGRESS,1,0,6,9,0,0,0,0,0
31,8,8,5,IN_PROGRESS,0,2,1,5,20,0,0,1,1
31,9,11,1,IN_PROGRESS,0,0,1,2,0,0,0,0,0
31,10,11,8,IN_PROGRESS,1,0,3,7,0,0,0,0,0
31,11,10,8,IN_PROGRESS,1,5,3,9,2,0,0,1,0
31,12,13,9,IN_PROGRESS,1,2,1,6,0,0,0,0,0
31,13,14,1,IN_PROGRESS,0,9,1,3,0,0,0,0,0
31,14,17,5,IN_PROGRESS,0,4,1,2,21,0,0,1,1
31,15,16,5,IN_PROGRESS,1,0,1,1,0,0,0,0,0
31,16,18,1,IN_PROGRESS,0,0,3,6,0,0,0,0,0
31,17,19,1,IN_PROGRESS,0,6,4,5,27,0,0,1,1
31,18,20,1,IN_PROGRESS,0,11,4,4,27,0,0,1,1
31,19,21,1,IN_PROGRESS,0,0,4,4,0,0,0,0,0
31,20,22,13,IN_PROGRESS,0,4,1,2,14,0,0,1,1
31,21,22,1,IN_PROGRESS,0,11,3,4,25,0,0,1,1
31,22,3,18,IN_PROGRESS,0,17,3,4,21,0,0,1,1
31,23,4,18,IN_PROGRESS,1,7,3,4,20,0,0,1,1
31,24,3,19,IN_PROGRESS,0,5,3,3,22,0,0,1,1
31,25,3,20,IN_PROGRESS,0,4,3,4,22,0,0,1,1
31,26,6,22,IN_PROGRESS,0,0,0,1,0,0,0,0,0
31,27,9,10,IN_PROGRESS,0,14,3,9,0,0,0,0,0
31,28,6,15,IN_PROGRESS,1,0,2,5,0,0,0,0,0
31,29,9,15,IN_PROGRESS,1,14,3,6,5,0,0,1,0
31,30,8,15,IN_PROGRESS,0,2,2,4,6,0,0,1,1
31,31,12,13,IN_PROGRESS,1,4,2,6,0,0,0,0,0
31,32,12,15,IN_PROGRESS,1,12,3,5,0,0,0,0,0
31,33,15,15,IN_PROGRESS,1,0,2,5,0,0,0,0,0
31,34,6,11,IN_PROGRESS,1,1,2,6,0,0,0,0,0
31,35,15,22,IN_PROGRESS,0,0,1,1,0,0,0,0,0
31,36,9,11,IN_PROGRESS,0,18,3,8,0,0,0,0,0
31,37,17,16,IN_PROGRESS,0,6,2,2,0,0,0,0,0
31,38,16,22,IN_PROGRESS,0,9,1,1,24,0,0,1,1
31,39,19,15,IN_PROGRESS,1,0,1,5,0,0,0,0,0
31,40,14,12,IN_PROGRESS,0,16,1,4,0,0,0,0,0
31,41,21,18,IN_PROGRESS,1,0,0,2,0,0,0,0,0
31,42,22,14,IN_PROGRESS,1,5,1,3,14,0,0,1,1
31,43,23,22,IN_PROGRESS,0,0,0,0,0,0,0,0,0
32,0,2,13,IN_PROGRESS,0,12,0,0,0,0,0,0,0
32,1,5,8,IN_PROGRESS,1,0,2,5,0,0,0,0,0
32,2,4,1,IN_PROGRESS,0,0,2,2,0,0,0,0,0
32,3,5,1,IN_PROGRESS,0,8,2,2,28,0,0,1,1
32,4,6,8,IN_PROGRESS,1,9,3,7,17,0,0,1,1
32,5,7,1,IN_PROGRESS,0,0,2,4,0,0,0,0,0
32,6,9,5,IN_PROGRESS,1,10,2,4,21,0,0,1,1
32,7,9,8,IN_PROGRESS,1,0,5,9,0,0,0,0,0
32,8,8,5,IN_PROGRESS,0,2,1,6,21,0,0,1,1
32,9,11,1,IN_PROGRESS,0,0,1,2,0,0,0,0,0
32,10,11,8,IN_PROGRESS,1,0,2,7,0,0,0,0,0
32,11,10,8,IN_PROGRESS,1,5,2,9,3,0,0,1,0
32,12,13,10,IN_PROGRESS,1,1,0,6,0,0,0,0,0
32,13,13,1,IN_PROGRESS,0,8,1,2,0,0,0,0,0
32,14,17,5,IN_PROGRESS,0,4,1,2,22,0,0,1,1
32,15,16,5,IN_PROGRESS,1,0,1,1,0,0,0,0,0
32,16,18,1,IN_PROGRESS,0,0,3,6,0,0,0,0,0
32,17,19,1,IN_PROGRESS,0,6,4,4,28,0,0,1,1
32,18,20,1,IN_PROGRESS,0,11,4,4,28,0,0,1,1
32,19,21,1,IN_PROGRESS,0,0,4,4,0,0,0,0,0
32,20,22,13,IN_PROGRESS,0,4,1,2,15,0,0,1,1
32,21,22,1,IN_PROGRESS,0,11,3,4,26,0,0,1,1
32,22,3,18,IN_PROGRESS,0,17,3,3,22,0,0,1,1
32,23,4,18,IN_PROGRESS,1,7,3,4,21,0,0,1,1
32,24,3,19,IN_PROGRESS,0,5,3,3,23,0,0,1,1
32,25,3,20,IN_PROGRESS,0,4,3,4,23,0,0,1,1
32,26,6,22,IN_PROGRESS,0,0,0,1,0,0,0,0,0
32,27,8,10,IN_PROGRESS,0,13,3,10,0,0,0,0,0
32,28,6,15,IN_PROGRESS,1,0,2,4,0,0,0,0,0
32,29,9,15,IN_PROGRESS,1,14,3,5,6,0,0,1,1
32,30,8,15,IN_PROGRESS,0,2,2,6,7,0,0,1,1
32,31,11,13,IN_PROGRESS,1,3,3,7,0,0,0,0,0
32,32,12,14,IN_PROGRESS,1,11,2,7,0,0,0,0,0
32,33,15,15,IN_PROGRESS,1,0,1,4,0,0,0,0,0
32,34,6,10,IN_PROGRESS,1,0,3,6,0,0,0,0,0
32,35,15,22,IN_PROGRESS,0,0,1,1,0,0,0,0,0
32,36,9,12,IN_PROGRESS,0,17,3,8,0,0,0,0,0
32,37,17,17,IN_PROGRESS,0,5,0,3,0,0,0,0,0
32,38,16,22,IN_PROGRESS,0,9,1,1,25,0,0,1,1
32,39,19,15,IN_PROGRESS,1,0,0,5,0,0,0,0,0
32,40,14,13,IN_PROGRESS,0,15,3,4,0,0,0,0,0
32,41,21,18,IN_PROGRESS,1,0,0,3,0,0,0,0,0
32,42,22,14,IN_PROGRESS,1,5,1,3,15,0,0,1,1
32,43,23,22,IN_PROGRESS,0,0,0,0,0,0,0,0,0
33,0,2,12,IN_PROGRESS,0,11,0,0,0,0,0,0,0
33,1,5,8,IN_PROGRESS,1,0,2,5,0,0,0,0,0
33,2,4,1,IN_PROGRESS,0,0,2,2,0,0,0,0,0
33,3,5,1,IN_PROGRESS,0,8,2,2,29,0,0,1,1
33,4,6,8,IN_PROGRESS,1,9,4,7,18,0,0,1,1
33,5,7,1,IN_PROGRESS,0,0,2,4,0,0,0,0,0
33,6,9,5,IN_PROGRESS,1,10,2,4,22,0,0,1,1
33,7,9,8,IN_PROGRESS,1,0,4,9,0,0,0,0,0
33,8,8,5,IN_PROGRESS,0,2,1,5,22,0,0,1,1
33,9,11,1,IN_PROGRESS,0,0,1,2,0,0,0,0,0
33,10,11,8,IN_PROGRESS,1,0,2,6,0,0,0,0,0
33,11,10,8,IN_PROGRESS,1,5,2,8,4,0,0,1,0
33,12,14,10,IN_PROGRESS,1,0,0,4,0,0,0,0,0
33,13,13,2,IN_PROGRESS,0,7,1,1,0,0,0,0,0
33,14,17,5,IN_PROGRESS,0,4,1,2,23,0,0,1,1
33,15,16,5,IN_PROGRESS,1,0,1,1,0,0,0,0,0
33,16,18,1,IN_PROGRESS,0,0,3,5,0,0,0,0,0
33,17,19,1,IN_PROGRESS,0,6,4,4,29,0,0,1,1
33,18,20,1,IN_PROGRESS,0,11,4,4,29,0,0,1,1
33,19,21,1,IN_PROGRESS,0,0,4,4,0,0,0,0,0
33,20,22,13,IN_PROGRESS,0,4,1,2,16,0,0,1,1
33,21,22,1,IN_PROGRESS,0,11,3,4,27,0,0,1,1
33,22,3,18,IN_PROGRESS,0,17,3,3,23,0,0,1,1
33,23,4,18,IN_PROGRESS,1,7,3,4,22,0,0,1,1
33,24,3,19,IN_PROGRESS,0,5,3,3,24,0,0,1,1
33,25,3,20,IN_PROGRESS,0,4,3,4,24,0,0,1,1
33,26,6,22,IN_PROGRESS,0,0,0,1,0,0,0,0,0
33,27,7,10,IN_PROGRESS,0,12,2,6,0,0,0,0,0
33,28,6,15,IN_PROGRESS,1,0,2,5,0,0,0,0,0
33,29,9,15,IN_PROGRESS,1,14,3,5,7,0,0,1,1
33,30,8,15,IN_PROGRESS,0,2,3,3,8,0,0,1,1
33,31,11,12,IN_PROGRESS,1,2,2,7,0,0,0,0,0
33,32,12,13,IN_PROGRESS,1,10,3,6,0,0,0,0,0
33,33,15,15,IN_PROGRESS,1,0,1,4,0,0,0,0,0
33,34,6,10,IN_PROGRESS,0,0,3,5,0,0,0,0,0
33,35,15,22,IN_PROGRESS,0,0,1,1,0,0,0,0,0
33,36,9,13,IN_PROGRESS,0,16,4,7,0,0,0,0,0
33,37,17,18,IN_PROGRESS,0,4,0,4,0,0,0,0,0
33,38,16,22,IN_PROGRESS,0,9,1,2,26,0,0,1,1
33,39,19,15,IN_PROGRESS,1,0,0,5,0,0,0,0,0
33,40,15,13,IN_PROGRESS,0,14,2,4,0,0,0,0,0
33,41,21,18,IN_PROGRESS,1,0,0,3,0,0,0,0,0
33,42,22,14,IN_PROGRESS,1,5,1,3,16,0,0,1,1
33,43,23,22,IN_PROGRESS,0,0,0,0,0,0,0,0,0
34,0,2,11,IN_PROGRESS,0,10,0,2,0,0,0,0,0
34,1,5,8,IN_PROGRESS,1,0,2,5,0,0,0,0,0
34,2,4,1,IN_PROGRESS,0,0,2,2,0,0,0,0,0
34,3,5,1,IN_PROGRESS,0,8,2,2,30,0,0,1,1
34,4,6,8,IN_PROGRESS,1,9,3,7,19,0,0,1,1
34,5,7,1,IN_PROGRESS,0,0,2,4,0,0,0,0,0
34,6,9,5,IN_PROGRESS,1,10,2,4,23,0,0,1,1
34,7,9,8,IN_PROGRESS,1,0,4,9,0,0,0,0,0
34,8,8,5,IN_PROGRESS,0,2,1,5,23,0,0,1,1
34,9,11,1,IN_PROGRESS,0,0,0,2,0,0,0,0,0
34,10,11,8,IN_PROGRESS,1,0,3,7,0,0,0,0,0
34,11,10,8,IN_PROGRESS,1,5,2,8,5,0,0,1,0
34,12,14,10,IN_PROGRESS,0,0,0,4,0,0,0,0,0
34,13,13,3,IN_PROGRESS,0,6,0,2,0,0,0,0,0
34,14,17,5,IN_PROGRESS,0,4,1,2,24,0,0,1,1
34,15,16,5,IN_PROGRESS,1,0,1,2,0,0,0,0,0
34,16,18,1,IN_PROGRESS,0,0,3,5,0,0,0,0,0
34,17,19,1,IN_PROGRESS,0,6,4,4,30,0,0,1,1
34,18,20,1,IN_PROGRESS,0,11,4,4,30,0,0,1,1
34,19,21,1,IN_PROGRESS,0,0,4,4,0,0,0,0,0
34,20,22,13,IN_PROGRESS,0,4,1,2,17,0,0,1,1
34,21,22,1,IN_PROGRESS,0,11,3,4,28,0,0,1,1
34,22,3,18,IN_PROGRESS,0,17,3,3,24,0,0,1,1
34,23,4,18,IN_PROGRESS,1,7,3,4,23,0,0,1,1
34,24,3,19,IN_PROGRESS,0,5,3,3,25,0,0,1,1
34,25,3,20,IN_PROGRESS,0,4,3,4,25,0,0,1,1
34,26,6,22,IN_PROGRESS,0,0,0,1,0,0,0,0,0
34,27,7,11,IN_PROGRESS,0,11,1,9,0,0,0,0,0
34,28,6,15,IN_PROGRESS,1,0,2,5,0,0,0,0,0
34,29,9,15,IN_PROGRESS,1,14,3,3,8,0,0,1,1
34,30,8,15,IN_PROGRESS,0,2,2,4,9,0,0,1,1
34,31,11,11,IN_PROGRESS,1,1,3,7,0,0,0,0,0
34,32,12,12,IN_PROGRESS,1,9,2,5,0,0,0,0,0
34,33,15,15,IN_PROGRESS,1,0,1,2,0,0,0,0,0
34,34,6,10,IN_PROGRESS,0,20,3,6,1,0,0,0,0
34,35,15,22,IN_PROGRESS,0,0,1,2,0,0,0,0,0
34,36,10,13,IN_PROGRESS,0,15,3,6,0,0,0,0,0
34,37,17,19,IN_PROGRESS,0,3,0,3,0,0,0,0,0
34,38,16,22,IN_PROGRESS,0,9,1,2,27,0,0,1,1
34,39,19,15,IN_PROGRESS,1,0,0,5,0,0,0,0,0
34,40,16,13,IN_PROGRESS,0,13,1,4,0,0,0,0,0
34,41,21,18,IN_PROGRESS,1,0,0,3,0,0,0,0,0
34,42,22,14,IN_PROGRESS,1,5,1,3,17,0,0,1,1
34,43,23,22,IN_PROGRESS,0,0,0,0,0,0,0,0,0
35,0,2,10,IN_PROGRESS,0,9,0,2,0,0,0,0,0
35,1,5,8,IN_PROGRESS,1,0,1,5,0,0,0,0,0
35,2,4,1,IN_PROGRESS,0,0,2,2,0,0,0,0,0
35,3,5,1,IN_PROGRESS,0,8,2,2,31,0,0,1,1
35,4,6,8,IN_PROGRESS,1,9,3,7,20,0,0,1,1
35,5,7,1,IN_PROGRESS,0,0,2,4,0,0,0,0,0
35,6,9,5,IN_PROGRESS,1,10,2,5,24,0,0,1,1
35,7,9,8,IN_PROGRESS,1,0,4,7,0,0,0,0,0
35,8,8,5,IN_PROGRESS,0,2,1,5,24,0,0,1,1
35,9,11,1,IN_PROGRESS,0,0,0,2,0,0,0,0,0
35,10,11,8,IN_PROGRESS,1,0,3,8,0,0,0,0,0
35,11,10,8,IN_PROGRESS,1,5,3,8,6,0,0,1,1
35,12,14,10,IN_PROGRESS,0,11,2,3,1,0,0,0,0
35,13,13,4,IN_PROGRESS,0,5,0,4,0,0,0,0,0
35,14,17,5,IN_PROGRESS,0,4,1,3,25,0,0,1,1
35,15,16,5,IN_PROGRESS,1,0,1,2,0,0,0,0,0
35,16,18,1,IN_PROGRESS,0,0,3,5,0,0,0,0,0
35,17,19,1,IN_PROGRESS,0,6,4,4,31,0,0,1,1
35,18,20,1,IN_PROGRESS,0,11,4,4,31,0,0,1,1
35,19,21,1,IN_PROGRESS,0,0,4,4,0,0,0,0,0
35,20,22,13,IN_PROGRESS,0,4,1,3,18,0,0,1,1
35,21,22,1,IN_PROGRESS,0,11,3,4,29,0,0,1,1
35,22,3,18,IN_PROGRESS,0,17,3,3,25,0,0,1,1
35,23,4,18,IN_PROGRESS,1,7,3,4,24,0,0,1,1
35,24,3,19,IN_PROGRESS,0,5,3,3,26,0,0,1,1
35,25,3,20,IN_PROGRESS,0,4,3,4,26,0,0,1,1
35,26,6,22,IN_PROGRESS,0,0,0,1,0,0,0,0,0
35,27,7,12,IN_PROGRESS,0,10,1,6,0,0,0,0,0
35,28,6,15,IN_PROGRESS,1,0,2,5,0,0,0,0,0
35,29,9,15,IN_PROGRESS,1,14,2,4,9,0,0,1,1
35,30,8,15,IN_PROGRESS,0,2,2,4,10,0,0,1,1
35,31,11,10,IN_PROGRESS,1,0,5,6,0,0,0,0,0
35,32,12,11,IN_PROGRESS,1,8,3,5,0,0,0,0,0
35,33,15,15,IN_PROGRESS,1,0,0,2,0,0,0,0,0
35,34,6,11,IN_PROGRESS,0,19,2,5,0,0,0,0,0
35,35,15,22,IN_PROGRESS,0,0,1,2,0,0,0,0,0
35,36,11,13,IN_PROGRESS,0,14,2,6,0,0,0,0,0
35,37,17,20,IN_PROGRESS,0,2,1,2,0,0,0,0,0
35,38,16,22,IN_PROGRESS,0,9,2,2,28,0,0,1,1
35,39,19,15,IN_PROGRESS,1,18,0,5,1,0,0,0,0
35,40,17,13,IN_PROGRESS,0,12,0,3,0,0,0,0,0
35,41,21,18,IN_PROGRESS,1,0,0,2,0,0,0,0,0
35,42,22,14,IN_PROGRESS,1,5,1,3,18,0,0,1,1
35,43,23,22,IN_PROGRESS,0,0,0,0,0,0,0,0,0
36,0,2,9,IN_PROGRESS,0,8,0,2,0,0,0,0,0
36,1,5,8,IN_PROGRESS,1,0,1,5,0,0,0,0,0
36,2,4,1,IN_PROGRESS,0,0,2,2,0,0,0,0,0
36,3,5,1,IN_PROGRESS,0,8,2,2,32,0,0,1,1
36,4,6,8,IN_PROGRESS,1,9,2,7,21,0,0,1,1
36,5,7,1,IN_PROGRESS,0,0,2,4,0,0,0,0,0
36,6,9,5,IN_PROGRESS,1,10,2,5,25,0,0,1,1
36,7,9,8,IN_PROGRESS,1,0,4,8,0,0,0,0,0
36,8,8,5,IN_PROGRESS,0,2,1,6,25,0,0,1,1
36,9,11,1,IN_PROGRESS,0,0,0,1,0,0,0,0,0
36,10,11,8,IN_PROGRESS,1,0,4,8,0,0,0,0,0
36,11,10,8,IN_PROGRESS,1,5,3,9,7,0,0,1,1
36,12,13,10,IN_PROGRESS,0,10,2,6,0,0,0,0,0
36,13,13,5,IN_PROGRESS,0,4,1,6,0,0,0,0,0
36,14,17,5,IN_PROGRESS,0,5,1,3,26,0,0,1,1
36,15,16,5,IN_PROGRESS,1,0,2,2,0,0,0,0,0
36,16,18,1,IN_PROGRESS,0,0,3,5,0,0,0,0,0
36,17,19,1,IN_PROGRESS,0,6,4,4,32,0,0,1,1
36,18,20,1,IN_PROGRESS,0,11,4,4,32,0,0,1,1
36,19,21,1,IN_PROGRESS,0,0,4,4,0,0,0,0,0
36,20,22,13,IN_PROGRESS,0,4,1,1,19,0,0,1,1
36,21,22,1,IN_PROGRESS,0,11,3,4,30,0,0,1,1
36,22,3,18,IN_PROGRESS,0,17,3,3,26,0,0,1,1
36,23,4,18,IN_PROGRESS,1,7,3,4,25,0,0,1,1
36,24,3,19,IN_PROGRESS,0,5,3,3,27,0,0,1,1
36,25,3,20,IN_PROGRESS,0,4,3,4,27,0,0,1,1
36,26,6,22,IN_PROGRESS,0,0,0,1,0,0,0,0,0
36,27,7,13,IN_PROGRESS,0,9,3,5,0,0,0,0,0
36,28,6,15,IN_PROGRESS,1,0,4,5,0,0,0,0,0
36,29,9,15,IN_PROGRESS,1,14,2,4,10,0,0,1,1
36,30,8,15,IN_PROGRESS,0,2,3,4,11,0,0,1,1
36,31,11,10,IN_PROGRESS,0,0,4,6,0,0,0,0,0
36,32,12,10,IN_PROGRESS,1,7,4,6,0,0,0,0,0
36,33,15,15,IN_PROGRESS,1,0,2,3,0,0,0,0,0
36,34,6,12,IN_PROGRESS,0,18,2,5,0,0,0,0,0
36,35,15,22,IN_PROGRESS,0,0,2,2,0,0,0,0,0
36,36,12,13,IN_PROGRESS,0,13,1,6,0,0,0,0,0
36,37,17,21,IN_PROGRESS,0,1,2,2,0,0,0,0,0
36,38,16,22,IN_PROGRESS,0,9,2,2,29,0,0,1,1
36,39,18,15,IN_PROGRESS,1,17,2,3,0,0,0,0,0
36,40,17,14,IN_PROGRESS,0,11,2,3,0,0,0,0,0
36,41,21,18,IN_PROGRESS,1,0,0,1,0,0,0,0,0
36,42,22,14,IN_PROGRESS,1,5,1,4,19,0,0,1,1
36,43,23,22,IN_PROGRESS,0,0,0,0,0,0,0,0,0
37,0,2,8,IN_PROGRESS,0,7,1,2,0,0,0,0,0
37,1,5,8,IN_PROGRESS,1,0,2,4,0,0,0,0,0
37,2,4,1,IN_PROGRESS,0,0,2,2,0,0,0,0,0
37,3,5,1,IN_PROGRESS,0,8,2,2,33,0,0,1,1
37,4,6,8,IN_PROGRESS,1,9,2,7,22,0,0,1,1
37,5,7,1,IN_PROGRESS,0,0,2,4,0,0,0,0,0
37,6,9,5,IN_PROGRESS,1,10,2,5,26,0,0,1,1
37,7,9,8,IN_PROGRESS,1,0,4,8,0,0,0,0,0
37,8,8,5,IN_PROGRESS,0,2,1,5,26,0,0,1,1
37,9,11,1,IN_PROGRESS,0,0,0,1,0,0,0,0,0
37,10,11,8,IN_PROGRESS,1,0,4,8,0,0,0,0,0
37,11,10,8,IN_PROGRESS,1,5,3,10,8,0,0,1,1
37,12,13,9,IN_PROGRESS,0,9,4,6,0,0,0,0,0
37,13,13,6,IN_PROGRESS,0,3,1,7,0,0,0,0,0
37,14,17,5,IN_PROGRESS,0,4,1,3,27,0,0,1,1
37,15,16,5,IN_PROGRESS,1,0,1,2,0,0,0,0,0
37,16,18,1,IN_PROGRESS,0,0,3,5,0,0,0,0,0
37,17,19,1,IN_PROGRESS,0,6,4,4,33,0,0,1,1
37,18,20,1,IN_PROGRESS,0,11,4,4,33,0,0,1,1
37,19,21,1,IN_PROGRESS,0,0,4,4,0,0,0,0,0
37,20,22,13,IN_PROGRESS,0,4,1,1,20,0,0,1,1
37,21,22,1,IN_PROGRESS,0,11,3,4,31,0,0,1,1
37,22,3,18,IN_PROGRESS,0,17,3,3,27,0,0,1,1
37,23,4,18,IN_PROGRESS,1,7,3,4,26,0,0,1,1
37,24,3,19,IN_PROGRESS,0,5,3,3,28,0,0,1,1
37,25,3,20,IN_PROGRESS,0,4,3,4,28,0,0,1,1
37,26,6,22,IN_PROGRESS,0,0,0,1,0,0,0,0,0
37,27,7,14,IN_PROGRESS,0,8,4,5,0,0,0,0,0
37,28,6,15,IN_PROGRESS,1,0,4,5,0,0,0,0,0
37,29,9,15,IN_PROGRESS,1,14,3,5,11,0,0,1,1
37,30,8,15,IN_PROGRESS,0,2,3,5,12,0,0,1,1
37,31,11,10,IN_PROGRESS,0,14,4,6,1,0,0,0,0
37,32,13,10,IN_PROGRESS,1,6,2,6,0,0,0,0,0
37,33,15,15,IN_PROGRESS,1,0,2,3,0,0,0,0,0
37,34,6,13,IN_PROGRESS,0,17,2,5,0,0,0,0,0
37,35,15,22,IN_PROGRESS,0,0,2,2,0,0,0,0,0
37,36,12,14,IN_PROGRESS,0,12,0,7,0,0,0,0,0
37,37,17,22,IN_PROGRESS,0,0,2,2,0,0,0,0,0
37,38,16,22,IN_PROGRESS,0,9,2,2,30,0,0,1,1
37,39,17,15,IN_PROGRESS,1,16,2,2,0,0,0,0,0
37,40,17,14,IN_PROGRESS,0,11,2,4,1,0,0,0,0
37,41,21,18,IN_PROGRESS,1,0,0,1,0,0,0,0,0
37,42,22,14,IN_PROGRESS,1,5,1,3,20,0,0,1,1
37,43,23,22,IN_PROGRESS,0,0,0,0,0,0,0,0,0
38,0,2,7,IN_PROGRESS,0,6,0,2,0,0,0,0,0
38,1,5,8,IN_PROGRESS,1,0,1,4,0,0,0,0,0
38,2,4,1,IN_PROGRESS,0,0,2,2,0,0,0,0,0
38,3,5,1,IN_PROGRESS,0,8,2,2,34,0,0,1,1
38,4,6,8,IN_PROGRESS,1,9,2,6,23,0,0,1,1
38,5,7,1,IN_PROGRESS,0,0,2,4,0,0,0,0,0
38,6,9,5,IN_PROGRESS,1,10,2,4,27,0,0,1,1
38,7,9,8,IN_PROGRESS,1,0,4,9,0,0,0,0,0
38,8,8,5,IN_PROGRESS,0,2,1,5,27,0,0,1,1
38,9,11,1,IN_PROGRESS,0,0,0,1,0,0,0,0,0
38,10,11,8,IN_PROGRESS,1,0,5,8,0,0,0,0,0
38,11,10,8,IN_PROGRESS,1,5,3,9,9,0,0,1,1
38,12,13,8,IN_PROGRESS,0,8,4,6,0,0,0,0,0
38,13,13,7,IN_PROGRESS,0,2,2,6,0,0,0,0,0
38,14,17,5,IN_PROGRESS,0,4,1,2,28,0,0,1,1
38,15,16,5,IN_PROGRESS,1,0,1,2,0,0,0,0,0
38,16,18,1,IN_PROGRESS,0,0,3,5,0,0,0,0,0
38,17,19,1,IN_PROGRESS,0,6,4,4,34,0,0,1,1
38,18,20,1,IN_PROGRESS,0,11,4,4,34,0,0,1,1
38,19,21,1,IN_PROGRESS,0,0,4,4,0,0,0,0,0
38,20,22,13,IN_PROGRESS,0,4,1,1,21,0,0,1,1
38,21,22,1,IN_PROGRESS,0,11,3,4,32,0,0,1,1
38,22,3,18,IN_PROGRESS,0,17,3,3,28,0,0,1,1
38,23,4,18,IN_PROGRESS,1,7,3,4,27,0,0,1,1
38,24,3,19,IN_PROGRESS,0,5,3,3,29,0,0,1,1
38,25,3,20,IN_PROGRESS,0,4,3,4,29,0,0,1,1
38,26,6,22,IN_PROGRESS,0,9,0,1,1,0,0,0,0
38,27,7,15,IN_PROGRESS,0,7,4,5,0,0,0,0,0
38,28,6,15,IN_PROGRESS,1,10,4,5,1,0,0,0,0
38,29,9,15,IN_PROGRESS,1,14,4,5,12,0,0,1,1
38,30,8,15,IN_PROGRESS,0,2,4,5,13,0,0,1,1
38,31,11,11,IN_PROGRESS,0,13,1,6,0,0,0,0,0
38,32,14,10,IN_PROGRESS,1,5,1,4,0,0,0,0,0
38,33,15,15,IN_PROGRESS,1,0,3,3,0,0,0,0,0
38,34,7,13,IN_PROGRESS,0,16,3,4,0,0,0,0,0
38,35,15,22,IN_PROGRESS,0,0,2,2,0,0,0,0,0
38,36,12,15,IN_PROGRESS,0,11,2,7,0,0,0,0,0
38,37,17,22,IN_PROGRESS,0,0,2,2,0,0,0,0,0
38,38,16,22,IN_PROGRESS,0,9,2,2,31,0,0,1,1
38,39,16,15,IN_PROGRESS,1,15,2,3,0,0,0,0,0
38,40,17,15,IN_PROGRESS,0,10,2,3,0,0,0,0,0
38,41,21,18,IN_PROGRESS,1,0,0,1,0,0,0,0,0
38,42,22,14,IN_PROGRESS,1,5,1,2,21,0,0,1,1
38,43,23,22,IN_PROGRESS,0,0,0,0,0,0,0,0,0
39,0,2,6,IN_PROGRESS,0,5,0,1,0,0,0,0,0
39,1,5,8,IN_PROGRESS,1,0,1,4,0,0,0,0,0
39,2,4,1,IN_PROGRESS,0,0,2,2,0,0,0,0,0
39,3,5,1,IN_PROGRESS,0,8,2,2,35,0,0,1,1
39,4,6,8,IN_PROGRESS,1,9,2,5,24,0,0,1,1
39,5,7,1,IN_PROGRESS,0,0,2,4,0,0,0,0,0
39,6,9,5,IN_PROGRESS,1,10,2,4,28,0,0,1,1
39,7,9,8,IN_PROGRESS,1,0,4,8,0,0,0,0,0
39,8,8,5,IN_PROGRESS,0,2,1,5,28,0,0,1,1
39,9,11,1,IN_PROGRESS,0,0,0,1,0,0,0,0,0
39,10,11,8,IN_PROGRESS,1,0,4,7,0,0,0,0,0
39,11,10,8,IN_PROGRESS,1,5,3,9,10,0,0,1,1
39,12,13,8,IN_PROGRESS,0,8,3,5,1,0,0,0,0
39,13,13,7,IN_PROGRESS,0,2,2,6,1,0,0,0,0
39,14,17,5,IN_PROGRESS,0,4,1,2,29,0,0,1,1
39,15,16,5,IN_PROGRESS,1,0,1,2,0,0,0,0,0
39,16,18,1,IN_PROGRESS,0,0,3,5,0,0,0,0,0
39,17,19,1,IN_PROGRESS,0,6,4,4,35,0,0,1,1
39,18,20,1,IN_PROGRESS,0,11,4,4,35,0,0,1,1
39,19,21,1,IN_PROGRESS,0,0,4,4,0,0,0,0,0
39,20,22,13,IN_PROGRESS,0,4,1,1,22,0,0,1,1
39,21,22,1,IN_PROGRESS,0,11,3,4,33,0,0,1,1
39,22,3,18,IN_PROGRESS,0,17,3,3,29,0,0,1,1
39,23,4,18,IN_PROGRESS,1,7,3,5,28,0,0,1,1
39,24,3,19,IN_PROGRESS,0,5,3,4,30,0,0,1,1
39,25,3,20,IN_PROGRESS,0,4,3,4,30,0,0,1,1
39,26,6,21,IN_PROGRESS,0,8,0,3,0,0,0,0,0
39,27,7,16,IN_PROGRESS,0,6,4,6,0,0,0,0,0
39,28,7,15,IN_PROGRESS,1,9,4,4,0,0,0,0,0
39,29,9,15,IN_PROGRESS,1,14,4,6,13,0,0,1,1
39,30,8,15,IN_PROGRESS,0,2,4,5,14,0,0,1,1
39,31,11,12,IN_PROGRESS,0,12,0,4,0,0,0,0,0
39,32,15,10,IN_PROGRESS,1,4,0,3,0,0,0,0,0
39,33,15,15,IN_PROGRESS,1,0,2,4,0,0,0,0,0
39,34,7,14,IN_PROGRESS,0,15,4,4,0,0,0,0,0
39,35,15,22,IN_PROGRESS,0,0,2,2,0,0,0,0,0
39,36,12,16,IN_PROGRESS,0,10,0,7,0,0,0,0,0
39,37,17,22,IN_PROGRESS,0,12,2,2,1,0,0,0,0
39,38,16,22,IN_PROGRESS,0,9,2,2,32,0,0,1,1
39,39,16,15,IN_PROGRESS,1,15,2,3,1,0,0,0,0
39,40,17,16,IN_PROGRESS,0,9,2,3,0,0,0,0,0
39,41,21,18,IN_PROGRESS,1,0,0,1,0,0,0,0,0
39,42,22,14,IN_PROGRESS,1,5,1,2,22,0,0,1,1
39,43,23,22,IN_PROGRESS,0,0,0,0,0,0,0,0,0
40,0,2,5,IN_PROGRESS,0,4,0,0,0,0,0,0,0
40,1,5,8,IN_PROGRESS,1,0,1,3,0,0,0,0,0
40,2,4,1,IN_PROGRESS,0,0,2,2,0,0,0,0,0
40,3,5,1,IN_PROGRESS,0,8,2,2,36,0,0,1,1
40,4,6,8,IN_PROGRESS,1,9,2,5,25,0,0,1,1
40,5,7,1,IN_PROGRESS,0,0,2,4,0,0,0,0,0
40,6,9,5,IN_PROGRESS,1,10,2,4,29,0,0,1,1
40,7,9,8,IN_PROGRESS,1,0,4,8,0,0,0,0,0
40,8,8,5,IN_PROGRESS,0,2,1,5,29,0,0,1,1
40,9,11,1,IN_PROGRESS,0,0,0,1,0,0,0,0,0
40,10,11,8,IN_PROGRESS,1,0,4,7,0,0,0,0,0
40,11,10,8,IN_PROGRESS,1,5,3,8,11,0,0,1,1
40,12,13,8,IN_PROGRESS,0,8,3,5,2,0,0,1,0
40,13,13,7,IN_PROGRESS,0,2,2,5,2,0,0,1,0
40,14,17,5,IN_PROGRESS,0,4,1,2,30,0,0,1,1
40,15,16,5,IN_PROGRESS,1,0,1,3,0,0,0,0,0
40,16,18,1,IN_PROGRESS,0,0,3,5,0,0,0,0,0
40,17,19,1,IN_PROGRESS,0,6,4,4,36,0,0,1,1
40,18,20,1,IN_PROGRESS,0,11,4,4,36,0,0,1,1
40,19,21,1,IN_PROGRESS,0,0,4,4,0,0,0,0,0
40,20,22,13,IN_PROGRESS,0,4,1,1,23,0,0,1,1
40,21,22,1,IN_PROGRESS,0,11,3,4,34,0,0,1,1
40,22,3,18,IN_PROGRESS,0,17,3,5,30,0,0,1,1
40,23,4,18,IN_PROGRESS,1,7,3,5,29,0,0,1,1
40,24,3,19,IN_PROGRESS,0,5,3,4,31,0,0,1,1
40,25,3,20,IN_PROGRESS,0,4,4,4,31,0,0,1,1
40,26,6,20,IN_PROGRESS,0,7,1,5,0,0,0,0,0
40,27,7,17,IN_PROGRESS,0,5,3,8,0,0,0,0,0
40,28,7,15,IN_PROGRESS,1,9,4,4,1,0,0,0,0
40,29,9,15,IN_PROGRESS,1,14,3,6,14,0,0,1,1
40,30,8,15,IN_PROGRESS,0,2,4,5,15,0,0,1,1
40,31,11,13,IN_PROGRESS,0,11,0,5,0,0,0,0,0
40,32,16,10,IN_PROGRESS,1,3,0,3,0,0,0,0,0
40,33,15,15,IN_PROGRESS,1,0,1,3,0,0,0,0,0
40,34,7,14,IN_PROGRESS,0,15,4,5,1,0,0,0,0
40,35,15,22,IN_PROGRESS,0,0,2,2,0,0,0,0,0
40,36,12,17,IN_PROGRESS,0,9,0,5,0,0,0,0,0
40,37,17,22,IN_PROGRESS,0,12,2,3,2,0,0,1,0
40,38,16,22,IN_PROGRESS,0,9,2,2,33,0,0,1,1
40,39,16,15,IN_PROGRESS,1,15,2,3,2,0,0,1,0
40,40,17,17,IN_PROGRESS,0,8,1,5,0,0,0,0,0
40,41,21,18,IN_PROGRESS,1,0,0,2,0,0,0,0,0
40,42,22,14,IN_PROGRESS,1,5,1,2,23,0,0,1,1
40,43,23,22,IN_PROGRESS,0,0,0,0,0,0,0,0,0
41,0,2,4,IN_PROGRESS,0,3,0,1,0,0,0,0,0
41,1,5,8,IN_PROGRESS,1,0,1,3,0,0,0,0,0
41,2,4,1,IN_PROGRESS,0,0,2,3,0,0,0,0,0
41,3,5,1,IN_PROGRESS,0,8,2,2,37,0,0,1,1
41,4,6,8,IN_PROGRESS,1,9,2,5,26,0,0,1,1
41,5,7,1,IN_PROGRESS,0,0,2,4,0,0,0,0,0
41,6,9,5,IN_PROGRESS,1,10,2,4,30,0,0,1,1
41,7,9,8,IN_PROGRESS,1,0,4,8,0,0,0,0,0
41,8,8,5,IN_PROGRESS,0,2,1,5,30,0,0,1,1
41,9,11,1,IN_PROGRESS,0,0,0,1,0,0,0,0,0
41,10,11,8,IN_PROGRESS,1,0,4,6,0,0,0,0,0
41,11,10,8,IN_PROGRESS,1,5,3,8,12,0,0,1,1
41,12,13,8,IN_PROGRESS,0,8,3,4,3,0,0,1,0
41,13,13,7,IN_PROGRESS,0,2,2,5,3,0,0,1,0
41,14,17,5,IN_PROGRESS,0,4,1,3,31,0,0,1,1
41,15,16,5,IN_PROGRESS,1,0,1,2,0,0,0,0,0
41,16,18,1,IN_PROGRESS,0,0,3,5,0,0,0,0,0
41,17,19,1,IN_PROGRESS,0,6,4,4,37,0,0,1,1
41,18,20,1,IN_PROGRESS,0,11,4,4,37,0,0,1,1
41,19,21,1,IN_PROGRESS,0,0,4,4,0,0,0,0,0
41,20,22,13,IN_PROGRESS,0,4,1,1,24,0,0,1,1
41,21,22,1,IN_PROGRESS,0,11,3,4,35,0,0,1,1
41,22,3,18,IN_PROGRESS,0,17,3,4,31,0,0,1,1
41,23,4,18,IN_PROGRESS,1,7,4,5,30,0,0,1,1
41,24,3,19,IN_PROGRESS,0,5,3,5,32,0,0,1,1
41,25,3,20,IN_PROGRESS,0,4,3,4,32,0,0,1,1
41,26,7,20,IN_PROGRESS,0,6,1,5,0,0,0,0,0
41,27,7,18,IN_PROGRESS,0,4,3,9,0,0,0,0,0
41,28,7,15,IN_PROGRESS,1,9,4,5,2,0,0,1,0
41,29,9,15,IN_PROGRESS,1,14,3,5,15,0,0,1,1
41,30,8,15,IN_PROGRESS,0,2,3,4,16,0,0,1,1
41,31,12,13,IN_PROGRESS,0,10,0,3,0,0,0,0,0
41,32,17,10,IN_PROGRESS,1,2,0,1,0,0,0,0,0
41,33,15,15,IN_PROGRESS,1,0,1,3,0,0,0,0,0
41,34,7,14,IN_PROGRESS,0,15,3,4,2,0,0,1,0
41,35,15,22,IN_PROGRESS,0,0,2,2,0,0,0,0,0
41,36,12,18,IN_PROGRESS,0,8,0,3,0,0,0,0,0
41,37,17,22,IN_PROGRESS,0,12,2,3,3,0,0,1,0
41,38,16,22,IN_PROGRESS,0,9,2,3,34,0,0,1,1
41,39,16,15,IN_PROGRESS,1,15,1,2,3,0,0,1,0
41,40,17,18,IN_PROGRESS,0,7,0,6,0,0,0,0,0
41,41,21,18,IN_PROGRESS,1,0,0,2,0,0,0,0,0
41,42,22,14,IN_PROGRESS,1,5,1,2,24,0,0,1,1
41,43,23,22,IN_PROGRESS,0,0,0,0,0,0,0,0,0
42,0,2,3,IN_PROGRESS,0,2,0,2,0,0,0,0,0
42,1,5,8,IN_PROGRESS,1,0,1,3,0,0,0,0,0
42,2,4,1,IN_PROGRESS,0,0,2,3,0,0,0,0,0
42,3,5,1,IN_PROGRESS,0,8,2,3,38,0,0,1,1
42,4,6,8,IN_PROGRESS,1,9,2,5,27,0,0,1,1
42,5,7,1,IN_PROGRESS,0,0,2,4,0,0,0,0,0
42,6,9,5,IN_PROGRESS,1,10,2,4,31,0,0,1,1
42,7,9,8,IN_PROGRESS,1,0,4,8,0,0,0,0,0
42,8,8,5,IN_PROGRESS,0,2,1,5,31,0,0,1,1
42,9,11,1,IN_PROGRESS,0,0,0,1,0,0,0,0,0
42,10,11,8,IN_PROGRESS,1,0,4,6,0,0,0,0,0
42,11,10,8,IN_PROGRESS,1,5,3,8,13,0,0,1,1
42,12,13,8,IN_PROGRESS,0,8,3,4,4,0,0,1,0
42,13,13,7,IN_PROGRESS,0,2,2,5,4,0,0,1,0
42,14,17,5,IN_PROGRESS,0,4,1,3,32,0,0,1,1
42,15,16,5,IN_PROGRESS,1,0,1,2,0,0,0,0,0
42,16,18,1,IN_PROGRESS,0,0,3,5,0,0,0,0,0
42,17,19,1,IN_PROGRESS,0,6,4,4,38,0,0,1,1
42,18,20,1,IN_PROGRESS,0,11,4,4,38,0,0,1,1
42,19,21,1,IN_PROGRESS,0,0,4,4,0,0,0,0,0
42,20,22,13,IN_PROGRESS,0,4,1,1,25,0,0,1,1
42,21,22,1,IN_PROGRESS,0,11,3,4,36,0,0,1,1
42,22,3,18,IN_PROGRESS,0,17,3,5,32,0,0,1,1
42,23,4,18,IN_PROGRESS,1,7,4,5,31,0,0,1,1
42,24,3,19,IN_PROGRESS,0,5,3,5,33,0,0,1,1
42,25,3,20,IN_PROGRESS,0,4,3,4,33,0,0,1,1
42,26,7,19,IN_PROGRESS,0,5,1,9,0,0,0,0,0
42,27,7,18,IN_PROGRESS,0,4,3,8,1,0,0,0,0
42,28,7,15,IN_PROGRESS,1,9,4,5,3,0,0,1,0
42,29,9,15,IN_PROGRESS,1,14,3,5,16,0,0,1,1
42,30,8,15,IN_PROGRESS,0,2,3,6,17,0,0,1,1
42,31,12,14,IN_PROGRESS,0,9,0,6,0,0,0,0,0
42,32,17,10,IN_PROGRESS,1,2,0,1,1,0,0,0,0
42,33,15,15,IN_PROGRESS,1,0,1,2,0,0,0,0,0
42,34,7,14,IN_PROGRESS,0,15,3,6,3,0,0,1,0
42,35,15,22,IN_PROGRESS,0,0,2,3,0,0,0,0,0
42,36,12,19,IN_PROGRESS,0,7,0,3,0,0,0,0,0
42,37,17,22,IN_PROGRESS,0,12,3,3,4,0,0,1,0
42,38,16,22,IN_PROGRESS,0,9,2,3,35,0,0,1,1
42,39,16,15,IN_PROGRESS,1,15,1,3,4,0,0,1,0
42,40,17,19,IN_PROGRESS,0,6,1,6,0,0,0,0,0
42,41,21,18,IN_PROGRESS,1,0,0,2,0,0,0,0,0
42,42,22,14,IN_PROGRESS,1,5,1,2,25,0,0,1,1
42,43,23,22,IN_PROGRESS,0,0,0,0,0,0,0,0,0
43,0,2,2,IN_PROGRESS,0,1,1,2,0,0,0,0,0
43,1,5,8,IN_PROGRESS,1,0,1,3,0,0,0,0,0
43,2,4,1,IN_PROGRESS,0,0,3,3,0,0,0,0,0
43,3,5,1,IN_PROGRESS,0,8,2,3,39,0,0,1,1
43,4,6,8,IN_PROGRESS,1,9,2,5,28,0,0,1,1
43,5,7,1,IN_PROGRESS,0,0,2,4,0,0,0,0,0
43,6,9,5,IN_PROGRESS,1,10,2,4,32,0,0,1,1
43,7,9,8,IN_PROGRESS,1,0,4,8,0,0,0,0,0
43,8,8,5,IN_PROGRESS,0,2,1,5,32,0,0,1,1
43,9,11,1,IN_PROGRESS,0,0,0,1,0,0,0,0,0
43,10,11,8,IN_PROGRESS,1,0,4,6,0,0,0,0,0
43,11,10,8,IN_PROGRESS,1,5,3,8,14,0,0,1,1
43,12,13,8,IN_PROGRESS,0,8,3,4,5,0,0,1,0
43,13,13,7,IN_PROGRESS,0,2,2,5,5,0,0,1,0
43,14,17,5,IN_PROGRESS,0,4,1,2,33,0,0,1,1
43,15,16,5,IN_PROGRESS,1,0,1,2,0,0,0,0,0
43,16,18,1,IN_PROGRESS,0,0,3,5,0,0,0,0,0
43,17,19,1,IN_PROGRESS,0,6,4,4,39,0,0,1,1
43,18,20,1,IN_PROGRESS,0,11,4,4,39,0,0,1,1
43,19,21,1,IN_PROGRESS,0,0,4,4,0,0,0,0,0
43,20,22,13,IN_PROGRESS,0,4,1,1,26,0,0,1,1
43,21,22,1,IN_PROGRESS,0,11,3,4,37,0,0,1,1
43,22,3,18,IN_PROGRESS,0,17,3,5,33,0,0,1,1
43,23,4,18,IN_PROGRESS,1,7,4,5,32,0,0,1,1
43,24,3,19,IN_PROGRESS,0,5,3,5,34,0,0,1,1
43,25,3,20,IN_PROGRESS,0,4,3,4,34,0,0,1,1
43,26,7,19,IN_PROGRESS,0,5,1,8,1,0,0,0,0
43,27,7,18,IN_PROGRESS,0,4,3,8,2,0,0,1,0
43,28,7,15,IN_PROGRESS,1,9,4,6,4,0,0,1,0
43,29,9,15,IN_PROGRESS,1,14,4,5,17,0,0,1,1
43,30,8,15,IN_PROGRESS,0,2,3,6,18,0,0,1,1
43,31,12,15,IN_PROGRESS,0,8,2,6,0,0,0,0,0
43,32,18,10,IN_PROGRESS,1,1,0,0,0,0,0,0,0
43,33,15,15,IN_PROGRESS,1,0,2,2,0,0,0,0,0
43,34,7,14,IN_PROGRESS,0,15,3,5,4,0,0,1,0
43,35,15,22,IN_PROGRESS,0,0,2,4,0,0,0,0,0
43,36,12,20,IN_PROGRESS,0,6,0,3,0,0,0,0,0
43,37,17,22,IN_PROGRESS,0,12,3,3,5,0,0,1,0
43,38,16,22,IN_PROGRESS,0,9,3,3,36,0,0,1,1
43,39,16,15,IN_PROGRESS,1,15,1,2,5,0,0,1,0
43,40,17,20,IN_PROGRESS,0,5,2,4,0,0,0,0,0
43,41,21,18,IN_PROGRESS,1,0,0,1,0,0,0,0,0
43,42,22,14,IN_PROGRESS,1,5,1,2,26,0,0,1,1
43,43,23,22,IN_PROGRESS,0,0,0,0,0,0,0,0,0
44,0,2,1,IN_PROGRESS,0,0,2,3,0,0,0,0,0
44,1,5,8,IN_PROGRESS,1,0,1,3,0,0,0,0,0
44,2,4,1,IN_PROGRESS,0,0,3,3,0,0,0,0,0
44,3,5,1,IN_PROGRESS,0,8,3,3,40,0,0,1,1
44,4,6,8,IN_PROGRESS,1,9,2,5,29,0,0,1,1
44,5,7,1,IN_PROGRESS,0,0,2,5,0,0,0,0,0
44,6,9,5,IN_PROGRESS,1,10,2,4,33,0,0,1,1
44,7,9,8,IN_PROGRESS,1,0,4,8,0,0,0,0,0
44,8,8,5,IN_PROGRESS,0,2,1,5,33,0,0,1,1
44,9,11,1,IN_PROGRESS,0,0,0,1,0,0,0,0,0
44,10,11,8,IN_PROGRESS,1,0,4,6,0,0,0,0,0
44,11,10,8,IN_PROGRESS,1,5,3,8,15,0,0,1,1
44,12,13,8,IN_PROGRESS,0,8,3,4,6,0,0,1,1
44,13,13,7,IN_PROGRESS,0,2,2,5,6,0,0,1,1
44,14,17,5,IN_PROGRESS,0,4,1,2,34,0,0,1,1
44,15,16,5,IN_PROGRESS,1,0,1,2,0,0,0,0,0
44,16,18,1,IN_PROGRESS,0,0,3,5,0,0,0,0,0
44,17,19,1,IN_PROGRESS,0,6,4,4,40,0,0,1,1
44,18,20,1,IN_PROGRESS,0,11,4,4,40,0,0,1,1
44,19,21,1,IN_PROGRESS,0,0,4,4,0,0,0,0,0
44,20,22,13,IN_PROGRESS,0,4,1,1,27,0,0,1,1
44,21,22,1,IN_PROGRESS,0,11,3,4,38,0,0,1,1
44,22,3,18,IN_PROGRESS,0,17,3,5,34,0,0,1,1
44,23,4,18,IN_PROGRESS,1,7,4,5,33,0,0,1,1
44,24,3,19,IN_PROGRESS,0,5,3,5,35,0,0,1,1
44,25,3,20,IN_PROGRESS,0,4,3,4,35,0,0,1,1
44,26,7,19,IN_PROGRESS,0,5,1,8,2,0,0,1,0
44,27,7,18,IN_PROGRESS,0,4,3,8,3,0,0,1,0
44,28,7,15,IN_PROGRESS,1,9,4,5,5,0,0,1,0
44,29,9,15,IN_PROGRESS,1,14,3,5,18,0,0,1,1
44,30,8,15,IN_PROGRESS,0,2,3,6,19,0,0,1,1
44,31,12,16,IN_PROGRESS,0,7,0,5,0,0,0,0,0
44,32,19,10,IN_PROGRESS,1,0,0,0,0,0,0,0,0
44,33,15,15,IN_PROGRESS,1,0,1,2,0,0,0,0,0
44,34,7,14,IN_PROGRESS,0,15,3,5,5,0,0,1,0
44,35,15,22,IN_PROGRESS,0,0,3,4,0,0,0,0,0
44,36,12,21,IN_PROGRESS,0,5,0,4,0,0,0,0,0
44,37,17,22,IN_PROGRESS,0,12,3,3,6,0,0,1,1
44,38,16,22,IN_PROGRESS,0,9,3,4,37,0,0,1,1
44,39,16,15,IN_PROGRESS,1,15,1,2,6,0,0,1,1
44,40,17,21,IN_PROGRESS,0,4,3,4,0,0,0,0,0
44,41,21,18,IN_PROGRESS,1,0,0,1,0,0,0,0,0
44,42,22,14,IN_PROGRESS,1,5,1,2,27,0,0,1,1
44,43,23,22,IN_PROGRESS,0,0,0,0,0,0,0,0,0
45,0,2,1,IN_PROGRESS,0,0,2,3,0,0,0,0,0
45,1,5,8,IN_PROGRESS,1,0,1,3,0,0,0,0,0
45,2,4,1,IN_PROGRESS,0,0,3,3,0,0,0,0,0
45,3,5,1,IN_PROGRESS,0,8,3,3,41,0,0,1,1
45,4,6,8,IN_PROGRESS,1,9,2,5,30,0,0,1,1
45,5,7,1,IN_PROGRESS,0,0,2,5,0,0,0,0,0
45,6,9,5,IN_PROGRESS,1,10,2,4,34,0,0,1,1
45,7,9,8,IN_PROGRESS,1,0,4,8,0,0,0,0,0
45,8,8,5,IN_PROGRESS,0,2,1,5,34,0,0,1,1
45,9,11,1,IN_PROGRESS,0,0,0,1,0,0,0,0,0
45,10,11,8,IN_PROGRESS,1,0,4,6,0,0,0,0,0
45,11,10,8,IN_PROGRESS,1,5,3,8,16,0,0,1,1
45,12,13,8,IN_PROGRESS,0,8,3,4,7,0,0,1,1
45,13,13,7,IN_PROGRESS,0,2,2,5,7,0,0,1,1
45,14,17,5,IN_PROGRESS,0,4,1,2,35,0,0,1,1
45,15,16,5,IN_PROGRESS,1,0,1,2,0,0,0,0,0
45,16,18,1,IN_PROGRESS,0,0,3,5,0,0,0,0,0
45,17,19,1,IN_PROGRESS,0,6,4,4,41,0,0,1,1
45,18,20,1,IN_PROGRESS,0,11,4,4,41,0,0,1,1
45,19,21,1,IN_PROGRESS,0,0,4,4,0,0,0,0,0
45,20,22,13,IN_PROGRESS,0,4,1,1,28,0,0,1,1
45,21,22,1,IN_PROGRESS,0,11,3,4,39,0,0,1,1
45,22,3,18,IN_PROGRESS,0,17,3,5,35,0,0,1,1
45,23,4,18,IN_PROGRESS,1,7,4,5,34,0,0,1,1
45,24,3,19,IN_PROGRESS,0,5,3,5,36,0,0,1,1
45,25,3,20,IN_PROGRESS,0,4,3,4,36,0,0,1,1
45,26,7,19,IN_PROGRESS,0,5,1,8,3,0,0,1,0
45,27,7,18,IN_PROGRESS,0,4,3,8,4,0,0,1,0
45,28,7,15,IN_PROGRESS,1,9,4,5,6,0,0,1,1
45,29,9,15,IN_PROGRESS,1,14,3,5,19,0,0,1,1
45,30,8,15,IN_PROGRESS,0,2,3,5,20,0,0,1,1
45,31,12,17,IN_PROGRESS,0,6,0,3,0,0,0,0,0
45,32,19,10,IN_PROGRESS,0,0,0,0,0,0,0,0,0
45,33,15,15,IN_PROGRESS,1,0,1,2,0,0,0,0,0
45,34,7,14,IN_PROGRESS,0,15,3,5,6,0,0,1,1
45,35,15,22,IN_PROGRESS,0,0,4,4,0,0,0,0,0
45,36,12,22,IN_PROGRESS,0,4,1,4,0,0,0,0,0
45,37,17,22,IN_PROGRESS,0,12,3,4,7,0,0,1,1
45,38,16,22,IN_PROGRESS,0,9,3,4,38,0,0,1,1
45,39,16,15,IN_PROGRESS,1,15,1,1,7,0,0,1,1
45,40,17,21,IN_PROGRESS,0,4,3,3,1,0,0,0,0
45,41,21,18,IN_PROGRESS,1,0,0,1,0,0,0,0,0
45,42,22,14,IN_PROGRESS,1,5,1,2,28,0,0,1,1
45,43,23,22,IN_PROGRESS,0,0,0,0,0,0,0,0,0
46,0,2,1,IN_PROGRESS,0,0,2,3,0,0,0,0,0
46,1,5,8,IN_PROGRESS,1,0,1,3,0,0,0,0,0
46,2,4,1,IN_PROGRESS,0,0,3,3,0,0,0,0,0
46,3,5,1,IN_PROGRESS,0,8,3,3,42,0,0,1,1
46,4,6,8,IN_PROGRESS,1,9,2,5,31,0,0,1,1
46,5,7,1,IN_PROGRESS,0,0,2,5,0,0,0,0,0
46,6,9,5,IN_PROGRESS,1,10,2,4,35,0,0,1,1
46,7,9,8,IN_PROGRESS,1,0,4,8,0,0,0,0,0
46,8,8,5,IN_PROGRESS,0,2,1,5,35,0,0,1,1
46,9,11,1,IN_PROGRESS,0,0,0,1,0,0,0,0,0
46,10,11,8,IN_PROGRESS,1,0,4,6,0,0,0,0,0
46,11,10,8,IN_PROGRESS,1,5,3,8,17,0,0,1,1
46,12,13,8,IN_PROGRESS,0,8,3,4,8,0,0,1,1
46,13,13,7,IN_PROGRESS,0,2,2,5,8,0,0,1,1
46,14,17,5,IN_PROGRESS,0,4,1,2,36,0,0,1,1
46,15,16,5,IN_PROGRESS,1,0,1,2,0,0,0,0,0
46,16,18,1,IN_PROGRESS,0,0,3,5,0,0,0,0,0
46,17,19,1,IN_PROGRESS,0,6,4,4,42,0,0,1,1
46,18,20,1,IN_PROGRESS,0,11,4,4,42,0,0,1,1
46,19,21,1,IN_PROGRESS,0,0,4,4,0,0,0,0,0
46,20,22,13,IN_PROGRESS,0,4,1,1,29,0,0,1,1
46,21,22,1,IN_PROGRESS,0,11,3,4,40,0,0,1,1
46,22,3,18,IN_PROGRESS,0,17,3,5,36,0,0,1,1
46,23,4,18,IN_PROGRESS,1,7,4,5,35,0,0,1,1
46,24,3,19,IN_PROGRESS,0,5,3,5,37,0,0,1,1
46,25,3,20,IN_PROGRESS,0,4,3,4,37,0,0,1,1
46,26,7,19,IN_PROGRESS,0,5,1,8,4,0,0,1,0
46,27,7,18,IN_PROGRESS,0,4,3,9,5,0,0,1,0
46,28,7,15,IN_PROGRESS,1,9,4,5,7,0,0,1,1
46,29,9,15,IN_PROGRESS,1,14,3,4,20,0,0,1,1
46,30,8,15,IN_PROGRESS,0,2,3,5,21,0,0,1,1
46,31,12,18,IN_PROGRESS,0,5,0,2,0,0,0,0,0
46,32,19,10,IN_PROGRESS,0,19,0,0,1,0,0,0,0
46,33,15,15,IN_PROGRESS,1,9,1,1,1,0,0,0,0
46,34,7,14,IN_PROGRESS,0,15,3,5,7,0,0,1,1
46,35,15,22,IN_PROGRESS,0,0,4,4,0,0,0,0,0
46,36,13,22,IN_PROGRESS,0,3,2,5,0,0,0,0,0
46,37,17,22,IN_PROGRESS,0,12,3,4,8,0,0,1,1
46,38,16,22,IN_PROGRESS,0,9,4,4,39,0,0,1,1
46,39,16,15,IN_PROGRESS,1,15,1,1,8,0,0,1,1
46,40,17,21,IN_PROGRESS,0,4,3,4,2,0,0,1,0
46,41,21,18,IN_PROGRESS,1,0,0,1,0,0,0,0,0
46,42,22,14,IN_PROGRESS,1,5,1,2,29,0,0,1,1
46,43,23,22,IN_PROGRESS,0,0,0,0,0,0,0,0,0
47,0,2,1,IN_PROGRESS,0,0,2,3,0,0,0,0,0
47,1,5,8,IN_PROGRESS,1,0,1,3,0,0,0,0,0
47,2,4,1,IN_PROGRESS,0,0,3,3,0,0,0,0,0
47,3,5,1,IN_PROGRESS,0,8,3,3,43,0,0,1,1
47,4,6,8,IN_PROGRESS,1,9,2,5,32,0,0,1,1
47,5,7,1,IN_PROGRESS,0,0,2,5,0,0,0,0,0
47,6,9,5,IN_PROGRESS,1,10,2,4,36,0,0,1,1
47,7,9,8,IN_PROGRESS,1,0,4,8,0,0,0,0,0
47,8,8,5,IN_PROGRESS,0,2,1,5,36,0,0,1,1
47,9,11,1,IN_PROGRESS,0,0,0,1,0,0,0,0,0
47,10,11,8,IN_PROGRESS,1,0,4,6,0,0,0,0,0
47,11,10,8,IN_PROGRESS,1,5,3,8,18,0,0,1,1
47,12,13,8,IN_PROGRESS,0,8,3,4,9,0,0,1,1
47,13,13,7,IN_PROGRESS,0,2,2,5,9,0,0,1,1
47,14,17,5,IN_PROGRESS,0,4,1,2,37,0,0,1,1
47,15,16,5,IN_PROGRESS,1,0,1,2,0,0,0,0,0
47,16,18,1,IN_PROGRESS,0,0,3,5,0,0,0,0,0
47,17,19,1,IN_PROGRESS,0,6,4,4,43,0,0,1,1
47,18,20,1,IN_PROGRESS,0,11,4,4,43,0,0,1,1
47,19,21,1,IN_PROGRESS,0,0,4,4,0,0,0,0,0
47,20,22,13,IN_PROGRESS,0,4,1,1,30,0,0,1,1
47,21,22,1,IN_PROGRESS,0,11,3,4,41,0,0,1,1
47,22,3,18,IN_PROGRESS,0,17,3,5,37,0,0,1,1
47,23,4,18,IN_PROGRESS,1,7,4,5,36,0,0,1,1
47,24,3,19,IN_PROGRESS,0,5,3,5,38,0,0,1,1
47,25,3,20,IN_PROGRESS,0,4,3,4,38,0,0,1,1
47,26,7,19,IN_PROGRESS,0,5,1,9,5,0,0,1,0
47,27,7,18,IN_PROGRESS,0,4,3,8,6,0,0,1,1
47,28,7,15,IN_PROGRESS,1,9,4,5,8,0,0,1,1
47,29,9,15,IN_PROGRESS,1,14,3,4,21,0,0,1,1
47,30,8,15,IN_PROGRESS,0,2,3,5,22,0,0,1,1
47,31,12,19,IN_PROGRESS,0,4,0,2,0,0,0,0,0
47,32,18,10,IN_PROGRESS,0,18,0,0,0,0,0,0,0
47,33,15,15,IN_PROGRESS,1,9,1,1,2,0,0,1,0
47,34,7,14,IN_PROGRESS,0,15,3,5,8,0,0,1,1
47,35,15,22,IN_PROGRESS,0,11,4,4,1,0,0,0,0
47,36,14,22,IN_PROGRESS,0,2,3,5,0,0,0,0,0
47,37,17,22,IN_PROGRESS,0,12,4,4,9,0,0,1,1
47,38,16,22,IN_PROGRESS,0,9,4,4,40,0,0,1,1
47,39,16,15,IN_PROGRESS,1,15,1,1,9,0,0,1,1
47,40,17,21,IN_PROGRESS,0,4,3,4,3,0,0,1,0
47,41,21,18,IN_PROGRESS,1,0,0,1,0,0,0,0,0
47,42,22,14,IN_PROGRESS,1,5,1,2,30,0,0,1,1
47,43,23,22,IN_PROGRESS,0,0,0,0,0,0,0,0,0
48,0,2,1,IN_PROGRESS,0,0,2,3,0,0,0,0,0
48,1,5,8,IN_PROGRESS,1,0,1,3,0,0,0,0,0
48,2,4,1,IN_PROGRESS,0,0,3,3,0,0,0,0,0
48,3,5,1,IN_PROGRESS,0,8,3,3,44,0,0,1,1
48,4,6,8,IN_PROGRESS,1,9,2,5,33,0,0,1,1
48,5,7,1,IN_PROGRESS,0,0,2,5,0,0,0,0,0
48,6,9,5,IN_PROGRESS,1,10,2,4,37,0,0,1,1
48,7,9,8,IN_PROGRESS,1,0,4,8,0,0,0,0,0
48,8,8,5,IN_PROGRESS,0,2,1,5,37,0,0,1,1
48,9,11,1,IN_PROGRESS,0,0,0,1,0,0,0,0,0
48,10,11,8,IN_PROGRESS,1,0,4,6,0,0,0,0,0
48,11,10,8,IN_PROGRESS,1,5,3,8,19,0,0,1,1
48,12,13,8,IN_PROGRESS,0,8,3,4,10,0,0,1,1
48,13,13,7,IN_PROGRESS,0,2,2,5,10,0,0,1,1
48,14,17,5,IN_PROGRESS,0,4,1,3,38,0,0,1,1
48,15,16,5,IN_PROGRESS,1,0,1,2,0,0,0,0,0
48,16,18,1,IN_PROGRESS,0,0,3,5,0,0,0,0,0
48,17,19,1,IN_PROGRESS,0,6,4,4,44,0,0,1,1
48,18,20,1,IN_PROGRESS,0,11,4,4,44,0,0,1,1
48,19,21,1,IN_PROGRESS,0,0,4,4,0,0,0,0,0
48,20,22,13,IN_PROGRESS,0,4,1,1,31,0,0,1,1
48,21,22,1,IN_PROGRESS,0,11,3,4,42,0,0,1,1
48,22,3,18,IN_PROGRESS,0,17,3,5,38,0,0,1,1
48,23,4,18,IN_PROGRESS,1,7,4,5,37,0,0,1,1
48,24,3,19,IN_PROGRESS,0,5,3,5,39,0,0,1,1
48,25,3,20,IN_PROGRESS,0,4,3,4,39,0,0,1,1
48,26,7,19,IN_PROGRESS,0,5,1,8,6,0,0,1,1
48,27,7,18,IN_PROGRESS,0,4,3,8,7,0,0,1,1
48,28,7,15,IN_PROGRESS,1,9,4,5,9,0,0,1,1
48,29,9,15,IN_PROGRESS,1,14,3,4,22,0,0,1,1
48,30,8,15,IN_PROGRESS,0,2,3,5,23,0,0,1,1
48,31,12,20,IN_PROGRESS,0,3,0,2,0,0,0,0,0
48,32,17,10,IN_PROGRESS,0,17,0,1,0,0,0,0,0
48,33,15,15,IN_PROGRESS,1,9,1,1,3,0,0,1,0
48,34,7,14,IN_PROGRESS,0,15,3,5,9,0,0,1,1
48,35,15,22,IN_PROGRESS,0,11,4,5,2,0,0,1,0
48,36,14,22,IN_PROGRESS,0,2,3,5,1,0,0,0,0
48,37,17,22,IN_PROGRESS,0,12,4,4,10,0,0,1,1
48,38,16,22,IN_PROGRESS,0,9,4,4,41,0,0,1,1
48,39,16,15,IN_PROGRESS,1,15,1,1,10,0,0,1,1
48,40,17,21,IN_PROGRESS,0,4,3,4,4,0,0,1,0
48,41,21,18,IN_PROGRESS,1,0,0,1,0,0,0,0,0
48,42,22,14,IN_PROGRESS,1,5,1,2,31,0,0,1,1
48,43,23,22,IN_PROGRESS,0,0,0,0,0,0,0,0,0
49,0,2,1,IN_PROGRESS,0,0,2,3,0,0,0,0,0
49,1,5,8,IN_PROGRESS,1,0,1,3,0,0,0,0,0
49,2,4,1,IN_PROGRESS,0,0,3,3,0,0,0,0,0
49,3,5,1,IN_PROGRESS,0,8,3,3,45,0,0,1,1
49,4,6,8,IN_PROGRESS,1,9,2,5,34,0,0,1,1
49,5,7,1,IN_PROGRESS,0,0,2,5,0,0,0,0,0
49,6,9,5,IN_PROGRESS,1,10,2,4,38,0,0,1,1
49,7,9,8,IN_PROGRESS,1,0,4,8,0,0,0,0,0
49,8,8,5,IN_PROGRESS,0,2,1,5,38,0,0,1,1
49,9,11,1,IN_PROGRESS,0,0,0,1,0,0,0,0,0
49,10,11,8,IN_PROGRESS,1,0,4,6,0,0,0,0,0
49,11,10,8,IN_PROGRESS,1,5,3,8,20,0,0,1,1
49,12,13,8,IN_PROGRESS,0,8,3,5,11,0,0,1,1
49,13,13,7,IN_PROGRESS,0,2,2,5,11,0,0,1,1
49,14,17,5,IN_PROGRESS,0,4,1,2,39,0,0,1,1
49,15,16,5,IN_PROGRESS,1,0,1,3,0,0,0,0,0
49,16,18,1,IN_PROGRESS,0,0,3,5,0,0,0,0,0
49,17,19,1,IN_PROGRESS,0,6,4,4,45,0,0,1,1
49,18,20,1,IN_PROGRESS,0,11,4,4,45,0,0,1,1
49,19,21,1,IN_PROGRESS,0,0,4,4,0,0,0,0,0
49,20,22,13,IN_PROGRESS,0,4,1,1,32,0,0,1,1
49,21,22,1,IN_PROGRESS,0,11,3,4,43,0,0,1,1
49,22,3,18,IN_PROGRESS,0,17,3,5,39,0,0,1,1
49,23,4,18,IN_PROGRESS,1,7,4,5,38,0,0,1,1
49,24,3,19,IN_PROGRESS,0,5,3,5,40,0,0,1,1
49,25,3,20,IN_PROGRESS,0,4,3,4,40,0,0,1,1
49,26,7,19,IN_PROGRESS,0,5,1,9,7,0,0,1,1
49,27,7,18,IN_PROGRESS,0,4,3,8,8,0,0,1,1
49,28,7,15,IN_PROGRESS,1,9,4,5,10,0,0,1,1
49,29,9,15,IN_PROGRESS,1,14,3,4,23,0,0,1,1
49,30,8,15,IN_PROGRESS,0,2,3,5,24,0,0,1,1
49,31,11,20,IN_PROGRESS,0,2,0,2,0,0,0,0,0
49,32,16,10,IN_PROGRESS,0,16,0,3,0,0,0,0,0
49,33,15,15,IN_PROGRESS,1,9,1,1,4,0,0,1,0
49,34,7,14,IN_PROGRESS,0,15,3,5,10,0,0,1,1
49,35,15,22,IN_PROGRESS,0,11,4,4,3,0,0,1,0
49,36,14,22,IN_PROGRESS,0,2,3,5,2,0,0,1,0
49,37,17,22,IN_PROGRESS,0,12,4,4,11,0,0,1,1
49,38,16,22,IN_PROGRESS,0,9,4,4,42,0,0,1,1
49,39,16,15,IN_PROGRESS,1,15,1,2,11,0,0,1,1
49,40,17,21,IN_PROGRESS,0,4,3,4,5,0,0,1,0
49,41,21,18,IN_PROGRESS,1,0,0,1,0,0,0,0,0
49,42,22,14,IN_PROGRESS,1,5,1,2,32,0,0,1,1
49,43,23,22,IN_PROGRESS,0,0,0,0,0,0,0,0,0
50,0,2,1,IN_PROGRESS,0,0,2,3,0,0,0,0,0
50,1,5,8,IN_PROGRESS,1,0,1,3,0,0,0,0,0
50,2,4,1,IN_PROGRESS,0,0,3,3,0,0,0,0,0
50,3,5,1,IN_PROGRESS,0,8,3,3,46,0,0,1,1
50,4,6,8,IN_PROGRESS,1,9,2,5,35,0,0,1,1
50,5,7,1,IN_PROGRESS,0,0,2,5,0,0,0,0,0
50,6,9,5,IN_PROGRESS,1,10,2,4,39,0,0,1,1
50,7,9,8,IN_PROGRESS,1,0,4,8,0,0,0,0,0
50,8,8,5,IN_PROGRESS,0,2,1,5,39,0,0,1,1
50,9,11,1,IN_PROGRESS,0,0,0,1,0,0,0,0,0
50,10,11,8,IN_PROGRESS,1,0,4,6,0,0,0,0,0
50,11,10,8,IN_PROGRESS,1,5,3,8,21,0,0,1,1
50,12,13,8,IN_PROGRESS,0,8,3,5,12,0,0,1,1
50,13,13,7,IN_PROGRESS,0,2,2,6,12,0,0,1,1
50,14,17,5,IN_PROGRESS,0,4,1,2,40,0,0,1,1
50,15,16,5,IN_PROGRESS,1,0,1,2,0,0,0,0,0
50,16,18,1,IN_PROGRESS,0,0,3,5,0,0,0,0,0
50,17,19,1,IN_PROGRESS,0,6,4,4,46,0,0,1,1
50,18,20,1,IN_PROGRESS,0,11,4,4,46,0,0,1,1
50,19,21,1,IN_PROGRESS,0,0,4,4,0,0,0,0,0
50,20,22,13,IN_PROGRESS,0,4,1,1,33,0,0,1,1
50,21,22,1,IN_PROGRESS,0,11,3,4,44,0,0,1,1
50,22,3,18,IN_PROGRESS,0,17,3,5,40,0,0,1,1
50,23,4,18,IN_PROGRESS,1,7,4,5,39,0,0,1,1
50,24,3,19,IN_PROGRESS,0,5,3,5,41,0,0,1,1
50,25,3,20,IN_PROGRESS,0,4,3,4,41,0,0,1,1
50,26,7,19,IN_PROGRESS,0,5,1,8,8,0,0,1,1
50,27,7,18,IN_PROGRESS,0,4,3,8,9,0,0,1,1
50,28,7,15,IN_PROGRESS,1,10,4,5,11,0,0,1,1
50,29,9,15,IN_PROGRESS,1,14,3,4,24,0,0,1,1
50,30,8,15,IN_PROGRESS,0,2,3,5,25,0,0,1,1
50,31,11,21,IN_PROGRESS,0,1,0,2,0,0,0,0,0
50,32,15,10,IN_PROGRESS,0,15,0,3,0,0,0,0,0
50,33,15,15,IN_PROGRESS,1,9,1,2,5,0,0,1,0
50,34,7,14,IN_PROGRESS,0,15,3,5,11,0,0,1,1
50,35,15,22,IN_PROGRESS,0,11,4,5,4,0,0,1,0
50,36,14,22,IN_PROGRESS,0,2,3,5,3,0,0,1,0
50,37,17,22,IN_PROGRESS,0,12,4,4,12,0,0,1,1
50,38,16,22,IN_PROGRESS,0,9,4,4,43,0,0,1,1
50,39,16,15,IN_PROGRESS,1,15,1,1,12,0,0,1,1
50,40,17,21,IN_PROGRESS,0,4,3,4,6,0,0,1,1
50,41,21,18,IN_PROGRESS,1,0,0,1,0,0,0,0,0
50,42,22,14,IN_PROGRESS,1,5,1,2,33,0,0,1,1
50,43,23,22,IN_PROGRESS,0,0,0,0,0,0,0,0,0
51,0,2,1,IN_PROGRESS,0,0,2,3,0,0,0,0,0
51,1,5,8,IN_PROGRESS,1,0,1,3,0,0,0,0,0
51,2,4,1,IN_PROGRESS,0,0,3,3,0,0,0,0,0
51,3,5,1,IN_PROGRESS,0,8,3,3,47,0,0,1,1
51,4,6,8,IN_PROGRESS,1,9,2,5,36,0,0,1,1
51,5,7,1,IN_PROGRESS,0,0,2,5,0,0,0,0,0
51,6,9,5,IN_PROGRESS,1,10,2,4,40,0,0,1,1
51,7,9,8,IN_PROGRESS,1,0,4,8,0,0,0,0,0
51,8,8,5,IN_PROGRESS,0,2,1,5,40,0,0,1,1
51,9,11,1,IN_PROGRESS,0,0,0,1,0,0,0,0,0
51,10,11,8,IN_PROGRESS,1,0,4,6,0,0,0,0,0
51,11,10,8,IN_PROGRESS,1,5,3,8,22,0,0,1,1
51,12,13,8,IN_PROGRESS,0,8,3,5,13,0,0,1,1
51,13,13,7,IN_PROGRESS,0,2,2,6,13,0,0,1,1
51,14,17,5,IN_PROGRESS,0,4,1,2,41,0,0,1,1
51,15,16,5,IN_PROGRESS,1,0,1,2,0,0,0,0,0
51,16,18,1,IN_PROGRESS,0,0,3,5,0,0,0,0,0
51,17,19,1,IN_PROGRESS,0,6,4,4,47,0,0,1,1
51,18,20,1,IN_PROGRESS,0,11,4,4,47,0,0,1,1
51,19,21,1,IN_PROGRESS,0,0,4,4,0,0,0,0,0
51,20,22,13,IN_PROGRESS,0,4,1,1,34,0,0,1,1
51,21,22,1,IN_PROGRESS,0,11,3,4,45,0,0,1,1
51,22,3,18,IN_PROGRESS,0,17,3,5,41,0,0,1,1
51,23,4,18,IN_PROGRESS,1,7,4,5,40,0,0,1,1
51,24,3,19,IN_PROGRESS,0,5,3,5,42,0,0,1,1
51,25,3,20,IN_PROGRESS,0,4,3,4,42,0,0,1,1
51,26,7,19,IN_PROGRESS,0,5,1,8,9,0,0,1,1
51,27,7,18,IN_PROGRESS,0,4,3,8,10,0,0,1,1
51,28,7,15,IN_PROGRESS,1,9,4,5,12,0,0,1,1
51,29,9,15,IN_PROGRESS,1,14,3,4,25,0,0,1,1
51,30,8,15,IN_PROGRESS,0,2,3,5,26,0,0,1,1
51,31,11,22,IN_PROGRESS,0,0,1,3,0,0,0,0,0
51,32,15,10,IN_PROGRESS,0,15,0,3,1,0,0,0,0
51,33,15,15,IN_PROGRESS,1,9,1,2,6,0,0,1,1
51,34,7,14,IN_PROGRESS,0,15,3,5,12,0,0,1,1
51,35,15,22,IN_PROGRESS,0,11,4,5,5,0,0,1,0
51,36,14,22,IN_PROGRESS,0,2,4,5,4,0,0,1,0
51,37,17,22,IN_PROGRESS,0,12,4,4,13,0,0,1,1
51,38,16,22,IN_PROGRESS,0,9,4,5,44,0,0,1,1
51,39,16,15,IN_PROGRESS,1,15,1,1,13,0,0,1,1
51,40,17,21,IN_PROGRESS,0,4,3,4,7,0,0,1,1
51,41,21,18,IN_PROGRESS,1,0,0,1,0,0,0,0,0
51,42,22,14,IN_PROGRESS,1,5,1,2,34,0,0,1,1
51,43,23,22,IN_PROGRESS,0,0,0,0,0,0,0,0,0
52,0,2,1,IN_PROGRESS,0,0,2,3,0,0,0,0,0
52,1,5,8,IN_PROGRESS,1,0,1,3,0,0,0,0,0
52,2,4,1,IN_PROGRESS,0,0,3,3,0,0,0,0,0
52,3,5,1,IN_PROGRESS,0,8,3,3,48,0,0,1,1
52,4,6,8,IN_PROGRESS,1,9,2,5,37,0,0,1,1
52,5,7,1,IN_PROGRESS,0,0,2,5,0,0,0,0,0
52,6,9,5,IN_PROGRESS,1,10,2,4,41,0,0,1,1
52,7,9,8,IN_PROGRESS,1,0,4,8,0,0,0,0,0
52,8,8,5,IN_PROGRESS,0,2,1,5,41,0,0,1,1
52,9,11,1,IN_PROGRESS,0,0,0,1,0,0,0,0,0
52,10,11,8,IN_PROGRESS,1,0,4,7,0,0,0,0,0
52,11,10,8,IN_PROGRESS,1,5,3,8,23,0,0,1,1
52,12,13,8,IN_PROGRESS,0,8,4,5,14,0,0,1,1
52,13,13,7,IN_PROGRESS,0,2,2,6,14,0,0,1,1
52,14,17,5,IN_PROGRESS,0,4,1,2,42,0,0,1,1
52,15,16,5,IN_PROGRESS,1,0,1,2,0,0,0,0,0
52,16,18,1,IN_PROGRESS,0,0,3,5,0,0,0,0,0
52,17,19,1,IN_PROGRESS,0,6,4,4,48,0,0,1,1
52,18,20,1,IN_PROGRESS,0,11,4,4,48,0,0,1,1
52,19,21,1,IN_PROGRESS,0,0,4,4,0,0,0,0,0
52,20,22,13,IN_PROGRESS,0,4,1,1,35,0,0,1,1
52,21,22,1,IN_PROGRESS,0,11,3,4,46,0,0,1,1
52,22,3,18,IN_PROGRESS,0,17,3,5,42,0,0,1,1
52,23,4,18,IN_PROGRESS,1,7,4,5,41,0,0,1,1
52,24,3,19,IN_PROGRESS,0,5,3,5,43,0,0,1,1
52,25,3,20,IN_PROGRESS,0,4,3,4,43,0,0,1,1
52,26,7,19,IN_PROGRESS,0,5,1,8,10,0,0,1,1
52,27,7,18,IN_PROGRESS,0,4,3,8,11,0,0,1,1
52,28,7,15,IN_PROGRESS,1,9,4,5,13,0,0,1,1
52,29,9,15,IN_PROGRESS,1,14,3,4,26,0,0,1,1
52,30,8,15,IN_PROGRESS,0,2,3,5,27,0,0,1,1
52,31,11,22,IN_PROGRESS,0,0,1,3,0,0,0,0,0
52,32,14,10,IN_PROGRESS,0,14,1,3,0,0,0,0,0
52,33,15,15,IN_PROGRESS,1,9,1,1,7,0,0,1,1
52,34,7,14,IN_PROGRESS,0,15,3,5,13,0,0,1,1
52,35,15,22,IN_PROGRESS,0,11,4,5,6,0,0,1,1
52,36,14,22,IN_PROGRESS,0,2,4,5,5,0,0,1,0
52,37,17,22,IN_PROGRESS,0,12,4,4,14,0,0,1,1
52,38,16,22,IN_PROGRESS,0,9,4,5,45,0,0,1,1
52,39,16,15,IN_PROGRESS,1,15,1,1,14,0,0,1,1
52,40,17,21,IN_PROGRESS,0,4,3,4,8,0,0,1,1
52,41,21,18,IN_PROGRESS,1,0,0,1,0,0,0,0,0
52,42,22,14,IN_PROGRESS,1,5,1,2,35,0,0,1,1
52,43,23,22,IN_PROGRESS,0,0,0,0,0,0,0,0,0
53,0,2,1,IN_PROGRESS,0,0,2,3,0,0,0,0,0
53,1,5,8,IN_PROGRESS,1,0,1,3,0,0,0,0,0
53,2,4,1,IN_PROGRESS,0,0,3,3,0,0,0,0,0
53,3,5,1,IN_PROGRESS,0,8,3,3,49,0,0,1,1
53,4,6,8,IN_PROGRESS,1,9,2,5,38,0,0,1,1
53,5,7,1,IN_PROGRESS,0,0,2,5,0,0,0,0,0
53,6,9,5,IN_PROGRESS,1,10,2,4,42,0,0,1,1
53,7,9,8,IN_PROGRESS,1,0,4,8,0,0,0,0,0
53,8,8,5,IN_PROGRESS,0,2,1,5,42,0,0,1,1
53,9,11,1,IN_PROGRESS,0,0,0,1,0,0,0,0,0
53,10,11,8,IN_PROGRESS,1,0,4,7,0,0,0,0,0
53,11,10,8,IN_PROGRESS,1,5,3,9,24,0,0,1,1
53,12,13,8,IN_PROGRESS,0,8,4,5,15,0,0,1,1
53,13,13,7,IN_PROGRESS,0,2,3,6,15,0,0,1,1
53,14,17,5,IN_PROGRESS,0,4,1,2,43,0,0,1,1
53,15,16,5,IN_PROGRESS,1,0,1,2,0,0,0,0,0
53,16,18,1,IN_PROGRESS,0,0,3,5,0,0,0,0,0
53,17,19,1,IN_PROGRESS,0,6,4,4,49,0,0,1,1
53,18,20,1,IN_PROGRESS,0,11,4,4,49,0,0,1,1
53,19,21,1,IN_PROGRESS,0,0,4,4,0,0,0,0,0
53,20,22,13,IN_PROGRESS,0,4,1,1,36,0,0,1,1
53,21,22,1,IN_PROGRESS,0,11,3,4,47,0,0,1,1
53,22,3,18,IN_PROGRESS,0,17,3,5,43,0,0,1,1
53,23,4,18,IN_PROGRESS,1,7,4,5,42,0,0,1,1
53,24,3,19,IN_PROGRESS,0,5,3,5,44,0,0,1,1
53,25,3,20,IN_PROGRESS,0,4,3,4,44,0,0,1,1
53,26,7,19,IN_PROGRESS,0,5,1,8,11,0,0,1,1
53,27,7,18,IN_PROGRESS,0,4,3,8,12,0,0,1,1
53,28,7,15,IN_PROGRESS,1,9,4,5,14,0,0,1,1
53,29,9,15,IN_PROGRESS,1,14,3,4,27,0,0,1,1
53,30,8,15,IN_PROGRESS,0,2,3,5,28,0,0,1,1
53,31,11,22,IN_PROGRESS,0,17,1,3,1,0,0,0,0
53,32,13,10,IN_PROGRESS,0,13,2,4,0,0,0,0,0
53,33,15,15,IN_PROGRESS,1,9,1,1,8,0,0,1,1
53,34,7,14,IN_PROGRESS,0,15,3,5,14,0,0,1,1
53,35,15,22,IN_PROGRESS,0,11,4,5,7,0,0,1,1
53,36,14,22,IN_PROGRESS,0,2,4,5,6,0,0,1,1
53,37,17,22,IN_PROGRESS,0,12,4,4,15,0,0,1,1
53,38,16,22,IN_PROGRESS,0,9,4,5,46,0,0,1,1
53,39,16,15,IN_PROGRESS,1,15,1,1,15,0,0,1,1
53,40,17,21,IN_PROGRESS,0,4,3,4,9,0,0,1,1
53,41,21,18,IN_PROGRESS,1,0,0,1,0,0,0,0,0
53,42,22,14,IN_PROGRESS,1,5,1,2,36,0,0,1,1
53,43,23,22,IN_PROGRESS,0,0,0,0,0,0,0,0,0
54,0,2,1,IN_PROGRESS,0,0,2,3,0,0,0,0,0
54,1,5,8,IN_PROGRESS,1,0,1,3,0,0,0,0,0
54,2,4,1,IN_PROGRESS,0,0,3,3,0,0,0,0,0
54,3,5,1,IN_PROGRESS,0,8,3,3,50,0,0,1,1
54,4,6,8,IN_PROGRESS,1,9,2,5,39,0,0,1,1
54,5,7,1,IN_PROGRESS,0,0,2,5,0,0,0,0,0
54,6,9,5,IN_PROGRESS,1,10,2,4,43,0,0,1,1
54,7,9,8,IN_PROGRESS,1,0,4,9,0,0,0,0,0
54,8,8,5,IN_PROGRESS,0,2,1,5,43,0,0,1,1
54,9,11,1,IN_PROGRESS,0,0,0,1,0,0,0,0,0
54,10,11,8,IN_PROGRESS,1,0,5,7,0,0,0,0,0
54,11,10,8,IN_PROGRESS,1,5,3,9,25,0,0,1,1
54,12,13,8,IN_PROGRESS,0,8,4,5,16,0,0,1,1
54,13,13,7,IN_PROGRESS,0,2,2,6,16,0,0,1,1
54,14,17,5,IN_PROGRESS,0,4,1,2,44,0,0,1,1
54,15,16,5,IN_PROGRESS,1,0,1,2,0,0,0,0,0
54,16,18,1,IN_PROGRESS,0,0,3,5,0,0,0,0,0
54,17,19,1,IN_PROGRESS,0,6,4,4,50,0,0,1,1
54,18,20,1,IN_PROGRESS,0,11,4,4,50,0,0,1,1
54,19,21,1,IN_PROGRESS,0,0,4,4,0,0,0,0,0
54,20,22,13,IN_PROGRESS,0,4,1,1,37,0,0,1,1
54,21,22,1,IN_PROGRESS,0,11,3,4,48,0,0,1,1
54,22,3,18,IN_PROGRESS,0,17,3,5,44,0,0,1,1
54,23,4,18,IN_PROGRESS,1,7,4,5,43,0,0,1,1
54,24,3,19,IN_PROGRESS,0,5,3,5,45,0,0,1,1
54,25,3,20,IN_PROGRESS,0,4,3,4,45,0,0,1,1
54,26,7,19,IN_PROGRESS,0,5,1,8,12,0,0,1,1
54,27,7,18,IN_PROGRESS,0,4,3,8,13,0,0,1,1
54,28,7,15,IN_PROGRESS,1,9,4,5,15,0,0,1,1
54,29,9,15,IN_PROGRESS,1,14,3,4,28,0,0,1,1
54,30,8,15,IN_PROGRESS,0,2,3,5,29,0,0,1,1
54,31,11,21,IN_PROGRESS,0,16,0,2,0,0,0,0,0
54,32,12,10,IN_PROGRESS,0,12,2,5,0,0,0,0,0
54,33,15,15,IN_PROGRESS,1,9,1,1,9,0,0,1,1
54,34,7,14,IN_PROGRESS,0,15,3,5,15,0,0,1,1
54,35,15,22,IN_PROGRESS,0,11,4,5,8,0,0,1,1
54,36,14,22,IN_PROGRESS,0,2,3,5,7,0,0,1,1
54,37,17,22,IN_PROGRESS,0,12,4,4,16,0,0,1,1
54,38,16,22,IN_PROGRESS,0,9,4,4,47,0,0,1,1
54,39,16,15,IN_PROGRESS,1,15,1,1,16,0,0,1,1
54,40,17,21,IN_PROGRESS,0,4,3,4,10,0,0,1,1
54,41,21,18,IN_PROGRESS,1,0,0,1,0,0,0,0,0
54,42,22,14,IN_PROGRESS,1,5,1,2,37,0,0,1,1
54,43,23,22,IN_PROGRESS,0,0,0,0,0,0,0,0,0
55,0,2,1,IN_PROGRESS,0,0,2,3,0,0,0,0,0
55,1,5,8,IN_PROGRESS,1,0,1,3,0,0,0,0,0
55,2,4,1,IN_PROGRESS,0,0,3,3,0,0,0,0,0
55,3,5,1,IN_PROGRESS,0,8,3,3,51,0,0,1,1
55,4,6,8,IN_PROGRESS,1,9,2,5,40,0,0,1,1
55,5,7,1,IN_PROGRESS,0,0,2,5,0,0,0,0,0
55,6,9,5,IN_PROGRESS,1,10,2,4,44,0,0,1,1
55,7,9,8,IN_PROGRESS,1,0,4,8,0,0,0,0,0
55,8,8,5,IN_PROGRESS,0,2,1,5,44,0,0,1,1
55,9,11,1,IN_PROGRESS,0,0,0,1,0,0,0,0,0
55,10,11,8,IN_PROGRESS,1,0,4,7,0,0,0,0,0
55,11,10,8,IN_PROGRESS,1,5,3,9,26,0,0,1,1
55,12,13,8,IN_PROGRESS,0,8,3,5,17,0,0,1,1
55,13,13,7,IN_PROGRESS,0,2,2,6,17,0,0,1,1
55,14,17,5,IN_PROGRESS,0,4,1,2,45,0,0,1,1
55,15,16,5,IN_PROGRESS,1,0,1,2,0,0,0,0,0
55,16,18,1,IN_PROGRESS,0,0,3,5,0,0,0,0,0
55,17,19,1,IN_PROGRESS,0,6,4,4,51,0,0,1,1
55,18,20,1,IN_PROGRESS,0,11,4,4,51,0,0,1,1
55,19,21,1,IN_PROGRESS,0,0,4,4,0,0,0,0,0
55,20,22,13,IN_PROGRESS,0,4,1,1,38,0,0,1,1
55,21,22,1,IN_PROGRESS,0,11,3,4,49,0,0,1,1
55,22,3,18,IN_PROGRESS,0,17,3,5,45,0,0,1,1
55,23,4,18,IN_PROGRESS,1,7,4,5,44,0,0,1,1
55,24,3,19,IN_PROGRESS,0,5,3,5,46,0,0,1,1
55,25,3,20,IN_PROGRESS,0,4,3,4,46,0,0,1,1
55,26,7,19,IN_PROGRESS,0,5,1,9,13,0,0,1,1
55,27,7,18,IN_PROGRESS,0,4,3,8,14,0,0,1,1
55,28,7,15,IN_PROGRESS,1,9,4,5,16,0,0,1,1
55,29,9,15,IN_PROGRESS,1,14,3,4,29,0,0,1,1
55,30,8,15,IN_PROGRESS,0,2,3,5,30,0,0,1,1
55,31,11,20,IN_PROGRESS,0,15,0,2,0,0,0,0,0
55,32,12,11,IN_PROGRESS,0,11,0,4,0,0,0,0,0
55,33,15,15,IN_PROGRESS,1,9,1,1,10,0,0,1,1
55,34,7,14,IN_PROGRESS,0,15,3,5,16,0,0,1,1
55,35,15,22,IN_PROGRESS,0,11,4,4,9,0,0,1,1
55,36,14,22,IN_PROGRESS,0,2,3,5,8,0,0,1,1
55,37,17,22,IN_PROGRESS,0,12,4,4,17,0,0,1,1
55,38,16,22,IN_PROGRESS,0,9,4,4,48,0,0,1,1
55,39,16,15,IN_PROGRESS,1,15,1,1,17,0,0,1,1
55,40,17,21,IN_PROGRESS,0,4,3,4,11,0,0,1,1
55,41,21,18,IN_PROGRESS,1,0,0,1,0,0,0,0,0
55,42,22,14,IN_PROGRESS,1,5,1,2,38,0,0,1,1
55,43,23,22,IN_PROGRESS,0,0,0,0,0,0,0,0,0
56,0,2,1,IN_PROGRESS,0,0,2,3,0,0,0,0,0
56,1,5,8,IN_PROGRESS,1,0,1,3,0,0,0,0,0
56,2,4,1,IN_PROGRESS,0,0,3,3,0,0,0,0,0
56,3,5,1,IN_PROGRESS,0,8,3,3,52,0,0,1,1
56,4,6,8,IN_PROGRESS,1,9,2,5,41,0,0,1,1
56,5,7,1,IN_PROGRESS,0,0,2,5,0,0,0,0,0
56,6,9,5,IN_PROGRESS,1,10,2,4,45,0,0,1,1
56,7,9,8,IN_PROGRESS,1,0,4,8,0,0,0,0,0
56,8,8,5,IN_PROGRESS,0,2,1,5,45,0,0,1,1
56,9,11,1,IN_PROGRESS,0,0,0,1,0,0,0,0,0
56,10,11,8,IN_PROGRESS,1,0,4,7,0,0,0,0,0
56,11,10,8,IN_PROGRESS,1,5,3,8,27,0,0,1,1
56,12,13,8,IN_PROGRESS,0,8,3,5,18,0,0,1,1
56,13,13,7,IN_PROGRESS,0,2,2,5,18,0,0,1,1
56,14,17,5,IN_PROGRESS,0,4,1,2,46,0,0,1,1
56,15,16,5,IN_PROGRESS,1,0,1,2,0,0,0,0,0
56,16,18,1,IN_PROGRESS,0,0,3,5,0,0,0,0,0
56,17,19,1,IN_PROGRESS,0,6,4,4,52,0,0,1,1
56,18,20,1,IN_PROGRESS,0,11,4,4,52,0,0,1,1
56,19,21,1,IN_PROGRESS,0,0,4,4,0,0,0,0,0
56,20,22,13,IN_PROGRESS,0,4,1,1,39,0,0,1,1
56,21,22,1,IN_PROGRESS,0,11,3,4,50,0,0,1,1
56,22,3,18,IN_PROGRESS,0,17,3,5,46,0,0,1,1
56,23,4,18,IN_PROGRESS,1,7,4,5,45,0,0,1,1
56,24,3,19,IN_PROGRESS,0,5,3,5,47,0,0,1,1
56,25,3,20,IN_PROGRESS,0,4,3,4,47,0,0,1,1
56,26,7,19,IN_PROGRESS,0,5,1,8,14,0,0,1,1
56,27,7,18,IN_PROGRESS,0,4,3,8,15,0,0,1,1
56,28,7,15,IN_PROGRESS,1,9,4,5,17,0,0,1,1
56,29,9,15,IN_PROGRESS,1,14,3,4,30,0,0,1,1
56,30,8,15,IN_PROGRESS,0,2,3,5,31,0,0,1,1
56,31,12,20,IN_PROGRESS,0,14,0,2,0,0,0,0,0
56,32,12,12,IN_PROGRESS,0,10,0,2,0,0,0,0,0
56,33,15,15,IN_PROGRESS,1,9,1,1,11,0,0,1,1
56,34,7,14,IN_PROGRESS,0,15,3,5,17,0,0,1,1
56,35,15,22,IN_PROGRESS,0,11,4,5,10,0,0,1,1
56,36,14,22,IN_PROGRESS,0,2,3,5,9,0,0,1,1
56,37,17,22,IN_PROGRESS,0,12,4,4,18,0,0,1,1
56,38,16,22,IN_PROGRESS,0,9,4,4,49,0,0,1,1
56,39,16,15,IN_PROGRESS,1,15,1,1,18,0,0,1,1
56,40,17,21,IN_PROGRESS,0,4,3,4,12,0,0,1,1
56,41,21,18,IN_PROGRESS,1,0,0,1,0,0,0,0,0
56,42,22,14,IN_PROGRESS,1,5,1,2,39,0,0,1,1
56,43,23,22,IN_PROGRESS,0,0,0,0,0,0,0,0,0
57,0,2,1,IN_PROGRESS,0,0,2,3,0,0,0,0,0
57,1,5,8,IN_PROGRESS,1,0,1,3,0,0,0,0,0
57,2,4,1,IN_PROGRESS,0,0,3,3,0,0,0,0,0
57,3,5,1,IN_PROGRESS,0,8,3,3,53,0,0,1,1
57,4,6,8,IN_PROGRESS,1,9,2,5,42,0,0,1,1
57,5,7,1,IN_PROGRESS,0,0,2,5,0,0,0,0,0
57,6,9,5,IN_PROGRESS,1,10,2,4,46,0,0,1,1
57,7,9,8,IN_PROGRESS,1,0,4,8,0,0,0,0,0
57,8,8,5,IN_PROGRESS,0,2,1,5,46,0,0,1,1
57,9,11,1,IN_PROGRESS,0,0,0,1,0,0,0,0,0
57,10,11,8,IN_PROGRESS,1,0,4,6,0,0,0,0,0
57,11,10,8,IN_PROGRESS,1,5,3,8,28,0,0,1,1
57,12,13,8,IN_PROGRESS,0,8,3,4,19,0,0,1,1
57,13,13,7,IN_PROGRESS,0,2,2,5,19,0,0,1,1
57,14,17,5,IN_PROGRESS,0,4,1,2,47,0,0,1,1
57,15,16,5,IN_PROGRESS,1,0,1,2,0,0,0,0,0
57,16,18,1,IN_PROGRESS,0,0,3,5,0,0,0,0,0
57,17,19,1,IN_PROGRESS,0,6,4,4,53,0,0,1,1
57,18,20,1,IN_PROGRESS,0,11,4,4,53,0,0,1,1
57,19,21,1,IN_PROGRESS,0,0,4,4,0,0,0,0,0
57,20,22,13,IN_PROGRESS,0,4,1,1,40,0,0,1,1
57,21,22,1,IN_PROGRESS,0,11,3,4,51,0,0,1,1
57,22,3,18,IN_PROGRESS,0,17,3,5,47,0,0,1,1
57,23,4,18,IN_PROGRESS,1,7,4,5,46,0,0,1,1
57,24,3,19,IN_PROGRESS,0,5,3,5,48,0,0,1,1
57,25,3,20,IN_PROGRESS,0,4,3,4,48,0,0,1,1
57,26,7,19,IN_PROGRESS,0,5,1,9,15,0,0,1,1
57,27,7,18,IN_PROGRESS,0,4,3,8,16,0,0,1,1
57,28,7,15,IN_PROGRESS,1,9,4,5,18,0,0,1,1
57,29,9,15,IN_PROGRESS,1,14,3,5,31,0,0,1,1
57,30,8,15,IN_PROGRESS,0,2,3,5,32,0,0,1,1
57,31,12,19,IN_PROGRESS,0,13,0,2,0,0,0,0,0
57,32,12,13,IN_PROGRESS,0,9,0,2,0,0,0,0,0
57,33,15,15,IN_PROGRESS,1,9,1,2,12,0,0,1,1
57,34,7,14,IN_PROGRESS,0,15,3,5,18,0,0,1,1
57,35,15,22,IN_PROGRESS,0,11,4,4,11,0,0,1,1
57,36,14,22,IN_PROGRESS,0,2,3,5,10,0,0,1,1
57,37,17,22,IN_PROGRESS,0,12,4,4,19,0,0,1,1
57,38,16,22,IN_PROGRESS,0,9,4,4,50,0,0,1,1
57,39,16,15,IN_PROGRESS,1,15,1,1,19,0,0,1,1
57,40,17,21,IN_PROGRESS,0,4,3,4,13,0,0,1,1
57,41,21,18,IN_PROGRESS,1,0,0,1,0,0,0,0,0
57,42,22,14,IN_PROGRESS,1,5,1,2,40,0,0,1,1
57,43,23,22,IN_PROGRESS,0,0,0,0,0,0,0,0,0
58,0,2,1,IN_PROGRESS,0,0,2,3,0,0,0,0,0
58,1,5,8,IN_PROGRESS,1,0,1,3,0,0,0,0,0
58,2,4,1,IN_PROGRESS,0,0,3,3,0,0,0,0,0
58,3,5,1,IN_PROGRESS,0,8,3,3,54,0,0,1,1
58,4,6,8,IN_PROGRESS,1,9,2,5,43,0,0,1,1
58,5,7,1,IN_PROGRESS,0,0,2,5,0,0,0,0,0
58,6,9,5,IN_PROGRESS,1,10,2,4,47,0,0,1,1
58,7,9,8,IN_PROGRESS,1,0,4,8,0,0,0,0,0
58,8,8,5,IN_PROGRESS,0,2,1,5,47,0,0,1,1
58,9,11,1,IN_PROGRESS,0,0,0,1,0,0,0,0,0
58,10,11,8,IN_PROGRESS,1,0,4,6,0,0,0,0,0
58,11,10,8,IN_PROGRESS,1,5,3,8,29,0,0,1,1
58,12,13,8,IN_PROGRESS,0,8,3,4,20,0,0,1,1
58,13,13,7,IN_PROGRESS,0,2,2,5,20,0,0,1,1
58,14,17,5,IN_PROGRESS,0,4,1,2,48,0,0,1,1
58,15,16,5,IN_PROGRESS,1,0,1,2,0,0,0,0,0
58,16,18,1,IN_PROGRESS,0,0,3,5,0,0,0,0,0
58,17,19,1,IN_PROGRESS,0,6,4,4,54,0,0,1,1
58,18,20,1,IN_PROGRESS,0,11,4,4,54,0,0,1,1
58,19,21,1,IN_PROGRESS,0,0,4,4,0,0,0,0,0
58,20,22,13,IN_PROGRESS,0,4,1,1,41,0,0,1,1
58,21,22,1,IN_PROGRESS,0,11,3,4,52,0,0,1,1
58,22,3,18,IN_PROGRESS,0,17,3,5,48,0,0,1,1
58,23,4,18,IN_PROGRESS,1,7,4,5,47,0,0,1,1
58,24,3,19,IN_PROGRESS,0,5,3,5,49,0,0,1,1
58,25,3,20,IN_PROGRESS,0,4,3,4,49,0,0,1,1
58,26,7,19,IN_PROGRESS,0,5,1,8,16,0,0,1,1
58,27,7,18,IN_PROGRESS,0,4,3,9,17,0,0,1,1
58,28,7,15,IN_PROGRESS,1,9,4,5,19,0,0,1,1
58,29,9,15,IN_PROGRESS,1,14,3,5,32,0,0,1,1
58,30,8,15,IN_PROGRESS,0,2,3,6,33,0,0,1,1
58,31,12,18,IN_PROGRESS,0,12,0,2,0,0,0,0,0
58,32,12,14,IN_PROGRESS,0,8,0,6,0,0,0,0,0
58,33,15,15,IN_PROGRESS,1,9,1,2,13,0,0,1,1
58,34,7,14,IN_PROGRESS,0,15,3,6,19,0,0,1,1
58,35,15,22,IN_PROGRESS,0,11,4,4,12,0,0,1,1
58,36,14,22,IN_PROGRESS,0,2,3,4,11,0,0,1,1
58,37,17,22,IN_PROGRESS,0,12,4,4,20,0,0,1,1
58,38,16,22,IN_PROGRESS,0,9,4,4,51,0,0,1,1
58,39,16,15,IN_PROGRESS,1,15,1,2,20,0,0,1,1
58,40,17,21,IN_PROGRESS,0,4,3,4,14,0,0,1,1
58,41,21,18,IN_PROGRESS,1,0,0,1,0,0,0,0,0
58,42,22,14,IN_PROGRESS,1,6,1,2,41,0,0,1,1
58,43,23,22,IN_PROGRESS,0,0,0,0,0,0,0,0,0
59,0,2,1,IN_PROGRESS,0,0,2,3,0,0,0,0,0
59,1,5,8,IN_PROGRESS,1,0,1,3,0,0,0,0,0
59,2,4,1,IN_PROGRESS,0,0,3,3,0,0,0,0,0
59,3,5,1,IN_PROGRESS,0,8,3,3,55,0,0,1,1
59,4,6,8,IN_PROGRESS,1,9,2,5,44,0,0,1,1
59,5,7,1,IN_PROGRESS,0,0,2,5,0,0,0,0,0
59,6,9,5,IN_PROGRESS,1,10,2,4,48,0,0,1,1
59,7,9,8,IN_PROGRESS,1,0,4,8,0,0,0,0,0
59,8,8,5,IN_PROGRESS,0,2,1,5,48,0,0,1,1
59,9,11,1,IN_PROGRESS,0,0,0,1,0,0,0,0,0
59,10,11,8,IN_PROGRESS,1,0,4,6,0,0,0,0,0
59,11,10,8,IN_PROGRESS,1,5,3,8,30,0,0,1,1
59,12,13,8,IN_PROGRESS,0,8,3,4,21,0,0,1,1
59,13,13,7,IN_PROGRESS,0,2,2,5,21,0,0,1,1
59,14,17,5,IN_PROGRESS,0,4,1,2,49,0,0,1,1
59,15,16,5,IN_PROGRESS,1,0,1,2,0,0,0,0,0
59,16,18,1,IN_PROGRESS,0,0,3,5,0,0,0,0,0
59,17,19,1,IN_PROGRESS,0,6,4,4,55,0,0,1,1
59,18,20,1,IN_PROGRESS,0,11,4,4,55,0,0,1,1
59,19,21,1,IN_PROGRESS,0,0,4,4,0,0,0,0,0
59,20,22,13,IN_PROGRESS,0,4,1,1,42,0,0,1,1
59,21,22,1,IN_PROGRESS,0,11,3,4,53,0,0,1,1
59,22,3,18,IN_PROGRESS,0,17,3,5,49,0,0,1,1
59,23,4,18,IN_PROGRESS,1,7,4,5,48,0,0,1,1
59,24,3,19,IN_PROGRESS,0,5,3,5,50,0,0,1,1
59,25,3,20,IN_PROGRESS,0,4,3,4,50,0,0,1,1
59,26,7,19,IN_PROGRESS,0,5,1,8,17,0,0,1,1
59,27,7,18,IN_PROGRESS,0,4,3,8,18,0,0,1,1
59,28,7,15,IN_PROGRESS,1,9,4,6,20,0,0,1,1
59,29,9,15,IN_PROGRESS,1,14,4,6,33,0,0,1,1
59,30,8,15,IN_PROGRESS,0,2,3,6,34,0,0,1,1
59,31,12,17,IN_PROGRESS,0,11,1,3,0,0,0,0,0
59,32,12,15,IN_PROGRESS,0,7,3,6,0,0,0,0,0
59,33,15,15,IN_PROGRESS,1,9,2,3,14,0,0,1,1
59,34,7,14,IN_PROGRESS,0,15,3,5,20,0,0,1,1
59,35,15,22,IN_PROGRESS,0,11,4,4,13,0,0,1,1
59,36,14,22,IN_PROGRESS,0,2,3,4,12,0,0,1,1
59,37,17,22,IN_PROGRESS,0,12,4,4,21,0,0,1,1
59,38,16,22,IN_PROGRESS,0,9,4,4,52,0,0,1,1
59,39,16,15,IN_PROGRESS,1,15,1,2,21,0,0,1,1
59,40,17,21,IN_PROGRESS,0,4,3,4,15,0,0,1,1
59,41,21,18,IN_PROGRESS,1,0,0,1,0,0,0,0,0
59,42,22,14,IN_PROGRESS,1,5,1,2,42,0,0,1,1
59,43,23,22,IN_PROGRESS,0,0,0,0,0,0,0,0,0
60,0,2,1,IN_PROGRESS,0,0,2,3,0,0,0,0,0
60,1,5,8,IN_PROGRESS,1,0,1,3,0,0,0,0,0
60,2,4,1,IN_PROGRESS,0,0,3,3,0,0,0,0,0
60,3,5,1,IN_PROGRESS,0,8,3,3,56,0,0,1,1
60,4,6,8,IN_PROGRESS,1,9,2,5,45,0,0,1,1
60,5,7,1,IN_PROGRESS,0,0,2,5,0,0,0,0,0
60,6,9,5,IN_PROGRESS,1,10,2,4,49,0,0,1,1
60,7,9,8,IN_PROGRESS,1,0,4,8,0,0,0,0,0
60,8,8,5,IN_PROGRESS,0,2,1,5,49,0,0,1,1
60,9,11,1,IN_PROGRESS,0,0,0,1,0,0,0,0,0
60,10,11,8,IN_PROGRESS,1,0,4,6,0,0,0,0,0
60,11,10,8,IN_PROGRESS,1,5,3,8,31,0,0,1,1
60,12,13,8,IN_PROGRESS,0,8,3,4,22,0,0,1,1
60,13,13,7,IN_PROGRESS,0,2,2,5,22,0,0,1,1
60,14,17,5,IN_PROGRESS,0,4,1,2,50,0,0,1,1
60,15,16,5,IN_PROGRESS,1,0,1,2,0,0,0,0,0
60,16,18,1,IN_PROGRESS,0,0,3,5,0,0,0,0,0
60,17,19,1,IN_PROGRESS,0,6,4,4,56,0,0,1,1
60,18,20,1,IN_PROGRESS,0,11,4,4,56,0,0,1,1
60,19,21,1,IN_PROGRESS,0,0,4,4,0,0,0,0,0
60,20,22,13,IN_PROGRESS,0,4,1,1,43,0,0,1,1
60,21,22,1,IN_PROGRESS,0,11,3,4,54,0,0,1,1
60,22,3,18,IN_PROGRESS,0,17,3,5,50,0,0,1,1
60,23,4,18,IN_PROGRESS,1,7,4,5,49,0,0,1,1
60,24,3,19,IN_PROGRESS,0,5,3,5,51,0,0,1,1
60,25,3,20,IN_PROGRESS,0,4,3,4,51,0,0,1,1
60,26,7,19,IN_PROGRESS,0,5,1,8,18,0,0,1,1
60,27,7,18,IN_PROGRESS,0,4,3,8,19,0,0,1,1
60,28,7,15,IN_PROGRESS,1,9,4,5,21,0,0,1,1
60,29,9,15,IN_PROGRESS,1,14,3,6,34,0,0,1,1
60,30,8,15,IN_PROGRESS,0,2,3,6,35,0,0,1,1
60,31,12,17,IN_PROGRESS,0,11,1,3,1,0,0,0,0
60,32,12,16,IN_PROGRESS,0,6,1,5,0,0,0,0,0
60,33,15,15,IN_PROGRESS,1,9,1,3,15,0,0,1,1
60,34,7,14,IN_PROGRESS,0,15,3,5,21,0,0,1,1
60,35,15,22,IN_PROGRESS,0,11,4,4,14,0,0,1,1
60,36,14,22,IN_PROGRESS,0,2,3,4,13,0,0,1,1
60,37,17,22,IN_PROGRESS,0,12,4,4,22,0,0,1,1
60,38,16,22,IN_PROGRESS,0,9,4,4,53,0,0,1,1
60,39,16,15,IN_PROGRESS,1,15,1,2,22,0,0,1,1
60,40,17,21,IN_PROGRESS,0,4,3,4,16,0,0,1,1
60,41,21,18,IN_PROGRESS,1,0,0,1,0,0,0,0,0
60,42,22,14,IN_PROGRESS,1,5,1,2,43,0,0,1,1
60,43,23,22,IN_PROGRESS,0,0,0,0,0,0,0,0,0
61,0,2,1,IN_PROGRESS,0,0,2,3,0,0,0,0,0
61,1,5,8,IN_PROGRESS,1,0,1,3,0,0,0,0,0
61,2,4,1,IN_PROGRESS,0,0,3,3,0,0,0,0,0
61,3,5,1,IN_PROGRESS,0,8,3,3,57,0,0,1,1
61,4,6,8,IN_PROGRESS,1,9,2,5,46,0,0,1,1
61,5,7,1,IN_PROGRESS,0,0,2,5,0,0,0,0,0
61,6,9,5,IN_PROGRESS,1,10,2,4,50,0,0,1,1
61,7,9,8,IN_PROGRESS,1,0,4,8,0,0,0,0,0
61,8,8,5,IN_PROGRESS,0,2,1,5,50,0,0,1,1
61,9,11,1,IN_PROGRESS,0,0,0,1,0,0,0,0,0
61,10,11,8,IN_PROGRESS,1,0,4,6,0,0,0,0,0
61,11,10,8,IN_PROGRESS,1,5,3,8,32,0,0,1,1
61,12,13,8,IN_PROGRESS,0,8,3,4,23,0,0,1,1
61,13,13,7,IN_PROGRESS,0,2,2,5,23,0,0,1,1
61,14,17,5,IN_PROGRESS,0,4,1,2,51,0,0,1,1
61,15,16,5,IN_PROGRESS,1,0,1,2,0,0,0,0,0
61,16,18,1,IN_PROGRESS,0,0,3,5,0,0,0,0,0
61,17,19,1,IN_PROGRESS,0,6,4,4,57,0,0,1,1
61,18,20,1,IN_PROGRESS,0,11,4,4,57,0,0,1,1
61,19,21,1,IN_PROGRESS,0,0,4,4,0,0,0,0,0
61,20,22,13,IN_PROGRESS,0,4,1,1,44,0,0,1,1
61,21,22,1,IN_PROGRESS,0,11,3,4,55,0,0,1,1
61,22,3,18,IN_PROGRESS,0,17,3,5,51,0,0,1,1
61,23,4,18,IN_PROGRESS,1,7,4,5,50,0,0,1,1
61,24,3,19,IN_PROGRESS,0,5,3,5,52,0,0,1,1
61,25,3,20,IN_PROGRESS,0,4,3,4,52,0,0,1,1
61,26,7,19,IN_PROGRESS,0,5,1,8,19,0,0,1,1
61,27,7,18,IN_PROGRESS,0,4,3,8,20,0,0,1,1
61,28,7,15,IN_PROGRESS,1,9,4,5,22,0,0,1,1
61,29,9,15,IN_PROGRESS,1,14,3,6,35,0,0,1,1
61,30,8,15,IN_PROGRESS,0,2,3,6,36,0,0,1,1
61,31,12,17,IN_PROGRESS,0,11,1,3,2,0,0,1,0
61,32,12,16,IN_PROGRESS,0,6,1,5,1,0,0,0,0
61,33,15,15,IN_PROGRESS,1,9,1,3,16,0,0,1,1
61,34,7,14,IN_PROGRESS,0,15,3,5,22,0,0,1,1
61,35,15,22,IN_PROGRESS,0,11,4,4,15,0,0,1,1
61,36,14,22,IN_PROGRESS,0,2,3,4,14,0,0,1,1
61,37,17,22,IN_PROGRESS,0,12,4,4,23,0,0,1,1
61,38,16,22,IN_PROGRESS,0,9,4,4,54,0,0,1,1
61,39,16,15,IN_PROGRESS,1,15,1,2,23,0,0,1,1
61,40,17,21,IN_PROGRESS,0,4,3,4,17,0,0,1,1
61,41,21,18,IN_PROGRESS,1,0,0,1,0,0,0,0,0
61,42,22,14,IN_PROGRESS,1,5,1,2,44,0,0,1,1
61,43,23,22,IN_PROGRESS,0,0,0,0,0,0,0,0,0
62,0,2,1,IN_PROGRESS,0,0,2,3,0,0,0,0,0
62,1,5,8,IN_PROGRESS,1,0,1,3,0,0,0,0,0
62,2,4,1,IN_PROGRESS,0,0,3,3,0,0,0,0,0
62,3,5,1,IN_PROGRESS,0,8,3,3,58,0,0,1,1
62,4,6,8,IN_PROGRESS,1,9,2,5,47,0,0,1,1
62,5,7,1,IN_PROGRESS,0,0,2,5,0,0,0,0,0
62,6,9,5,IN_PROGRESS,1,10,2,4,51,0,0,1,1
62,7,9,8,IN_PROGRESS,1,0,4,8,0,0,0,0,0
62,8,8,5,IN_PROGRESS,0,2,1,5,51,0,0,1,1
62,9,11,1,IN_PROGRESS,0,0,0,1,0,0,0,0,0
62,10,11,8,IN_PROGRESS,1,0,4,6,0,0,0,0,0
62,11,10,8,IN_PROGRESS,1,5,3,8,33,0,0,1,1
62,12,13,8,IN_PROGRESS,0,8,3,4,24,0,0,1,1
62,13,13,7,IN_PROGRESS,0,2,2,5,24,0,0,1,1
62,14,17,5,IN_PROGRESS,0,4,1,2,52,0,0,1,1
62,15,16,5,IN_PROGRESS,1,0,1,2,0,0,0,0,0
62,16,18,1,IN_PROGRESS,0,0,3,5,0,0,0,0,0
62,17,19,1,IN_PROGRESS,0,6,4,4,58,0,0,1,1
62,18,20,1,IN_PROGRESS,0,11,4,4,58,0,0,1,1
62,19,21,1,IN_PROGRESS,0,0,4,4,0,0,0,0,0
62,20,22,13,IN_PROGRESS,0,4,1,1,45,0,0,1,1
62,21,22,1,IN_PROGRESS,0,11,3,4,56,0,0,1,1
62,22,3,18,IN_PROGRESS,0,17,3,5,52,0,0,1,1
62,23,4,18,IN_PROGRESS,1,7,4,5,51,0,0,1,1
62,24,3,19,IN_PROGRESS,0,5,3,5,53,0,0,1,1
62,25,3,20,IN_PROGRESS,0,4,3,4,53,0,0,1,1
62,26,7,19,IN_PROGRESS,0,5,1,8,20,0,0,1,1
62,27,7,18,IN_PROGRESS,0,4,3,8,21,0,0,1,1
62,28,7,15,IN_PROGRESS,1,9,4,5,23,0,0,1,1
62,29,9,15,IN_PROGRESS,1,14,3,6,36,0,0,1,1
62,30,8,15,IN_PROGRESS,0,2,3,6,37,0,0,1,1
62,31,12,17,IN_PROGRESS,0,11,1,3,3,0,0,1,0
62,32,12,16,IN_PROGRESS,0,6,1,5,2,0,0,1,0
62,33,15,15,IN_PROGRESS,1,9,1,3,17,0,0,1,1
62,34,7,14,IN_PROGRESS,0,15,3,5,23,0,0,1,1
62,35,15,22,IN_PROGRESS,0,11,4,4,16,0,0,1,1
62,36,14,22,IN_PROGRESS,0,2,3,4,15,0,0,1,1
62,37,17,22,IN_PROGRESS,0,12,4,4,24,0,0,1,1
62,38,16,22,IN_PROGRESS,0,9,4,4,55,0,0,1,1
62,39,16,15,IN_PROGRESS,1,15,1,2,24,0,0,1,1
62,40,17,21,IN_PROGRESS,0,4,3,4,18,0,0,1,1
62,41,21,18,IN_PROGRESS,1,0,0,1,0,0,0,0,0
62,42,22,14,IN_PROGRESS,1,5,1,2,45,0,0,1,1
62,43,23,22,IN_PROGRESS,0,0,0,0,0,0,0,0,0
63,0,2,1,IN_PROGRESS,0,0,2,3,0,0,0,0,0
63,1,5,8,IN_PROGRESS,1,0,1,3,0,0,0,0,0
63,2,4,1,IN_PROGRESS,0,0,3,3,0,0,0,0,0
63,3,5,1,IN_PROGRESS,0,8,3,3,59,0,0,1,1
63,4,6,8,IN_PROGRESS,1,9,2,5,48,0,0,1,1
63,5,7,1,IN_PROGRESS,0,0,2,5,0,0,0,0,0
63,6,9,5,IN_PROGRESS,1,10,2,4,52,0,0,1,1
63,7,9,8,IN_PROGRESS,1,0,4,8,0,0,0,0,0
63,8,8,5,IN_PROGRESS,0,2,1,5,52,0,0,1,1
63,9,11,1,IN_PROGRESS,0,0,0,1,0,0,0,0,0
63,10,11,8,IN_PROGRESS,1,0,4,6,0,0,0,0,0
63,11,10,8,IN_PROGRESS,1,5,3,8,34,0,0,1,1
63,12,13,8,IN_PROGRESS,0,8,3,4,25,0,0,1,1
63,13,13,7,IN_PROGRESS,0,2,2,5,25,0,0,1,1
63,14,17,5,IN_PROGRESS,0,4,1,2,53,0,0,1,1
63,15,16,5,IN_PROGRESS,1,0,1,2,0,0,0,0,0
63,16,18,1,IN_PROGRESS,0,0,3,5,0,0,0,0,0
63,17,19,1,IN_PROGRESS,0,6,4,4,59,0,0,1,1
63,18,20,1,IN_PROGRESS,0,11,4,4,59,0,0,1,1
63,19,21,1,IN_PROGRESS,0,0,4,4,0,0,0,0,0
63,20,22,13,IN_PROGRESS,0,4,1,1,46,0,0,1,1
63,21,22,1,IN_PROGRESS,0,11,3,4,57,0,0,1,1
63,22,3,18,IN_PROGRESS,0,17,3,5,53,0,0,1,1
63,23,4,18,IN_PROGRESS,1,7,4,5,52,0,0,1,1
63,24,3,19,IN_PROGRESS,0,5,3,5,54,0,0,1,1
63,25,3,20,IN_PROGRESS,0,4,3,4,54,0,0,1,1
63,26,7,19,IN_PROGRESS,0,5,1,8,21,0,0,1,1
63,27,7,18,IN_PROGRESS,0,4,3,8,22,0,0,1,1
63,28,7,15,IN_PROGRESS,1,9,4,5,24,0,0,1,1
63,29,9,15,IN_PROGRESS,1,14,3,6,37,0,0,1,1
63,30,8,15,IN_PROGRESS,0,2,3,6,38,0,0,1,1
63,31,12,17,IN_PROGRESS,0,11,1,3,4,0,0,1,0
63,32,12,16,IN_PROGRESS,0,6,1,5,3,0,0,1,0
63,33,15,15,IN_PROGRESS,1,9,1,3,18,0,0,1,1
63,34,7,14,IN_PROGRESS,0,15,3,5,24,0,0,1,1
63,35,15,22,IN_PROGRESS,0,11,4,4,17,0,0,1,1
63,36,14,22,IN_PROGRESS,0,2,3,4,16,0,0,1,1
63,37,17,22,IN_PROGRESS,0,12,4,4,25,0,0,1,1
63,38,16,22,IN_PROGRESS,0,9,4,4,56,0,0,1,1
63,39,16,15,IN_PROGRESS,1,15,1,2,25,0,0,1,1
63,40,17,21,IN_PROGRESS,0,4,3,4,19,0,0,1,1
63,41,21,18,IN_PROGRESS,1,0,0,1,0,0,0,0,0
63,42,22,14,IN_PROGRESS,1,5,1,2,46,0,0,1,1
63,43,23,22,IN_PROGRESS,0,0,0,0,0,0,0,0,0
64,0,2,1,IN_PROGRESS,0,0,2,3,0,0,0,0,0
64,1,5,8,IN_PROGRESS,1,0,1,3,0,0,0,0,0
64,2,4,1,IN_PROGRESS,0,0,3,3,0,0,0,0,0
64,3,5,1,IN_PROGRESS,0,8,3,3,60,0,0,1,1
64,4,6,8,IN_PROGRESS,1,9,2,5,49,0,0,1,1
64,5,7,1,IN_PROGRESS,0,0,2,5,0,0,0,0,0
64,6,9,5,IN_PROGRESS,1,10,2,4,53,0,0,1,1
64,7,9,8,IN_PROGRESS,1,0,4,8,0,0,0,0,0
64,8,8,5,IN_PROGRESS,0,2,1,5,53,0,0,1,1
64,9,11,1,IN_PROGRESS,0,0,0,1,0,0,0,0,0
64,10,11,8,IN_PROGRESS,1,0,4,6,0,0,0,0,0
64,11,10,8,IN_PROGRESS,1,5,3,8,35,0,0,1,1
64,12,13,8,IN_PROGRESS,0,8,3,4,26,0,0,1,1
64,13,13,7,IN_PROGRESS,0,2,2,5,26,0,0,1,1
64,14,17,5,IN_PROGRESS,0,4,1,2,54,0,0,1,1
64,15,16,5,IN_PROGRESS,1,0,1,2,0,0,0,0,0
64,16,18,1,IN_PROGRESS,0,0,3,5,0,0,0,0,0
64,17,19,1,IN_PROGRESS,0,6,4,4,60,0,0,1,1
64,18,20,1,IN_PROGRESS,0,11,4,4,60,0,0,1,1
64,19,21,1,IN_PROGRESS,0,0,4,4,0,0,0,0,0
64,20,22,13,IN_PROGRESS,0,4,1,1,47,0,0,1,1
64,21,22,1,IN_PROGRESS,0,11,3,4,58,0,0,1,1
64,22,3,18,IN_PROGRESS,0,17,3,5,54,0,0,1,1
64,23,4,18,IN_PROGRESS,1,7,4,5,53,0,0,1,1
64,24,3,19,IN_PROGRESS,0,5,3,5,55,0,0,1,1
64,25,3,20,IN_PROGRESS,0,4,3,4,55,0,0,1,1
64,26,7,19,IN_PROGRESS,0,5,1,8,22,0,0,1,1
64,27,7,18,IN_PROGRESS,0,4,3,8,23,0,0,1,1
64,28,7,15,IN_PROGRESS,1,9,4,5,25,0,0,1,1
64,29,9,15,IN_PROGRESS,1,14,3,6,38,0,0,1,1
64,30,8,15,IN_PROGRESS,0,2,3,6,39,0,0,1,1
64,31,12,17,IN_PROGRESS,0,11,1,3,5,0,0,1,0
64,32,12,16,IN_PROGRESS,0,6,1,5,4,0,0,1,0
64,33,15,15,IN_PROGRESS,1,9,1,3,19,0,0,1,1
64,34,7,14,IN_PROGRESS,0,15,3,5,25,0,0,1,1
64,35,15,22,IN_PROGRESS,0,11,4,4,18,0,0,1,1
64,36,14,22,IN_PROGRESS,0,2,3,4,17,0,0,1,1
64,37,17,22,IN_PROGRESS,0,12,4,4,26,0,0,1,1
64,38,16,22,IN_PROGRESS,0,9,4,4,57,0,0,1,1
64,39,16,15,IN_PROGRESS,1,15,1,2,26,0,0,1,1
64,40,17,21,IN_PROGRESS,0,4,3,4,20,0,0,1,1
64,41,21,18,IN_PROGRESS,1,0,0,1,0,0,0,0,0
64,42,22,14,IN_PROGRESS,1,5,1,2,47,0,0,1,1
64,43,23,22,IN_PROGRESS,0,0,0,0,0,0,0,0,0
65,0,2,1,IN_PROGRESS,0,0,2,3,0,0,0,0,0
65,1,5,8,IN_PROGRESS,1,0,1,3,0,0,0,0,0
65,2,4,1,IN_PROGRESS,0,0,3,3,0,0,0,0,0
65,3,5,1,IN_PROGRESS,0,8,3,3,61,0,0,1,1
65,4,6,8,IN_PROGRESS,1,9,2,5,50,0,0,1,1
65,5,7,1,IN_PROGRESS,0,0,2,5,0,0,0,0,0
65,6,9,5,IN_PROGRESS,1,10,2,4,54,0,0,1,1
65,7,9,8,IN_PROGRESS,1,0,4,8,0,0,0,0,0
65,8,8,5,IN_PROGRESS,0,2,1,5,54,0,0,1,1
65,9,11,1,IN_PROGRESS,0,0,0,1,0,0,0,0,0
65,10,11,8,IN_PROGRESS,1,0,4,6,0,0,0,0,0
65,11,10,8,IN_PROGRESS,1,5,3,8,36,0,0,1,1
65,12,13,8,IN_PROGRESS,0,8,3,4,27,0,0,1,1
65,13,13,7,IN_PROGRESS,0,2,2,5,27,0,0,1,1
65,14,17,5,IN_PROGRESS,0,4,1,2,55,0,0,1,1
65,15,16,5,IN_PROGRESS,1,0,1,2,0,0,0,0,0
65,16,18,1,IN_PROGRESS,0,0,3,5,0,0,0,0,0
65,17,19,1,IN_PROGRESS,0,6,4,4,61,0,0,1,1
65,18,20,1,IN_PROGRESS,0,11,4,4,61,0,0,1,1
65,19,21,1,IN_PROGRESS,0,0,4,4,0,0,0,0,0
65,20,22,13,IN_PROGRESS,0,4,1,1,48,0,0,1,1
65,21,22,1,IN_PROGRESS,0,11,3,4,59,0,0,1,1
65,22,3,18,IN_PROGRESS,0,17,3,5,55,0,0,1,1
65,23,4,18,IN_PROGRESS,1,7,4,5,54,0,0,1,1
65,24,3,19,IN_PROGRESS,0,5,3,5,56,0,0,1,1
65,25,3,20,IN_PROGRESS,0,4,3,4,56,0,0,1,1
65,26,7,19,IN_PROGRESS,0,5,1,8,23,0,0,1,1
65,27,7,18,IN_PROGRESS,0,4,3,8,24,0,0,1,1
65,28,7,15,IN_PROGRESS,1,9,4,5,26,0,0,1,1
65,29,9,15,IN_PROGRESS,1,14,3,6,39,0,0,1,1
65,30,8,15,IN_PROGRESS,0,2,3,6,40,0,0,1,1
65,31,12,17,IN_PROGRESS,0,11,1,3,6,0,0,1,1
65,32,12,16,IN_PROGRESS,0,6,1,5,5,0,0,1,0
65,33,15,15,IN_PROGRESS,1,9,1,3,20,0,0,1,1
65,34,7,14,IN_PROGRESS,0,15,3,5,26,0,0,1,1
65,35,15,22,IN_PROGRESS,0,11,4,4,19,0,0,1,1
65,36,14,22,IN_PROGRESS,0,2,3,4,18,0,0,1,1
65,37,17,22,IN_PROGRESS,0,12,4,4,27,0,0,1,1
65,38,16,22,IN_PROGRESS,0,9,4,4,58,0,0,1,1
65,39,16,15,IN_PROGRESS,1,15,1,2,27,0,0,1,1
65,40,17,21,IN_PROGRESS,0,4,3,4,21,0,0,1,1
65,41,21,18,IN_PROGRESS,1,0,0,1,0,0,0,0,0
65,42,22,14,IN_PROGRESS,1,5,1,2,48,0,0,1,1
65,43,23,22,IN_PROGRESS,0,0,0,0,0,0,0,0,0
66,0,2,1,IN_PROGRESS,0,0,2,3,0,0,0,0,0
66,1,5,8,IN_PROGRESS,1,0,1,3,0,0,0,0,0
66,2,4,1,IN_PROGRESS,0,0,3,3,0,0,0,0,0
66,3,5,1,IN_PROGRESS,0,8,3,3,62,0,0,1,1
66,4,6,8,IN_PROGRESS,1,9,2,5,51,0,0,1,1
66,5,7,1,IN_PROGRESS,0,0,2,5,0,0,0,0,0
66,6,9,5,IN_PROGRESS,1,10,2,4,55,0,0,1,1
66,7,9,8,IN_PROGRESS,1,0,4,8,0,0,0,0,0
66,8,8,5,IN_PROGRESS,0,2,1,5,55,0,0,1,1
66,9,11,1,IN_PROGRESS,0,0,0,1,0,0,0,0,0
66,10,11,8,IN_PROGRESS,1,0,4,6,0,0,0,0,0
66,11,10,8,IN_PROGRESS,1,5,3,8,37,0,0,1,1
66,12,13,8,IN_PROGRESS,0,8,3,4,28,0,0,1,1
66,13,13,7,IN_PROGRESS,0,2,2,5,28,0,0,1,1
66,14,17,5,IN_PROGRESS,0,4,1,2,56,0,0,1,1
66,15,16,5,IN_PROGRESS,1,0,1,2,0,0,0,0,0
66,16,18,1,IN_PROGRESS,0,0,3,5,0,0,0,0,0
66,17,19,1,IN_PROGRESS,0,6,4,4,62,0,0,1,1
66,18,20,1,IN_PROGRESS,0,11,4,4,62,0,0,1,1
66,19,21,1,IN_PROGRESS,0,0,4,4,0,0,0,0,0
66,20,22,13,IN_PROGRESS,0,4,1,1,49,0,0,1,1
66,21,22,1,IN_PROGRESS,0,11,3,4,60,0,0,1,1
66,22,3,18,IN_PROGRESS,0,18,3,5,56,0,0,1,1
66,23,4,18,IN_PROGRESS,1,7,4,5,55,0,0,1,1
66,24,3,19,IN_PROGRESS,0,5,3,5,57,0,0,1,1
66,25,3,20,IN_PROGRESS,0,4,3,4,57,0,0,1,1
66,26,7,19,IN_PROGRESS,0,5,1,8,24,0,0,1,1
66,27,7,18,IN_PROGRESS,0,4,3,8,25,0,0,1,1
66,28,7,15,IN_PROGRESS,1,9,4,5,27,0,0,1,1
66,29,9,15,IN_PROGRESS,1,14,3,6,40,0,0,1,1
66,30,8,15,IN_PROGRESS,0,2,3,6,41,0,0,1,1
66,31,12,17,IN_PROGRESS,0,11,1,3,7,0,0,1,1
66,32,12,16,IN_PROGRESS,0,7,1,5,6,0,0,1,1
66,33,15,15,IN_PROGRESS,1,9,1,3,21,0,0,1,1
66,34,7,14,IN_PROGRESS,0,15,3,5,27,0,0,1,1
66,35,15,22,IN_PROGRESS,0,11,4,4,20,0,0,1,1
66,36,14,22,IN_PROGRESS,0,2,3,4,19,0,0,1,1
66,37,17,22,IN_PROGRESS,0,12,4,4,28,0,0,1,1
66,38,16,22,IN_PROGRESS,0,9,4,4,59,0,0,1,1
66,39,16,15,IN_PROGRESS,1,15,1,2,28,0,0,1,1
66,40,17,21,IN_PROGRESS,0,4,3,4,22,0,0,1,1
66,41,21,18,IN_PROGRESS,1,0,0,1,0,0,0,0,0
66,42,22,14,IN_PROGRESS,1,5,1,2,49,0,0,1,1
66,43,23,22,IN_PROGRESS,0,0,0,0,0,0,0,0,0
67,0,2,1,IN_PROGRESS,0,0,2,3,0,0,0,0,0
67,1,5,8,IN_PROGRESS,1,0,1,3,0,0,0,0,0
67,2,4,1,IN_PROGRESS,0,0,3,3,0,0,0,0,0
67,3,5,1,IN_PROGRESS,0,8,3,3,63,0,0,1,1
67,4,6,8,IN_PROGRESS,1,9,2,5,52,0,0,1,1
67,5,7,1,IN_PROGRESS,0,0,2,5,0,0,0,0,0
67,6,9,5,IN_PROGRESS,1,10,2,4,56,0,0,1,1
67,7,9,8,IN_PROGRESS,1,0,4,8,0,0,0,0,0
67,8,8,5,IN_PROGRESS,0,3,1,5,56,0,0,1,1
67,9,11,1,IN_PROGRESS,0,0,0,1,0,0,0,0,0
67,10,11,8,IN_PROGRESS,1,0,4,6,0,0,0,0,0
67,11,10,8,IN_PROGRESS,1,5,3,8,38,0,0,1,1
67,12,13,8,IN_PROGRESS,0,8,3,4,29,0,0,1,1
67,13,13,7,IN_PROGRESS,0,2,2,5,29,0,0,1,1
67,14,17,5,IN_PROGRESS,0,4,1,2,57,0,0,1,1
67,15,16,5,IN_PROGRESS,1,0,1,2,0,0,0,0,0
67,16,18,1,IN_PROGRESS,0,0,3,5,0,0,0,0,0
67,17,19,1,IN_PROGRESS,0,6,4,4,63,0,0,1,1
67,18,20,1,IN_PROGRESS,0,11,4,4,63,0,0,1,1
67,19,21,1,IN_PROGRESS,0,0,4,4,0,0,0,0,0
67,20,22,13,IN_PROGRESS,0,4,1,1,50,0,0,1,1
67,21,22,1,IN_PROGRESS,0,11,3,4,61,0,0,1,1
67,22,3,18,IN_PROGRESS,0,17,3,5,57,0,0,1,1
67,23,4,18,IN_PROGRESS,1,7,4,5,56,0,0,1,1
67,24,3,19,IN_PROGRESS,0,5,3,5,58,0,0,1,1
67,25,3,20,IN_PROGRESS,0,4,3,4,58,0,0,1,1
67,26,7,19,IN_PROGRESS,0,5,1,8,25,0,0,1,1
67,27,7,18,IN_PROGRESS,0,4,3,8,26,0,0,1,1
67,28,7,15,IN_PROGRESS,1,9,4,5,28,0,0,1,1
67,29,9,15,IN_PROGRESS,1,14,3,6,41,0,0,1,1
67,30,8,15,IN_PROGRESS,0,2,3,6,42,0,0,1,1
67,31,12,17,IN_PROGRESS,0,11,1,3,8,0,0,1,1
67,32,12,16,IN_PROGRESS,0,6,1,5,7,0,0,1,1
67,33,15,15,IN_PROGRESS,1,9,1,3,22,0,0,1,1
67,34,7,14,IN_PROGRESS,0,15,3,5,28,0,0,1,1
67,35,15,22,IN_PROGRESS,0,11,4,4,21,0,0,1,1
67,36,14,22,IN_PROGRESS,0,2,3,4,20,0,0,1,1
67,37,17,22,IN_PROGRESS,0,12,4,4,29,0,0,1,1
67,38,16,22,IN_PROGRESS,0,9,4,4,60,0,0,1,1
67,39,16,15,IN_PROGRESS,1,15,1,2,29,0,0,1,1
67,40,17,21,IN_PROGRESS,0,4,3,4,23,0,0,1,1
67,41,21,18,IN_PROGRESS,1,0,0,1,0,0,0,0,0
67,42,22,14,IN_PROGRESS,1,5,1,2,50,0,0,1,1
67,43,23,22,IN_PROGRESS,0,0,0,0,0,0,0,0,0
68,0,2,1,IN_PROGRESS,0,0,2,3,0,0,0,0,0
68,1,5,8,IN_PROGRESS,1,0,1,3,0,0,0,0,0
68,2,4,1,IN_PROGRESS,0,0,3,3,0,0,0,0,0
68,3,5,1,IN_PROGRESS,0,8,3,3,64,0,0,1,1
68,4,6,8,IN_PROGRESS,1,9,2,5,53,0,0,1,1
68,5,7,1,IN_PROGRESS,0,0,2,5,0,0,0,0,0
68,6,9,5,IN_PROGRESS,1,10,2,4,57,0,0,1,1
68,7,9,8,IN_PROGRESS,1,0,4,8,0,0,0,0,0
68,8,8,5,IN_PROGRESS,0,2,1,5,57,0,0,1,1
68,9,11,1,IN_PROGRESS,0,0,0,1,0,0,0,0,0
68,10,11,8,IN_PROGRESS,1,0,4,6,0,0,0,0,0
68,11,10,8,IN_PROGRESS,1,5,3,8,39,0,0,1,1
68,12,13,8,IN_PROGRESS,0,8,3,4,30,0,0,1,1
68,13,13,7,IN_PROGRESS,0,2,2,5,30,0,0,1,1
68,14,17,5,IN_PROGRESS,0,4,1,2,58,0,0,1,1
68,15,16,5,IN_PROGRESS,1,0,1,2,0,0,0,0,0
68,16,18,1,IN_PROGRESS,0,0,3,5,0,0,0,0,0
68,17,19,1,IN_PROGRESS,0,6,4,4,64,0,0,1,1
68,18,20,1,IN_PROGRESS,0,11,4,4,64,0,0,1,1
68,19,21,1,IN_PROGRESS,0,0,4,4,0,0,0,0,0
68,20,22,13,IN_PROGRESS,0,4,1,1,51,0,0,1,1
68,21,22,1,IN_PROGRESS,0,11,3,4,62,0,0,1,1
68,22,3,18,IN_PROGRESS,0,17,3,5,58,0,0,1,1
68,23,4,18,IN_PROGRESS,1,7,4,5,57,0,0,1,1
68,24,3,19,IN_PROGRESS,0,5,3,5,59,0,0,1,1
68,25,3,20,IN_PROGRESS,0,4,3,4,59,0,0,1,1
68,26,7,19,IN_PROGRESS,0,5,1,8,26,0,0,1,1
68,27,7,18,IN_PROGRESS,0,4,3,8,27,0,0,1,1
68,28,7,15,IN_PROGRESS,1,9,4,5,29,0,0,1,1
68,29,9,15,IN_PROGRESS,1,14,3,6,42,0,0,1,1
68,30,8,15,IN_PROGRESS,0,2,3,6,43,0,0,1,1
68,31,12,17,IN_PROGRESS,0,11,1,3,9,0,0,1,1
68,32,12,16,IN_PROGRESS,0,6,1,5,8,0,0,1,1
68,33,15,15,IN_PROGRESS,1,9,1,3,23,0,0,1,1
68,34,7,14,IN_PROGRESS,0,15,3,5,29,0,0,1,1
68,35,15,22,IN_PROGRESS,0,11,4,4,22,0,0,1,1
68,36,14,22,IN_PROGRESS,0,2,3,4,21,0,0,1,1
68,37,17,22,IN_PROGRESS,0,12,4,4,30,0,0,1,1
68,38,16,22,IN_PROGRESS,0,9,4,4,61,0,0,1,1
68,39,16,15,IN_PROGRESS,1,15,1,2,30,0,0,1,1
68,40,17,21,IN_PROGRESS,0,4,3,4,24,0,0,1,1
68,41,21,18,IN_PROGRESS,1,0,0,1,0,0,0,0,0
68,42,22,14,IN_PROGRESS,1,5,1,2,51,0,0,1,1
68,43,23,22,IN_PROGRESS,0,0,0,0,0,0,0,0,0
69,0,2,1,IN_PROGRESS,0,0,2,3,0,0,0,0,0
69,1,5,8,IN_PROGRESS,1,0,1,3,0,0,0,0,0
69,2,4,1,IN_PROGRESS,0,0,3,3,0,0,0,0,0
69,3,5,1,IN_PROGRESS,0,8,3,3,65,0,0,1,1
69,4,6,8,IN_PROGRESS,1,9,2,5,54,0,0,1,1
69,5,7,1,IN_PROGRESS,0,0,2,5,0,0,0,0,0
69,6,9,5,IN_PROGRESS,1,10,2,4,58,0,0,1,1
69,7,9,8,IN_PROGRESS,1,0,4,8,0,0,0,0,0
69,8,8,5,IN_PROGRESS,0,2,1,5,58,0,0,1,1
69,9,11,1,IN_PROGRESS,0,0,0,1,0,0,0,0,0
69,10,11,8,IN_PROGRESS,1,0,4,6,0,0,0,0,0
69,11,10,8,IN_PROGRESS,1,5,3,8,40,0,0,1,1
69,12,13,8,IN_PROGRESS,0,8,3,4,31,0,0,1,1
69,13,13,7,IN_PROGRESS,0,2,2,5,31,0,0,1,1
69,14,17,5,IN_PROGRESS,0,4,1,2,59,0,0,1,1
69,15,16,5,IN_PROGRESS,1,0,1,2,0,0,0,0,0
69,16,18,1,IN_PROGRESS,0,0,3,5,0,0,0,0,0
69,17,19,1,IN_PROGRESS,0,6,4,4,65,0,0,1,1
69,18,20,1,IN_PROGRESS,0,11,4,4,65,0,0,1,1
69,19,21,1,IN_PROGRESS,0,0,4,4,0,0,0,0,0
69,20,22,13,IN_PROGRESS,0,4,1,1,52,0,0,1,1
69,21,22,1,IN_PROGRESS,0,11,3,4,63,0,0,1,1
69,22,3,18,IN_PROGRESS,0,17,3,5,59,0,0,1,1
69,23,4,18,IN_PROGRESS,1,7,4,5,58,0,0,1,1
69,24,3,19,IN_PROGRESS,0,5,3,5,60,0,0,1,1
69,25,3,20,IN_PROGRESS,0,4,3,4,60,0,0,1,1
69,26,7,19,IN_PROGRESS,0,5,1,8,27,0,0,1,1
69,27,7,18,IN_PROGRESS,0,4,3,8,28,0,0,1,1
69,28,7,15,IN_PROGRESS,1,9,4,5,30,0,0,1,1
69,29,9,15,IN_PROGRESS,1,14,3,6,43,0,0,1,1
69,30,8,15,IN_PROGRESS,0,2,3,6,44,0,0,1,1
69,31,12,17,IN_PROGRESS,0,11,1,3,10,0,0,1,1
69,32,12,16,IN_PROGRESS,0,6,1,5,9,0,0,1,1
69,33,15,15,IN_PROGRESS,1,9,1,3,24,0,0,1,1
69,34,7,14,IN_PROGRESS,0,15,3,5,30,0,0,1,1
69,35,15,22,IN_PROGRESS,0,11,4,4,23,0,0,1,1
69,36,14,22,IN_PROGRESS,0,2,3,4,22,0,0,1,1
69,37,17,22,IN_PROGRESS,0,12,4,4,31,0,0,1,1
69,38,16,22,IN_PROGRESS,0,9,4,4,62,0,0,1,1
69,39,16,15,IN_PROGRESS,1,15,1,2,31,0,0,1,1
69,40,17,21,IN_PROGRESS,0,4,3,4,25,0,0,1,1
69,41,21,18,IN_PROGRESS,1,0,0,1,0,0,0,0,0
69,42,22,14,IN_PROGRESS,1,5,1,2,52,0,0,1,1
69,43,23,22,IN_PROGRESS,0,0,0,0,0,0,0,0,0
70,0,2,1,IN_PROGRESS,0,0,2,3,0,0,0,0,0
70,1,5,8,IN_PROGRESS,1,0,1,3,0,0,0,0,0
70,2,4,1,IN_PROGRESS,0,0,3,3,0,0,0,0,0
70,3,5,1,IN_PROGRESS,0,8,3,3,66,0,0,1,1
70,4,6,8,IN_PROGRESS,1,9,2,5,55,0,0,1,1
70,5,7,1,IN_PROGRESS,0,0,2,5,0,0,0,0,0
70,6,9,5,IN_PROGRESS,1,10,2,4,59,0,0,1,1
70,7,9,8,IN_PROGRESS,1,0,4,8,0,0,0,0,0
70,8,8,5,IN_PROGRESS,0,2,1,5,59,0,0,1,1
70,9,11,1,IN_PROGRESS,0,0,0,1,0,0,0,0,0
70,10,11,8,IN_PROGRESS,1,0,4,6,0,0,0,0,0
70,11,10,8,IN_PROGRESS,1,5,3,8,41,0,0,1,1
70,12,13,8,IN_PROGRESS,0,8,3,4,32,0,0,1,1
70,13,13,7,IN_PROGRESS,0,2,2,5,32,0,0,1,1
70,14,17,5,IN_PROGRESS,0,4,1,2,60,0,0,1,1
70,15,16,5,IN_PROGRESS,1,0,1,2,0,0,0,0,0
70,16,18,1,IN_PROGRESS,0,0,3,5,0,0,0,0,0
70,17,19,1,IN_PROGRESS,0,6,4,4,66,0,0,1,1
70,18,20,1,IN_PROGRESS,0,11,4,4,66,0,0,1,1
70,19,21,1,IN_PROGRESS,0,0,4,4,0,0,0,0,0
70,20,22,13,IN_PROGRESS,0,4,1,1,53,0,0,1,1
70,21,22,1,IN_PROGRESS,0,11,3,4,64,0,0,1,1
70,22,3,18,IN_PROGRESS,0,17,3,5,60,0,0,1,1
70,23,4,18,IN_PROGRESS,1,7,4,5,59,0,0,1,1
70,24,3,19,IN_PROGRESS,0,5,3,5,61,0,0,1,1
70,25,3,20,IN_PROGRESS,0,4,3,4,61,0,0,1,1
70,26,7,19,IN_PROGRESS,0,5,1,8,28,0,0,1,1
70,27,7,18,IN_PROGRESS,0,4,3,8,29,0,0,1,1
70,28,7,15,IN_PROGRESS,1,9,4,5,31,0,0,1,1
70,29,9,15,IN_PROGRESS,1,14,3,6,44,0,0,1,1
70,30,8,15,IN_PROGRESS,0,2,3,6,45,0,0,1,1
70,31,12,17,IN_PROGRESS,0,11,1,3,11,0,0,1,1
70,32,12,16,IN_PROGRESS,0,6,1,5,10,0,0,1,1
70,33,15,15,IN_PROGRESS,1,9,1,3,25,0,0,1,1
70,34,7,14,IN_PROGRESS,0,15,3,5,31,0,0,1,1
70,35,15,22,IN_PROGRESS,0,11,4,4,24,0,0,1,1
70,36,14,22,IN_PROGRESS,0,2,3,4,23,0,0,1,1
70,37,17,22,IN_PROGRESS,0,12,4,4,32,0,0,1,1
70,38,16,22,IN_PROGRESS,0,9,4,4,63,0,0,1,1
70,39,16,15,IN_PROGRESS,1,15,1,2,32,0,0,1,1
70,40,17,21,IN_PROGRESS,0,4,3,4,26,0,0,1,1
70,41,21,18,IN_PROGRESS,1,0,0,1,0,0,0,0,0
70,42,22,14,IN_PROGRESS,1,5,1,2,53,0,0,1,1
70,43,23,22,IN_PROGRESS,0,0,0,0,0,0,0,0,0
71,0,2,1,IN_PROGRESS,0,0,2,3,0,0,0,0,0
71,1,5,8,IN_PROGRESS,1,0,1,3,0,0,0,0,0
71,2,4,1,IN_PROGRESS,0,0,3,3,0,0,0,0,0
71,3,5,1,IN_PROGRESS,0,8,3,3,67,0,0,1,1
71,4,6,8,IN_PROGRESS,1,9,2,5,56,0,0,1,1
71,5,7,1,IN_PROGRESS,0,0,2,5,0,0,0,0,0
71,6,9,5,IN_PROGRESS,1,10,2,4,60,0,0,1,1
71,7,9,8,IN_PROGRESS,1,0,4,8,0,0,0,0,0
71,8,8,5,IN_PROGRESS,0,2,1,5,60,0,0,1,1
71,9,11,1,IN_PROGRESS,0,0,0,1,0,0,0,0,0
71,10,11,8,IN_PROGRESS,1,0,4,6,0,0,0,0,0
71,11,10,8,IN_PROGRESS,1,5,3,8,42,0,0,1,1
71,12,13,8,IN_PROGRESS,0,8,3,4,33,0,0,1,1
71,13,13,7,IN_PROGRESS,0,2,2,5,33,0,0,1,1
71,14,17,5,IN_PROGRESS,0,4,1,2,61,0,0,1,1
71,15,16,5,IN_PROGRESS,1,0,1,2,0,0,0,0,0
71,16,18,1,IN_PROGRESS,0,0,3,5,0,0,0,0,0
71,17,19,1,IN_PROGRESS,0,6,4,4,67,0,0,1,1
71,18,20,1,IN_PROGRESS,0,11,4,4,67,0,0,1,1
71,19,21,1,IN_PROGRESS,0,0,4,4,0,0,0,0,0
71,20,22,13,IN_PROGRESS,0,4,1,1,54,0,0,1,1
71,21,22,1,IN_PROGRESS,0,11,3,4,65,0,0,1,1
71,22,3,18,IN_PROGRESS,0,17,3,5,61,0,0,1,1
71,23,4,18,IN_PROGRESS,1,7,4,5,60,0,0,1,1
71,24,3,19,IN_PROGRESS,0,5,3,5,62,0,0,1,1
71,25,3,20,IN_PROGRESS,0,4,3,4,62,0,0,1,1
71,26,7,19,IN_PROGRESS,0,5,1,8,29,0,0,1,1
71,27,7,18,IN_PROGRESS,0,4,3,8,30,0,0,1,1
71,28,7,15,IN_PROGRESS,1,9,4,5,32,0,0,1,1
71,29,9,15,IN_PROGRESS,1,14,3,6,45,0,0,1,1
71,30,8,15,IN_PROGRESS,0,2,3,6,46,0,0,1,1
71,31,12,17,IN_PROGRESS,0,11,1,3,12,0,0,1,1
71,32,12,16,IN_PROGRESS,0,6,1,5,11,0,0,1,1
71,33,15,15,IN_PROGRESS,1,9,1,3,26,0,0,1,1
71,34,7,14,IN_PROGRESS,0,15,3,5,32,0,0,1,1
71,35,15,22,IN_PROGRESS,0,11,4,4,25,0,0,1,1
71,36,14,22,IN_PROGRESS,0,2,3,4,24,0,0,1,1
71,37,17,22,IN_PROGRESS,0,12,4,4,33,0,0,1,1
71,38,16,22,IN_PROGRESS,0,9,4,4,64,0,0,1,1
71,39,16,15,IN_PROGRESS,1,15,1,2,33,0,0,1,1
71,40,17,21,IN_PROGRESS,0,4,3,4,27,0,0,1,1
71,41,21,18,IN_PROGRESS,1,0,0,1,0,0,0,0,0
71,42,22,14,IN_PROGRESS,1,5,1,2,54,0,0,1,1
71,43,23,22,IN_PROGRESS,0,0,0,0,0,0,0,0,0
72,0,2,1,IN_PROGRESS,0,0,2,3,0,0,0,0,0
72,1,5,8,IN_PROGRESS,1,0,1,3,0,0,0,0,0
72,2,4,1,IN_PROGRESS,0,0,3,3,0,0,0,0,0
72,3,5,1,IN_PROGRESS,0,8,3,3,68,0,0,1,1
72,4,6,8,IN_PROGRESS,1,9,2,5,57,0,0,1,1
72,5,7,1,IN_PROGRESS,0,0,2,5,0,0,0,0,0
72,6,9,5,IN_PROGRESS,1,10,2,4,61,0,0,1,1
72,7,9,8,IN_PROGRESS,1,0,4,8,0,0,0,0,0
72,8,8,5,IN_PROGRESS,0,2,1,5,61,0,0,1,1
72,9,11,1,IN_PROGRESS,0,0,0,1,0,0,0,0,0
72,10,11,8,IN_PROGRESS,1,0,4,6,0,0,0,0,0
72,11,10,8,IN_PROGRESS,1,5,3,8,43,0,0,1,1
72,12,13,8,IN_PROGRESS,0,8,3,4,34,0,0,1,1
72,13,13,7,IN_PROGRESS,0,2,2,5,34,0,0,1,1
72,14,17,5,IN_PROGRESS,0,4,1,2,62,0,0,1,1
72,15,16,5,IN_PROGRESS,1,0,1,2,0,0,0,0,0
72,16,18,1,IN_PROGRESS,0,0,3,5,0,0,0,0,0
72,17,19,1,IN_PROGRESS,0,6,4,4,68,0,0,1,1
72,18,20,1,IN_PROGRESS,0,11,4,4,68,0,0,1,1
72,19,21,1,IN_PROGRESS,0,0,4,4,0,0,0,0,0
72,20,22,13,IN_PROGRESS,0,4,1,1,55,0,0,1,1
72,21,22,1,IN_PROGRESS,0,11,3,4,66,0,0,1,1
72,22,3,18,IN_PROGRESS,0,17,3,5,62,0,0,1,1
72,23,4,18,IN_PROGRESS,1,7,4,5,61,0,0,1,1
72,24,3,19,IN_PROGRESS,0,5,3,5,63,0,0,1,1
72,25,3,20,IN_PROGRESS,0,4,3,4,63,0,0,1,1
72,26,7,19,IN_PROGRESS,0,5,1,8,30,0,0,1,1
72,27,7,18,IN_PROGRESS,0,4,3,8,31,0,0,1,1
72,28,7,15,IN_PROGRESS,1,9,4,5,33,0,0,1,1
72,29,9,15,IN_PROGRESS,1,14,3,6,46,0,0,1,1
72,30,8,15,IN_PROGRESS,0,2,3,6,47,0,0,1,1
72,31,12,17,IN_PROGRESS,0,11,1,3,13,0,0,1,1
72,32,12,16,IN_PROGRESS,0,6,1,5,12,0,0,1,1
72,33,15,15,IN_PROGRESS,1,9,1,3,27,0,0,1,1
72,34,7,14,IN_PROGRESS,0,15,3,5,33,0,0,1,1
72,35,15,22,IN_PROGRESS,0,11,4,4,26,0,0,1,1
72,36,14,22,IN_PROGRESS,0,2,3,4,25,0,0,1,1
72,37,17,22,IN_PROGRESS,0,12,4,4,34,0,0,1,1
72,38,16,22,IN_PROGRESS,0,9,4,4,65,0,0,1,1
72,39,16,15,IN_PROGRESS,1,15,1,2,34,0,0,1,1
72,40,17,21,IN_PROGRESS,0,4,3,4,28,0,0,1,1
72,41,21,18,IN_PROGRESS,1,0,0,1,0,0,0,0,0
72,42,22,14,IN_PROGRESS,1,5,1,2,55,0,0,1,1
72,43,23,22,IN_PROGRESS,0,0,0,0,0,0,0,0,0
73,0,2,1,IN_PROGRESS,0,0,2,3,0,0,0,0,0
73,1,5,8,IN_PROGRESS,1,0,1,3,0,0,0,0,0
73,2,4,1,IN_PROGRESS,0,0,3,3,0,0,0,0,0
73,3,5,1,IN_PROGRESS,0,8,3,3,69,0,0,1,1
73,4,6,8,IN_PROGRESS,1,9,2,5,58,0,0,1,1
73,5,7,1,IN_PROGRESS,0,0,2,5,0,0,0,0,0
73,6,9,5,IN_PROGRESS,1,10,2,4,62,0,0,1,1
73,7,9,8,IN_PROGRESS,1,0,4,8,0,0,0,0,0
73,8,8,5,IN_PROGRESS,0,2,1,5,62,0,0,1,1
73,9,11,1,IN_PROGRESS,0,0,0,1,0,0,0,0,0
73,10,11,8,IN_PROGRESS,1,0,4,6,0,0,0,0,0
73,11,10,8,IN_PROGRESS,1,5,3,8,44,0,0,1,1
73,12,13,8,IN_PROGRESS,0,8,3,4,35,0,0,1,1
73,13,13,7,IN_PROGRESS,0,2,2,5,35,0,0,1,1
73,14,17,5,IN_PROGRESS,0,4,1,2,63,0,0,1,1
73,15,16,5,IN_PROGRESS,1,0,1,2,0,0,0,0,0
73,16,18,1,IN_PROGRESS,0,0,3,5,0,0,0,0,0
73,17,19,1,IN_PROGRESS,0,6,4,4,69,0,0,1,1
73,18,20,1,IN_PROGRESS,0,11,4,4,69,0,0,1,1
73,19,21,1,IN_PROGRESS,0,0,4,4,0,0,0,0,0
73,20,22,13,IN_PROGRESS,0,4,1,1,56,0,0,1,1
73,21,22,1,IN_PROGRESS,0,11,3,4,67,0,0,1,1
73,22,3,18,IN_PROGRESS,0,17,3,5,63,0,0,1,1
73,23,4,18,IN_PROGRESS,1,7,4,5,62,0,0,1,1
73,24,3,19,IN_PROGRESS,0,5,3,5,64,0,0,1,1
73,25,3,20,IN_PROGRESS,0,4,3,4,64,0,0,1,1
73,26,7,19,IN_PROGRESS,0,5,1,8,31,0,0,1,1
73,27,7,18,IN_PROGRESS,0,4,3,8,32,0,0,1,1
73,28,7,15,IN_PROGRESS,1,9,4,5,34,0,0,1,1
73,29,9,15,IN_PROGRESS,1,14,3,6,47,0,0,1,1
73,30,8,15,IN_PROGRESS,0,2,3,6,48,0,0,1,1
73,31,12,17,IN_PROGRESS,0,11,1,3,14,0,0,1,1
73,32,12,16,IN_PROGRESS,0,6,1,5,13,0,0,1,1
73,33,15,15,IN_PROGRESS,1,9,1,3,28,0,0,1,1
73,34,7,14,IN_PROGRESS,0,15,3,5,34,0,0,1,1
73,35,15,22,IN_PROGRESS,0,11,4,4,27,0,0,1,1
73,36,14,22,IN_PROGRESS,0,2,3,4,26,0,0,1,1
73,37,17,22,IN_PROGRESS,0,12,4,4,35,0,0,1,1
73,38,16,22,IN_PROGRESS,0,9,4,4,66,0,0,1,1
73,39,16,15,IN_PROGRESS,1,15,1,2,35,0,0,1,1
73,40,17,21,IN_PROGRESS,0,4,3,4,29,0,0,1,1
73,41,21,18,IN_PROGRESS,1,0,0,1,0,0,0,0,0
73,42,22,14,IN_PROGRESS,1,5,1,2,56,0,0,1,1
73,43,23,22,IN_PROGRESS,0,0,0,0,0,0,0,0,0
74,0,2,1,IN_PROGRESS,0,0,2,3,0,0,0,0,0
74,1,5,8,IN_PROGRESS,1,0,1,3,0,0,0,0,0
74,2,4,1,IN_PROGRESS,0,0,3,3,0,0,0,0,0
74,3,5,1,IN_PROGRESS,0,8,3,3,70,0,0,1,1
74,4,6,8,IN_PROGRESS,1,9,2,5,59,0,0,1,1
74,5,7,1,IN_PROGRESS,0,0,2,5,0,0,0,0,0
74,6,9,5,IN_PROGRESS,1,10,2,4,63,0,0,1,1
74,7,9,8,IN_PROGRESS,1,0,4,8,0,0,0,0,0
74,8,8,5,IN_PROGRESS,0,2,1,5,63,0,0,1,1
74,9,11,1,IN_PROGRESS,0,0,0,1,0,0,0,0,0
74,10,11,8,IN_PROGRESS,1,0,4,6,0,0,0,0,0
74,11,10,8,IN_PROGRESS,1,5,3,8,45,0,0,1,1
74,12,13,8,IN_PROGRESS,0,8,3,4,36,0,0,1,1
74,13,13,7,IN_PROGRESS,0,2,2,5,36,0,0,1,1
74,14,17,5,IN_PROGRESS,0,4,1,2,64,0,0,1,1
74,15,16,5,IN_PROGRESS,1,0,1,2,0,0,0,0,0
74,16,18,1,IN_PROGRESS,0,0,3,5,0,0,0,0,0
74,17,19,1,IN_PROGRESS,0,6,4,4,70,0,0,1,1
74,18,20,1,IN_PROGRESS,0,11,4,4,70,0,0,1,1
74,19,21,1,IN_PROGRESS,0,0,4,4,0,0,0,0,0
74,20,22,13,IN_PROGRESS,0,4,1,1,57,0,0,1,1
74,21,22,1,IN_PROGRESS,0,11,3,4,68,0,0,1,1
74,22,3,18,IN_PROGRESS,0,17,3,5,64,0,0,1,1
74,23,4,18,IN_PROGRESS,1,7,4,5,63,0,0,1,1
74,24,3,19,IN_PROGRESS,0,5,3,5,65,0,0,1,1
74,25,3,20,IN_PROGRESS,0,4,3,4,65,0,0,1,1
74,26,7,19,IN_PROGRESS,0,5,1,8,32,0,0,1,1
74,27,7,18,IN_PROGRESS,0,4,3,8,33,0,0,1,1
74,28,7,15,IN_PROGRESS,1,9,4,5,35,0,0,1,1
74,29,9,15,IN_PROGRESS,1,14,3,6,48,0,0,1,1
74,30,8,15,IN_PROGRESS,0,2,3,6,49,0,0,1,1
74,31,12,17,IN_PROGRESS,0,11,1,3,15,0,0,1,1
74,32,12,16,IN_PROGRESS,0,6,1,5,14,0,0,1,1
74,33,15,15,IN_PROGRESS,1,9,1,3,29,0,0,1,1
74,34,7,14,IN_PROGRESS,0,15,3,5,35,0,0,1,1
74,35,15,22,IN_PROGRESS,0,11,4,4,28,0,0,1,1
74,36,14,22,IN_PROGRESS,0,2,3,4,27,0,0,1,1
74,37,17,22,IN_PROGRESS,0,12,4,4,36,0,0,1,1
74,38,16,22,IN_PROGRESS,0,9,4,4,67,0,0,1,1
74,39,16,15,IN_PROGRESS,1,15,1,2,36,0,0,1,1
74,40,17,21,IN_PROGRESS,0,4,3,4,30,0,0,1,1
74,41,21,18,IN_PROGRESS,1,0,0,1,0,0,0,0,0
74,42,22,14,IN_PROGRESS,1,5,1,2,57,0,0,1,1
74,43,23,22,IN_PROGRESS,0,0,0,0,0,0,0,0,0
75,0,2,1,IN_PROGRESS,0,0,2,3,0,0,0,0,0
75,1,5,8,IN_PROGRESS,1,0,1,3,0,0,0,0,0
75,2,4,1,IN_PROGRESS,0,0,3,3,0,0,0,0,0
75,3,5,1,IN_PROGRESS,0,8,3,3,71,0,0,1,1
75,4,6,8,IN_PROGRESS,1,9,2,5,60,0,0,1,1
75,5,7,1,IN_PROGRESS,0,0,2,5,0,0,0,0,0
75,6,9,5,IN_PROGRESS,1,10,2,4,64,0,0,1,1
75,7,9,8,IN_PROGRESS,1,0,4,8,0,0,0,0,0
75,8,8,5,IN_PROGRESS,0,2,1,5,64,0,0,1,1
75,9,11,1,IN_PROGRESS,0,0,0,1,0,0,0,0,0
75,10,11,8,IN_PROGRESS,1,0,4,6,0,0,0,0,0
75,11,10,8,IN_PROGRESS,1,5,3,8,46,0,0,1,1
75,12,13,8,IN_PROGRESS,0,8,3,4,37,0,0,1,1
75,13,13,7,IN_PROGRESS,0,2,2,5,37,0,0,1,1
75,14,17,5,IN_PROGRESS,0,4,1,2,65,0,0,1,1
75,15,16,5,IN_PROGRESS,1,0,1,2,0,0,0,0,0
75,16,18,1,IN_PROGRESS,0,0,3,5,0,0,0,0,0
75,17,19,1,IN_PROGRESS,0,6,4,4,71,0,0,1,1
75,18,20,1,IN_PROGRESS,0,11,4,4,71,0,0,1,1
75,19,21,1,IN_PROGRESS,0,0,4,4,0,0,0,0,0
75,20,22,13,IN_PROGRESS,0,4,1,1,58,0,0,1,1
75,21,22,1,IN_PROGRESS,0,11,3,4,69,0,0,1,1
75,22,3,18,IN_PROGRESS,0,17,3,5,65,0,0,1,1
75,23,4,18,IN_PROGRESS,1,7,4,5,64,0,0,1,1
75,24,3,19,IN_PROGRESS,0,5,3,5,66,0,0,1,1
75,25,3,20,IN_PROGRESS,0,4,3,4,66,0,0,1,1
75,26,7,19,IN_PROGRESS,0,5,1,8,33,0,0,1,1
75,27,7,18,IN_PROGRESS,0,4,3,8,34,0,0,1,1
75,28,7,15,IN_PROGRESS,1,9,4,5,36,0,0,1,1
75,29,9,15,IN_PROGRESS,1,14,3,6,49,0,0,1,1
75,30,8,15,IN_PROGRESS,0,2,3,6,50,0,0,1,1
75,31,12,17,IN_PROGRESS,0,11,1,3,16,0,0,1,1
75,32,12,16,IN_PROGRESS,0,6,1,5,15,0,0,1,1
75,33,15,15,IN_PROGRESS,1,9,1,3,30,0,0,1,1
75,34,7,14,IN_PROGRESS,0,15,3,5,36,0,0,1,1
75,35,15,22,IN_PROGRESS,0,11,4,4,29,0,0,1,1
75,36,14,22,IN_PROGRESS,0,2,3,4,28,0,0,1,1
75,37,17,22,IN_PROGRESS,0,12,4,4,37,0,0,1,1
75,38,16,22,IN_PROGRESS,0,9,4,4,68,0,0,1,1
75,39,16,15,IN_PROGRESS,1,15,1,2,37,0,0,1,1
75,40,17,21,IN_PROGRESS,0,4,3,4,31,0,0,1,1
75,41,21,18,IN_PROGRESS,1,0,0,1,0,0,0,0,0
75,42,22,14,IN_PROGRESS,1,5,1,2,58,0,0,1,1
75,43,23,22,IN_PROGRESS,0,0,0,0,0,0,0,0,0
76,0,2,1,IN_PROGRESS,0,0,2,3,0,0,0,0,0
76,1,5,8,IN_PROGRESS,1,0,1,3,0,0,0,0,0
76,2,4,1,IN_PROGRESS,0,0,3,3,0,0,0,0,0
76,3,5,1,IN_PROGRESS,0,8,3,3,72,0,0,1,1
76,4,6,8,IN_PROGRESS,1,9,2,5,61,0,0,1,1
76,5,7,1,IN_PROGRESS,0,0,2,5,0,0,0,0,0
76,6,9,5,IN_PROGRESS,1,10,2,4,65,0,0,1,1
76,7,9,8,IN_PROGRESS,1,0,4,8,0,0,0,0,0
76,8,8,5,IN_PROGRESS,0,2,1,5,65,0,0,1,1
76,9,11,1,IN_PROGRESS,0,0,0,1,0,0,0,0,0
76,10,11,8,IN_PROGRESS,1,0,4,6,0,0,0,0,0
76,11,10,8,IN_PROGRESS,1,5,3,8,47,0,0,1,1
76,12,13,8,IN_PROGRESS,0,8,3,4,38,0,0,1,1
76,13,13,7,IN_PROGRESS,0,2,2,5,38,0,0,1,1
76,14,17,5,IN_PROGRESS,0,4,1,2,66,0,0,1,1
76,15,16,5,IN_PROGRESS,1,0,1,2,0,0,0,0,0
76,16,18,1,IN_PROGRESS,0,0,3,5,0,0,0,0,0
76,17,19,1,IN_PROGRESS,0,6,4,4,72,0,0,1,1
76,18,20,1,IN_PROGRESS,0,11,4,4,72,0,0,1,1
76,19,21,1,IN_PROGRESS,0,0,4,4,0,0,0,0,0
76,20,22,13,IN_PROGRESS,0,4,1,1,59,0,0,1,1
76,21,22,1,IN_PROGRESS,0,11,3,4,70,0,0,1,1
76,22,3,18,IN_PROGRESS,0,17,3,5,66,0,0,1,1
76,23,4,18,IN_PROGRESS,1,7,4,5,65,0,0,1,1
76,24,3,19,IN_PROGRESS,0,5,3,5,67,0,0,1,1
76,25,3,20,IN_PROGRESS,0,4,3,4,67,0,0,1,1
76,26,7,19,IN_PROGRESS,0,5,1,8,34,0,0,1,1
76,27,7,18,IN_PROGRESS,0,4,3,8,35,0,0,1,1
76,28,7,15,IN_PROGRESS,1,9,4,5,37,0,0,1,1
76,29,9,15,IN_PROGRESS,1,14,3,6,50,0,0,1,1
76,30,8,15,IN_PROGRESS,0,2,3,6,51,0,0,1,1
76,31,12,17,IN_PROGRESS,0,11,1,3,17,0,0,1,1
76,32,12,16,IN_PROGRESS,0,6,1,5,16,0,0,1,1
76,33,15,15,IN_PROGRESS,1,9,1,3,31,0,0,1,1
76,34,7,14,IN_PROGRESS,0,15,3,5,37,0,0,1,1
76,35,15,22,IN_PROGRESS,0,11,4,4,30,0,0,1,1
76,36,14,22,IN_PROGRESS,0,2,3,4,29,0,0,1,1
76,37,17,22,IN_PROGRESS,0,12,4,4,38,0,0,1,1
76,38,16,22,IN_PROGRESS,0,9,4,4,69,0,0,1,1
76,39,16,15,IN_PROGRESS,1,15,1,2,38,0,0,1,1
76,40,17,21,IN_PROGRESS,0,4,3,4,32,0,0,1,1
76,41,21,18,IN_PROGRESS,1,0,0,1,0,0,0,0,0
76,42,22,14,IN_PROGRESS,1,5,1,2,59,0,0,1,1
76,43,23,22,IN_PROGRESS,0,0,0,0,0,0,0,0,0
77,0,2,1,IN_PROGRESS,0,0,2,3,0,0,0,0,0
77,1,5,8,IN_PROGRESS,1,0,1,3,0,0,0,0,0
77,2,4,1,IN_PROGRESS,0,0,3,3,0,0,0,0,0
77,3,5,1,IN_PROGRESS,0,8,3,3,73,0,0,1,1
77,4,6,8,IN_PROGRESS,1,9,2,5,62,0,0,1,1
77,5,7,1,IN_PROGRESS,0,0,2,5,0,0,0,0,0
77,6,9,5,IN_PROGRESS,1,10,2,4,66,0,0,1,1
77,7,9,8,IN_PROGRESS,1,0,4,8,0,0,0,0,0
77,8,8,5,IN_PROGRESS,0,2,1,5,66,0,0,1,1
77,9,11,1,IN_PROGRESS,0,0,0,1,0,0,0,0,0
77,10,11,8,IN_PROGRESS,1,0,4,6,0,0,0,0,0
77,11,10,8,IN_PROGRESS,1,5,3,8,48,0,0,1,1
77,12,13,8,IN_PROGRESS,0,8,3,4,39,0,0,1,1
77,13,13,7,IN_PROGRESS,0,2,2,5,39,0,0,1,1
77,14,17,5,IN_PROGRESS,0,4,1,2,67,0,0,1,1
77,15,16,5,IN_PROGRESS,1,0,1,2,0,0,0,0,0
77,16,18,1,IN_PROGRESS,0,0,3,5,0,0,0,0,0
77,17,19,1,IN_PROGRESS,0,6,4,4,73,0,0,1,1
77,18,20,1,IN_PROGRESS,0,11,4,4,73,0,0,1,1
77,19,21,1,IN_PROGRESS,0,0,4,4,0,0,0,0,0
77,20,22,13,IN_PROGRESS,0,4,1,1,60,0,0,1,1
77,21,22,1,IN_PROGRESS,0,11,3,4,71,0,0,1,1
77,22,3,18,IN_PROGRESS,0,17,3,5,67,0,0,1,1
77,23,4,18,IN_PROGRESS,1,7,4,5,66,0,0,1,1
77,24,3,19,IN_PROGRESS,0,5,3,5,68,0,0,1,1
77,25,3,20,IN_PROGRESS,0,4,3,4,68,0,0,1,1
77,26,7,19,IN_PROGRESS,0,5,1,8,35,0,0,1,1
77,27,7,18,IN_PROGRESS,0,4,3,8,36,0,0,1,1
77,28,7,15,IN_PROGRESS,1,9,4,5,38,0,0,1,1
77,29,9,15,IN_PROGRESS,1,14,3,6,51,0,0,1,1
77,30,8,15,IN_PROGRESS,0,2,3,6,52,0,0,1,1
77,31,12,17,IN_PROGRESS,0,11,1,3,18,0,0,1,1
77,32,12,16,IN_PROGRESS,0,6,1,5,17,0,0,1,1
77,33,15,15,IN_PROGRESS,1,9,1,3,32,0,0,1,1
77,34,7,14,IN_PROGRESS,0,15,3,5,38,0,0,1,1
77,35,15,22,IN_PROGRESS,0,11,4,4,31,0,0,1,1
77,36,14,22,IN_PROGRESS,0,2,3,4,30,0,0,1,1
77,37,17,22,IN_PROGRESS,0,12,4,4,39,0,0,1,1
77,38,16,22,IN_PROGRESS,0,9,4,4,70,0,0,1,1
77,39,16,15,IN_PROGRESS,1,15,1,2,39,0,0,1,1
77,40,17,21,IN_PROGRESS,0,4,3,4,33,0,0,1,1
77,41,21,18,IN_PROGRESS,1,0,0,1,0,0,0,0,0
77,42,22,14,IN_PROGRESS,1,5,1,2,60,0,0,1,1
77,43,23,22,IN_PROGRESS,0,0,0,0,0,0,0,0,0
78,0,2,1,IN_PROGRESS,0,0,2,3,0,0,0,0,0
78,1,5,8,IN_PROGRESS,1,0,1,3,0,0,0,0,0
78,2,4,1,IN_PROGRESS,0,0,3,3,0,0,0,0,0
78,3,5,1,IN_PROGRESS,0,8,3,3,74,0,0,1,1
78,4,6,8,IN_PROGRESS,1,9,2,5,63,0,0,1,1
78,5,7,1,IN_PROGRESS,0,0,2,5,0,0,0,0,0
78,6,9,5,IN_PROGRESS,1,10,2,4,67,0,0,1,1
78,7,9,8,IN_PROGRESS,1,0,4,8,0,0,0,0,0
78,8,8,5,IN_PROGRESS,0,2,1,5,67,0,0,1,1
78,9,11,1,IN_PROGRESS,0,0,0,1,0,0,0,0,0
78,10,11,8,IN_PROGRESS,1,0,4,6,0,0,0,0,0
78,11,10,8,IN_PROGRESS,1,5,3,8,49,0,0,1,1
78,12,13,8,IN_PROGRESS,0,8,3,4,40,0,0,1,1
78,13,13,7,IN_PROGRESS,0,2,2,5,40,0,0,1,1
78,14,17,5,IN_PROGRESS,0,4,1,2,68,0,0,1,1
78,15,16,5,IN_PROGRESS,1,0,1,2,0,0,0,0,0
78,16,18,1,IN_PROGRESS,0,0,3,5,0,0,0,0,0
78,17,19,1,IN_PROGRESS,0,6,4,4,74,0,0,1,1
78,18,20,1,IN_PROGRESS,0,11,4,4,74,0,0,1,1
78,19,21,1,IN_PROGRESS,0,0,4,4,0,0,0,0,0
78,20,22,13,IN_PROGRESS,0,4,1,1,61,0,0,1,1
78,21,22,1,IN_PROGRESS,0,11,3,4,72,0,0,1,1
78,22,3,18,IN_PROGRESS,0,17,3,5,68,0,0,1,1
78,23,4,18,IN_PROGRESS,1,7,4,5,67,0,0,1,1
78,24,3,19,IN_PROGRESS,0,5,3,5,69,0,0,1,1
78,25,3,20,IN_PROGRESS,0,4,3,4,69,0,0,1,1
78,26,7,19,IN_PROGRESS,0,5,1,8,36,0,0,1,1
78,27,7,18,IN_PROGRESS,0,4,3,8,37,0,0,1,1
78,28,7,15,IN_PROGRESS,1,9,4,5,39,0,0,1,1
78,29,9,15,IN_PROGRESS,1,14,3,6,52,0,0,1,1
78,30,8,15,IN_PROGRESS,0,2,3,6,53,0,0,1,1
78,31,12,17,IN_PROGRESS,0,11,1,3,19,0,0,1,1
78,32,12,16,IN_PROGRESS,0,6,1,5,18,0,0,1,1
78,33,15,15,IN_PROGRESS,1,9,1,3,33,0,0,1,1
78,34,7,14,IN_PROGRESS,0,15,3,5,39,0,0,1,1
78,35,15,22,IN_PROGRESS,0,11,4,4,32,0,0,1,1
78,36,14,22,IN_PROGRESS,0,2,3,4,31,0,0,1,1
78,37,17,22,IN_PROGRESS,0,12,4,4,40,0,0,1,1
78,38,16,22,IN_PROGRESS,0,9,4,4,71,0,0,1,1
78,39,16,15,IN_PROGRESS,1,15,1,2,40,0,0,1,1
78,40,17,21,IN_PROGRESS,0,4,3,4,34,0,0,1,1
78,41,21,18,IN_PROGRESS,1,0,0,1,0,0,0,0,0
78,42,22,14,IN_PROGRESS,1,5,1,2,61,0,0,1,1
78,43,23,22,IN_PROGRESS,0,0,0,0,0,0,0,0,0
79,0,2,1,IN_PROGRESS,0,0,2,3,0,0,0,0,0
79,1,5,8,IN_PROGRESS,1,0,1,3,0,0,0,0,0
79,2,4,1,IN_PROGRESS,0,0,3,3,0,0,0,0,0
79,3,5,1,IN_PROGRESS,0,8,3,3,75,0,0,1,1
79,4,6,8,IN_PROGRESS,1,9,2,5,64,0,0,1,1
79,5,7,1,IN_PROGRESS,0,0,2,5,0,0,0,0,0
79,6,9,5,IN_PROGRESS,1,10,2,4,68,0,0,1,1
79,7,9,8,IN_PROGRESS,1,0,4,8,0,0,0,0,0
79,8,8,5,IN_PROGRESS,0,2,1,5,68,0,0,1,1
79,9,11,1,IN_PROGRESS,0,0,0,1,0,0,0,0,0
79,10,11,8,IN_PROGRESS,1,0,4,6,0,0,0,0,0
79,11,10,8,IN_PROGRESS,1,5,3,8,50,0,0,1,1
79,12,13,8,IN_PROGRESS,0,8,3,4,41,0,0,1,1
79,13,13,7,IN_PROGRESS,0,2,2,5,41,0,0,1,1
79,14,17,5,IN_PROGRESS,0,4,1,2,69,0,0,1,1
79,15,16,5,IN_PROGRESS,1,0,1,2,0,0,0,0,0
79,16,18,1,IN_PROGRESS,0,0,3,5,0,0,0,0,0
79,17,19,1,IN_PROGRESS,0,6,4,4,75,0,0,1,1
79,18,20,1,IN_PROGRESS,0,11,4,4,75,0,0,1,1
79,19,21,1,IN_PROGRESS,0,0,4,4,0,0,0,0,0
79,20,22,13,IN_PROGRESS,0,4,1,1,62,0,0,1,1
79,21,22,1,IN_PROGRESS,0,11,3,4,73,0,0,1,1
79,22,3,18,IN_PROGRESS,0,17,3,5,69,0,0,1,1
79,23,4,18,IN_PROGRESS,1,7,4,5,68,0,0,1,1
79,24,3,19,IN_PROGRESS,0,5,3,5,70,0,0,1,1
79,25,3,20,IN_PROGRESS,0,4,3,4,70,0,0,1,1
79,26,7,19,IN_PROGRESS,0,5,1,8,37,0,0,1,1
79,27,7,18,IN_PROGRESS,0,4,3,8,38,0,0,1,1
79,28,7,15,IN_PROGRESS,1,9,4,5,40,0,0,1,1
79,29,9,15,IN_PROGRESS,1,14,3,6,53,0,0,1,1
79,30,8,15,IN_PROGRESS,0,2,3,6,54,0,0,1,1
79,31,12,17,IN_PROGRESS,0,11,1,3,20,0,0,1,1
79,32,12,16,IN_PROGRESS,0,6,1,5,19,0,0,1,1
79,33,15,15,IN_PROGRESS,1,9,1,3,34,0,0,1,1
79,34,7,14,IN_PROGRESS,0,15,3,5,40,0,0,1,1
79,35,15,22,IN_PROGRESS,0,11,4,4,33,0,0,1,1
79,36,14,22,IN_PROGRESS,0,2,3,4,32,0,0,1,1
79,37,17,22,IN_PROGRESS,0,12,4,4,41,0,0,1,1
79,38,16,22,IN_PROGRESS,0,9,4,4,72,0,0,1,1
79,39,16,15,IN_PROGRESS,1,15,1,2,41,0,0,1,1
79,40,17,21,IN_PROGRESS,0,4,3,4,35,0,0,1,1
79,41,21,18,IN_PROGRESS,1,0,0,1,0,0,0,0,0
79,42,22,14,IN_PROGRESS,1,5,1,2,62,0,0,1,1
79,43,23,22,IN_PROGRESS,0,0,0,0,0,0,0,0,0
80,0,2,1,IN_PROGRESS,0,0,2,3,0,0,0,0,0
80,1,5,8,IN_PROGRESS,1,0,1,3,0,0,0,0,0
80,2,4,1,IN_PROGRESS,0,0,3,3,0,0,0,0,0
80,3,5,1,IN_PROGRESS,0,8,3,3,76,0,0,1,1
80,4,6,8,IN_PROGRESS,1,9,2,5,65,0,0,1,1
80,5,7,1,IN_PROGRESS,0,0,2,5,0,0,0,0,0
80,6,9,5,IN_PROGRESS,1,10,2,4,69,0,0,1,1
80,7,9,8,IN_PROGRESS,1,0,4,8,0,0,0,0,0
80,8,8,5,IN_PROGRESS,0,2,1,5,69,0,0,1,1
80,9,11,1,IN_PROGRESS,0,0,0,1,0,0,0,0,0
80,10,11,8,IN_PROGRESS,1,0,4,6,0,0,0,0,0
80,11,10,8,IN_PROGRESS,1,5,3,8,51,0,0,1,1
80,12,13,8,IN_PROGRESS,0,8,3,4,42,0,0,1,1
80,13,13,7,IN_PROGRESS,0,2,2,5,42,0,0,1,1
80,14,17,5,IN_PROGRESS,0,4,1,2,70,0,0,1,1
80,15,16,5,IN_PROGRESS,1,0,1,2,0,0,0,0,0
80,16,18,1,IN_PROGRESS,0,0,3,5,0,0,0,0,0
80,17,19,1,IN_PROGRESS,0,6,4,4,76,0,0,1,1
80,18,20,1,IN_PROGRESS,0,11,4,4,76,0,0,1,1
80,19,21,1,IN_PROGRESS,0,0,4,4,0,0,0,0,0
80,20,22,13,IN_PROGRESS,0,4,1,1,63,0,0,1,1
80,21,22,1,IN_PROGRESS,0,11,3,4,74,0,0,1,1
80,22,3,18,IN_PROGRESS,0,17,3,5,70,0,0,1,1
80,23,4,18,IN_PROGRESS,1,7,4,5,69,0,0,1,1
80,24,3,19,IN_PROGRESS,0,5,3,5,71,0,0,1,1
80,25,3,20,IN_PROGRESS,0,4,3,4,71,0,0,1,1
80,26,7,19,IN_PROGRESS,0,5,1,8,38,0,0,1,1
80,27,7,18,IN_PROGRESS,0,4,3,8,39,0,0,1,1
80,28,7,15,IN_PROGRESS,1,9,4,5,41,0,0,1,1
80,29,9,15,IN_PROGRESS,1,14,3,6,54,0,0,1,1
80,30,8,15,IN_PROGRESS,0,2,3,6,55,0,0,1,1
80,31,12,17,IN_PROGRESS,0,11,1,3,21,0,0,1,1
80,32,12,16,IN_PROGRESS,0,6,1,5,20,0,0,1,1
80,33,15,15,IN_PROGRESS,1,9,1,3,35,0,0,1,1
80,34,7,14,IN_PROGRESS,0,15,3,5,41,0,0,1,1
80,35,15,22,IN_PROGRESS,0,11,4,4,34,0,0,1,1
80,36,14,22,IN_PROGRESS,0,2,3,4,33,0,0,1,1
80,37,17,22,IN_PROGRESS,0,12,4,4,42,0,0,1,1
80,38,16,22,IN_PROGRESS,0,9,4,4,73,0,0,1,1
80,39,16,15,IN_PROGRESS,1,15,1,2,42,0,0,1,1
80,40,17,21,IN_PROGRESS,0,4,3,4,36,0,0,1,1
80,41,21,18,IN_PROGRESS,1,0,0,1,0,0,0,0,0
80,42,22,14,IN_PROGRESS,1,5,1,2,63,0,0,1,1
80,43,23,22,IN_PROGRESS,0,0,0,0,0,0,0,0,0
81,0,2,1,IN_PROGRESS,0,0,2,3,0,0,0,0,0
81,1,5,8,IN_PROGRESS,1,0,1,3,0,0,0,0,0
81,2,4,1,IN_PROGRESS,0,0,3,3,0,0,0,0,0
81,3,5,1,IN_PROGRESS,0,8,3,3,77,0,0,1,1
81,4,6,8,IN_PROGRESS,1,9,2,5,66,0,0,1,1
81,5,7,1,IN_PROGRESS,0,0,2,5,0,0,0,0,0
81,6,9,5,IN_PROGRESS,1,10,2,4,70,0,0,1,1
81,7,9,8,IN_PROGRESS,1,0,4,8,0,0,0,0,0
81,8,8,5,IN_PROGRESS,0,2,1,5,70,0,0,1,1
81,9,11,1,IN_PROGRESS,0,0,0,1,0,0,0,0,0
81,10,11,8,IN_PROGRESS,1,0,4,6,0,0,0,0,0
81,11,10,8,IN_PROGRESS,1,5,3,8,52,0,0,1,1
81,12,13,8,IN_PROGRESS,0,8,3,4,43,0,0,1,1
81,13,13,7,IN_PROGRESS,0,2,2,5,43,0,0,1,1
81,14,17,5,IN_PROGRESS,0,4,1,2,71,0,0,1,1
81,15,16,5,IN_PROGRESS,1,0,1,2,0,0,0,0,0
81,16,18,1,IN_PROGRESS,0,0,3,5,0,0,0,0,0
81,17,19,1,IN_PROGRESS,0,6,4,4,77,0,0,1,1
81,18,20,1,IN_PROGRESS,0,11,4,4,77,0,0,1,1
81,19,21,1,IN_PROGRESS,0,0,4,4,0,0,0,0,0
81,20,22,13,IN_PROGRESS,0,4,1,1,64,0,0,1,1
81,21,22,1,IN_PROGRESS,0,11,3,4,75,0,0,1,1
81,22,3,18,IN_PROGRESS,0,17,3,5,71,0,0,1,1
81,23,4,18,IN_PROGRESS,1,7,4,5,70,0,0,1,1
81,24,3,19,IN_PROGRESS,0,5,3,5,72,0,0,1,1
81,25,3,20,IN_PROGRESS,0,4,3,4,72,0,0,1,1
81,26,7,19,IN_PROGRESS,0,5,1,8,39,0,0,1,1
81,27,7,18,IN_PROGRESS,0,4,3,8,40,0,0,1,1
81,28,7,15,IN_PROGRESS,1,9,4,5,42,0,0,1,1
81,29,9,15,IN_PROGRESS,1,14,3,6,55,0,0,1,1
81,30,8,15,IN_PROGRESS,0,2,3,6,56,0,0,1,1
81,31,12,17,IN_PROGRESS,0,11,1,3,22,0,0,1,1
81,32,12,16,IN_PROGRESS,0,6,1,5,21,0,0,1,1
81,33,15,15,IN_PROGRESS,1,9,1,3,36,0,0,1,1
81,34,7,14,IN_PROGRESS,0,15,3,5,42,0,0,1,1
81,35,15,22,IN_PROGRESS,0,11,4,4,35,0,0,1,1
81,36,14,22,IN_PROGRESS,0,2,3,4,34,0,0,1,1
81,37,17,22,IN_PROGRESS,0,12,4,4,43,0,0,1,1
81,38,16,22,IN_PROGRESS,0,9,4,4,74,0,0,1,1
81,39,16,15,IN_PROGRESS,1,15,1,2,43,0,0,1,1
81,40,17,21,IN_PROGRESS,0,4,3,4,37,0,0,1,1
81,41,21,18,IN_PROGRESS,1,0,0,1,0,0,0,0,0
81,42,22,14,IN_PROGRESS,1,5,1,2,64,0,0,1,1
81,43,23,22,IN_PROGRESS,0,0,0,0,0,0,0,0,0
82,0,2,1,IN_PROGRESS,0,0,2,3,0,0,0,0,0
82,1,5,8,IN_PROGRESS,1,0,1,3,0,0,0,0,0
82,2,4,1,IN_PROGRESS,0,0,3,3,0,0,0,0,0
82,3,5,1,IN_PROGRESS,0,8,3,3,78,0,0,1,1
82,4,6,8,IN_PROGRESS,1,9,2,5,67,0,0,1,1
82,5,7,1,IN_PROGRESS,0,0,2,5,0,0,0,0,0
82,6,9,5,IN_PROGRESS,1,10,2,4,71,0,0,1,1
82,7,9,8,IN_PROGRESS,1,0,4,8,0,0,0,0,0
82,8,8,5,IN_PROGRESS,0,2,1,5,71,0,0,1,1
82,9,11,1,IN_PROGRESS,0,0,0,1,0,0,0,0,0
82,10,11,8,IN_PROGRESS,1,0,4,6,0,0,0,0,0
82,11,10,8,IN_PROGRESS,1,5,3,8,53,0,0,1,1
82,12,13,8,IN_PROGRESS,0,8,3,4,44,0,0,1,1
82,13,13,7,IN_PROGRESS,0,2,2,5,44,0,0,1,1
82,14,17,5,IN_PROGRESS,0,4,1,2,72,0,0,1,1
82,15,16,5,IN_PROGRESS,1,0,1,2,0,0,0,0,0
82,16,18,1,IN_PROGRESS,0,0,3,5,0,0,0,0,0
82,17,19,1,IN_PROGRESS,0,6,4,4,78,0,0,1,1
82,18,20,1,IN_PROGRESS,0,11,4,4,78,0,0,1,1
82,19,21,1,IN_PROGRESS,0,0,4,4,0,0,0,0,0
82,20,22,13,IN_PROGRESS,0,4,1,1,65,0,0,1,1
82,21,22,1,IN_PROGRESS,0,11,3,4,76,0,0,1,1
82,22,3,18,IN_PROGRESS,0,17,3,5,72,0,0,1,1
82,23,4,18,IN_PROGRESS,1,7,4,5,71,0,0,1,1
82,24,3,19,IN_PROGRESS,0,5,3,5,73,0,0,1,1
82,25,3,20,IN_PROGRESS,0,4,3,4,73,0,0,1,1
82,26,7,19,IN_PROGRESS,0,5,1,8,40,0,0,1,1
82,27,7,18,IN_PROGRESS,0,4,3,8,41,0,0,1,1
82,28,7,15,IN_PROGRESS,1,9,4,5,43,0,0,1,1
82,29,9,15,IN_PROGRESS,1,14,3,6,56,0,0,1,1
82,30,8,15,IN_PROGRESS,0,2,3,6,57,0,0,1,1
82,31,12,17,IN_PROGRESS,0,11,1,3,23,0,0,1,1
82,32,12,16,IN_PROGRESS,0,6,1,5,22,0,0,1,1
82,33,15,15,IN_PROGRESS,1,9,1,3,37,0,0,1,1
82,34,7,14,IN_PROGRESS,0,15,3,5,43,0,0,1,1
82,35,15,22,IN_PROGRESS,0,11,4,4,36,0,0,1,1
82,36,14,22,IN_PROGRESS,0,2,3,4,35,0,0,1,1
82,37,17,22,IN_PROGRESS,0,12,4,4,44,0,0,1,1
82,38,16,22,IN_PROGRESS,0,9,4,4,75,0,0,1,1
82,39,16,15,IN_PROGRESS,1,15,1,2,44,0,0,1,1
82,40,17,21,IN_PROGRESS,0,4,3,4,38,0,0,1,1
82,41,21,18,IN_PROGRESS,1,0,0,1,0,0,0,0,0
82,42,22,14,IN_PROGRESS,1,5,1,2,65,0,0,1,1
82,43,23,22,IN_PROGRESS,0,0,0,0,0,0,0,0,0
83,0,2,1,IN_PROGRESS,0,0,2,3,0,0,0,0,0
83,1,5,8,IN_PROGRESS,1,0,1,3,0,0,0,0,0
83,2,4,1,IN_PROGRESS,0,0,3,3,0,0,0,0,0
83,3,5,1,IN_PROGRESS,0,8,3,3,79,0,0,1,1
83,4,6,8,IN_PROGRESS,1,9,2,5,68,0,0,1,1
83,5,7,1,IN_PROGRESS,0,0,2,5,0,0,0,0,0
83,6,9,5,IN_PROGRESS,1,10,2,4,72,0,0,1,1
83,7,9,8,IN_PROGRESS,1,0,4,8,0,0,0,0,0
83,8,8,5,IN_PROGRESS,0,2,1,5,72,0,0,1,1
83,9,11,1,IN_PROGRESS,0,0,0,1,0,0,0,0,0
83,10,11,8,IN_PROGRESS,1,0,4,6,0,0,0,0,0
83,11,10,8,IN_PROGRESS,1,5,3,8,54,0,0,1,1
83,12,13,8,IN_PROGRESS,0,8,3,4,45,0,0,1,1
83,13,13,7,IN_PROGRESS,0,2,2,5,45,0,0,1,1
83,14,17,5,IN_PROGRESS,0,4,1,2,73,0,0,1,1
83,15,16,5,IN_PROGRESS,1,0,1,2,0,0,0,0,0
83,16,18,1,IN_PROGRESS,0,0,3,5,0,0,0,0,0
83,17,19,1,IN_PROGRESS,0,6,4,4,79,0,0,1,1
83,18,20,1,IN_PROGRESS,0,11,4,4,79,0,0,1,1
83,19,21,1,IN_PROGRESS,0,0,4,4,0,0,0,0,0
83,20,22,13,IN_PROGRESS,0,5,1,1,66,0,0,1,1
83,21,22,1,IN_PROGRESS,0,11,3,4,77,0,0,1,1
83,22,3,18,IN_PROGRESS,0,17,3,5,73,0,0,1,1
83,23,4,18,IN_PROGRESS,1,7,4,5,72,0,0,1,1
83,24,3,19,IN_PROGRESS,0,5,3,5,74,0,0,1,1
83,25,3,20,IN_PROGRESS,0,4,3,4,74,0,0,1,1
83,26,7,19,IN_PROGRESS,0,5,1,8,41,0,0,1,1
83,27,7,18,IN_PROGRESS,0,4,3,8,42,0,0,1,1
83,28,7,15,IN_PROGRESS,1,9,4,5,44,0,0,1,1
83,29,9,15,IN_PROGRESS,1,14,3,6,57,0,0,1,1
83,30,8,15,IN_PROGRESS,0,2,3,6,58,0,0,1,1
83,31,12,17,IN_PROGRESS,0,11,1,3,24,0,0,1,1
83,32,12,16,IN_PROGRESS,0,6,1,5,23,0,0,1,1
83,33,15,15,IN_PROGRESS,1,9,1,3,38,0,0,1,1
83,34,7,14,IN_PROGRESS,0,15,3,5,44,0,0,1,1
83,35,15,22,IN_PROGRESS,0,11,4,4,37,0,0,1,1
83,36,14,22,IN_PROGRESS,0,2,3,4,36,0,0,1,1
83,37,17,22,IN_PROGRESS,0,12,4,4,45,0,0,1,1
83,38,16,22,IN_PROGRESS,0,9,4,4,76,0,0,1,1
83,39,16,15,IN_PROGRESS,1,15,1,2,45,0,0,1,1
83,40,17,21,IN_PROGRESS,0,4,3,4,39,0,0,1,1
83,41,21,18,IN_PROGRESS,1,0,0,1,0,0,0,0,0
83,42,22,14,IN_PROGRESS,1,5,1,2,66,0,0,1,1
83,43,23,22,IN_PROGRESS,0,0,0,0,0,0,0,0,0
84,0,2,1,IN_PROGRESS,0,0,2,3,0,0,0,0,0
84,1,5,8,IN_PROGRESS,1,0,1,3,0,0,0,0,0
84,2,4,1,IN_PROGRESS,0,0,3,3,0,0,0,0,0
84,3,5,1,IN_PROGRESS,0,8,3,3,80,0,0,1,1
84,4,6,8,IN_PROGRESS,1,9,2,5,69,0,0,1,1
84,5,7,1,IN_PROGRESS,0,0,2,5,0,0,0,0,0
84,6,9,5,IN_PROGRESS,1,10,2,4,73,0,0,1,1
84,7,9,8,IN_PROGRESS,1,0,4,8,0,0,0,0,0
84,8,8,5,IN_PROGRESS,0,2,1,5,73,0,0,1,1
84,9,11,1,IN_PROGRESS,0,0,0,1,0,0,0,0,0
84,10,11,8,IN_PROGRESS,1,0,4,6,0,0,0,0,0
84,11,10,8,IN_PROGRESS,1,5,3,8,55,0,0,1,1
84,12,13,8,IN_PROGRESS,0,8,3,4,46,0,0,1,1
84,13,13,7,IN_PROGRESS,0,2,2,5,46,0,0,1,1
84,14,17,5,IN_PROGRESS,0,4,1,2,74,0,0,1,1
84,15,16,5,IN_PROGRESS,1,0,1,2,0,0,0,0,0
84,16,18,1,IN_PROGRESS,0,0,3,5,0,0,0,0,0
84,17,19,1,IN_PROGRESS,0,6,4,4,80,0,0,1,1
84,18,20,1,IN_PROGRESS,0,11,4,4,80,0,0,1,1
84,19,21,1,IN_PROGRESS,0,0,4,4,0,0,0,0,0
84,20,22,13,IN_PROGRESS,0,4,1,1,67,0,0,1,1
84,21,22,1,IN_PROGRESS,0,11,3,4,78,0,0,1,1
84,22,3,18,IN_PROGRESS,0,17,3,5,74,0,0,1,1
84,23,4,18,IN_PROGRESS,1,7,4,5,73,0,0,1,1
84,24,3,19,IN_PROGRESS,0,5,3,5,75,0,0,1,1
84,25,3,20,IN_PROGRESS,0,4,3,4,75,0,0,1,1
84,26,7,19,IN_PROGRESS,0,5,1,8,42,0,0,1,1
84,27,7,18,IN_PROGRESS,0,4,3,8,43,0,0,1,1
84,28,7,15,IN_PROGRESS,1,9,4,5,45,0,0,1,1
84,29,9,15,IN_PROGRESS,1,14,3,6,58,0,0,1,1
84,30,8,15,IN_PROGRESS,0,2,3,6,59,0,0,1,1
84,31,12,17,IN_PROGRESS,0,11,1,3,25,0,0,1,1
84,32,12,16,IN_PROGRESS,0,6,1,5,24,0,0,1,1
84,33,15,15,IN_PROGRESS,1,9,1,3,39,0,0,1,1
84,34,7,14,IN_PROGRESS,0,15,3,5,45,0,0,1,1
84,35,15,22,IN_PROGRESS,0,11,4,4,38,0,0,1,1
84,36,14,22,IN_PROGRESS,0,2,3,4,37,0,0,1,1
84,37,17,22,IN_PROGRESS,0,12,4,4,46,0,0,1,1
84,38,16,22,IN_PROGRESS,0,9,4,4,77,0,0,1,1
84,39,16,15,IN_PROGRESS,1,15,1,2,46,0,0,1,1
84,40,17,21,IN_PROGRESS,0,4,3,4,40,0,0,1,1
84,41,21,18,IN_PROGRESS,1,0,0,1,0,0,0,0,0
84,42,22,14,IN_PROGRESS,1,5,1,2,67,0,0,1,1
84,43,23,22,IN_PROGRESS,0,0,0,0,0,0,0,0,0
85,0,2,1,IN_PROGRESS,0,0,2,3,0,0,0,0,0
85,1,5,8,IN_PROGRESS,1,0,1,3,0,0,0,0,0
85,2,4,1,IN_PROGRESS,0,0,3,3,0,0,0,0,0
85,3,5,1,IN_PROGRESS,0,8,3,3,81,0,0,1,1
85,4,6,8,IN_PROGRESS,1,9,2,5,70,0,0,1,1
85,5,7,1,IN_PROGRESS,0,0,2,5,0,0,0,0,0
85,6,9,5,IN_PROGRESS,1,10,2,4,74,0,0,1,1
85,7,9,8,IN_PROGRESS,1,0,4,8,0,0,0,0,0
85,8,8,5,IN_PROGRESS,0,2,1,5,74,0,0,1,1
85,9,11,1,IN_PROGRESS,0,0,0,1,0,0,0,0,0
85,10,11,8,IN_PROGRESS,1,0,4,6,0,0,0,0,0
85,11,10,8,IN_PROGRESS,1,5,3,8,56,0,0,1,1
85,12,13,8,IN_PROGRESS,0,8,3,4,47,0,0,1,1
85,13,13,7,IN_PROGRESS,0,2,2,5,47,0,0,1,1
85,14,17,5,IN_PROGRESS,0,4,1,2,75,0,0,1,1
85,15,16,5,IN_PROGRESS,1,0,1,2,0,0,0,0,0
85,16,18,1,IN_PROGRESS,0,0,3,5,0,0,0,0,0
85,17,19,1,IN_PROGRESS,0,6,4,4,81,0,0,1,1
85,18,20,1,IN_PROGRESS,0,11,4,4,81,0,0,1,1
85,19,21,1,IN_PROGRESS,0,0,4,4,0,0,0,0,0
85,20,22,13,IN_PROGRESS,0,4,1,1,68,0,0,1,1
85,21,22,1,IN_PROGRESS,0,11,3,4,79,0,0,1,1
85,22,3,18,IN_PROGRESS,0,17,3,5,75,0,0,1,1
85,23,4,18,IN_PROGRESS,1,7,4,5,74,0,0,1,1
85,24,3,19,IN_PROGRESS,0,5,3,5,76,0,0,1,1
85,25,3,20,IN_PROGRESS,0,4,3,4,76,0,0,1,1
85,26,7,19,IN_PROGRESS,0,5,1,8,43,0,0,1,1
85,27,7,18,IN_PROGRESS,0,4,3,8,44,0,0,1,1
85,28,7,15,IN_PROGRESS,1,9,4,5,46,0,0,1,1
85,29,9,15,IN_PROGRESS,1,14,3,6,59,0,0,1,1
85,30,8,15,IN_PROGRESS,0,2,3,6,60,0,0,1,1
85,31,12,17,IN_PROGRESS,0,11,1,3,26,0,0,1,1
85,32,12,16,IN_PROGRESS,0,6,1,5,25,0,0,1,1
85,33,15,15,IN_PROGRESS,1,9,1,3,40,0,0,1,1
85,34,7,14,IN_PROGRESS,0,15,3,5,46,0,0,1,1
85,35,15,22,IN_PROGRESS,0,11,4,4,39,0,0,1,1
85,36,14,22,IN_PROGRESS,0,2,3,4,38,0,0,1,1
85,37,17,22,IN_PROGRESS,0,12,4,4,47,0,0,1,1
85,38,16,22,IN_PROGRESS,0,9,4,4,78,0,0,1,1
85,39,16,15,IN_PROGRESS,1,15,1,2,47,0,0,1,1
85,40,17,21,IN_PROGRESS,0,4,3,4,41,0,0,1,1
85,41,21,18,IN_PROGRESS,1,0,0,1,0,0,0,0,0
85,42,22,14,IN_PROGRESS,1,5,1,2,68,0,0,1,1
85,43,23,22,IN_PROGRESS,0,0,0,0,0,0,0,0,0
86,0,2,1,IN_PROGRESS,0,0,2,3,0,0,0,0,0
86,1,5,8,IN_PROGRESS,1,0,1,3,0,0,0,0,0
86,2,4,1,IN_PROGRESS,0,0,3,3,0,0,0,0,0
86,3,5,1,IN_PROGRESS,0,8,3,3,82,0,0,1,1
86,4,6,8,IN_PROGRESS,1,9,2,5,71,0,0,1,1
86,5,7,1,IN_PROGRESS,0,0,2,5,0,0,0,0,0
86,6,9,5,IN_PROGRESS,1,10,2,4,75,0,0,1,1
86,7,9,8,IN_PROGRESS,1,0,4,8,0,0,0,0,0
86,8,8,5,IN_PROGRESS,0,2,1,5,75,0,0,1,1
86,9,11,1,IN_PROGRESS,0,0,0,1,0,0,0,0,0
86,10,11,8,IN_PROGRESS,1,0,4,6,0,0,0,0,0
86,11,10,8,IN_PROGRESS,1,5,3,8,57,0,0,1,1
86,12,13,8,IN_PROGRESS,0,8,3,4,48,0,0,1,1
86,13,13,7,IN_PROGRESS,0,2,2,5,48,0,0,1,1
86,14,17,5,IN_PROGRESS,0,4,1,2,76,0,0,1,1
86,15,16,5,IN_PROGRESS,1,0,1,2,0,0,0,0,0
86,16,18,1,IN_PROGRESS,0,0,3,5,0,0,0,0,0
86,17,19,1,IN_PROGRESS,0,6,4,4,82,0,0,1,1
86,18,20,1,IN_PROGRESS,0,11,4,4,82,0,0,1,1
86,19,21,1,IN_PROGRESS,0,0,4,4,0,0,0,0,0
86,20,22,13,IN_PROGRESS,0,4,1,1,69,0,0,1,1
86,21,22,1,IN_PROGRESS,0,11,3,4,80,0,0,1,1
86,22,3,18,IN_PROGRESS,0,17,3,5,76,0,0,1,1
86,23,4,18,IN_PROGRESS,1,7,4,5,75,0,0,1,1
86,24,3,19,IN_PROGRESS,0,5,3,5,77,0,0,1,1
86,25,3,20,IN_PROGRESS,0,4,3,4,77,0,0,1,1
86,26,7,19,IN_PROGRESS,0,5,1,8,44,0,0,1,1
86,27,7,18,IN_PROGRESS,0,4,3,8,45,0,0,1,1
86,28,7,15,IN_PROGRESS,1,9,4,5,47,0,0,1,1
86,29,9,15,IN_PROGRESS,1,14,3,6,60,0,0,1,1
86,30,8,15,IN_PROGRESS,0,2,3,6,61,0,0,1,1
86,31,12,17,IN_PROGRESS,0,11,1,3,27,0,0,1,1
86,32,12,16,IN_PROGRESS,0,6,1,5,26,0,0,1,1
86,33,15,15,IN_PROGRESS,1,9,1,3,41,0,0,1,1
86,34,7,14,IN_PROGRESS,0,15,3,5,47,0,0,1,1
86,35,15,22,IN_PROGRESS,0,11,4,4,40,0,0,1,1
86,36,14,22,IN_PROGRESS,0,2,3,4,39,0,0,1,1
86,37,17,22,IN_PROGRESS,0,12,4,4,48,0,0,1,1
86,38,16,22,IN_PROGRESS,0,9,4,4,79,0,0,1,1
86,39,16,15,IN_PROGRESS,1,15,1,2,48,0,0,1,1
86,40,17,21,IN_PROGRESS,0,4,3,4,42,0,0,1,1
86,41,21,18,IN_PROGRESS,1,0,0,1,0,0,0,0,0
86,42,22,14,IN_PROGRESS,1,5,1,2,69,0,0,1,1
86,43,23,22,IN_PROGRESS,0,0,0,0,0,0,0,0,0
87,0,2,1,IN_PROGRESS,0,0,2,3,0,0,0,0,0
87,1,5,8,IN_PROGRESS,1,0,1,3,0,0,0,0,0
87,2,4,1,IN_PROGRESS,0,0,3,3,0,0,0,0,0
87,3,5,1,IN_PROGRESS,0,8,3,3,83,0,0,1,1
87,4,6,8,IN_PROGRESS,1,9,2,5,72,0,0,1,1
87,5,7,1,IN_PROGRESS,0,0,2,5,0,0,0,0,0
87,6,9,5,IN_PROGRESS,1,10,2,4,76,0,0,1,1
87,7,9,8,IN_PROGRESS,1,0,4,8,0,0,0,0,0
87,8,8,5,IN_PROGRESS,0,2,1,5,76,0,0,1,1
87,9,11,1,IN_PROGRESS,0,0,0,1,0,0,0,0,0
87,10,11,8,IN_PROGRESS,1,0,4,6,0,0,0,0,0
87,11,10,8,IN_PROGRESS,1,5,3,8,58,0,0,1,1
87,12,13,8,IN_PROGRESS,0,8,3,4,49,0,0,1,1
87,13,13,7,IN_PROGRESS,0,2,2,5,49,0,0,1,1
87,14,17,5,IN_PROGRESS,0,4,1,2,77,0,0,1,1
87,15,16,5,IN_PROGRESS,1,0,1,2,0,0,0,0,0
87,16,18,1,IN_PROGRESS,0,0,3,5,0,0,0,0,0
87,17,19,1,IN_PROGRESS,0,6,4,4,83,0,0,1,1
87,18,20,1,IN_PROGRESS,0,11,4,4,83,0,0,1,1
87,19,21,1,IN_PROGRESS,0,0,4,4,0,0,0,0,0
87,20,22,13,IN_PROGRESS,0,4,1,1,70,0,0,1,1
87,21,22,1,IN_PROGRESS,0,11,3,4,81,0,0,1,1
87,22,3,18,IN_PROGRESS,0,17,3,5,77,0,0,1,1
87,23,4,18,IN_PROGRESS,1,7,4,5,76,0,0,1,1
87,24,3,19,IN_PROGRESS,0,5,3,5,78,0,0,1,1
87,25,3,20,IN_PROGRESS,0,4,3,4,78,0,0,1,1
87,26,7,19,IN_PROGRESS,0,5,1,8,45,0,0,1,1
87,27,7,18,IN_PROGRESS,0,4,3,8,46,0,0,1,1
87,28,7,15,IN_PROGRESS,1,9,4,5,48,0,0,1,1
87,29,9,15,IN_PROGRESS,1,14,3,6,61,0,0,1,1
87,30,8,15,IN_PROGRESS,0,2,3,6,62,0,0,1,1
87,31,12,17,IN_PROGRESS,0,11,1,3,28,0,0,1,1
87,32,12,16,IN_PROGRESS,0,6,1,5,27,0,0,1,1
87,33,15,15,IN_PROGRESS,1,9,1,3,42,0,0,1,1
87,34,7,14,IN_PROGRESS,0,15,3,5,48,0,0,1,1
87,35,15,22,IN_PROGRESS,0,11,4,4,41,0,0,1,1
87,36,14,22,IN_PROGRESS,0,2,3,4,40,0,0,1,1
87,37,17,22,IN_PROGRESS,0,12,4,4,49,0,0,1,1
87,38,16,22,IN_PROGRESS,0,9,4,4,80,0,0,1,1
87,39,16,15,IN_PROGRESS,1,15,1,2,49,0,0,1,1
87,40,17,21,IN_PROGRESS,0,4,3,4,43,0,0,1,1
87,41,21,18,IN_PROGRESS,1,0,0,1,0,0,0,0,0
87,42,22,14,IN_PROGRESS,1,5,1,2,70,0,0,1,1
87,43,23,22,IN_PROGRESS,0,0,0,0,0,0,0,0,0
88,0,2,1,IN_PROGRESS,0,0,2,3,0,0,0,0,0
88,1,5,8,IN_PROGRESS,1,0,1,3,0,0,0,0,0
88,2,4,1,IN_PROGRESS,0,0,3,3,0,0,0,0,0
88,3,5,1,IN_PROGRESS,0,8,3,3,84,0,0,1,1
88,4,6,8,IN_PROGRESS,1,9,2,5,73,0,0,1,1
88,5,7,1,IN_PROGRESS,0,0,2,5,0,0,0,0,0
88,6,9,5,IN_PROGRESS,1,10,2,4,77,0,0,1,1
88,7,9,8,IN_PROGRESS,1,0,4,8,0,0,0,0,0
88,8,8,5,IN_PROGRESS,0,2,1,5,77,0,0,1,1
88,9,11,1,IN_PROGRESS,0,0,0,1,0,0,0,0,0
88,10,11,8,IN_PROGRESS,1,0,4,6,0,0,0,0,0
88,11,10,8,IN_PROGRESS,1,5,3,8,59,0,0,1,1
88,12,13,8,IN_PROGRESS,0,8,3,4,50,0,0,1,1
88,13,13,7,IN_PROGRESS,0,2,2,5,50,0,0,1,1
88,14,17,5,IN_PROGRESS,0,4,1,2,78,0,0,1,1
88,15,16,5,IN_PROGRESS,1,0,1,2,0,0,0,0,0
88,16,18,1,IN_PROGRESS,0,0,3,5,0,0,0,0,0
88,17,19,1,IN_PROGRESS,0,6,4,4,84,0,0,1,1
88,18,20,1,IN_PROGRESS,0,11,4,4,84,0,0,1,1
88,19,21,1,IN_PROGRESS,0,0,4,4,0,0,0,0,0
88,20,22,13,IN_PROGRESS,0,4,1,1,71,0,0,1,1
88,21,22,1,IN_PROGRESS,0,11,3,4,82,0,0,1,1
88,22,3,18,IN_PROGRESS,0,17,3,5,78,0,0,1,1
88,23,4,18,IN_PROGRESS,1,7,4,5,77,0,0,1,1
88,24,3,19,IN_PROGRESS,0,5,3,5,79,0,0,1,1
88,25,3,20,IN_PROGRESS,0,4,3,4,79,0,0,1,1
88,26,7,19,IN_PROGRESS,0,5,1,8,46,0,0,1,1
88,27,7,18,IN_PROGRESS,0,4,3,8,47,0,0,1,1
88,28,7,15,IN_PROGRESS,1,9,4,5,49,0,0,1,1
88,29,9,15,IN_PROGRESS,1,14,3,6,62,0,0,1,1
88,30,8,15,IN_PROGRESS,0,2,3,6,63,0,0,1,1
88,31,12,17,IN_PROGRESS,0,11,1,3,29,0,0,1,1
88,32,12,16,IN_PROGRESS,0,6,1,5,28,0,0,1,1
88,33,15,15,IN_PROGRESS,1,9,1,3,43,0,0,1,1
88,34,7,14,IN_PROGRESS,0,15,3,5,49,0,0,1,1
88,35,15,22,IN_PROGRESS,0,11,4,4,42,0,0,1,1
88,36,14,22,IN_PROGRESS,0,2,3,4,41,0,0,1,1
88,37,17,22,IN_PROGRESS,0,12,4,4,50,0,0,1,1
88,38,16,22,IN_PROGRESS,0,9,4,4,81,0,0,1,1
88,39,16,15,IN_PROGRESS,1,15,1,2,50,0,0,1,1
88,40,17,21,IN_PROGRESS,0,4,3,4,44,0,0,1,1
88,41,21,18,IN_PROGRESS,1,0,0,1,0,0,0,0,0
88,42,22,14,IN_PROGRESS,1,5,1,2,71,0,0,1,1
88,43,23,22,IN_PROGRESS,0,0,0,0,0,0,0,0,0
89,0,2,1,IN_PROGRESS,0,0,2,3,0,0,0,0,0
89,1,5,8,IN_PROGRESS,1,0,1,3,0,0,0,0,0
89,2,4,1,IN_PROGRESS,0,0,3,3,0,0,0,0,0
89,3,5,1,IN_PROGRESS,0,8,3,3,85,0,0,1,1
89,4,6,8,IN_PROGRESS,1,9,2,5,74,0,0,1,1
89,5,7,1,IN_PROGRESS,0,0,2,5,0,0,0,0,0
89,6,9,5,IN_PROGRESS,1,10,2,4,78,0,0,1,1
89,7,9,8,IN_PROGRESS,1,0,4,8,0,0,0,0,0
89,8,8,5,IN_PROGRESS,0,2,1,5,78,0,0,1,1
89,9,11,1,IN_PROGRESS,0,0,0,1,0,0,0,0,0
89,10,11,8,IN_PROGRESS,1,0,4,6,0,0,0,0,0
89,11,10,8,IN_PROGRESS,1,5,3,8,60,0,0,1,1
89,12,13,8,IN_PROGRESS,0,8,3,4,51,0,0,1,1
89,13,13,7,IN_PROGRESS,0,2,2,5,51,0,0,1,1
89,14,17,5,IN_PROGRESS,0,4,1,2,79,0,0,1,1
89,15,16,5,IN_PROGRESS,1,0,1,2,0,0,0,0,0
89,16,18,1,IN_PROGRESS,0,0,3,5,0,0,0,0,0
89,17,19,1,IN_PROGRESS,0,6,4,4,85,0,0,1,1
89,18,20,1,IN_PROGRESS,0,11,4,4,85,0,0,1,1
89,19,21,1,IN_PROGRESS,0,0,4,4,0,0,0,0,0
89,20,22,13,IN_PROGRESS,0,4,1,1,72,0,0,1,1
89,21,22,1,IN_PROGRESS,0,11,3,4,83,0,0,1,1
89,22,3,18,IN_PROGRESS,0,17,3,5,79,0,0,1,1
89,23,4,18,IN_PROGRESS,1,7,4,5,78,0,0,1,1
89,24,3,19,IN_PROGRESS,0,5,3,5,80,0,0,1,1
89,25,3,20,IN_PROGRESS,0,4,3,4,80,0,0,1,1
89,26,7,19,IN_PROGRESS,0,5,1,8,47,0,0,1,1
89,27,7,18,IN_PROGRESS,0,4,3,8,48,0,0,1,1
89,28,7,15,IN_PROGRESS,1,9,4,5,50,0,0,1,1
89,29,9,15,IN_PROGRESS,1,14,3,6,63,0,0,1,1
89,30,8,15,IN_PROGRESS,0,2,3,6,64,0,0,1,1
89,31,12,17,IN_PROGRESS,0,11,1,3,30,0,0,1,1
89,32,12,16,IN_PROGRESS,0,6,1,5,29,0,0,1,1
89,33,15,15,IN_PROGRESS,1,9,1,3,44,0,0,1,1
89,34,7,14,IN_PROGRESS,0,15,3,5,50,0,0,1,1
89,35,15,22,IN_PROGRESS,0,11,4,4,43,0,0,1,1
89,36,14,22,IN_PROGRESS,0,2,3,4,42,0,0,1,1
89,37,17,22,IN_PROGRESS,0,12,4,4,51,0,0,1,1
89,38,16,22,IN_PROGRESS,0,9,4,4,82,0,0,1,1
89,39,16,15,IN_PROGRESS,1,15,1,2,51,0,0,1,1
89,40,17,21,IN_PROGRESS,0,4,3,4,45,0,0,1,1
89,41,21,18,IN_PROGRESS,1,0,0,1,0,0,0,0,0
89,42,22,14,IN_PROGRESS,1,5,1,2,72,0,0,1,1
89,43,23,22,IN_PROGRESS,0,0,0,0,0,0,0,0,0
90,0,2,1,IN_PROGRESS,0,0,2,3,0,0,0,0,0
90,1,5,8,IN_PROGRESS,1,0,1,3,0,0,0,0,0
90,2,4,1,IN_PROGRESS,0,0,3,3,0,0,0,0,0
90,3,5,1,IN_PROGRESS,0,8,3,3,86,0,0,1,1
90,4,6,8,IN_PROGRESS,1,9,2,5,75,0,0,1,1
90,5,7,1,IN_PROGRESS,0,0,2,5,0,0,0,0,0
90,6,9,5,IN_PROGRESS,1,10,2,4,79,0,0,1,1
90,7,9,8,IN_PROGRESS,1,0,4,8,0,0,0,0,0
90,8,8,5,IN_PROGRESS,0,2,1,5,79,0,0,1,1
90,9,11,1,IN_PROGRESS,0,0,0,1,0,0,0,0,0
90,10,11,8,IN_PROGRESS,1,0,4,6,0,0,0,0,0
90,11,10,8,IN_PROGRESS,1,5,3,8,61,0,0,1,1
90,12,13,8,IN_PROGRESS,0,8,3,4,52,0,0,1,1
90,13,13,7,IN_PROGRESS,0,2,2,5,52,0,0,1,1
90,14,17,5,IN_PROGRESS,0,4,1,2,80,0,0,1,1
90,15,16,5,IN_PROGRESS,1,0,1,2,0,0,0,0,0
90,16,18,1,IN_PROGRESS,0,0,3,5,0,0,0,0,0
90,17,19,1,IN_PROGRESS,0,6,4,4,86,0,0,1,1
90,18,20,1,IN_PROGRESS,0,11,4,4,86,0,0,1,1
90,19,21,1,IN_PROGRESS,0,0,4,4,0,0,0,0,0
90,20,22,13,IN_PROGRESS,0,4,1,1,73,0,0,1,1
90,21,22,1,IN_PROGRESS,0,11,3,4,84,0,0,1,1
90,22,3,18,IN_PROGRESS,0,17,3,5,80,0,0,1,1
90,23,4,18,IN_PROGRESS,1,7,4,5,79,0,0,1,1
90,24,3,19,IN_PROGRESS,0,5,3,5,81,0,0,1,1
90,25,3,20,IN_PROGRESS,0,4,3,4,81,0,0,1,1
90,26,7,19,IN_PROGRESS,0,5,1,8,48,0,0,1,1
90,27,7,18,IN_PROGRESS,0,4,3,8,49,0,0,1,1
90,28,7,15,IN_PROGRESS,1,9,4,5,51,0,0,1,1
90,29,9,15,IN_PROGRESS,1,14,3,6,64,0,0,1,1
90,30,8,15,IN_PROGRESS,0,2,3,6,65,0,0,1,1
90,31,12,17,IN_PROGRESS,0,11,1,3,31,0,0,1,1
90,32,12,16,IN_PROGRESS,0,6,1,5,30,0,0,1,1
90,33,15,15,IN_PROGRESS,1,9,1,3,45,0,0,1,1
90,34,7,14,IN_PROGRESS,0,15,3,5,51,0,0,1,1
90,35,15,22,IN_PROGRESS,0,11,4,4,44,0,0,1,1
90,36,14,22,IN_PROGRESS,0,2,3,4,43,0,0,1,1
90,37,17,22,IN_PROGRESS,0,12,4,4,52,0,0,1,1
90,38,16,22,IN_PROGRESS,0,9,4,4,83,0,0,1,1
90,39,16,15,IN_PROGRESS,1,15,1,2,52,0,0,1,1
90,40,17,21,IN_PROGRESS,0,4,3,4,46,0,0,1,1
90,41,21,18,IN_PROGRESS,1,0,0,1,0,0,0,0,0
90,42,22,14,IN_PROGRESS,1,5,1,2,73,0,0,1,1
90,43,23,22,IN_PROGRESS,0,0,0,0,0,0,0,0,0
91,0,2,1,IN_PROGRESS,0,0,2,3,0,0,0,0,0
91,1,5,8,IN_PROGRESS,1,0,1,3,0,0,0,0,0
91,2,4,1,IN_PROGRESS,0,0,3,3,0,0,0,0,0
91,3,5,1,IN_PROGRESS,0,8,3,3,87,0,0,1,1
91,4,6,8,IN_PROGRESS,1,9,2,5,76,0,0,1,1
91,5,7,1,IN_PROGRESS,0,0,2,5,0,0,0,0,0
91,6,9,5,IN_PROGRESS,1,10,2,4,80,0,0,1,1
91,7,9,8,IN_PROGRESS,1,0,4,8,0,0,0,0,0
91,8,8,5,IN_PROGRESS,0,2,1,5,80,0,0,1,1
91,9,11,1,IN_PROGRESS,0,0,0,1,0,0,0,0,0
91,10,11,8,IN_PROGRESS,1,0,4,6,0,0,0,0,0
91,11,10,8,IN_PROGRESS,1,5,3,8,62,0,0,1,1
91,12,13,8,IN_PROGRESS,0,8,3,4,53,0,0,1,1
91,13,13,7,IN_PROGRESS,0,2,2,5,53,0,0,1,1
91,14,17,5,IN_PROGRESS,0,4,1,2,81,0,0,1,1
91,15,16,5,IN_PROGRESS,1,0,1,2,0,0,0,0,0
91,16,18,1,IN_PROGRESS,0,0,3,5,0,0,0,0,0
91,17,19,1,IN_PROGRESS,0,6,4,4,87,0,0,1,1
91,18,20,1,IN_PROGRESS,0,11,4,4,87,0,0,1,1
91,19,21,1,IN_PROGRESS,0,0,4,4,0,0,0,0,0
91,20,22,13,IN_PROGRESS,0,4,1,1,74,0,0,1,1
91,21,22,1,IN_PROGRESS,0,11,3,4,85,0,0,1,1
91,22,3,18,IN_PROGRESS,0,17,3,5,81,0,0,1,1
91,23,4,18,IN_PROGRESS,1,7,4,5,80,0,0,1,1
91,24,3,19,IN_PROGRESS,0,5,3,5,82,0,0,1,1
91,25,3,20,IN_PROGRESS,0,4,3,4,82,0,0,1,1
91,26,7,19,IN_PROGRESS,0,5,1,8,49,0,0,1,1
91,27,7,18,IN_PROGRESS,0,4,3,8,50,0,0,1,1
91,28,7,15,IN_PROGRESS,1,9,4,5,52,0,0,1,1
91,29,9,15,IN_PROGRESS,1,14,3,6,65,0,0,1,1
91,30,8,15,IN_PROGRESS,0,2,3,6,66,0,0,1,1
91,31,12,17,IN_PROGRESS,0,11,1,3,32,0,0,1,1
91,32,12,16,IN_PROGRESS,0,6,1,5,31,0,0,1,1
91,33,15,15,IN_PROGRESS,1,9,1,3,46,0,0,1,1
91,34,7,14,IN_PROGRESS,0,15,3,5,52,0,0,1,1
91,35,15,22,IN_PROGRESS,0,11,4,4,45,0,0,1,1
91,36,14,22,IN_PROGRESS,0,2,3,4,44,0,0,1,1
91,37,17,22,IN_PROGRESS,0,12,4,4,53,0,0,1,1
91,38,16,22,IN_PROGRESS,0,9,4,4,84,0,0,1,1
91,39,16,15,IN_PROGRESS,1,15,1,2,53,0,0,1,1
91,40,17,21,IN_PROGRESS,0,4,3,4,47,0,0,1,1
91,41,21,18,IN_PROGRESS,1,0,0,1,0,0,0,0,0
91,42,22,14,IN_PROGRESS,1,5,1,2,74,0,0,1,1
91,43,23,22,IN_PROGRESS,0,0,0,0,0,0,0,0,0
92,0,2,1,IN_PROGRESS,0,0,2,3,0,0,0,0,0
92,1,5,8,IN_PROGRESS,1,0,1,3,0,0,0,0,0
92,2,4,1,IN_PROGRESS,0,0,3,3,0,0,0,0,0
92,3,5,1,IN_PROGRESS,0,8,3,3,88,0,0,1,1
92,4,6,8,IN_PROGRESS,1,9,2,5,77,0,0,1,1
92,5,7,1,IN_PROGRESS,0,0,2,5,0,0,0,0,0
92,6,9,5,IN_PROGRESS,1,10,2,4,81,0,0,1,1
92,7,9,8,IN_PROGRESS,1,0,4,8,0,0,0,0,0
92,8,8,5,IN_PROGRESS,0,2,1,5,81,0,0,1,1
92,9,11,1,IN_PROGRESS,0,0,0,1,0,0,0,0,0
92,10,11,8,IN_PROGRESS,1,0,4,6,0,0,0,0,0
92,11,10,8,IN_PROGRESS,1,5,3,8,63,0,0,1,1
92,12,13,8,IN_PROGRESS,0,8,3,4,54,0,0,1,1
92,13,13,7,IN_PROGRESS,0,2,2,5,54,0,0,1,1
92,14,17,5,IN_PROGRESS,0,4,1,2,82,0,0,1,1
92,15,16,5,IN_PROGRESS,1,0,1,2,0,0,0,0,0
92,16,18,1,IN_PROGRESS,0,0,3,5,0,0,0,0,0
92,17,19,1,IN_PROGRESS,0,6,4,4,88,0,0,1,1
92,18,20,1,IN_PROGRESS,0,11,4,4,88,0,0,1,1
92,19,21,1,IN_PROGRESS,0,0,4,4,0,0,0,0,0
92,20,22,13,IN_PROGRESS,0,4,1,1,75,0,0,1,1
92,21,22,1,IN_PROGRESS,0,11,3,4,86,0,0,1,1
92,22,3,18,IN_PROGRESS,0,17,3,5,82,0,0,1,1
92,23,4,18,IN_PROGRESS,1,7,4,5,81,0,0,1,1
92,24,3,19,IN_PROGRESS,0,5,3,5,83,0,0,1,1
92,25,3,20,IN_PROGRESS,0,4,3,4,83,0,0,1,1
92,26,7,19,IN_PROGRESS,0,5,1,8,50,0,0,1,1
92,27,7,18,IN_PROGRESS,0,4,3,8,51,0,0,1,1
92,28,7,15,IN_PROGRESS,1,9,4,5,53,0,0,1,1
92,29,9,15,IN_PROGRESS,1,14,3,6,66,0,0,1,1
92,30,8,15,IN_PROGRESS,0,2,3,6,67,0,0,1,1
92,31,12,17,IN_PROGRESS,0,11,1,3,33,0,0,1,1
92,32,12,16,IN_PROGRESS,0,6,1,5,32,0,0,1,1
92,33,15,15,IN_PROGRESS,1,9,1,3,47,0,0,1,1
92,34,7,14,IN_PROGRESS,0,15,3,5,53,0,0,1,1
92,35,15,22,IN_PROGRESS,0,11,4,4,46,0,0,1,1
92,36,14,22,IN_PROGRESS,0,2,3,4,45,0,0,1,1
92,37,17,22,IN_PROGRESS,0,12,4,4,54,0,0,1,1
92,38,16,22,IN_PROGRESS,0,9,4,4,85,0,0,1,1
92,39,16,15,IN_PROGRESS,1,15,1,2,54,0,0,1,1
92,40,17,21,IN_PROGRESS,0,4,3,4,48,0,0,1,1
92,41,21,18,IN_PROGRESS,1,0,0,1,0,0,0,0,0
92,42,22,14,IN_PROGRESS,1,5,1,2,75,0,0,1,1
92,43,23,22,IN_PROGRESS,0,0,0,0,0,0,0,0,0
93,0,2,1,IN_PROGRESS,0,0,2,3,0,0,0,0,0
93,1,5,8,IN_PROGRESS,1,0,1,3,0,0,0,0,0
93,2,4,1,IN_PROGRESS,0,0,3,3,0,0,0,0,0
93,3,5,1,IN_PROGRESS,0,8,3,3,89,0,0,1,1
93,4,6,8,IN_PROGRESS,1,9,2,5,78,0,0,1,1
93,5,7,1,IN_PROGRESS,0,0,2,5,0,0,0,0,0
93,6,9,5,IN_PROGRESS,1,10,2,4,82,0,0,1,1
93,7,9,8,IN_PROGRESS,1,0,4,8,0,0,0,0,0
93,8,8,5,IN_PROGRESS,0,2,1,5,82,0,0,1,1
93,9,11,1,IN_PROGRESS,0,0,0,1,0,0,0,0,0
93,10,11,8,IN_PROGRESS,1,0,4,6,0,0,0,0,0
93,11,10,8,IN_PROGRESS,1,5,3,8,64,0,0,1,1
93,12,13,8,IN_PROGRESS,0,8,3,4,55,0,0,1,1
93,13,13,7,IN_PROGRESS,0,2,2,5,55,0,0,1,1
93,14,17,5,IN_PROGRESS,0,4,1,2,83,0,0,1,1
93,15,16,5,IN_PROGRESS,1,0,1,2,0,0,0,0,0
93,16,18,1,IN_PROGRESS,0,0,3,5,0,0,0,0,0
93,17,19,1,IN_PROGRESS,0,6,4,4,89,0,0,1,1
93,18,20,1,IN_PROGRESS,0,11,4,4,89,0,0,1,1
93,19,21,1,IN_PROGRESS,0,0,4,4,0,0,0,0,0
93,20,22,13,IN_PROGRESS,0,4,1,1,76,0,0,1,1
93,21,22,1,IN_PROGRESS,0,11,3,4,87,0,0,1,1
93,22,3,18,IN_PROGRESS,0,17,3,5,83,0,0,1,1
93,23,4,18,IN_PROGRESS,1,7,4,5,82,0,0,1,1
93,24,3,19,IN_PROGRESS,0,5,3,5,84,0,0,1,1
93,25,3,20,IN_PROGRESS,0,4,3,4,84,0,0,1,1
93,26,7,19,IN_PROGRESS,0,5,1,8,51,0,0,1,1
93,27,7,18,IN_PROGRESS,0,4,3,8,52,0,0,1,1
93,28,7,15,IN_PROGRESS,1,9,4,5,54,0,0,1,1
93,29,9,15,IN_PROGRESS,1,14,3,6,67,0,0,1,1
93,30,8,15,IN_PROGRESS,0,2,3,6,68,0,0,1,1
93,31,12,17,IN_PROGRESS,0,11,1,3,34,0,0,1,1
93,32,12,16,IN_PROGRESS,0,6,1,5,33,0,0,1,1
93,33,15,15,IN_PROGRESS,1,9,1,3,48,0,0,1,1
93,34,7,14,IN_PROGRESS,0,15,3,5,54,0,0,1,1
93,35,15,22,IN_PROGRESS,0,11,4,4,47,0,0,1,1
93,36,14,22,IN_PROGRESS,0,2,3,4,46,0,0,1,1
93,37,17,22,IN_PROGRESS,0,12,4,4,55,0,0,1,1
93,38,16,22,IN_PROGRESS,0,9,4,4,86,0,0,1,1
93,39,16,15,IN_PROGRESS,1,15,1,2,55,0,0,1,1
93,40,17,21,IN_PROGRESS,0,4,3,4,49,0,0,1,1
93,41,21,18,IN_PROGRESS,1,0,0,1,0,0,0,0,0
93,42,22,14,IN_PROGRESS,1,5,1,2,76,0,0,1,1
93,43,23,22,IN_PROGRESS,0,0,0,0,0,0,0,0,0
94,0,2,1,IN_PROGRESS,0,0,2,3,0,0,0,0,0
94,1,5,8,IN_PROGRESS,1,0,1,3,0,0,0,0,0
94,2,4,1,IN_PROGRESS,0,0,3,3,0,0,0,0,0
94,3,5,1,IN_PROGRESS,0,8,3,3,90,0,0,1,1
94,4,6,8,IN_PROGRESS,1,9,2,5,79,0,0,1,1
94,5,7,1,IN_PROGRESS,0,0,2,5,0,0,0,0,0
94,6,9,5,IN_PROGRESS,1,10,2,4,83,0,0,1,1
94,7,9,8,IN_PROGRESS,1,0,4,8,0,0,0,0,0
94,8,8,5,IN_PROGRESS,0,2,1,5,83,0,0,1,1
94,9,11,1,IN_PROGRESS,0,0,0,1,0,0,0,0,0
94,10,11,8,IN_PROGRESS,1,0,4,6,0,0,0,0,0
94,11,10,8,IN_PROGRESS,1,5,3,8,65,0,0,1,1
94,12,13,8,IN_PROGRESS,0,8,3,4,56,0,0,1,1
94,13,13,7,IN_PROGRESS,0,2,2,5,56,0,0,1,1
94,14,17,5,IN_PROGRESS,0,4,1,2,84,0,0,1,1
94,15,16,5,IN_PROGRESS,1,0,1,2,0,0,0,0,0
94,16,18,1,IN_PROGRESS,0,0,3,5,0,0,0,0,0
94,17,19,1,IN_PROGRESS,0,6,4,4,90,0,0,1,1
94,18,20,1,IN_PROGRESS,0,11,4,4,90,0,0,1,1
94,19,21,1,IN_PROGRESS,0,0,4,4,0,0,0,0,0
94,20,22,13,IN_PROGRESS,0,4,1,1,77,0,0,1,1
94,21,22,1,IN_PROGRESS,0,11,3,4,88,0,0,1,1
94,22,3,18,IN_PROGRESS,0,17,3,5,84,0,0,1,1
94,23,4,18,IN_PROGRESS,1,7,4,5,83,0,0,1,1
94,24,3,19,IN_PROGRESS,0,5,3,5,85,0,0,1,1
94,25,3,20,IN_PROGRESS,0,4,3,4,85,0,0,1,1
94,26,7,19,IN_PROGRESS,0,5,1,8,52,0,0,1,1
94,27,7,18,IN_PROGRESS,0,4,3,8,53,0,0,1,1
94,28,7,15,IN_PROGRESS,1,9,4,5,55,0,0,1,1
94,29,9,15,IN_PROGRESS,1,14,3,6,68,0,0,1,1
94,30,8,15,IN_PROGRESS,0,2,3,6,69,0,0,1,1
94,31,12,17,IN_PROGRESS,0,11,1,3,35,0,0,1,1
94,32,12,16,IN_PROGRESS,0,6,1,5,34,0,0,1,1
94,33,15,15,IN_PROGRESS,1,9,1,3,49,0,0,1,1
94,34,7,14,IN_PROGRESS,0,15,3,5,55,0,0,1,1
94,35,15,22,IN_PROGRESS,0,11,4,4,48,0,0,1,1
94,36,14,22,IN_PROGRESS,0,2,3,4,47,0,0,1,1
94,37,17,22,IN_PROGRESS,0,12,4,4,56,0,0,1,1
94,38,16,22,IN_PROGRESS,0,9,4,4,87,0,0,1,1
94,39,16,15,IN_PROGRESS,1,15,1,2,56,0,0,1,1
94,40,17,21,IN_PROGRESS,0,4,3,4,50,0,0,1,1
94,41,21,18,IN_PROGRESS,1,0,0,1,0,0,0,0,0
94,42,22,14,IN_PROGRESS,1,5,1,2,77,0,0,1,1
94,43,23,22,IN_PROGRESS,0,0,0,0,0,0,0,0,0
95,0,2,1,IN_PROGRESS,0,0,2,3,0,0,0,0,0
95,1,5,8,IN_PROGRESS,1,0,1,3,0,0,0,0,0
95,2,4,1,IN_PROGRESS,0,0,3,3,0,0,0,0,0
95,3,5,1,IN_PROGRESS,0,8,3,3,91,0,0,1,1
95,4,6,8,IN_PROGRESS,1,9,2,5,80,0,0,1,1
95,5,7,1,IN_PROGRESS,0,0,2,5,0,0,0,0,0
95,6,9,5,IN_PROGRESS,1,10,2,4,84,0,0,1,1
95,7,9,8,IN_PROGRESS,1,0,4,8,0,0,0,0,0
95,8,8,5,IN_PROGRESS,0,2,1,5,84,0,0,1,1
95,9,11,1,IN_PROGRESS,0,0,0,1,0,0,0,0,0
95,10,11,8,IN_PROGRESS,1,0,4,6,0,0,0,0,0
95,11,10,8,IN_PROGRESS,1,5,3,8,66,0,0,1,1
95,12,13,8,IN_PROGRESS,0,8,3,4,57,0,0,1,1
95,13,13,7,IN_PROGRESS,0,2,2,5,57,0,0,1,1
95,14,17,5,IN_PROGRESS,0,4,1,2,85,0,0,1,1
95,15,16,5,IN_PROGRESS,1,0,1,2,0,0,0,0,0
95,16,18,1,IN_PROGRESS,0,0,3,5,0,0,0,0,0
95,17,19,1,IN_PROGRESS,0,6,4,4,91,0,0,1,1
95,18,20,1,IN_PROGRESS,0,11,4,4,91,0,0,1,1
95,19,21,1,IN_PROGRESS,0,0,4,4,0,0,0,0,0
95,20,22,13,IN_PROGRESS,0,4,1,1,78,0,0,1,1
95,21,22,1,IN_PROGRESS,0,11,3,4,89,0,0,1,1
95,22,3,18,IN_PROGRESS,0,17,3,5,85,0,0,1,1
95,23,4,18,IN_PROGRESS,1,7,4,5,84,0,0,1,1
95,24,3,19,IN_PROGRESS,0,5,3,5,86,0,0,1,1
95,25,3,20,IN_PROGRESS,0,4,3,4,86,0,0,1,1
95,26,7,19,IN_PROGRESS,0,5,1,8,53,0,0,1,1
95,27,7,18,IN_PROGRESS,0,4,3,8,54,0,0,1,1
95,28,7,15,IN_PROGRESS,1,9,4,5,56,0,0,1,1
95,29,9,15,IN_PROGRESS,1,14,3,6,69,0,0,1,1
95,30,8,15,IN_PROGRESS,0,2,3,6,70,0,0,1,1
95,31,12,17,IN_PROGRESS,0,11,1,3,36,0,0,1,1
95,32,12,16,IN_PROGRESS,0,6,1,5,35,0,0,1,1
95,33,15,15,IN_PROGRESS,1,9,1,3,50,0,0,1,1
95,34,7,14,IN_PROGRESS,0,15,3,5,56,0,0,1,1
95,35,15,22,IN_PROGRESS,0,11,4,4,49,0,0,1,1
95,36,14,22,IN_PROGRESS,0,2,3,4,48,0,0,1,1
95,37,17,22,IN_PROGRESS,0,12,4,4,57,0,0,1,1
95,38,16,22,IN_PROGRESS,0,9,4,4,88,0,0,1,1
95,39,16,15,IN_PROGRESS,1,15,1,2,57,0,0,1,1
95,40,17,21,IN_PROGRESS,0,4,3,4,51,0,0,1,1
95,41,21,18,IN_PROGRESS,1,0,0,1,0,0,0,0,0
95,42,22,14,IN_PROGRESS,1,5,1,2,78,0,0,1,1
95,43,23,22,IN_PROGRESS,0,0,0,0,0,0,0,0,0
96,0,2,1,IN_PROGRESS,0,0,2,3,0,0,0,0,0
96,1,5,8,IN_PROGRESS,1,0,1,3,0,0,0,0,0
96,2,4,1,IN_PROGRESS,0,0,3,3,0,0,0,0,0
96,3,5,1,IN_PROGRESS,0,8,3,3,92,0,0,1,1
96,4,6,8,IN_PROGRESS,1,9,2,5,81,0,0,1,1
96,5,7,1,IN_PROGRESS,0,0,2,5,0,0,0,0,0
96,6,9,5,IN_PROGRESS,1,10,2,4,85,0,0,1,1
96,7,9,8,IN_PROGRESS,1,0,4,8,0,0,0,0,0
96,8,8,5,IN_PROGRESS,0,2,1,5,85,0,0,1,1
96,9,11,1,IN_PROGRESS,0,0,0,1,0,0,0,0,0
96,10,11,8,IN_PROGRESS,1,0,4,6,0,0,0,0,0
96,11,10,8,IN_PROGRESS,1,5,3,8,67,0,0,1,1
96,12,13,8,IN_PROGRESS,0,8,3,4,58,0,0,1,1
96,13,13,7,IN_PROGRESS,0,2,2,5,58,0,0,1,1
96,14,17,5,IN_PROGRESS,0,4,1,2,86,0,0,1,1
96,15,16,5,IN_PROGRESS,1,0,1,2,0,0,0,0,0
96,16,18,1,IN_PROGRESS,0,0,3,5,0,0,0,0,0
96,17,19,1,IN_PROGRESS,0,6,4,4,92,0,0,1,1
96,18,20,1,IN_PROGRESS,0,11,4,4,92,0,0,1,1
96,19,21,1,IN_PROGRESS,0,0,4,4,0,0,0,0,0
96,20,22,13,IN_PROGRESS,0,4,1,1,79,0,0,1,1
96,21,22,1,IN_PROGRESS,0,11,3,4,90,0,0,1,1
96,22,3,18,IN_PROGRESS,0,17,3,5,86,0,0,1,1
96,23,4,18,IN_PROGRESS,1,7,4,5,85,0,0,1,1
96,24,3,19,IN_PROGRESS,0,5,3,5,87,0,0,1,1
96,25,3,20,IN_PROGRESS,0,4,3,4,87,0,0,1,1
96,26,7,19,IN_PROGRESS,0,5,1,8,54,0,0,1,1
96,27,7,18,IN_PROGRESS,0,4,3,8,55,0,0,1,1
96,28,7,15,IN_PROGRESS,1,9,4,5,57,0,0,1,1
96,29,9,15,IN_PROGRESS,1,14,3,6,70,0,0,1,1
96,30,8,15,IN_PROGRESS,0,2,3,6,71,0,0,1,1
96,31,12,17,IN_PROGRESS,0,11,1,3,37,0,0,1,1
96,32,12,16,IN_PROGRESS,0,6,1,5,36,0,0,1,1
96,33,15,15,IN_PROGRESS,1,9,1,3,51,0,0,1,1
96,34,7,14,IN_PROGRESS,0,15,3,5,57,0,0,1,1
96,35,15,22,IN_PROGRESS,0,11,4,4,50,0,0,1,1
96,36,14,22,IN_PROGRESS,0,2,3,4,49,0,0,1,1
96,37,17,22,IN_PROGRESS,0,12,4,4,58,0,0,1,1
96,38,16,22,IN_PROGRESS,0,9,4,4,89,0,0,1,1
96,39,16,15,IN_PROGRESS,1,15,1,2,58,0,0,1,1
96,40,17,21,IN_PROGRESS,0,4,3,4,52,0,0,1,1
96,41,21,18,IN_PROGRESS,1,0,0,1,0,0,0,0,0
96,42,22,14,IN_PROGRESS,1,5,1,2,79,0,0,1,1
96,43,23,22,IN_PROGRESS,0,0,0,0,0,0,0,0,0
