t,robot_id,target_future_conflict,state_AVAILABLE,state_IN_PROGRESS,is_carrying,x_norm,y_norm,local_density_3_smooth,local_density_5_smooth,density_3_zscore,density_3_peak,density_3_accel,density_5_zscore,density_5_peak,density_5_accel,steps_stationary,stationary_ratio,neighbour_static_count,density_3_delta,density_5_delta,density_spread,density_3_lag_1,density_5_lag_1,density_3_lag_2,density_5_lag_2,density_3_lag_3,density_5_lag_3
1,0,0.0,1,0,1,0.045454545454545456,0.0,3.0,5.0,0.0,3.0,0.0,0.0,5.0,0.0,0,0.0,0,0.0,0.0,1.6666666666666667,0.0,0.0,0.0,0.0,0.0,0.0
2,0,0.0,1,0,1,0.045454545454545456,0.0,3.0,5.0,0.0,3.0,0.0,0.0,5.0,0.0,1,0.5,43,0.0,0.0,1.6666666666666667,3.0,5.0,0.0,0.0,0.0,0.0
3,0,0.0,1,0,1,0.045454545454545456,0.0,3.0,5.0,0.0,3.0,0.0,0.0,5.0,0.0,2,0.6666666666666666,43,0.0,0.0,1.6666666666666667,3.0,5.0,3.0,5.0,0.0,0.0
4,0,0.0,0,1,1,0.045454545454545456,0.0,3.0,5.0,0.0,3.0,0.0,0.0,5.0,0.0,3,0.75,43,0.0,0.0,1.6666666666666667,3.0,5.0,3.0,5.0,3.0,5.0
5,0,0.0,0,1,1,0.045454545454545456,0.0,3.0,5.0,0.0,3.0,0.0,0.0,5.0,0.0,4,0.8,43,0.0,0.0,1.6666666666666667,3.0,5.0,3.0,5.0,3.0,5.0
6,0,0.0,0,1,1,0.045454545454545456,0.0,2.8,4.8,-1.4619519810524544,3.0,0.0,-1.4619519810524544,5.0,0.0,5,1.0,25,-1.0,-1.0,2.0,3.0,5.0,3.0,5.0,3.0,5.0
7,0,0.0,0,1,1,0.045454545454545456,0.0,2.6,4.4,-0.9263225327693094,3.0,0.0,-1.40784565493656,5.0,0.0,6,1.0,25,-1.0,-2.0,1.5,2.0,4.0,3.0,5.0,3.0,5.0
8,0,0.0,0,1,1,0.045454545454545456,0.0,2.2,3.8,-1.281147872233175,3.0,0.0,-1.2821969620550018,5.0,0.0,7,1.0,26,-2.0,-3.0,2.0,2.0,3.0,2.0,4.0,3.0,5.0
9,0,0.0,0,1,1,0.045454545454545456,0.0,1.8,3.2,-0.8540985814887833,3.0,0.0,-0.8547979747033349,5.0,0.0,8,1.0,25,-2.0,-3.0,2.0,1.0,2.0,2.0,3.0,2.0,4.0
10,0,0.0,0,1,1,0.045454545454545456,0.0,1.4,2.4,-0.6175483551795394,2.0,0.0,-1.1288725543711573,4.0,0.0,9,1.0,25,-2.0,-4.0,1.0,1.0,2.0,1.0,2.0,2.0,3.0
11,0,0.0,0,1,1,0.045454545454545456,0.0,1.2,1.8,-0.3654879952631136,2.0,0.0,-0.8540985814887831,3.0,-2.0,10,1.0,27,-1.0,-3.0,1.0,1.0,1.0,1.0,2.0,1.0,2.0
12,0,0.0,0,1,1,0.045454545454545456,0.0,1.0,1.4,0.0,1.0,0.0,-0.6175483551795392,2.0,0.0,11,1.0,33,-1.0,-2.0,1.0,1.0,1.0,1.0,1.0,1.0,2.0
13,0,0.0,0,1,1,0.045454545454545456,0.0,1.0,1.2,0.0,1.0,2.0,-0.3654879952631134,2.0,2.0,12,1.0,30,0.0,-1.0,1.0,1.0,1.0,1.0,1.0,1.0,1.0
14,0,0.0,0,1,1,0.045454545454545456,0.0,1.0,1.0,0.0,1.0,2.0,0.0,1.0,2.0,13,1.0,25,0.0,-1.0,1.0,1.0,1.0,1.0,1.0,1.0,1.0
15,0,0.0,0,1,1,0.045454545454545456,0.0,1.0,1.0,0.0,1.0,2.0,0.0,1.0,4.0,14,1.0,28,0.0,0.0,1.0,1.0,1.0,1.0,1.0,1.0,1.0
16,0,0.0,0,1,1,0.045454545454545456,0.0,1.0,1.2,0.0,1.0,1.0,1.4619519810524546,2.0,4.0,15,1.0,28,0.0,1.0,2.0,1.0,1.0,1.0,1.0,1.0,1.0
17,0,0.0,0,1,1,0.045454545454545456,0.0,1.0,1.4,0.0,1.0,1.0,0.9263225327693093,2.0,3.0,16,1.0,28,0.0,1.0,2.0,1.0,2.0,1.0,1.0,1.0,1.0
18,0,0.0,0,1,1,0.045454545454545456,0.0,1.0,1.6,0.0,1.0,0.0,0.6175483551795393,2.0,2.0,17,1.0,29,0.0,1.0,2.0,1.0,2.0,1.0,2.0,1.0,1.0
19,0,0.0,0,1,1,0.045454545454545456,0.0,1.0,1.6,0.0,1.0,0.0,-0.9263225327693093,2.0,1.0,18,1.0,33,0.0,0.0,1.0,1.0,2.0,1.0,2.0,1.0,2.0
20,0,0.0,0,1,1,0.045454545454545456,0.0,1.0,1.6,0.0,1.0,0.0,-0.9263225327693093,2.0,0.0,19,1.0,32,0.0,0.0,1.0,1.0,1.0,1.0,2.0,1.0,2.0
21,0,0.0,0,1,1,0.045454545454545456,0.0,1.0,1.4,0.0,1.0,0.0,-0.6175483551795393,2.0,-2.0,20,1.0,32,0.0,-1.0,1.0,1.0,1.0,1.0,1.0,1.0,2.0
22,0,0.0,0,1,1,0.045454545454545456,0.0,1.0,1.2,0.0,1.0,0.0,-0.36548799526311354,2.0,-2.0,21,1.0,33,0.0,-1.0,1.0,1.0,1.0,1.0,1.0,1.0,1.0
23,0,0.0,0,1,1,0.045454545454545456,0.0,1.0,1.0,0.0,1.0,0.0,0.0,1.0,-2.0,22,1.0,34,0.0,-1.0,1.0,1.0,1.0,1.0,1.0,1.0,1.0
24,0,0.0,0,1,1,0.045454545454545456,0.0,0.8,1.0,-1.4619519810524546,1.0,-1.0,0.0,1.0,0.0,23,1.0,34,-1.0,0.0,1.0,1.0,1.0,1.0,1.0,1.0,1.0
25,0,0.0,0,1,1,0.045454545454545456,0.0,0.6,1.0,-0.9263225327693092,1.0,-1.0,0.0,1.0,0.0,24,1.0,32,-1.0,0.0,1.0,0.0,1.0,1.0,1.0,1.0,1.0
26,0,0.0,0,1,1,0.045454545454545456,0.0,0.4,0.8,-0.6175483551795395,1.0,-1.0,-1.4619519810524546,1.0,0.0,25,1.0,35,-1.0,-1.0,0.0,0.0,1.0,0.0,1.0,1.0,1.0
27,0,0.0,0,1,1,0.045454545454545456,0.0,0.2,0.6,-0.36548799526311365,1.0,-1.0,-0.9263225327693092,1.0,0.0,26,1.0,36,-1.0,-1.0,0.0,0.0,0.0,0.0,1.0,0.0,1.0
28,0,0.0,0,1,1,0.045454545454545456,0.0,0.0,0.6,0.0,0.0,-1.0,0.6175483551795395,1.0,1.0,27,1.0,34,-1.0,0.0,1.0,0.0,0.0,0.0,0.0,0.0,1.0
29,0,0.0,0,1,1,0.045454545454545456,0.0,0.0,0.6,0.0,0.0,1.0,0.6175483551795395,1.0,0.0,28,1.0,33,0.0,0.0,1.0,0.0,1.0,0.0,0.0,0.0,0.0
30,0,0.0,0,1,1,0.045454545454545456,0.0,0.2,0.6,1.4619519810524546,1.0,2.0,0.6175483551795395,1.0,0.0,29,1.0,35,1.0,0.0,1.0,0.0,1.0,0.0,1.0,0.0,0.0
31,0,0.0,0,1,1,0.045454545454545456,0.0,0.4,0.8,0.9263225327693092,1.0,2.0,0.36548799526311354,1.0,2.0,30,1.0,36,1.0,1.0,1.0,1.0,1.0,0.0,1.0,0.0,1.0
32,0,0.0,0,1,1,0.045454545454545456,0.0,0.6,1.0,0.6175483551795395,1.0,2.0,0.0,1.0,2.0,31,1.0,37,1.0,1.0,1.0,1.0,1.0,1.0,1.0,0.0,1.0
33,0,0.0,0,1,1,0.045454545454545456,0.0,0.8,1.2,0.36548799526311354,1.0,2.0,1.4619519810524546,2.0,1.0,32,1.0,39,1.0,1.0,2.0,1.0,1.0,1.0,1.0,1.0,1.0
34,0,0.0,0,1,1,0.045454545454545456,0.0,1.0,1.4,0.0,1.0,1.0,0.9263225327693093,2.0,1.0,33,1.0,39,1.0,1.0,2.0,1.0,2.0,1.0,1.0,1.0,1.0
35,0,0.0,0,1,1,0.045454545454545456,0.0,1.2,1.8,1.4619519810524546,2.0,0.0,1.2811478722331748,3.0,2.0,34,1.0,38,1.0,2.0,1.5,1.0,2.0,1.0,2.0,1.0,1.0
36,0,0.0,0,1,1,0.045454545454545456,0.0,1.4,2.2,0.9263225327693093,2.0,0.0,0.854098581488783,3.0,1.0,35,1.0,38,1.0,2.0,1.5,2.0,3.0,1.0,2.0,1.0,2.0
37,0,0.0,0,1,1,0.045454545454545456,0.0,1.8,2.6,1.2811478722331748,3.0,1.0,0.6175483551795395,3.0,1.0,36,1.0,39,2.0,2.0,1.0,2.0,3.0,2.0,3.0,1.0,2.0
38,0,0.0,0,1,1,0.045454545454545456,0.0,2.2,2.8,0.854098581488783,3.0,1.0,0.365487995263114,3.0,0.0,37,1.0,38,2.0,1.0,1.0,3.0,3.0,2.0,3.0,2.0,3.0
39,0,0.0,0,1,1,0.045454545454545456,0.0,2.6,3.0,0.6175483551795395,3.0,1.0,0.0,3.0,0.0,38,1.0,38,2.0,1.0,1.0,3.0,3.0,3.0,3.0,2.0,3.0
40,0,0.0,0,1,1,0.045454545454545456,0.0,2.8,3.0,0.365487995263114,3.0,0.0,0.0,3.0,-2.0,39,1.0,40,1.0,0.0,1.0,3.0,3.0,3.0,3.0,3.0,3.0
41,0,0.0,0,1,1,0.045454545454545456,0.0,3.0,3.0,0.0,3.0,0.0,0.0,3.0,-2.0,40,1.0,41,1.0,0.0,1.0,3.0,3.0,3.0,3.0,3.0,3.0
42,0,0.0,0,1,1,0.045454545454545456,0.0,3.0,3.0,0.0,3.0,-2.0,0.0,3.0,-2.0,41,1.0,41,0.0,0.0,1.0,3.0,3.0,3.0,3.0,3.0,3.0
43,0,0.0,0,1,1,0.045454545454545456,0.0,3.0,3.0,0.0,3.0,-2.0,0.0,3.0,-1.0,42,1.0,41,0.0,0.0,1.0,3.0,3.0,3.0,3.0,3.0,3.0
44,0,0.0,0,1,1,0.045454545454545456,0.0,3.0,3.0,0.0,3.0,-2.0,0.0,3.0,-1.0,43,1.0,42,0.0,0.0,1.0,3.0,3.0,3.0,3.0,3.0,3.0
45,0,0.0,0,1,1,0.045454545454545456,0.0,3.0,3.0,0.0,3.0,-1.0,0.0,3.0,0.0,44,1.0,41,0.0,0.0,1.0,3.0,3.0,3.0,3.0,3.0,3.0
46,0,0.0,0,1,1,0.045454545454545456,0.0,3.0,3.0,0.0,3.0,-1.0,0.0,3.0,0.0,45,1.0,41,0.0,0.0,1.0,3.0,3.0,3.0,3.0,3.0,3.0
47,0,0.0,0,1,1,0.045454545454545456,0.0,3.0,3.0,0.0,3.0,0.0,0.0,3.0,0.0,46,1.0,41,0.0,0.0,1.0,3.0,3.0,3.0,3.0,3.0,3.0
48,0,0.0,0,1,1,0.045454545454545456,0.0,3.0,3.0,0.0,3.0,0.0,0.0,3.0,0.0,47,1.0,42,0.0,0.0,1.0,3.0,3.0,3.0,3.0,3.0,3.0
49,0,0.0,0,1,1,0.045454545454545456,0.0,3.0,3.0,0.0,3.0,0.0,0.0,3.0,0.0,48,1.0,42,0.0,0.0,1.0,3.0,3.0,3.0,3.0,3.0,3.0
50,0,0.0,0,1,1,0.045454545454545456,0.0,3.0,3.0,0.0,3.0,0.0,0.0,3.0,0.0,49,1.0,42,0.0,0.0,1.0,3.0,3.0,3.0,3.0,3.0,3.0
51,0,0.0,0,1,1,0.045454545454545456,0.0,3.0,3.0,0.0,3.0,0.0,0.0,3.0,0.0,50,1.0,42,0.0,0.0,1.0,3.0,3.0,3.0,3.0,3.0,3.0
52,0,0.0,0,1,1,0.045454545454545456,0.0,3.0,3.0,0.0,3.0,0.0,0.0,3.0,0.0,51,1.0,42,0.0,0.0,1.0,3.0,3.0,3.0,3.0,3.0,3.0
53,0,0.0,0,1,1,0.045454545454545456,0.0,3.0,3.0,0.0,3.0,0.0,0.0,3.0,0.0,52,1.0,42,0.0,0.0,1.0,3.0,3.0,3.0,3.0,3.0,3.0
54,0,0.0,0,1,1,0.045454545454545456,0.0,3.0,3.0,0.0,3.0,0.0,0.0,3.0,0.0,53,1.0,43,0.0,0.0,1.0,3.0,3.0,3.0,3.0,3.0,3.0
55,0,0.0,0,1,1,0.045454545454545456,0.0,3.0,3.0,0.0,3.0,0.0,0.0,3.0,0.0,54,1.0,43,0.0,0.0,1.0,3.0,3.0,3.0,3.0,3.0,3.0
56,0,0.0,0,1,1,0.045454545454545456,0.0,3.0,3.0,0.0,3.0,0.0,0.0,3.0,0.0,55,1.0,43,0.0,0.0,1.0,3.0,3.0,3.0,3.0,3.0,3.0
57,0,0.0,0,1,1,0.045454545454545456,0.0,3.0,3.0,0.0,3.0,0.0,0.0,3.0,0.0,56,1.0,43,0.0,0.0,1.0,3.0,3.0,3.0,3.0,3.0,3.0
58,0,0.0,0,1,1,0.045454545454545456,0.0,3.0,3.0,0.0,3.0,0.0,0.0,3.0,0.0,57,1.0,43,0.0,0.0,1.0,3.0,3.0,3.0,3.0,3.0,3.0
59,0,0.0,0,1,1,0.045454545454545456,0.0,3.0,3.0,0.0,3.0,0.0,0.0,3.0,0.0,58,1.0,43,0.0,0.0,1.0,3.0,3.0,3.0,3.0,3.0,3.0
60,0,0.0,0,1,1,0.045454545454545456,0.0,3.0,3.0,0.0,3.0,0.0,0.0,3.0,0.0,59,1.0,43,0.0,0.0,1.0,3.0,3.0,3.0,3.0,3.0,3.0
61,0,0.0,0,1,1,0.045454545454545456,0.0,3.0,3.0,0.0,3.0,0.0,0.0,3.0,0.0,60,1.0,43,0.0,0.0,1.0,3.0,3.0,3.0,3.0,3.0,3.0
62,0,0.0,0,1,1,0.045454545454545456,0.0,3.0,3.0,0.0,3.0,0.0,0.0,3.0,0.0,61,1.0,43,0.0,0.0,1.0,3.0,3.0,3.0,3.0,3.0,3.0
63,0,0.0,0,1,1,0.045454545454545456,0.0,3.0,3.0,0.0,3.0,0.0,0.0,3.0,0.0,62,1.0,43,0.0,0.0,1.0,3.0,3.0,3.0,3.0,3.0,3.0
64,0,0.0,0,1,1,0.045454545454545456,0.0,3.0,3.0,0.0,3.0,0.0,0.0,3.0,0.0,63,1.0,43,0.0,0.0,1.0,3.0,3.0,3.0,3.0,3.0,3.0
65,0,0.0,0,1,1,0.045454545454545456,0.0,3.0,3.0,0.0,3.0,0.0,0.0,3.0,0.0,64,1.0,43,0.0,0.0,1.0,3.0,3.0,3.0,3.0,3.0,3.0
66,0,0.0,0,1,1,0.045454545454545456,0.0,3.0,3.0,0.0,3.0,0.0,0.0,3.0,0.0,65,1.0,43,0.0,0.0,1.0,3.0,3.0,3.0,3.0,3.0,3.0
67,0,0.0,0,1,1,0.045454545454545456,0.0,3.0,3.0,0.0,3.0,0.0,0.0,3.0,0.0,66,1.0,43,0.0,0.0,1.0,3.0,3.0,3.0,3.0,3.0,3.0
68,0,0.0,0,1,1,0.045454545454545456,0.0,3.0,3.0,0.0,3.0,0.0,0.0,3.0,0.0,67,1.0,43,0.0,0.0,1.0,3.0,3.0,3.0,3.0,3.0,3.0
69,0,0.0,0,1,1,0.045454545454545456,0.0,3.0,3.0,0.0,3.0,0.0,0.0,3.0,0.0,68,1.0,43,0.0,0.0,1.0,3.0,3.0,3.0,3.0,3.0,3.0
70,0,0.0,0,1,1,0.045454545454545456,0.0,3.0,3.0,0.0,3.0,0.0,0.0,3.0,0.0,69,1.0,43,0.0,0.0,1.0,3.0,3.0,3.0,3.0,3.0,3.0
71,0,0.0,0,1,1,0.045454545454545456,0.0,3.0,3.0,0.0,3.0,0.0,0.0,3.0,0.0,70,1.0,43,0.0,0.0,1.0,3.0,3.0,3.0,3.0,3.0,3.0
72,0,0.0,0,1,1,0.045454545454545456,0.0,3.0,3.0,0.0,3.0,0.0,0.0,3.0,0.0,71,1.0,43,0.0,0.0,1.0,3.0,3.0,3.0,3.0,3.0,3.0
73,0,0.0,0,1,1,0.045454545454545456,0.0,3.0,3.0,0.0,3.0,0.0,0.0,3.0,0.0,72,1.0,43,0.0,0.0,1.0,3.0,3.0,3.0,3.0,3.0,3.0
74,0,0.0,0,1,1,0.045454545454545456,0.0,3.0,3.0,0.0,3.0,0.0,0.0,3.0,0.0,73,1.0,43,0.0,0.0,1.0,3.0,3.0,3.0,3.0,3.0,3.0
75,0,0.0,0,1,1,0.045454545454545456,0.0,3.0,3.0,0.0,3.0,0.0,0.0,3.0,0.0,74,1.0,43,0.0,0.0,1.0,3.0,3.0,3.0,3.0,3.0,3.0
76,0,0.0,0,1,1,0.045454545454545456,0.0,3.0,3.0,0.0,3.0,0.0,0.0,3.0,0.0,75,1.0,43,0.0,0.0,1.0,3.0,3.0,3.0,3.0,3.0,3.0
77,0,0.0,0,1,1,0.045454545454545456,0.0,3.0,3.0,0.0,3.0,0.0,0.0,3.0,0.0,76,1.0,43,0.0,0.0,1.0,3.0,3.0,3.0,3.0,3.0,3.0
78,0,0.0,0,1,1,0.045454545454545456,0.0,3.0,3.0,0.0,3.0,0.0,0.0,3.0,0.0,77,1.0,43,0.0,0.0,1.0,3.0,3.0,3.0,3.0,3.0,3.0
79,0,0.0,0,1,1,0.045454545454545456,0.0,3.0,3.0,0.0,3.0,0.0,0.0,3.0,0.0,78,1.0,43,0.0,0.0,1.0,3.0,3.0,3.0,3.0,3.0,3.0
80,0,0.0,0,1,1,0.045454545454545456,0.0,3.0,3.0,0.0,3.0,0.0,0.0,3.0,0.0,79,1.0,43,0.0,0.0,1.0,3.0,3.0,3.0,3.0,3.0,3.0
81,0,0.0,0,1,1,0.045454545454545456,0.0,3.0,3.0,0.0,3.0,0.0,0.0,3.0,0.0,80,1.0,43,0.0,0.0,1.0,3.0,3.0,3.0,3.0,3.0,3.0
82,0,0.0,0,1,1,0.045454545454545456,0.0,3.0,3.0,0.0,3.0,0.0,0.0,3.0,0.0,81,1.0,43,0.0,0.0,1.0,3.0,3.0,3.0,3.0,3.0,3.0
83,0,0.0,0,1,1,0.045454545454545456,0.0,3.0,3.0,0.0,3.0,0.0,0.0,3.0,0.0,82,1.0,43,0.0,0.0,1.0,3.0,3.0,3.0,3.0,3.0,3.0
84,0,0.0,0,1,1,0.045454545454545456,0.0,3.0,3.0,0.0,3.0,0.0,0.0,3.0,0.0,83,1.0,43,0.0,0.0,1.0,3.0,3.0,3.0,3.0,3.0,3.0
85,0,0.0,0,1,1,0.045454545454545456,0.0,3.0,3.0,0.0,3.0,0.0,0.0,3.0,0.0,84,1.0,43,0.0,0.0,1.0,3.0,3.0,3.0,3.0,3.0,3.0
86,0,0.0,0,1,1,0.045454545454545456,0.0,3.0,3.0,0.0,3.0,0.0,0.0,3.0,0.0,85,1.0,43,0.0,0.0,1.0,3.0,3.0,3.0,3.0,3.0,3.0
87,0,0.0,0,1,1,0.045454545454545456,0.0,3.0,3.0,0.0,3.0,0.0,0.0,3.0,0.0,86,1.0,43,0.0,0.0,1.0,3.0,3.0,3.0,3.0,3.0,3.0
88,0,0.0,0,1,1,0.045454545454545456,0.0,3.0,3.0,0.0,3.0,0.0,0.0,3.0,0.0,87,1.0,43,0.0,0.0,1.0,3.0,3.0,3.0,3.0,3.0,3.0
89,0,0.0,0,1,1,0.045454545454545456,0.0,3.0,3.0,0.0,3.0,0.0,0.0,3.0,0.0,88,1.0,43,0.0,0.0,1.0,3.0,3.0,3.0,3.0,3.0,3.0
90,0,0.0,0,1,1,0.045454545454545456,0.0,3.0,3.0,0.0,3.0,0.0,0.0,3.0,0.0,89,1.0,43,0.0,0.0,1.0,3.0,3.0,3.0,3.0,3.0,3.0
91,0,0.0,0,1,1,0.045454545454545456,0.0,3.0,3.0,0.0,3.0,0.0,0.0,3.0,0.0,90,1.0,43,0.0,0.0,1.0,3.0,3.0,3.0,3.0,3.0,3.0
92,0,0.0,0,1,1,0.045454545454545456,0.0,3.0,3.0,0.0,3.0,0.0,0.0,3.0,0.0,91,1.0,43,0.0,0.0,1.0,3.0,3.0,3.0,3.0,3.0,3.0
93,0,0.0,0,1,1,0.045454545454545456,0.0,3.0,3.0,0.0,3.0,0.0,0.0,3.0,0.0,92,1.0,43,0.0,0.0,1.0,3.0,3.0,3.0,3.0,3.0,3.0
94,0,0.0,0,1,1,0.045454545454545456,0.0,3.0,3.0,0.0,3.0,0.0,0.0,3.0,0.0,93,1.0,43,0.0,0.0,1.0,3.0,3.0,3.0,3.0,3.0,3.0
95,0,0.0,0,1,1,0.045454545454545456,0.0,3.0,3.0,0.0,3.0,0.0,0.0,3.0,0.0,94,1.0,43,0.0,0.0,1.0,3.0,3.0,3.0,3.0,3.0,3.0
96,0,0.0,0,1,1,0.045454545454545456,0.0,3.0,3.0,0.0,3.0,0.0,0.0,3.0,0.0,95,1.0,43,0.0,0.0,1.0,3.0,3.0,3.0,3.0,3.0,3.0
97,0,0.0,0,1,1,0.045454545454545456,0.0,3.0,3.0,0.0,3.0,0.0,0.0,3.0,0.0,96,1.0,43,0.0,0.0,1.0,3.0,3.0,3.0,3.0,3.0,3.0
98,0,0.0,0,1,1,0.045454545454545456,0.0,3.0,3.0,0.0,3.0,0.0,0.0,3.0,0.0,97,1.0,43,0.0,0.0,1.0,3.0,3.0,3.0,3.0,3.0,3.0
99,0,0.0,0,1,1,0.045454545454545456,0.0,3.0,3.0,0.0,3.0,0.0,0.0,3.0,0.0,98,1.0,43,0.0,0.0,1.0,3.0,3.0,3.0,3.0,3.0,3.0
100,0,0.0,0,1,1,0.045454545454545456,0.0,3.0,3.0,0.0,3.0,0.0,0.0,3.0,0.0,99,1.0,43,0.0,0.0,1.0,3.0,3.0,3.0,3.0,3.0,3.0
101,0,0.0,0,1,1,0.045454545454545456,0.0,3.0,3.0,0.0,3.0,0.0,0.0,3.0,0.0,100,1.0,43,0.0,0.0,1.0,3.0,3.0,3.0,3.0,3.0,3.0
102,0,0.0,0,1,1,0.045454545454545456,0.0,3.0,3.0,0.0,3.0,0.0,0.0,3.0,0.0,101,1.0,43,0.0,0.0,1.0,3.0,3.0,3.0,3.0,3.0,3.0
103,0,0.0,0,1,1,0.045454545454545456,0.0,3.0,3.0,0.0,3.0,0.0,0.0,3.0,0.0,102,1.0,43,0.0,0.0,1.0,3.0,3.0,3.0,3.0,3.0,3.0
104,0,0.0,0,1,1,0.045454545454545456,0.0,3.0,3.0,0.0,3.0,0.0,0.0,3.0,0.0,103,1.0,43,0.0,0.0,1.0,3.0,3.0,3.0,3.0,3.0,3.0
105,0,0.0,0,1,1,0.045454545454545456,0.0,3.0,3.0,0.0,3.0,0.0,0.0,3.0,0.0,104,1.0,43,0.0,0.0,1.0,3.0,3.0,3.0,3.0,3.0,3.0
106,0,0.0,0,1,1,0.045454545454545456,0.0,3.0,3.0,0.0,3.0,0.0,0.0,3.0,0.0,105,1.0,43,0.0,0.0,1.0,3.0,3.0,3.0,3.0,3.0,3.0
107,0,0.0,0,1,1,0.045454545454545456,0.0,3.0,3.0,0.0,3.0,0.0,0.0,3.0,0.0,106,1.0,43,0.0,0.0,1.0,3.0,3.0,3.0,3.0,3.0,3.0
108,0,0.0,0,1,1,0.045454545454545456,0.0,3.0,3.0,0.0,3.0,0.0,0.0,3.0,0.0,107,1.0,43,0.0,0.0,1.0,3.0,3.0,3.0,3.0,3.0,3.0
109,0,0.0,0,1,1,0.045454545454545456,0.0,3.0,3.0,0.0,3.0,0.0,0.0,3.0,0.0,108,1.0,43,0.0,0.0,1.0,3.0,3.0,3.0,3.0,3.0,3.0
110,0,0.0,0,1,1,0.045454545454545456,0.0,3.0,3.0,0.0,3.0,0.0,0.0,3.0,0.0,109,1.0,43,0.0,0.0,1.0,3.0,3.0,3.0,3.0,3.0,3.0
111,0,0.0,0,1,1,0.045454545454545456,0.0,3.0,3.0,0.0,3.0,0.0,0.0,3.0,0.0,110,1.0,43,0.0,0.0,1.0,3.0,3.0,3.0,3.0,3.0,3.0
112,0,0.0,0,1,1,0.045454545454545456,0.0,3.0,3.0,0.0,3.0,0.0,0.0,3.0,0.0,111,1.0,43,0.0,0.0,1.0,3.0,3.0,3.0,3.0,3.0,3.0
113,0,0.0,0,1,1,0.045454545454545456,0.0,3.0,3.0,0.0,3.0,0.0,0.0,3.0,0.0,112,1.0,43,0.0,0.0,1.0,3.0,3.0,3.0,3.0,3.0,3.0
114,0,0.0,0,1,1,0.045454545454545456,0.0,3.0,3.0,0.0,3.0,0.0,0.0,3.0,0.0,113,1.0,43,0.0,0.0,1.0,3.0,3.0,3.0,3.0,3.0,3.0
115,0,0.0,0,1,1,0.045454545454545456,0.0,3.0,3.0,0.0,3.0,0.0,0.0,3.0,0.0,114,1.0,43,0.0,0.0,1.0,3.0,3.0,3.0,3.0,3.0,3.0
116,0,0.0,0,1,1,0.045454545454545456,0.0,3.0,3.0,0.0,3.0,0.0,0.0,3.0,0.0,115,1.0,43,0.0,0.0,1.0,3.0,3.0,3.0,3.0,3.0,3.0
117,0,0.0,0,1,1,0.045454545454545456,0.0,3.0,3.0,0.0,3.0,0.0,0.0,3.0,0.0,116,1.0,43,0.0,0.0,1.0,3.0,3.0,3.0,3.0,3.0,3.0
118,0,0.0,0,1,1,0.045454545454545456,0.0,3.0,3.0,0.0,3.0,0.0,0.0,3.0,0.0,117,1.0,43,0.0,0.0,1.0,3.0,3.0,3.0,3.0,3.0,3.0
119,0,0.0,0,1,1,0.045454545454545456,0.0,3.0,3.0,0.0,3.0,0.0,0.0,3.0,0.0,118,1.0,43,0.0,0.0,1.0,3.0,3.0,3.0,3.0,3.0,3.0
120,0,0.0,0,1,1,0.045454545454545456,0.0,3.0,3.0,0.0,3.0,0.0,0.0,3.0,0.0,119,1.0,43,0.0,0.0,1.0,3.0,3.0,3.0,3.0,3.0,3.0
121,0,0.0,0,1,1,0.045454545454545456,0.0,3.0,3.0,0.0,3.0,0.0,0.0,3.0,0.0,120,1.0,43,0.0,0.0,1.0,3.0,3.0,3.0,3.0,3.0,3.0
122,0,0.0,0,1,1,0.045454545454545456,0.0,3.0,3.0,0.0,3.0,0.0,0.0,3.0,0.0,121,1.0,43,0.0,0.0,1.0,3.0,3.0,3.0,3.0,3.0,3.0
1,1,0.0,1,0,1,0.09090909090909091,0.0,4.0,6.0,0.0,4.0,0.0,0.0,6.0,0.0,0,0.0,0,0.0,0.0,1.5,0.0,0.0,0.0,0.0,0.0,0.0
2,1,0.0,1,0,1,0.09090909090909091,0.0,4.0,6.0,0.0,4.0,0.0,0.0,6.0,0.0,1,0.5,43,0.0,0.0,1.5,4.0,6.0,0.0,0.0,0.0,0.0
3,1,0.0,1,0,1,0.09090909090909091,0.0,4.0,6.0,0.0,4.0,0.0,0.0,6.0,0.0,2,0.6666666666666666,43,0.0,0.0,1.5,4.0,6.0,4.0,6.0,0.0,0.0
4,1,0.0,0,1,1,0.09090909090909091,0.0,4.0,6.0,0.0,4.0,0.0,0.0,6.0,0.0,3,0.75,43,0.0,0.0,1.5,4.0,6.0,4.0,6.0,4.0,6.0
5,1,0.0,0,1,1,0.09090909090909091,0.0,4.0,6.0,0.0,4.0,0.0,0.0,6.0,0.0,4,0.8,43,0.0,0.0,1.5,4.0,6.0,4.0,6.0,4.0,6.0
6,1,0.0,0,1,1,0.09090909090909091,0.047619047619047616,4.0,5.8,0.0,4.0,0.0,-1.4619519810524544,6.0,0.0,0,0.8,26,0.0,-1.0,1.25,4.0,6.0,4.0,6.0,4.0,6.0
7,1,0.0,0,1,1,0.09090909090909091,0.09523809523809523,4.0,5.6,0.0,4.0,0.0,-0.9263225327693089,6.0,0.0,0,0.6,26,0.0,-1.0,1.25,4.0,5.0,4.0,6.0,4.0,6.0
8,1,0.0,0,1,1,0.09090909090909091,0.14285714285714285,3.2,5.4,-1.6941485963634677,4.0,0.0,-0.6175483551795402,6.0,0.0,0,0.4,27,-4.0,-1.0,5.0,4.0,5.0,4.0,5.0,4.0,6.0
9,1,0.0,0,1,1,0.09090909090909091,0.19047619047619047,2.4,5.0,-1.0476276726617109,4.0,0.0,-1.2389934309929542,6.0,0.0,0,0.2,26,-4.0,-2.0,4.0,0.0,5.0,4.0,5.0,4.0,5.0
10,1,0.0,0,1,1,0.09090909090909091,0.23809523809523808,1.6,4.2,-0.6984184484411405,4.0,0.0,-1.5671296202894471,5.0,0.0,0,0.0,26,-4.0,-4.0,2.0,0.0,4.0,0.0,5.0,4.0,5.0
11,1,0.0,0,1,1,0.09090909090909091,0.2857142857142857,0.8,3.6,-0.4235371490908669,4.0,-4.0,-0.9897467869417014,5.0,-2.0,0,0.0,28,-4.0,-3.0,2.0,0.0,2.0,0.0,4.0,0.0,5.0
12,1,0.0,0,1,1,0.09090909090909091,0.3333333333333333,0.0,2.8,0.0,0.0,-4.0,-1.032602903541969,5.0,-3.0,0,0.0,34,-4.0,-4.0,1.0,0.0,2.0,0.0,2.0,0.0,4.0
13,1,0.0,0,1,1,0.13636363636363635,0.3333333333333333,0.0,2.2,0.0,0.0,4.0,-0.16730170000173666,4.0,-2.0,0,0.0,31,0.0,-3.0,2.0,0.0,1.0,0.0,2.0,0.0,2.0
14,1,0.0,0,1,1,0.18181818181818182,0.3333333333333333,0.2,2.0,1.4619519810524546,1.0,5.0,1.2389934309929542,3.0,1.0,0,0.0,26,1.0,-1.0,3.0,0.0,2.0,0.0,1.0,0.0,2.0
15,1,0.0,0,1,1,0.18181818181818182,0.3333333333333333,0.4,2.2,0.9263225327693092,1.0,5.0,0.854098581488783,3.0,5.0,1,0.2,28,1.0,1.0,3.0,1.0,3.0,0.0,2.0,0.0,1.0
16,1,0.0,0,1,1,0.18181818181818182,0.3333333333333333,0.6,2.4,0.6175483551795395,1.0,5.0,0.6033624235442401,3.0,4.0,2,0.4,28,1.0,1.0,3.0,1.0,3.0,1.0,3.0,0.0,2.0
17,1,0.0,0,1,1,0.13636363636363635,0.3333333333333333,0.8,2.8,0.36548799526311354,1.0,5.0,0.3654879952631139,3.0,6.0,0,0.4,29,1.0,2.0,3.0,1.0,3.0,1.0,3.0,1.0,3.0
18,1,0.0,0,1,1,0.09090909090909091,0.3333333333333333,1.0,2.8,0.0,1.0,1.0,-1.4619519810524544,3.0,3.0,0,0.4,30,1.0,0.0,2.0,1.0,3.0,1.0,3.0,1.0,3.0
19,1,0.0,0,1,1,0.09090909090909091,0.38095238095238093,0.8,2.6,-1.4619519810524546,1.0,-2.0,-0.9263225327693094,3.0,0.0,0,0.4,34,-1.0,-1.0,2.0,1.0,2.0,1.0,3.0,1.0,3.0
20,1,0.0,0,1,1,0.09090909090909091,0.42857142857142855,0.6,2.4,-0.9263225327693092,1.0,-2.0,-0.6175483551795394,3.0,-2.0,0,0.2,33,-1.0,-1.0,2.0,0.0,2.0,1.0,2.0,1.0,3.0
21,1,0.0,0,1,1,0.09090909090909091,0.47619047619047616,0.4,2.6,-0.6175483551795395,1.0,-2.0,1.4078456549365599,4.0,0.0,0,0.0,33,-1.0,1.0,4.0,0.0,2.0,0.0,2.0,1.0,2.0
22,1,0.0,0,1,1,0.09090909090909091,0.5238095238095238,0.2,2.8,-0.36548799526311365,1.0,-2.0,1.0038102000104192,4.0,-1.0,0,0.0,34,-1.0,1.0,4.0,0.0,4.0,0.0,2.0,0.0,2.0
23,1,0.0,0,1,1,0.09090909090909091,0.5714285714285714,0.0,2.6,0.0,0.0,-2.0,-1.1098465130725128,4.0,-1.0,0,0.0,35,-1.0,-1.0,1.0,0.0,4.0,0.0,4.0,0.0,2.0
24,1,0.0,0,1,1,0.13636363636363635,0.5714285714285714,0.0,2.4,0.0,0.0,1.0,-0.8660284385739887,4.0,0.0,0,0.0,35,0.0,-1.0,1.0,0.0,1.0,0.0,4.0,0.0,4.0
25,1,0.0,0,1,1,0.13636363636363635,0.5714285714285714,0.2,2.2,1.4619519810524546,1.0,2.0,-0.6884019356946461,4.0,0.0,1,0.2,32,1.0,-1.0,1.0,0.0,1.0,0.0,1.0,0.0,4.0
26,1,0.0,0,1,1,0.13636363636363635,0.5714285714285714,0.4,1.6,0.9263225327693092,1.0,2.0,-0.4161924424021924,4.0,-4.0,2,0.4,35,1.0,-3.0,1.0,1.0,1.0,0.0,1.0,0.0,1.0
27,1,0.0,0,1,1,0.09090909090909091,0.5714285714285714,0.4,1.0,-0.6175483551795395,1.0,1.0,0.0,1.0,-4.0,0,0.4,37,0.0,-3.0,1.0,1.0,1.0,1.0,1.0,0.0,1.0
28,1,0.0,0,1,1,0.09090909090909091,0.5238095238095238,0.6,1.2,0.6175483551795395,1.0,2.0,1.4619519810524546,2.0,2.0,0,0.4,35,1.0,1.0,2.0,0.0,1.0,1.0,1.0,1.0,1.0
29,1,0.0,0,1,1,0.09090909090909091,0.47619047619047616,0.8,1.6,0.36548799526311354,1.0,1.0,1.4078456549365597,3.0,3.0,0,0.4,34,1.0,2.0,3.0,1.0,2.0,0.0,1.0,1.0,1.0
30,1,0.0,0,1,1,0.09090909090909091,0.42857142857142855,0.8,2.2,0.36548799526311354,1.0,-1.0,1.2821969620550018,4.0,4.0,0,0.2,36,0.0,3.0,4.0,1.0,3.0,1.0,2.0,0.0,1.0
31,1,0.0,0,1,1,0.09090909090909091,0.38095238095238093,0.8,2.6,0.36548799526311354,1.0,-1.0,0.3225350155346164,4.0,5.0,0,0.0,37,0.0,2.0,3.0,1.0,4.0,1.0,3.0,1.0,2.0
32,1,0.0,0,1,1,0.09090909090909091,0.3333333333333333,1.2,2.8,1.4619519810524546,2.0,2.0,-0.8540985814887834,4.0,4.0,0,0.0,38,2.0,1.0,1.0,1.0,3.0,1.0,4.0,1.0,3.0
33,1,0.0,0,1,1,0.09090909090909091,0.2857142857142857,1.2,2.8,-0.36548799526311354,2.0,-1.0,-0.8540985814887834,4.0,-1.0,0,0.0,40,0.0,0.0,2.0,2.0,2.0,1.0,3.0,1.0,4.0
34,1,0.0,0,1,1,0.09090909090909091,0.23809523809523808,1.2,2.6,-0.36548799526311354,2.0,-1.0,-0.6033624235442402,4.0,-3.0,0,0.0,40,0.0,-1.0,2.0,1.0,2.0,2.0,2.0,1.0,3.0
35,1,0.0,0,1,1,0.09090909090909091,0.19047619047619047,1.2,2.2,-0.36548799526311354,2.0,0.0,-0.36548799526311415,3.0,-5.0,0,0.0,39,0.0,-2.0,2.0,1.0,2.0,1.0,2.0,2.0,2.0
36,1,0.0,0,1,1,0.09090909090909091,0.14285714285714285,1.2,2.2,-0.36548799526311354,2.0,0.0,1.4619519810524544,3.0,-2.0,0,0.0,39,0.0,0.0,3.0,1.0,2.0,1.0,2.0,1.0,2.0
37,1,0.0,0,1,1,0.09090909090909091,0.09523809523809523,1.2,2.4,1.4619519810524546,2.0,-2.0,0.9263225327693094,3.0,0.0,0,0.0,40,0.0,1.0,1.5,1.0,3.0,1.0,2.0,1.0,2.0
38,1,0.0,0,1,1,0.09090909090909091,0.047619047619047616,1.6,2.6,1.4078456549365597,3.0,2.0,0.6175483551795394,3.0,1.0,0,0.0,39,2.0,1.0,1.0,2.0,3.0,1.0,3.0,1.0,2.0
39,1,0.0,0,1,1,0.09090909090909091,0.0,2.0,3.0,0.9090909090909092,3.0,2.0,1.2389934309929542,4.0,3.0,0,0.0,39,2.0,2.0,1.3333333333333333,3.0,3.0,2.0,3.0,1.0,3.0
40,1,0.0,0,1,1,0.09090909090909091,0.0,2.4,3.4,0.6033624235442401,3.0,2.0,0.9263225327693094,4.0,4.0,1,0.2,40,2.0,2.0,1.3333333333333333,3.0,4.0,3.0,3.0,2.0,3.0
41,1,0.0,0,1,1,0.09090909090909091,0.0,2.8,3.6,0.36548799526311393,3.0,2.0,0.6175483551795394,4.0,1.0,2,0.4,41,2.0,1.0,1.3333333333333333,3.0,4.0,3.0,4.0,3.0,3.0
42,1,0.0,0,1,1,0.09090909090909091,0.0,3.0,3.8,0.0,3.0,1.0,0.365487995263114,4.0,0.0,3,0.6,41,1.0,1.0,1.3333333333333333,3.0,4.0,3.0,4.0,3.0,4.0
43,1,0.0,0,1,1,0.09090909090909091,0.0,3.0,4.0,0.0,3.0,-2.0,0.0,4.0,0.0,4,0.8,41,0.0,1.0,1.3333333333333333,3.0,4.0,3.0,4.0,3.0,4.0
44,1,0.0,0,1,1,0.09090909090909091,0.0,3.0,4.0,0.0,3.0,-2.0,0.0,4.0,-2.0,5,1.0,42,0.0,0.0,1.3333333333333333,3.0,4.0,3.0,4.0,3.0,4.0
45,1,0.0,0,1,1,0.09090909090909091,0.0,3.0,4.0,0.0,3.0,-2.0,0.0,4.0,-2.0,6,1.0,41,0.0,0.0,1.3333333333333333,3.0,4.0,3.0,4.0,3.0,4.0
46,1,0.0,0,1,1,0.09090909090909091,0.0,3.0,4.0,0.0,3.0,-2.0,0.0,4.0,-1.0,7,1.0,41,0.0,0.0,1.3333333333333333,3.0,4.0,3.0,4.0,3.0,4.0
47,1,0.0,0,1,1,0.09090909090909091,0.0,3.0,4.0,0.0,3.0,-1.0,0.0,4.0,-1.0,8,1.0,41,0.0,0.0,1.3333333333333333,3.0,4.0,3.0,4.0,3.0,4.0
48,1,0.0,0,1,1,0.09090909090909091,0.0,3.0,4.0,0.0,3.0,0.0,0.0,4.0,-1.0,9,1.0,42,0.0,0.0,1.3333333333333333,3.0,4.0,3.0,4.0,3.0,4.0
49,1,0.0,0,1,1,0.09090909090909091,0.0,3.0,4.0,0.0,3.0,0.0,0.0,4.0,0.0,10,1.0,42,0.0,0.0,1.3333333333333333,3.0,4.0,3.0,4.0,3.0,4.0
50,1,0.0,0,1,1,0.09090909090909091,0.0,3.0,4.0,0.0,3.0,0.0,0.0,4.0,0.0,11,1.0,42,0.0,0.0,1.3333333333333333,3.0,4.0,3.0,4.0,3.0,4.0
51,1,0.0,0,1,1,0.09090909090909091,0.0,3.0,4.0,0.0,3.0,0.0,0.0,4.0,0.0,12,1.0,42,0.0,0.0,1.3333333333333333,3.0,4.0,3.0,4.0,3.0,4.0
52,1,0.0,0,1,1,0.09090909090909091,0.0,3.0,4.0,0.0,3.0,0.0,0.0,4.0,0.0,13,1.0,42,0.0,0.0,1.3333333333333333,3.0,4.0,3.0,4.0,3.0,4.0
53,1,0.0,0,1,1,0.09090909090909091,0.0,3.0,4.0,0.0,3.0,0.0,0.0,4.0,0.0,14,1.0,42,0.0,0.0,1.3333333333333333,3.0,4.0,3.0,4.0,3.0,4.0
54,1,0.0,0,1,1,0.09090909090909091,0.0,3.0,4.0,0.0,3.0,0.0,0.0,4.0,0.0,15,1.0,43,0.0,0.0,1.3333333333333333,3.0,4.0,3.0,4.0,3.0,4.0
55,1,0.0,0,1,1,0.09090909090909091,0.0,3.0,4.0,0.0,3.0,0.0,0.0,4.0,0.0,16,1.0,43,0.0,0.0,1.3333333333333333,3.0,4.0,3.0,4.0,3.0,4.0
56,1,0.0,0,1,1,0.09090909090909091,0.0,3.0,4.0,0.0,3.0,0.0,0.0,4.0,0.0,17,1.0,43,0.0,0.0,1.3333333333333333,3.0,4.0,3.0,4.0,3.0,4.0
57,1,0.0,0,1,1,0.09090909090909091,0.0,3.0,4.0,0.0,3.0,0.0,0.0,4.0,0.0,18,1.0,43,0.0,0.0,1.3333333333333333,3.0,4.0,3.0,4.0,3.0,4.0
58,1,0.0,0,1,1,0.09090909090909091,0.0,3.0,4.0,0.0,3.0,0.0,0.0,4.0,0.0,19,1.0,43,0.0,0.0,1.3333333333333333,3.0,4.0,3.0,4.0,3.0,4.0
59,1,0.0,0,1,1,0.09090909090909091,0.0,3.0,4.0,0.0,3.0,0.0,0.0,4.0,0.0,20,1.0,43,0.0,0.0,1.3333333333333333,3.0,4.0,3.0,4.0,3.0,4.0
60,1,0.0,0,1,1,0.09090909090909091,0.0,3.0,4.0,0.0,3.0,0.0,0.0,4.0,0.0,21,1.0,43,0.0,0.0,1.3333333333333333,3.0,4.0,3.0,4.0,3.0,4.0
61,1,0.0,0,1,1,0.09090909090909091,0.0,3.0,4.0,0.0,3.0,0.0,0.0,4.0,0.0,22,1.0,43,0.0,0.0,1.3333333333333333,3.0,4.0,3.0,4.0,3.0,4.0
62,1,0.0,0,1,1,0.09090909090909091,0.0,3.0,4.0,0.0,3.0,0.0,0.0,4.0,0.0,23,1.0,43,0.0,0.0,1.3333333333333333,3.0,4.0,3.0,4.0,3.0,4.0
63,1,0.0,0,1,1,0.09090909090909091,0.0,3.0,4.0,0.0,3.0,0.0,0.0,4.0,0.0,24,1.0,43,0.0,0.0,1.3333333333333333,3.0,4.0,3.0,4.0,3.0,4.0
64,1,0.0,0,1,1,0.09090909090909091,0.0,3.0,4.0,0.0,3.0,0.0,0.0,4.0,0.0,25,1.0,43,0.0,0.0,1.3333333333333333,3.0,4.0,3.0,4.0,3.0,4.0
65,1,0.0,0,1,1,0.09090909090909091,0.0,3.0,4.0,0.0,3.0,0.0,0.0,4.0,0.0,26,1.0,43,0.0,0.0,1.3333333333333333,3.0,4.0,3.0,4.0,3.0,4.0
66,1,0.0,0,1,1,0.09090909090909091,0.0,3.0,4.0,0.0,3.0,0.0,0.0,4.0,0.0,27,1.0,43,0.0,0.0,1.3333333333333333,3.0,4.0,3.0,4.0,3.0,4.0
67,1,0.0,0,1,1,0.09090909090909091,0.0,3.0,4.0,0.0,3.0,0.0,0.0,4.0,0.0,28,1.0,43,0.0,0.0,1.3333333333333333,3.0,4.0,3.0,4.0,3.0,4.0
68,1,0.0,0,1,1,0.09090909090909091,0.0,3.0,4.0,0.0,3.0,0.0,0.0,4.0,0.0,29,1.0,43,0.0,0.0,1.3333333333333333,3.0,4.0,3.0,4.0,3.0,4.0
69,1,0.0,0,1,1,0.09090909090909091,0.0,3.0,4.0,0.0,3.0,0.0,0.0,4.0,0.0,30,1.0,43,0.0,0.0,1.3333333333333333,3.0,4.0,3.0,4.0,3.0,4.0
70,1,0.0,0,1,1,0.09090909090909091,0.0,3.0,4.0,0.0,3.0,0.0,0.0,4.0,0.0,31,1.0,43,0.0,0.0,1.3333333333333333,3.0,4.0,3.0,4.0,3.0,4.0
71,1,0.0,0,1,1,0.09090909090909091,0.0,3.0,4.0,0.0,3.0,0.0,0.0,4.0,0.0,32,1.0,43,0.0,0.0,1.3333333333333333,3.0,4.0,3.0,4.0,3.0,4.0
72,1,0.0,0,1,1,0.09090909090909091,0.0,3.0,4.0,0.0,3.0,0.0,0.0,4.0,0.0,33,1.0,43,0.0,0.0,1.3333333333333333,3.0,4.0,3.0,4.0,3.0,4.0
73,1,0.0,0,1,1,0.09090909090909091,0.0,3.0,4.0,0.0,3.0,0.0,0.0,4.0,0.0,34,1.0,43,0.0,0.0,1.3333333333333333,3.0,4.0,3.0,4.0,3.0,4.0
74,1,0.0,0,1,1,0.09090909090909091,0.0,3.0,4.0,0.0,3.0,0.0,0.0,4.0,0.0,35,1.0,43,0.0,0.0,1.3333333333333333,3.0,4.0,3.0,4.0,3.0,4.0
75,1,0.0,0,1,1,0.09090909090909091,0.0,3.0,4.0,0.0,3.0,0.0,0.0,4.0,0.0,36,1.0,43,0.0,0.0,1.3333333333333333,3.0,4.0,3.0,4.0,3.0,4.0
76,1,0.0,0,1,1,0.09090909090909091,0.0,3.0,4.0,0.0,3.0,0.0,0.0,4.0,0.0,37,1.0,43,0.0,0.0,1.3333333333333333,3.0,4.0,3.0,4.0,3.0,4.0
77,1,0.0,0,1,1,0.09090909090909091,0.0,3.0,4.0,0.0,3.0,0.0,0.0,4.0,0.0,38,1.0,43,0.0,0.0,1.3333333333333333,3.0,4.0,3.0,4.0,3.0,4.0
78,1,0.0,0,1,1,0.09090909090909091,0.0,3.0,4.0,0.0,3.0,0.0,0.0,4.0,0.0,39,1.0,43,0.0,0.0,1.3333333333333333,3.0,4.0,3.0,4.0,3.0,4.0
79,1,0.0,0,1,1,0.09090909090909091,0.0,3.0,4.0,0.0,3.0,0.0,0.0,4.0,0.0,40,1.0,43,0.0,0.0,1.3333333333333333,3.0,4.0,3.0,4.0,3.0,4.0
80,1,0.0,0,1,1,0.09090909090909091,0.0,3.0,4.0,0.0,3.0,0.0,0.0,4.0,0.0,41,1.0,43,0.0,0.0,1.3333333333333333,3.0,4.0,3.0,4.0,3.0,4.0
81,1,0.0,0,1,1,0.09090909090909091,0.0,3.0,4.0,0.0,3.0,0.0,0.0,4.0,0.0,42,1.0,43,0.0,0.0,1.3333333333333333,3.0,4.0,3.0,4.0,3.0,4.0
82,1,0.0,0,1,1,0.09090909090909091,0.0,3.0,4.0,0.0,3.0,0.0,0.0,4.0,0.0,43,1.0,43,0.0,0.0,1.3333333333333333,3.0,4.0,3.0,4.0,3.0,4.0
83,1,0.0,0,1,1,0.09090909090909091,0.0,3.0,4.0,0.0,3.0,0.0,0.0,4.0,0.0,44,1.0,43,0.0,0.0,1.3333333333333333,3.0,4.0,3.0,4.0,3.0,4.0
84,1,0.0,0,1,1,0.09090909090909091,0.0,3.0,4.0,0.0,3.0,0.0,0.0,4.0,0.0,45,1.0,43,0.0,0.0,1.3333333333333333,3.0,4.0,3.0,4.0,3.0,4.0
85,1,0.0,0,1,1,0.09090909090909091,0.0,3.0,4.0,0.0,3.0,0.0,0.0,4.0,0.0,46,1.0,43,0.0,0.0,1.3333333333333333,3.0,4.0,3.0,4.0,3.0,4.0
86,1,0.0,0,1,1,0.09090909090909091,0.0,3.0,4.0,0.0,3.0,0.0,0.0,4.0,0.0,47,1.0,43,0.0,0.0,1.3333333333333333,3.0,4.0,3.0,4.0,3.0,4.0
87,1,0.0,0,1,1,0.09090909090909091,0.0,3.0,4.0,0.0,3.0,0.0,0.0,4.0,0.0,48,1.0,43,0.0,0.0,1.3333333333333333,3.0,4.0,3.0,4.0,3.0,4.0
88,1,0.0,0,1,1,0.09090909090909091,0.0,3.0,4.0,0.0,3.0,0.0,0.0,4.0,0.0,49,1.0,43,0.0,0.0,1.3333333333333333,3.0,4.0,3.0,4.0,3.0,4.0
89,1,0.0,0,1,1,0.09090909090909091,0.0,3.0,4.0,0.0,3.0,0.0,0.0,4.0,0.0,50,1.0,43,0.0,0.0,1.3333333333333333,3.0,4.0,3.0,4.0,3.0,4.0
90,1,0.0,0,1,1,0.09090909090909091,0.0,3.0,4.0,0.0,3.0,0.0,0.0,4.0,0.0,51,1.0,43,0.0,0.0,1.3333333333333333,3.0,4.0,3.0,4.0,3.0,4.0
91,1,0.0,0,1,1,0.09090909090909091,0.0,3.0,4.0,0.0,3.0,0.0,0.0,4.0,0.0,52,1.0,43,0.0,0.0,1.3333333333333333,3.0,4.0,3.0,4.0,3.0,4.0
92,1,0.0,0,1,1,0.09090909090909091,0.0,3.0,4.0,0.0,3.0,0.0,0.0,4.0,0.0,53,1.0,43,0.0,0.0,1.3333333333333333,3.0,4.0,3.0,4.0,3.0,4.0
93,1,0.0,0,1,1,0.09090909090909091,0.0,3.0,4.0,0.0,3.0,0.0,0.0,4.0,0.0,54,1.0,43,0.0,0.0,1.3333333333333333,3.0,4.0,3.0,4.0,3.0,4.0
94,1,0.0,0,1,1,0.09090909090909091,0.0,3.0,4.0,0.0,3.0,0.0,0.0,4.0,0.0,55,1.0,43,0.0,0.0,1.3333333333333333,3.0,4.0,3.0,4.0,3.0,4.0
95,1,0.0,0,1,1,0.09090909090909091,0.0,3.0,4.0,0.0,3.0,0.0,0.0,4.0,0.0,56,1.0,43,0.0,0.0,1.3333333333333333,3.0,4.0,3.0,4.0,3.0,4.0
96,1,0.0,0,1,1,0.09090909090909091,0.0,3.0,4.0,0.0,3.0,0.0,0.0,4.0,0.0,57,1.0,43,0.0,0.0,1.3333333333333333,3.0,4.0,3.0,4.0,3.0,4.0
97,1,0.0,0,1,1,0.09090909090909091,0.0,3.0,4.0,0.0,3.0,0.0,0.0,4.0,0.0,58,1.0,43,0.0,0.0,1.3333333333333333,3.0,4.0,3.0,4.0,3.0,4.0
98,1,0.0,0,1,1,0.09090909090909091,0.0,3.0,4.0,0.0,3.0,0.0,0.0,4.0,0.0,59,1.0,43,0.0,0.0,1.3333333333333333,3.0,4.0,3.0,4.0,3.0,4.0
99,1,0.0,0,1,1,0.09090909090909091,0.0,3.0,4.0,0.0,3.0,0.0,0.0,4.0,0.0,60,1.0,43,0.0,0.0,1.3333333333333333,3.0,4.0,3.0,4.0,3.0,4.0
100,1,0.0,0,1,1,0.09090909090909091,0.0,3.0,4.0,0.0,3.0,0.0,0.0,4.0,0.0,61,1.0,43,0.0,0.0,1.3333333333333333,3.0,4.0,3.0,4.0,3.0,4.0
101,1,0.0,0,1,1,0.09090909090909091,0.0,3.0,4.0,0.0,3.0,0.0,0.0,4.0,0.0,62,1.0,43,0.0,0.0,1.3333333333333333,3.0,4.0,3.0,4.0,3.0,4.0
102,1,0.0,0,1,1,0.09090909090909091,0.0,3.0,4.0,0.0,3.0,0.0,0.0,4.0,0.0,63,1.0,43,0.0,0.0,1.3333333333333333,3.0,4.0,3.0,4.0,3.0,4.0
103,1,0.0,0,1,1,0.09090909090909091,0.0,3.0,4.0,0.0,3.0,0.0,0.0,4.0,0.0,64,1.0,43,0.0,0.0,1.3333333333333333,3.0,4.0,3.0,4.0,3.0,4.0
104,1,0.0,0,1,1,0.09090909090909091,0.0,3.0,4.0,0.0,3.0,0.0,0.0,4.0,0.0,65,1.0,43,0.0,0.0,1.3333333333333333,3.0,4.0,3.0,4.0,3.0,4.0
105,1,0.0,0,1,1,0.09090909090909091,0.0,3.0,4.0,0.0,3.0,0.0,0.0,4.0,0.0,66,1.0,43,0.0,0.0,1.3333333333333333,3.0,4.0,3.0,4.0,3.0,4.0
106,1,0.0,0,1,1,0.09090909090909091,0.0,3.0,4.0,0.0,3.0,0.0,0.0,4.0,0.0,67,1.0,43,0.0,0.0,1.3333333333333333,3.0,4.0,3.0,4.0,3.0,4.0
107,1,0.0,0,1,1,0.09090909090909091,0.0,3.0,4.0,0.0,3.0,0.0,0.0,4.0,0.0,68,1.0,43,0.0,0.0,1.3333333333333333,3.0,4.0,3.0,4.0,3.0,4.0
108,1,0.0,0,1,1,0.09090909090909091,0.0,3.0,4.0,0.0,3.0,0.0,0.0,4.0,0.0,69,1.0,43,0.0,0.0,1.3333333333333333,3.0,4.0,3.0,4.0,3.0,4.0
109,1,0.0,0,1,1,0.09090909090909091,0.0,3.0,4.0,0.0,3.0,0.0,0.0,4.0,0.0,70,1.0,43,0.0,0.0,1.3333333333333333,3.0,4.0,3.0,4.0,3.0,4.0
110,1,0.0,0,1,1,0.09090909090909091,0.0,3.0,4.0,0.0,3.0,0.0,0.0,4.0,0.0,71,1.0,43,0.0,0.0,1.3333333333333333,3.0,4.0,3.0,4.0,3.0,4.0
111,1,0.0,0,1,1,0.09090909090909091,0.0,3.0,4.0,0.0,3.0,0.0,0.0,4.0,0.0,72,1.0,43,0.0,0.0,1.3333333333333333,3.0,4.0,3.0,4.0,3.0,4.0
112,1,0.0,0,1,1,0.09090909090909091,0.0,3.0,4.0,0.0,3.0,0.0,0.0,4.0,0.0,73,1.0,43,0.0,0.0,1.3333333333333333,3.0,4.0,3.0,4.0,3.0,4.0
113,1,0.0,0,1,1,0.09090909090909091,0.0,3.0,4.0,0.0,3.0,0.0,0.0,4.0,0.0,74,1.0,43,0.0,0.0,1.3333333333333333,3.0,4.0,3.0,4.0,3.0,4.0
114,1,0.0,0,1,1,0.09090909090909091,0.0,3.0,4.0,0.0,3.0,0.0,0.0,4.0,0.0,75,1.0,43,0.0,0.0,1.3333333333333333,3.0,4.0,3.0,4.0,3.0,4.0
115,1,0.0,0,1,1,0.09090909090909091,0.0,3.0,4.0,0.0,3.0,0.0,0.0,4.0,0.0,76,1.0,43,0.0,0.0,1.3333333333333333,3.0,4.0,3.0,4.0,3.0,4.0
116,1,0.0,0,1,1,0.09090909090909091,0.0,3.0,4.0,0.0,3.0,0.0,0.0,4.0,0.0,77,1.0,43,0.0,0.0,1.3333333333333333,3.0,4.0,3.0,4.0,3.0,4.0
117,1,0.0,0,1,1,0.09090909090909091,0.0,3.0,4.0,0.0,3.0,0.0,0.0,4.0,0.0,78,1.0,43,0.0,0.0,1.3333333333333333,3.0,4.0,3.0,4.0,3.0,4.0
118,1,0.0,0,1,1,0.09090909090909091,0.0,3.0,4.0,0.0,3.0,0.0,0.0,4.0,0.0,79,1.0,43,0.0,0.0,1.3333333333333333,3.0,4.0,3.0,4.0,3.0,4.0
119,1,0.0,0,1,1,0.09090909090909091,0.0,3.0,4.0,0.0,3.0,0.0,0.0,4.0,0.0,80,1.0,43,0.0,0.0,1.3333333333333333,3.0,4.0,3.0,4.0,3.0,4.0
120,1,0.0,0,1,1,0.09090909090909091,0.0,3.0,4.0,0.0,3.0,0.0,0.0,4.0,0.0,81,1.0,43,0.0,0.0,1.3333333333333333,3.0,4.0,3.0,4.0,3.0,4.0
121,1,0.0,0,1,1,0.09090909090909091,0.0,3.0,4.0,0.0,3.0,0.0,0.0,4.0,0.0,82,1.0,43,0.0,0.0,1.3333333333333333,3.0,4.0,3.0,4.0,3.0,4.0
122,1,0.0,0,1,1,0.09090909090909091,0.0,3.0,4.0,0.0,3.0,0.0,0.0,4.0,0.0,83,1.0,43,0.0,0.0,1.3333333333333333,3.0,4.0,3.0,4.0,3.0,4.0
1,2,0.0,1,0,1,0.13636363636363635,0.0,5.0,7.0,0.0,5.0,0.0,0.0,7.0,0.0,0,0.0,0,0.0,0.0,1.4,0.0,0.0,0.0,0.0,0.0,0.0
2,2,0.0,1,0,1,0.13636363636363635,0.0,5.0,7.0,0.0,5.0,0.0,0.0,7.0,0.0,1,0.5,43,0.0,0.0,1.4,5.0,7.0,0.0,0.0,0.0,0.0
3,2,0.0,1,0,1,0.13636363636363635,0.0,5.0,7.0,0.0,5.0,0.0,0.0,7.0,0.0,2,0.6666666666666666,43,0.0,0.0,1.4,5.0,7.0,5.0,7.0,0.0,0.0
4,2,0.0,0,1,1,0.13636363636363635,0.0,5.0,7.0,0.0,5.0,0.0,0.0,7.0,0.0,3,0.75,43,0.0,0.0,1.4,5.0,7.0,5.0,7.0,5.0,7.0
5,2,0.0,0,1,1,0.13636363636363635,0.0,5.0,7.0,0.0,5.0,0.0,0.0,7.0,0.0,4,0.8,43,0.0,0.0,1.4,5.0,7.0,5.0,7.0,5.0,7.0
6,2,0.0,0,1,1,0.13636363636363635,0.0,4.8,7.0,-1.4619519810524544,5.0,0.0,0.0,7.0,0.0,5,1.0,25,-1.0,0.0,1.75,5.0,7.0,5.0,7.0,5.0,7.0
7,2,0.0,0,1,1,0.13636363636363635,0.0,4.4,7.0,-1.40784565493656,5.0,0.0,0.0,7.0,0.0,6,1.0,25,-2.0,0.0,2.3333333333333335,4.0,7.0,5.0,7.0,5.0,7.0
8,2,0.0,0,1,1,0.13636363636363635,0.0,3.6,6.8,-1.4661763935402123,5.0,0.0,-1.4619519810524544,7.0,0.0,7,1.0,26,-4.0,-1.0,6.0,3.0,7.0,4.0,7.0,5.0,7.0
9,2,0.0,0,1,1,0.13636363636363635,0.0,2.8,6.4,-0.9529585854544504,5.0,0.0,-1.40784565493656,7.0,0.0,8,1.0,25,-4.0,-2.0,5.0,1.0,6.0,3.0,7.0,4.0,7.0
10,2,0.0,0,1,1,0.13636363636363635,0.0,2.0,5.6,-0.660408825313113,4.0,0.0,-1.4661763935402121,7.0,0.0,9,1.0,25,-4.0,-4.0,3.0,1.0,5.0,1.0,6.0,3.0,7.0
11,2,0.0,0,1,1,0.13636363636363635,0.0,1.4,4.8,-0.40224161569615985,3.0,-2.0,-0.9529585854544506,7.0,-4.0,10,1.0,27,-3.0,-4.0,3.0,1.0,3.0,1.0,5.0,1.0,6.0
12,2,0.0,0,1,1,0.13636363636363635,0.0,1.0,4.0,0.0,1.0,0.0,-0.6604088253131132,6.0,-4.0,11,1.0,33,-2.0,-4.0,3.0,1.0,3.0,1.0,3.0,1.0,5.0
13,2,0.0,0,1,1,0.13636363636363635,0.0,1.0,3.4,0.0,1.0,4.0,-0.40224161569616007,5.0,-2.0,12,1.0,30,0.0,-3.0,3.0,1.0,3.0,1.0,3.0,1.0,3.0
14,2,0.0,0,1,1,0.13636363636363635,0.0,1.0,3.2,0.0,1.0,4.0,1.4619519810524544,4.0,1.0,13,1.0,25,0.0,-1.0,4.0,1.0,3.0,1.0,3.0,1.0,3.0
15,2,0.0,0,1,1,0.13636363636363635,0.0,1.0,3.4,0.0,1.0,4.0,0.9263225327693094,4.0,5.0,14,1.0,28,0.0,1.0,4.0,1.0,4.0,1.0,3.0,1.0,3.0
16,2,0.0,0,1,1,0.13636363636363635,0.0,1.0,3.6,0.0,1.0,3.0,0.6175483551795394,4.0,5.0,15,1.0,28,0.0,1.0,4.0,1.0,4.0,1.0,4.0,1.0,3.0
17,2,0.0,0,1,1,0.13636363636363635,0.0,1.0,3.6,0.0,1.0,2.0,-0.9263225327693094,4.0,4.0,16,1.0,28,0.0,0.0,3.0,1.0,4.0,1.0,4.0,1.0,4.0
18,2,0.0,0,1,1,0.13636363636363635,0.0,1.0,3.6,0.0,1.0,0.0,-0.9263225327693094,4.0,3.0,17,1.0,29,0.0,0.0,3.0,1.0,3.0,1.0,4.0,1.0,4.0
19,2,0.0,0,1,1,0.13636363636363635,0.0,1.0,3.4,0.0,1.0,0.0,-0.6175483551795394,4.0,0.0,18,1.0,33,0.0,-1.0,3.0,1.0,3.0,1.0,3.0,1.0,4.0
20,2,0.0,0,1,1,0.13636363636363635,0.0,1.0,3.2,0.0,1.0,0.0,-0.365487995263114,4.0,-2.0,19,1.0,32,0.0,-1.0,3.0,1.0,3.0,1.0,3.0,1.0,3.0
21,2,0.0,0,1,1,0.09090909090909091,0.0,1.0,2.8,0.0,1.0,0.0,-1.4619519810524544,3.0,-3.0,0,0.8,33,0.0,-2.0,2.0,1.0,3.0,1.0,3.0,1.0,3.0
22,2,0.0,0,1,1,0.09090909090909091,0.047619047619047616,1.0,2.4,0.0,1.0,0.0,-1.4078456549365599,3.0,-2.0,0,0.6,34,0.0,-2.0,1.0,1.0,2.0,1.0,3.0,1.0,3.0
23,2,0.0,0,1,1,0.09090909090909091,0.09523809523809523,1.0,2.0,0.0,1.0,0.0,-0.9090909090909092,3.0,-2.0,0,0.4,35,0.0,-2.0,1.0,1.0,1.0,1.0,2.0,1.0,3.0
24,2,0.0,0,1,1,0.09090909090909091,0.14285714285714285,0.8,1.6,-1.4619519810524546,1.0,-1.0,-0.6033624235442401,3.0,-1.0,0,0.2,35,-1.0,-2.0,1.0,1.0,1.0,1.0,1.0,1.0,2.0
25,2,0.0,0,1,1,0.09090909090909091,0.19047619047619047,0.6,1.4,-0.9263225327693092,1.0,-1.0,0.9263225327693094,2.0,0.0,0,0.0,33,-1.0,-1.0,2.0,0.0,1.0,1.0,1.0,1.0,1.0
26,2,0.0,0,1,1,0.09090909090909091,0.23809523809523808,0.6,1.4,0.6175483551795395,1.0,0.0,0.9263225327693094,2.0,2.0,0,0.0,36,0.0,0.0,2.0,0.0,2.0,0.0,1.0,1.0,1.0
27,2,0.0,0,1,1,0.09090909090909091,0.2857142857142857,0.6,1.6,0.6175483551795395,1.0,0.0,0.6175483551795394,2.0,3.0,0,0.0,37,0.0,1.0,2.0,1.0,2.0,0.0,2.0,0.0,1.0
28,2,0.0,0,1,1,0.09090909090909091,0.3333333333333333,0.6,2.0,0.6175483551795395,1.0,0.0,1.2389934309929542,3.0,4.0,0,0.0,35,0.0,2.0,3.0,1.0,2.0,1.0,2.0,0.0,2.0
29,2,0.0,0,1,1,0.13636363636363635,0.3333333333333333,0.8,2.6,0.36548799526311354,1.0,2.0,1.4078456549365599,4.0,5.0,0,0.0,34,1.0,3.0,4.0,1.0,3.0,1.0,2.0,1.0,2.0
30,2,0.0,0,1,1,0.18181818181818182,0.3333333333333333,1.0,3.2,0.0,1.0,2.0,1.2821969620550018,5.0,4.0,0,0.0,36,1.0,3.0,5.0,1.0,4.0,1.0,3.0,1.0,2.0
31,2,0.0,0,1,1,0.22727272727272727,0.3333333333333333,1.2,4.2,1.4619519810524546,2.0,1.0,1.383714779747419,7.0,5.0,0,0.0,37,1.0,5.0,3.5,1.0,5.0,1.0,4.0,1.0,3.0
32,2,0.0,0,1,1,0.22727272727272727,0.3333333333333333,1.6,5.2,1.4078456549365597,3.0,2.0,0.9529585854544506,7.0,4.0,1,0.2,37,2.0,5.0,2.3333333333333335,2.0,7.0,1.0,5.0,1.0,4.0
33,2,0.0,0,1,1,0.22727272727272727,0.3333333333333333,1.8,5.8,0.2135246453721958,3.0,1.0,0.14246632911722262,7.0,1.0,2,0.4,39,1.0,3.0,3.0,3.0,7.0,2.0,7.0,1.0,5.0
34,2,0.0,0,1,1,0.22727272727272727,0.3333333333333333,2.0,6.2,0.0,3.0,0.0,-0.21352464537219612,7.0,-1.0,3,0.6,39,1.0,2.0,3.0,2.0,6.0,3.0,7.0,2.0,7.0
35,2,0.0,0,1,1,0.22727272727272727,0.3333333333333333,2.2,6.2,-0.3654879952631141,3.0,0.0,-1.2811478722331757,7.0,-3.0,4,0.8,38,1.0,0.0,2.5,2.0,6.0,2.0,6.0,3.0,7.0
36,2,0.0,0,1,1,0.22727272727272727,0.3333333333333333,2.2,5.8,-0.3654879952631141,3.0,-1.0,-0.8540985814887836,7.0,-7.0,5,1.0,38,0.0,-2.0,2.5,2.0,5.0,2.0,6.0,2.0,6.0
37,2,0.0,0,1,1,0.22727272727272727,0.3333333333333333,2.0,5.4,0.0,2.0,-3.0,-0.6175483551795408,6.0,-7.0,6,1.0,39,-1.0,-2.0,2.5,2.0,5.0,2.0,5.0,2.0,6.0
38,2,0.0,0,1,1,0.22727272727272727,0.3333333333333333,2.0,5.2,0.0,2.0,-1.0,-0.3654879952631146,6.0,-4.0,7,1.0,38,0.0,-1.0,2.5,2.0,5.0,2.0,5.0,2.0,5.0
39,2,0.0,0,1,1,0.22727272727272727,0.3333333333333333,2.0,5.0,0.0,2.0,-1.0,0.0,5.0,-3.0,8,1.0,38,0.0,-1.0,2.5,2.0,5.0,2.0,5.0,2.0,5.0
40,2,0.0,0,1,1,0.22727272727272727,0.3333333333333333,2.0,5.0,0.0,2.0,-1.0,0.0,5.0,0.0,9,1.0,40,0.0,0.0,2.5,2.0,5.0,2.0,5.0,2.0,5.0
41,2,0.0,0,1,1,0.22727272727272727,0.3333333333333333,2.0,5.0,0.0,2.0,0.0,0.0,5.0,2.0,10,1.0,41,0.0,0.0,2.5,2.0,5.0,2.0,5.0,2.0,5.0
42,2,0.0,0,1,1,0.22727272727272727,0.3333333333333333,2.0,5.0,0.0,2.0,1.0,0.0,5.0,2.0,11,1.0,41,0.0,0.0,2.5,2.0,5.0,2.0,5.0,2.0,5.0
43,2,0.0,0,1,1,0.22727272727272727,0.3333333333333333,2.0,5.0,0.0,2.0,0.0,0.0,5.0,1.0,12,1.0,41,0.0,0.0,2.5,2.0,5.0,2.0,5.0,2.0,5.0
44,2,0.0,0,1,1,0.22727272727272727,0.3333333333333333,2.0,5.0,0.0,2.0,0.0,0.0,5.0,1.0,13,1.0,42,0.0,0.0,2.5,2.0,5.0,2.0,5.0,2.0,5.0
45,2,0.0,0,1,1,0.22727272727272727,0.3333333333333333,2.0,5.0,0.0,2.0,0.0,0.0,5.0,0.0,14,1.0,41,0.0,0.0,2.5,2.0,5.0,2.0,5.0,2.0,5.0
46,2,0.0,0,1,1,0.22727272727272727,0.3333333333333333,2.0,5.0,0.0,2.0,0.0,0.0,5.0,0.0,15,1.0,41,0.0,0.0,2.5,2.0,5.0,2.0,5.0,2.0,5.0
47,2,0.0,0,1,1,0.22727272727272727,0.3333333333333333,2.0,5.0,0.0,2.0,0.0,0.0,5.0,0.0,16,1.0,41,0.0,0.0,2.5,2.0,5.0,2.0,5.0,2.0,5.0
48,2,0.0,0,1,1,0.22727272727272727,0.3333333333333333,2.0,5.0,0.0,2.0,0.0,0.0,5.0,0.0,17,1.0,42,0.0,0.0,2.5,2.0,5.0,2.0,5.0,2.0,5.0
49,2,0.0,0,1,1,0.22727272727272727,0.3333333333333333,2.0,5.0,0.0,2.0,0.0,0.0,5.0,0.0,18,1.0,42,0.0,0.0,2.5,2.0,5.0,2.0,5.0,2.0,5.0
50,2,0.0,0,1,1,0.22727272727272727,0.3333333333333333,2.0,5.0,0.0,2.0,0.0,0.0,5.0,0.0,19,1.0,42,0.0,0.0,2.5,2.0,5.0,2.0,5.0,2.0,5.0
51,2,0.0,0,1,1,0.22727272727272727,0.3333333333333333,2.0,5.0,0.0,2.0,0.0,0.0,5.0,0.0,20,1.0,42,0.0,0.0,2.5,2.0,5.0,2.0,5.0,2.0,5.0
52,2,0.0,0,1,1,0.22727272727272727,0.3333333333333333,2.0,5.0,0.0,2.0,0.0,0.0,5.0,0.0,21,1.0,42,0.0,0.0,2.5,2.0,5.0,2.0,5.0,2.0,5.0
53,2,0.0,0,1,1,0.22727272727272727,0.3333333333333333,2.0,5.0,0.0,2.0,0.0,0.0,5.0,0.0,22,1.0,42,0.0,0.0,2.5,2.0,5.0,2.0,5.0,2.0,5.0
54,2,0.0,0,1,1,0.22727272727272727,0.3333333333333333,2.0,5.0,0.0,2.0,0.0,0.0,5.0,0.0,23,1.0,43,0.0,0.0,2.5,2.0,5.0,2.0,5.0,2.0,5.0
55,2,0.0,0,1,1,0.22727272727272727,0.3333333333333333,2.0,5.0,0.0,2.0,0.0,0.0,5.0,0.0,24,1.0,43,0.0,0.0,2.5,2.0,5.0,2.0,5.0,2.0,5.0
56,2,0.0,0,1,1,0.22727272727272727,0.3333333333333333,2.0,5.0,0.0,2.0,0.0,0.0,5.0,0.0,25,1.0,43,0.0,0.0,2.5,2.0,5.0,2.0,5.0,2.0,5.0
57,2,0.0,0,1,1,0.22727272727272727,0.3333333333333333,2.0,5.0,0.0,2.0,0.0,0.0,5.0,0.0,26,1.0,43,0.0,0.0,2.5,2.0,5.0,2.0,5.0,2.0,5.0
58,2,0.0,0,1,1,0.22727272727272727,0.3333333333333333,2.0,5.0,0.0,2.0,0.0,0.0,5.0,0.0,27,1.0,43,0.0,0.0,2.5,2.0,5.0,2.0,5.0,2.0,5.0
59,2,0.0,0,1,1,0.22727272727272727,0.3333333333333333,2.0,5.0,0.0,2.0,0.0,0.0,5.0,0.0,28,1.0,43,0.0,0.0,2.5,2.0,5.0,2.0,5.0,2.0,5.0
60,2,0.0,0,1,1,0.22727272727272727,0.3333333333333333,2.0,5.0,0.0,2.0,0.0,0.0,5.0,0.0,29,1.0,43,0.0,0.0,2.5,2.0,5.0,2.0,5.0,2.0,5.0
61,2,0.0,0,1,1,0.22727272727272727,0.3333333333333333,2.0,5.0,0.0,2.0,0.0,0.0,5.0,0.0,30,1.0,43,0.0,0.0,2.5,2.0,5.0,2.0,5.0,2.0,5.0
62,2,0.0,0,1,1,0.22727272727272727,0.3333333333333333,2.0,5.0,0.0,2.0,0.0,0.0,5.0,0.0,31,1.0,43,0.0,0.0,2.5,2.0,5.0,2.0,5.0,2.0,5.0
63,2,0.0,0,1,1,0.22727272727272727,0.3333333333333333,2.0,5.0,0.0,2.0,0.0,0.0,5.0,0.0,32,1.0,43,0.0,0.0,2.5,2.0,5.0,2.0,5.0,2.0,5.0
64,2,0.0,0,1,1,0.22727272727272727,0.3333333333333333,2.0,5.0,0.0,2.0,0.0,0.0,5.0,0.0,33,1.0,43,0.0,0.0,2.5,2.0,5.0,2.0,5.0,2.0,5.0
65,2,0.0,0,1,1,0.22727272727272727,0.3333333333333333,2.0,5.0,0.0,2.0,0.0,0.0,5.0,0.0,34,1.0,43,0.0,0.0,2.5,2.0,5.0,2.0,5.0,2.0,5.0
66,2,0.0,0,1,1,0.22727272727272727,0.3333333333333333,2.0,5.0,0.0,2.0,0.0,0.0,5.0,0.0,35,1.0,43,0.0,0.0,2.5,2.0,5.0,2.0,5.0,2.0,5.0
67,2,0.0,0,1,1,0.22727272727272727,0.3333333333333333,2.0,5.0,0.0,2.0,0.0,0.0,5.0,0.0,36,1.0,43,0.0,0.0,2.5,2.0,5.0,2.0,5.0,2.0,5.0
68,2,0.0,0,1,1,0.22727272727272727,0.3333333333333333,2.0,5.0,0.0,2.0,0.0,0.0,5.0,0.0,37,1.0,43,0.0,0.0,2.5,2.0,5.0,2.0,5.0,2.0,5.0
69,2,0.0,0,1,1,0.22727272727272727,0.3333333333333333,2.0,5.0,0.0,2.0,0.0,0.0,5.0,0.0,38,1.0,43,0.0,0.0,2.5,2.0,5.0,2.0,5.0,2.0,5.0
70,2,0.0,0,1,1,0.22727272727272727,0.3333333333333333,2.0,5.0,0.0,2.0,0.0,0.0,5.0,0.0,39,1.0,43,0.0,0.0,2.5,2.0,5.0,2.0,5.0,2.0,5.0
71,2,0.0,0,1,1,0.22727272727272727,0.3333333333333333,2.0,5.0,0.0,2.0,0.0,0.0,5.0,0.0,40,1.0,43,0.0,0.0,2.5,2.0,5.0,2.0,5.0,2.0,5.0
72,2,0.0,0,1,1,0.22727272727272727,0.3333333333333333,2.0,5.0,0.0,2.0,0.0,0.0,5.0,0.0,41,1.0,43,0.0,0.0,2.5,2.0,5.0,2.0,5.0,2.0,5.0
73,2,0.0,0,1,1,0.22727272727272727,0.3333333333333333,2.0,5.0,0.0,2.0,0.0,0.0,5.0,0.0,42,1.0,43,0.0,0.0,2.5,2.0,5.0,2.0,5.0,2.0,5.0
74,2,0.0,0,1,1,0.22727272727272727,0.3333333333333333,2.0,5.0,0.0,2.0,0.0,0.0,5.0,0.0,43,1.0,43,0.0,0.0,2.5,2.0,5.0,2.0,5.0,2.0,5.0
75,2,0.0,0,1,1,0.22727272727272727,0.3333333333333333,2.0,5.0,0.0,2.0,0.0,0.0,5.0,0.0,44,1.0,43,0.0,0.0,2.5,2.0,5.0,2.0,5.0,2.0,5.0
76,2,0.0,0,1,1,0.22727272727272727,0.3333333333333333,2.0,5.0,0.0,2.0,0.0,0.0,5.0,0.0,45,1.0,43,0.0,0.0,2.5,2.0,5.0,2.0,5.0,2.0,5.0
77,2,0.0,0,1,1,0.22727272727272727,0.3333333333333333,2.0,5.0,0.0,2.0,0.0,0.0,5.0,0.0,46,1.0,43,0.0,0.0,2.5,2.0,5.0,2.0,5.0,2.0,5.0
78,2,0.0,0,1,1,0.22727272727272727,0.3333333333333333,2.0,5.0,0.0,2.0,0.0,0.0,5.0,0.0,47,1.0,43,0.0,0.0,2.5,2.0,5.0,2.0,5.0,2.0,5.0
79,2,0.0,0,1,1,0.22727272727272727,0.3333333333333333,2.0,5.0,0.0,2.0,0.0,0.0,5.0,0.0,48,1.0,43,0.0,0.0,2.5,2.0,5.0,2.0,5.0,2.0,5.0
80,2,0.0,0,1,1,0.22727272727272727,0.3333333333333333,2.0,5.0,0.0,2.0,0.0,0.0,5.0,0.0,49,1.0,43,0.0,0.0,2.5,2.0,5.0,2.0,5.0,2.0,5.0
81,2,0.0,0,1,1,0.22727272727272727,0.3333333333333333,2.0,5.0,0.0,2.0,0.0,0.0,5.0,0.0,50,1.0,43,0.0,0.0,2.5,2.0,5.0,2.0,5.0,2.0,5.0
82,2,0.0,0,1,1,0.22727272727272727,0.3333333333333333,2.0,5.0,0.0,2.0,0.0,0.0,5.0,0.0,51,1.0,43,0.0,0.0,2.5,2.0,5.0,2.0,5.0,2.0,5.0
83,2,0.0,0,1,1,0.22727272727272727,0.3333333333333333,2.0,5.0,0.0,2.0,0.0,0.0,5.0,0.0,52,1.0,43,0.0,0.0,2.5,2.0,5.0,2.0,5.0,2.0,5.0
84,2,0.0,0,1,1,0.22727272727272727,0.3333333333333333,2.0,5.0,0.0,2.0,0.0,0.0,5.0,0.0,53,1.0,43,0.0,0.0,2.5,2.0,5.0,2.0,5.0,2.0,5.0
85,2,0.0,0,1,1,0.22727272727272727,0.3333333333333333,2.0,5.0,0.0,2.0,0.0,0.0,5.0,0.0,54,1.0,43,0.0,0.0,2.5,2.0,5.0,2.0,5.0,2.0,5.0
86,2,0.0,0,1,1,0.22727272727272727,0.3333333333333333,2.0,5.0,0.0,2.0,0.0,0.0,5.0,0.0,55,1.0,43,0.0,0.0,2.5,2.0,5.0,2.0,5.0,2.0,5.0
87,2,0.0,0,1,1,0.22727272727272727,0.3333333333333333,2.0,5.0,0.0,2.0,0.0,0.0,5.0,0.0,56,1.0,43,0.0,0.0,2.5,2.0,5.0,2.0,5.0,2.0,5.0
88,2,0.0,0,1,1,0.22727272727272727,0.3333333333333333,2.0,5.0,0.0,2.0,0.0,0.0,5.0,0.0,57,1.0,43,0.0,0.0,2.5,2.0,5.0,2.0,5.0,2.0,5.0
89,2,0.0,0,1,1,0.22727272727272727,0.3333333333333333,2.0,5.0,0.0,2.0,0.0,0.0,5.0,0.0,58,1.0,43,0.0,0.0,2.5,2.0,5.0,2.0,5.0,2.0,5.0
90,2,0.0,0,1,1,0.22727272727272727,0.3333333333333333,2.0,5.0,0.0,2.0,0.0,0.0,5.0,0.0,59,1.0,43,0.0,0.0,2.5,2.0,5.0,2.0,5.0,2.0,5.0
91,2,0.0,0,1,1,0.22727272727272727,0.3333333333333333,2.0,5.0,0.0,2.0,0.0,0.0,5.0,0.0,60,1.0,43,0.0,0.0,2.5,2.0,5.0,2.0,5.0,2.0,5.0
92,2,0.0,0,1,1,0.22727272727272727,0.3333333333333333,2.0,5.0,0.0,2.0,0.0,0.0,5.0,0.0,61,1.0,43,0.0,0.0,2.5,2.0,5.0,2.0,5.0,2.0,5.0
93,2,0.0,0,1,1,0.22727272727272727,0.3333333333333333,2.0,5.0,0.0,2.0,0.0,0.0,5.0,0.0,62,1.0,43,0.0,0.0,2.5,2.0,5.0,2.0,5.0,2.0,5.0
94,2,0.0,0,1,1,0.22727272727272727,0.3333333333333333,2.0,5.0,0.0,2.0,0.0,0.0,5.0,0.0,63,1.0,43,0.0,0.0,2.5,2.0,5.0,2.0,5.0,2.0,5.0
95,2,0.0,0,1,1,0.22727272727272727,0.3333333333333333,2.0,5.0,0.0,2.0,0.0,0.0,5.0,0.0,64,1.0,43,0.0,0.0,2.5,2.0,5.0,2.0,5.0,2.0,5.0
96,2,0.0,0,1,1,0.22727272727272727,0.3333333333333333,2.0,5.0,0.0,2.0,0.0,0.0,5.0,0.0,65,1.0,43,0.0,0.0,2.5,2.0,5.0,2.0,5.0,2.0,5.0
97,2,0.0,0,1,1,0.22727272727272727,0.3333333333333333,2.0,5.0,0.0,2.0,0.0,0.0,5.0,0.0,66,1.0,43,0.0,0.0,2.5,2.0,5.0,2.0,5.0,2.0,5.0
98,2,0.0,0,1,1,0.22727272727272727,0.3333333333333333,2.0,5.0,0.0,2.0,0.0,0.0,5.0,0.0,67,1.0,43,0.0,0.0,2.5,2.0,5.0,2.0,5.0,2.0,5.0
99,2,0.0,0,1,1,0.22727272727272727,0.3333333333333333,2.0,5.0,0.0,2.0,0.0,0.0,5.0,0.0,68,1.0,43,0.0,0.0,2.5,2.0,5.0,2.0,5.0,2.0,5.0
100,2,0.0,0,1,1,0.22727272727272727,0.3333333333333333,2.0,5.0,0.0,2.0,0.0,0.0,5.0,0.0,69,1.0,43,0.0,0.0,2.5,2.0,5.0,2.0,5.0,2.0,5.0
101,2,0.0,0,1,1,0.22727272727272727,0.3333333333333333,2.0,5.0,0.0,2.0,0.0,0.0,5.0,0.0,70,1.0,43,0.0,0.0,2.5,2.0,5.0,2.0,5.0,2.0,5.0
102,2,0.0,0,1,1,0.22727272727272727,0.3333333333333333,2.0,5.0,0.0,2.0,0.0,0.0,5.0,0.0,71,1.0,43,0.0,0.0,2.5,2.0,5.0,2.0,5.0,2.0,5.0
103,2,0.0,0,1,1,0.22727272727272727,0.3333333333333333,2.0,5.0,0.0,2.0,0.0,0.0,5.0,0.0,72,1.0,43,0.0,0.0,2.5,2.0,5.0,2.0,5.0,2.0,5.0
104,2,0.0,0,1,1,0.22727272727272727,0.3333333333333333,2.0,5.0,0.0,2.0,0.0,0.0,5.0,0.0,73,1.0,43,0.0,0.0,2.5,2.0,5.0,2.0,5.0,2.0,5.0
105,2,0.0,0,1,1,0.22727272727272727,0.3333333333333333,2.0,5.0,0.0,2.0,0.0,0.0,5.0,0.0,74,1.0,43,0.0,0.0,2.5,2.0,5.0,2.0,5.0,2.0,5.0
106,2,0.0,0,1,1,0.22727272727272727,0.3333333333333333,2.0,5.0,0.0,2.0,0.0,0.0,5.0,0.0,75,1.0,43,0.0,0.0,2.5,2.0,5.0,2.0,5.0,2.0,5.0
107,2,0.0,0,1,1,0.22727272727272727,0.3333333333333333,2.0,5.0,0.0,2.0,0.0,0.0,5.0,0.0,76,1.0,43,0.0,0.0,2.5,2.0,5.0,2.0,5.0,2.0,5.0
108,2,0.0,0,1,1,0.22727272727272727,0.3333333333333333,2.0,5.0,0.0,2.0,0.0,0.0,5.0,0.0,77,1.0,43,0.0,0.0,2.5,2.0,5.0,2.0,5.0,2.0,5.0
109,2,0.0,0,1,1,0.22727272727272727,0.3333333333333333,2.0,5.0,0.0,2.0,0.0,0.0,5.0,0.0,78,1.0,43,0.0,0.0,2.5,2.0,5.0,2.0,5.0,2.0,5.0
110,2,0.0,0,1,1,0.22727272727272727,0.3333333333333333,2.0,5.0,0.0,2.0,0.0,0.0,5.0,0.0,79,1.0,43,0.0,0.0,2.5,2.0,5.0,2.0,5.0,2.0,5.0
111,2,0.0,0,1,1,0.22727272727272727,0.3333333333333333,2.0,5.0,0.0,2.0,0.0,0.0,5.0,0.0,80,1.0,43,0.0,0.0,2.5,2.0,5.0,2.0,5.0,2.0,5.0
112,2,0.0,0,1,1,0.22727272727272727,0.3333333333333333,2.0,5.0,0.0,2.0,0.0,0.0,5.0,0.0,81,1.0,43,0.0,0.0,2.5,2.0,5.0,2.0,5.0,2.0,5.0
113,2,0.0,0,1,1,0.22727272727272727,0.3333333333333333,2.0,5.0,0.0,2.0,0.0,0.0,5.0,0.0,82,1.0,43,0.0,0.0,2.5,2.0,5.0,2.0,5.0,2.0,5.0
114,2,0.0,0,1,1,0.22727272727272727,0.3333333333333333,2.0,5.0,0.0,2.0,0.0,0.0,5.0,0.0,83,1.0,43,0.0,0.0,2.5,2.0,5.0,2.0,5.0,2.0,5.0
115,2,0.0,0,1,1,0.22727272727272727,0.3333333333333333,2.0,5.0,0.0,2.0,0.0,0.0,5.0,0.0,84,1.0,43,0.0,0.0,2.5,2.0,5.0,2.0,5.0,2.0,5.0
116,2,0.0,0,1,1,0.22727272727272727,0.3333333333333333,2.0,5.0,0.0,2.0,0.0,0.0,5.0,0.0,85,1.0,43,0.0,0.0,2.5,2.0,5.0,2.0,5.0,2.0,5.0
117,2,0.0,0,1,1,0.22727272727272727,0.3333333333333333,2.0,5.0,0.0,2.0,0.0,0.0,5.0,0.0,86,1.0,43,0.0,0.0,2.5,2.0,5.0,2.0,5.0,2.0,5.0
118,2,0.0,0,1,1,0.22727272727272727,0.3333333333333333,2.0,5.0,0.0,2.0,0.0,0.0,5.0,0.0,87,1.0,43,0.0,0.0,2.5,2.0,5.0,2.0,5.0,2.0,5.0
119,2,0.0,0,1,1,0.22727272727272727,0.3333333333333333,2.0,5.0,0.0,2.0,0.0,0.0,5.0,0.0,88,1.0,43,0.0,0.0,2.5,2.0,5.0,2.0,5.0,2.0,5.0
120,2,0.0,0,1,1,0.22727272727272727,0.3333333333333333,2.0,5.0,0.0,2.0,0.0,0.0,5.0,0.0,89,1.0,43,0.0,0.0,2.5,2.0,5.0,2.0,5.0,2.0,5.0
121,2,0.0,0,1,1,0.22727272727272727,0.3333333333333333,2.0,5.0,0.0,2.0,0.0,0.0,5.0,0.0,90,1.0,43,0.0,0.0,2.5,2.0,5.0,2.0,5.0,2.0,5.0
122,2,0.0,0,1,1,0.22727272727272727,0.3333333333333333,2.0,5.0,0.0,2.0,0.0,0.0,5.0,0.0,91,1.0,43,0.0,0.0,2.5,2.0,5.0,2.0,5.0,2.0,5.0
1,3,0.0,1,0,1,0.18181818181818182,0.0,6.0,8.0,0.0,6.0,0.0,0.0,8.0,0.0,0,0.0,0,0.0,0.0,1.3333333333333333,0.0,0.0,0.0,0.0,0.0,0.0
2,3,0.0,1,0,1,0.18181818181818182,0.0,6.0,8.0,0.0,6.0,0.0,0.0,8.0,0.0,1,0.5,43,0.0,0.0,1.3333333333333333,6.0,8.0,0.0,0.0,0.0,0.0
3,3,0.0,1,0,1,0.18181818181818182,0.0,6.0,8.0,0.0,6.0,0.0,0.0,8.0,0.0,2,0.6666666666666666,43,0.0,0.0,1.3333333333333333,6.0,8.0,6.0,8.0,0.0,0.0
4,3,0.0,0,1,1,0.18181818181818182,0.0,6.0,8.0,0.0,6.0,0.0,0.0,8.0,0.0,3,0.75,43,0.0,0.0,1.3333333333333333,6.0,8.0,6.0,8.0,6.0,8.0
5,3,0.0,0,1,1,0.18181818181818182,0.0,6.0,8.0,0.0,6.0,0.0,0.0,8.0,0.0,4,0.8,43,0.0,0.0,1.3333333333333333,6.0,8.0,6.0,8.0,6.0,8.0
6,3,0.0,0,1,1,0.18181818181818182,0.047619047619047616,5.6,7.8,-1.6089664627846396,6.0,0.0,-1.4619519810524544,8.0,0.0,0,0.8,26,-2.0,-1.0,1.75,6.0,8.0,6.0,8.0,6.0,8.0
7,3,0.0,0,1,1,0.18181818181818182,0.09523809523809523,5.2,7.4,-1.0038102000104192,6.0,0.0,-1.40784565493656,8.0,0.0,0,0.6,26,-2.0,-2.0,1.5,4.0,7.0,6.0,8.0,6.0,8.0
8,3,1.0,0,1,1,0.22727272727272727,0.09523809523809523,4.4,7.0,-1.3533935940371193,6.0,0.0,-0.9090909090909091,8.0,0.0,0,0.4,27,-4.0,-2.0,3.0,4.0,6.0,4.0,7.0,6.0,8.0
9,3,0.0,0,1,1,0.2727272727272727,0.09523809523809523,3.8,6.6,-0.5052930401531076,6.0,0.0,-0.6033624235442395,8.0,0.0,0,0.2,26,-3.0,-2.0,2.0,2.0,6.0,4.0,6.0,4.0,7.0
10,3,0.0,0,1,1,0.2727272727272727,0.14285714285714285,3.0,5.8,-0.9090909090909091,4.0,0.0,-1.5057153000156285,7.0,0.0,0,0.0,26,-4.0,-4.0,2.0,3.0,6.0,2.0,6.0,4.0,6.0
11,3,0.0,0,1,1,0.2727272727272727,0.19047619047619047,2.6,5.2,-0.6033624235442401,4.0,0.0,-1.0038102000104192,6.0,-2.0,0,0.0,28,-2.0,-3.0,2.0,2.0,4.0,3.0,6.0,2.0,6.0
12,3,0.0,0,1,1,0.2727272727272727,0.19047619047619047,2.2,4.8,-0.3654879952631139,3.0,0.0,-0.6692068000069459,6.0,0.0,1,0.2,33,-2.0,-2.0,2.0,2.0,4.0,2.0,4.0,3.0,6.0
13,3,0.0,0,1,1,0.2727272727272727,0.19047619047619047,2.0,4.2,-1.238993430992954,3.0,3.0,-1.0038102000104192,6.0,-1.0,2,0.4,30,-1.0,-3.0,3.0,2.0,4.0,2.0,4.0,2.0,4.0
14,3,0.0,0,1,1,0.22727272727272727,0.19047619047619047,1.6,3.4,-0.9263225327693091,2.0,1.0,-1.4078456549365599,4.0,-2.0,0,0.4,26,-2.0,-4.0,2.0,1.0,3.0,2.0,4.0,2.0,4.0
15,3,0.0,0,1,1,0.22727272727272727,0.23809523809523808,1.6,3.2,0.6175483551795392,2.0,4.0,-0.21352464537219606,4.0,3.0,0,0.4,29,0.0,-1.0,1.5,1.0,2.0,1.0,3.0,2.0,4.0
16,3,0.0,0,1,1,0.22727272727272727,0.2857142857142857,1.4,3.0,-0.6175483551795392,2.0,1.0,0.0,4.0,2.0,0,0.4,29,-1.0,-1.0,3.0,2.0,3.0,1.0,2.0,1.0,3.0
17,3,0.0,0,1,1,0.22727272727272727,0.3333333333333333,1.4,2.8,0.9263225327693091,2.0,2.0,0.3654879952631141,3.0,1.0,0,0.2,29,0.0,-1.0,1.5,1.0,3.0,2.0,3.0,1.0,2.0
18,3,0.0,0,1,1,0.22727272727272727,0.3333333333333333,1.6,2.8,0.6175483551795392,2.0,2.0,0.3654879952631141,3.0,3.0,1,0.2,29,1.0,0.0,1.5,2.0,3.0,1.0,3.0,2.0,3.0
19,3,0.0,0,1,1,0.22727272727272727,0.3333333333333333,1.6,3.0,-0.9263225327693091,2.0,2.0,0.0,3.0,5.0,2,0.4,33,0.0,1.0,3.0,2.0,3.0,2.0,3.0,1.0,3.0
20,3,0.0,0,1,1,0.18181818181818182,0.3333333333333333,1.2,3.0,-1.2811478722331746,2.0,-2.0,0.0,3.0,1.0,0,0.4,33,-2.0,0.0,3.0,1.0,3.0,2.0,3.0,2.0,3.0
21,3,0.0,0,1,1,0.13636363636363635,0.3333333333333333,1.2,3.0,-0.21352464537219573,2.0,1.0,0.0,3.0,1.0,0,0.4,33,0.0,0.0,3.0,0.0,3.0,1.0,3.0,2.0,3.0
22,3,0.0,0,1,1,0.09090909090909091,0.3333333333333333,1.0,2.8,0.0,2.0,-1.0,-1.4619519810524544,3.0,0.0,0,0.4,34,-1.0,-1.0,2.0,1.0,3.0,0.0,3.0,1.0,3.0
23,3,0.0,0,1,1,0.09090909090909091,0.38095238095238093,0.8,2.8,0.3654879952631134,1.0,-2.0,0.365487995263114,3.0,0.0,0,0.2,35,-1.0,0.0,3.0,1.0,2.0,1.0,3.0,0.0,3.0
24,3,0.0,0,1,1,0.09090909090909091,0.42857142857142855,0.8,3.0,0.3654879952631134,1.0,0.0,1.2389934309929542,4.0,0.0,0,0.0,35,0.0,1.0,4.0,1.0,3.0,1.0,2.0,1.0,3.0
25,3,0.0,0,1,1,0.13636363636363635,0.42857142857142855,1.2,3.4,1.4619519810524546,2.0,4.0,1.2901400621384655,5.0,2.0,0,0.0,33,2.0,2.0,2.5,1.0,4.0,1.0,3.0,1.0,2.0
26,3,0.0,0,1,1,0.13636363636363635,0.42857142857142855,1.4,3.8,0.9263225327693093,2.0,1.0,0.8547979747033349,5.0,2.0,1,0.2,35,1.0,2.0,2.5,2.0,5.0,1.0,4.0,1.0,3.0
27,3,0.0,0,1,1,0.13636363636363635,0.42857142857142855,1.4,4.4,-0.6175483551795393,2.0,1.0,0.6033624235442395,5.0,4.0,2,0.4,36,0.0,3.0,5.0,2.0,5.0,2.0,5.0,1.0,4.0
28,3,0.0,0,1,1,0.09090909090909091,0.42857142857142855,1.6,4.6,0.6175483551795393,2.0,2.0,-0.9263225327693088,5.0,1.0,0,0.4,35,1.0,1.0,2.0,1.0,5.0,2.0,5.0,2.0,5.0
29,3,0.0,0,1,1,0.09090909090909091,0.38095238095238093,1.8,4.4,0.36548799526311354,2.0,1.0,-1.40784565493656,5.0,-2.0,0,0.4,34,1.0,-1.0,1.5,2.0,4.0,1.0,5.0,2.0,5.0
30,3,0.0,0,1,1,0.09090909090909091,0.3333333333333333,1.8,3.8,0.36548799526311354,2.0,-2.0,-1.2821969620550018,5.0,-5.0,0,0.4,36,0.0,-3.0,1.0,2.0,3.0,2.0,4.0,1.0,5.0
31,3,0.0,0,1,1,0.09090909090909091,0.2857142857142857,1.6,3.2,-0.9263225327693093,2.0,-2.0,-0.8547979747033349,5.0,-5.0,0,0.2,37,-1.0,-3.0,2.0,2.0,2.0,2.0,3.0,2.0,4.0
32,3,0.0,0,1,1,0.09090909090909091,0.23809523809523808,1.6,2.6,-0.9263225327693093,2.0,0.0,-0.6033624235442399,4.0,-6.0,0,0.0,38,0.0,-3.0,2.0,1.0,2.0,2.0,2.0,2.0,3.0
33,3,0.0,0,1,1,0.09090909090909091,0.19047619047619047,1.4,2.2,-0.6175483551795393,2.0,-2.0,-0.3654879952631137,3.0,-3.0,0,0.0,40,-1.0,-2.0,2.0,1.0,2.0,1.0,2.0,2.0,2.0
34,3,0.0,0,1,1,0.09090909090909091,0.14285714285714285,1.2,2.2,-0.36548799526311354,2.0,-2.0,1.4619519810524544,3.0,1.0,0,0.0,40,-1.0,0.0,3.0,1.0,2.0,1.0,2.0,1.0,2.0
35,3,0.0,0,1,1,0.09090909090909091,0.09523809523809523,1.2,2.4,1.4619519810524546,2.0,0.0,0.9263225327693094,3.0,4.0,0,0.0,39,0.0,1.0,1.5,1.0,3.0,1.0,2.0,1.0,2.0
36,3,0.0,0,1,1,0.09090909090909091,0.047619047619047616,1.6,2.6,1.4078456549365597,3.0,3.0,0.6175483551795394,3.0,4.0,0,0.0,39,2.0,1.0,1.0,2.0,3.0,1.0,3.0,1.0,2.0
37,3,0.0,0,1,1,0.09090909090909091,0.0,2.0,3.0,0.9090909090909092,3.0,2.0,1.2389934309929542,4.0,5.0,0,0.0,40,2.0,2.0,1.3333333333333333,3.0,3.0,2.0,3.0,1.0,3.0
38,3,0.0,0,1,1,0.13636363636363635,0.0,2.4,3.6,0.6033624235442401,3.0,3.0,1.4078456549365599,5.0,5.0,0,0.0,39,2.0,3.0,1.6666666666666667,3.0,4.0,3.0,3.0,2.0,3.0
39,3,0.0,0,1,1,0.18181818181818182,0.0,2.8,4.2,0.36548799526311393,3.0,3.0,1.2821969620550018,6.0,3.0,0,0.0,39,2.0,3.0,2.0,3.0,5.0,3.0,4.0,3.0,3.0
40,3,0.0,0,1,1,0.18181818181818182,0.0,3.0,4.8,0.0,3.0,1.0,0.8547979747033349,6.0,2.0,1,0.2,40,1.0,3.0,2.0,3.0,6.0,3.0,5.0,3.0,4.0
41,3,0.0,0,1,1,0.18181818181818182,0.0,3.0,5.4,0.0,3.0,-2.0,0.6033624235442396,6.0,2.0,2,0.4,41,0.0,3.0,2.0,3.0,6.0,3.0,6.0,3.0,5.0
42,3,0.0,0,1,1,0.18181818181818182,0.0,3.0,5.8,0.0,3.0,-2.0,0.3654879952631143,6.0,0.0,3,0.6,41,0.0,2.0,2.0,3.0,6.0,3.0,6.0,3.0,6.0
43,3,0.0,0,1,1,0.18181818181818182,0.0,3.0,6.0,0.0,3.0,-2.0,0.0,6.0,-2.0,4,0.8,41,0.0,1.0,2.0,3.0,6.0,3.0,6.0,3.0,6.0
44,3,0.0,0,1,1,0.18181818181818182,0.0,3.0,6.0,0.0,3.0,-2.0,0.0,6.0,-3.0,5,1.0,42,0.0,0.0,2.0,3.0,6.0,3.0,6.0,3.0,6.0
45,3,0.0,0,1,1,0.18181818181818182,0.0,3.0,6.0,0.0,3.0,-1.0,0.0,6.0,-3.0,6,1.0,41,0.0,0.0,2.0,3.0,6.0,3.0,6.0,3.0,6.0
46,3,0.0,0,1,1,0.18181818181818182,0.0,3.0,6.0,0.0,3.0,0.0,0.0,6.0,-3.0,7,1.0,41,0.0,0.0,2.0,3.0,6.0,3.0,6.0,3.0,6.0
47,3,0.0,0,1,1,0.18181818181818182,0.0,3.0,6.0,0.0,3.0,0.0,0.0,6.0,-2.0,8,1.0,41,0.0,0.0,2.0,3.0,6.0,3.0,6.0,3.0,6.0
48,3,0.0,0,1,1,0.18181818181818182,0.0,3.0,6.0,0.0,3.0,0.0,0.0,6.0,-1.0,9,1.0,42,0.0,0.0,2.0,3.0,6.0,3.0,6.0,3.0,6.0
49,3,0.0,0,1,1,0.18181818181818182,0.0,3.0,6.0,0.0,3.0,0.0,0.0,6.0,0.0,10,1.0,42,0.0,0.0,2.0,3.0,6.0,3.0,6.0,3.0,6.0
50,3,0.0,0,1,1,0.18181818181818182,0.0,3.0,6.0,0.0,3.0,0.0,0.0,6.0,0.0,11,1.0,42,0.0,0.0,2.0,3.0,6.0,3.0,6.0,3.0,6.0
51,3,0.0,0,1,1,0.18181818181818182,0.0,3.0,6.0,0.0,3.0,0.0,0.0,6.0,0.0,12,1.0,42,0.0,0.0,2.0,3.0,6.0,3.0,6.0,3.0,6.0
52,3,0.0,0,1,1,0.18181818181818182,0.0,3.0,6.0,0.0,3.0,0.0,0.0,6.0,0.0,13,1.0,42,0.0,0.0,2.0,3.0,6.0,3.0,6.0,3.0,6.0
53,3,0.0,0,1,1,0.18181818181818182,0.0,3.0,6.0,0.0,3.0,0.0,0.0,6.0,0.0,14,1.0,42,0.0,0.0,2.0,3.0,6.0,3.0,6.0,3.0,6.0
54,3,0.0,0,1,1,0.18181818181818182,0.0,3.0,6.0,0.0,3.0,0.0,0.0,6.0,0.0,15,1.0,43,0.0,0.0,2.0,3.0,6.0,3.0,6.0,3.0,6.0
55,3,0.0,0,1,1,0.18181818181818182,0.0,3.0,6.0,0.0,3.0,0.0,0.0,6.0,0.0,16,1.0,43,0.0,0.0,2.0,3.0,6.0,3.0,6.0,3.0,6.0
56,3,0.0,0,1,1,0.18181818181818182,0.0,3.0,6.0,0.0,3.0,0.0,0.0,6.0,0.0,17,1.0,43,0.0,0.0,2.0,3.0,6.0,3.0,6.0,3.0,6.0
57,3,0.0,0,1,1,0.18181818181818182,0.0,3.0,6.0,0.0,3.0,0.0,0.0,6.0,0.0,18,1.0,43,0.0,0.0,2.0,3.0,6.0,3.0,6.0,3.0,6.0
58,3,0.0,0,1,1,0.18181818181818182,0.0,3.0,6.0,0.0,3.0,0.0,0.0,6.0,0.0,19,1.0,43,0.0,0.0,2.0,3.0,6.0,3.0,6.0,3.0,6.0
59,3,0.0,0,1,1,0.18181818181818182,0.0,3.0,6.0,0.0,3.0,0.0,0.0,6.0,0.0,20,1.0,43,0.0,0.0,2.0,3.0,6.0,3.0,6.0,3.0,6.0
60,3,0.0,0,1,1,0.18181818181818182,0.0,3.0,6.0,0.0,3.0,0.0,0.0,6.0,0.0,21,1.0,43,0.0,0.0,2.0,3.0,6.0,3.0,6.0,3.0,6.0
61,3,0.0,0,1,1,0.18181818181818182,0.0,3.0,6.0,0.0,3.0,0.0,0.0,6.0,0.0,22,1.0,43,0.0,0.0,2.0,3.0,6.0,3.0,6.0,3.0,6.0
62,3,0.0,0,1,1,0.18181818181818182,0.0,3.0,6.0,0.0,3.0,0.0,0.0,6.0,0.0,23,1.0,43,0.0,0.0,2.0,3.0,6.0,3.0,6.0,3.0,6.0
63,3,0.0,0,1,1,0.18181818181818182,0.0,3.0,6.0,0.0,3.0,0.0,0.0,6.0,0.0,24,1.0,43,0.0,0.0,2.0,3.0,6.0,3.0,6.0,3.0,6.0
64,3,0.0,0,1,1,0.18181818181818182,0.0,3.0,6.0,0.0,3.0,0.0,0.0,6.0,0.0,25,1.0,43,0.0,0.0,2.0,3.0,6.0,3.0,6.0,3.0,6.0
65,3,0.0,0,1,1,0.18181818181818182,0.0,3.0,6.0,0.0,3.0,0.0,0.0,6.0,0.0,26,1.0,43,0.0,0.0,2.0,3.0,6.0,3.0,6.0,3.0,6.0
66,3,0.0,0,1,1,0.18181818181818182,0.0,3.0,6.0,0.0,3.0,0.0,0.0,6.0,0.0,27,1.0,43,0.0,0.0,2.0,3.0,6.0,3.0,6.0,3.0,6.0
67,3,0.0,0,1,1,0.18181818181818182,0.0,3.0,6.0,0.0,3.0,0.0,0.0,6.0,0.0,28,1.0,43,0.0,0.0,2.0,3.0,6.0,3.0,6.0,3.0,6.0
68,3,0.0,0,1,1,0.18181818181818182,0.0,3.0,6.0,0.0,3.0,0.0,0.0,6.0,0.0,29,1.0,43,0.0,0.0,2.0,3.0,6.0,3.0,6.0,3.0,6.0
69,3,0.0,0,1,1,0.18181818181818182,0.0,3.0,6.0,0.0,3.0,0.0,0.0,6.0,0.0,30,1.0,43,0.0,0.0,2.0,3.0,6.0,3.0,6.0,3.0,6.0
70,3,0.0,0,1,1,0.18181818181818182,0.0,3.0,6.0,0.0,3.0,0.0,0.0,6.0,0.0,31,1.0,43,0.0,0.0,2.0,3.0,6.0,3.0,6.0,3.0,6.0
71,3,0.0,0,1,1,0.18181818181818182,0.0,3.0,6.0,0.0,3.0,0.0,0.0,6.0,0.0,32,1.0,43,0.0,0.0,2.0,3.0,6.0,3.0,6.0,3.0,6.0
72,3,0.0,0,1,1,0.18181818181818182,0.0,3.0,6.0,0.0,3.0,0.0,0.0,6.0,0.0,33,1.0,43,0.0,0.0,2.0,3.0,6.0,3.0,6.0,3.0,6.0
73,3,0.0,0,1,1,0.18181818181818182,0.0,3.0,6.0,0.0,3.0,0.0,0.0,6.0,0.0,34,1.0,43,0.0,0.0,2.0,3.0,6.0,3.0,6.0,3.0,6.0
74,3,0.0,0,1,1,0.18181818181818182,0.0,3.0,6.0,0.0,3.0,0.0,0.0,6.0,0.0,35,1.0,43,0.0,0.0,2.0,3.0,6.0,3.0,6.0,3.0,6.0
75,3,0.0,0,1,1,0.18181818181818182,0.0,3.0,6.0,0.0,3.0,0.0,0.0,6.0,0.0,36,1.0,43,0.0,0.0,2.0,3.0,6.0,3.0,6.0,3.0,6.0
76,3,0.0,0,1,1,0.18181818181818182,0.0,3.0,6.0,0.0,3.0,0.0,0.0,6.0,0.0,37,1.0,43,0.0,0.0,2.0,3.0,6.0,3.0,6.0,3.0,6.0
77,3,0.0,0,1,1,0.18181818181818182,0.0,3.0,6.0,0.0,3.0,0.0,0.0,6.0,0.0,38,1.0,43,0.0,0.0,2.0,3.0,6.0,3.0,6.0,3.0,6.0
78,3,0.0,0,1,1,0.18181818181818182,0.0,3.0,6.0,0.0,3.0,0.0,0.0,6.0,0.0,39,1.0,43,0.0,0.0,2.0,3.0,6.0,3.0,6.0,3.0,6.0
79,3,0.0,0,1,1,0.18181818181818182,0.0,3.0,6.0,0.0,3.0,0.0,0.0,6.0,0.0,40,1.0,43,0.0,0.0,2.0,3.0,6.0,3.0,6.0,3.0,6.0
80,3,0.0,0,1,1,0.18181818181818182,0.0,3.0,6.0,0.0,3.0,0.0,0.0,6.0,0.0,41,1.0,43,0.0,0.0,2.0,3.0,6.0,3.0,6.0,3.0,6.0
81,3,0.0,0,1,1,0.18181818181818182,0.0,3.0,6.0,0.0,3.0,0.0,0.0,6.0,0.0,42,1.0,43,0.0,0.0,2.0,3.0,6.0,3.0,6.0,3.0,6.0
82,3,0.0,0,1,1,0.18181818181818182,0.0,3.0,6.0,0.0,3.0,0.0,0.0,6.0,0.0,43,1.0,43,0.0,0.0,2.0,3.0,6.0,3.0,6.0,3.0,6.0
83,3,0.0,0,1,1,0.18181818181818182,0.0,3.0,6.0,0.0,3.0,0.0,0.0,6.0,0.0,44,1.0,43,0.0,0.0,2.0,3.0,6.0,3.0,6.0,3.0,6.0
84,3,0.0,0,1,1,0.18181818181818182,0.0,3.0,6.0,0.0,3.0,0.0,0.0,6.0,0.0,45,1.0,43,0.0,0.0,2.0,3.0,6.0,3.0,6.0,3.0,6.0
85,3,0.0,0,1,1,0.18181818181818182,0.0,3.0,6.0,0.0,3.0,0.0,0.0,6.0,0.0,46,1.0,43,0.0,0.0,2.0,3.0,6.0,3.0,6.0,3.0,6.0
86,3,0.0,0,1,1,0.18181818181818182,0.0,3.0,6.0,0.0,3.0,0.0,0.0,6.0,0.0,47,1.0,43,0.0,0.0,2.0,3.0,6.0,3.0,6.0,3.0,6.0
87,3,0.0,0,1,1,0.18181818181818182,0.0,3.0,6.0,0.0,3.0,0.0,0.0,6.0,0.0,48,1.0,43,0.0,0.0,2.0,3.0,6.0,3.0,6.0,3.0,6.0
88,3,0.0,0,1,1,0.18181818181818182,0.0,3.0,6.0,0.0,3.0,0.0,0.0,6.0,0.0,49,1.0,43,0.0,0.0,2.0,3.0,6.0,3.0,6.0,3.0,6.0
89,3,0.0,0,1,1,0.18181818181818182,0.0,3.0,6.0,0.0,3.0,0.0,0.0,6.0,0.0,50,1.0,43,0.0,0.0,2.0,3.0,6.0,3.0,6.0,3.0,6.0
90,3,0.0,0,1,1,0.18181818181818182,0.0,3.0,6.0,0.0,3.0,0.0,0.0,6.0,0.0,51,1.0,43,0.0,0.0,2.0,3.0,6.0,3.0,6.0,3.0,6.0
91,3,0.0,0,1,1,0.18181818181818182,0.0,3.0,6.0,0.0,3.0,0.0,0.0,6.0,0.0,52,1.0,43,0.0,0.0,2.0,3.0,6.0,3.0,6.0,3.0,6.0
92,3,0.0,0,1,1,0.18181818181818182,0.0,3.0,6.0,0.0,3.0,0.0,0.0,6.0,0.0,53,1.0,43,0.0,0.0,2.0,3.0,6.0,3.0,6.0,3.0,6.0
93,3,0.0,0,1,1,0.18181818181818182,0.0,3.0,6.0,0.0,3.0,0.0,0.0,6.0,0.0,54,1.0,43,0.0,0.0,2.0,3.0,6.0,3.0,6.0,3.0,6.0
94,3,0.0,0,1,1,0.18181818181818182,0.0,3.0,6.0,0.0,3.0,0.0,0.0,6.0,0.0,55,1.0,43,0.0,0.0,2.0,3.0,6.0,3.0,6.0,3.0,6.0
95,3,0.0,0,1,1,0.18181818181818182,0.0,3.0,6.0,0.0,3.0,0.0,0.0,6.0,0.0,56,1.0,43,0.0,0.0,2.0,3.0,6.0,3.0,6.0,3.0,6.0
96,3,0.0,0,1,1,0.18181818181818182,0.0,3.0,6.0,0.0,3.0,0.0,0.0,6.0,0.0,57,1.0,43,0.0,0.0,2.0,3.0,6.0,3.0,6.0,3.0,6.0
97,3,0.0,0,1,1,0.18181818181818182,0.0,3.0,6.0,0.0,3.0,0.0,0.0,6.0,0.0,58,1.0,43,0.0,0.0,2.0,3.0,6.0,3.0,6.0,3.0,6.0
98,3,0.0,0,1,1,0.18181818181818182,0.0,3.0,6.0,0.0,3.0,0.0,0.0,6.0,0.0,59,1.0,43,0.0,0.0,2.0,3.0,6.0,3.0,6.0,3.0,6.0
99,3,0.0,0,1,1,0.18181818181818182,0.0,3.0,6.0,0.0,3.0,0.0,0.0,6.0,0.0,60,1.0,43,0.0,0.0,2.0,3.0,6.0,3.0,6.0,3.0,6.0
100,3,0.0,0,1,1,0.18181818181818182,0.0,3.0,6.0,0.0,3.0,0.0,0.0,6.0,0.0,61,1.0,43,0.0,0.0,2.0,3.0,6.0,3.0,6.0,3.0,6.0
101,3,0.0,0,1,1,0.18181818181818182,0.0,3.0,6.0,0.0,3.0,0.0,0.0,6.0,0.0,62,1.0,43,0.0,0.0,2.0,3.0,6.0,3.0,6.0,3.0,6.0
102,3,0.0,0,1,1,0.18181818181818182,0.0,3.0,6.0,0.0,3.0,0.0,0.0,6.0,0.0,63,1.0,43,0.0,0.0,2.0,3.0,6.0,3.0,6.0,3.0,6.0
103,3,0.0,0,1,1,0.18181818181818182,0.0,3.0,6.0,0.0,3.0,0.0,0.0,6.0,0.0,64,1.0,43,0.0,0.0,2.0,3.0,6.0,3.0,6.0,3.0,6.0
104,3,0.0,0,1,1,0.18181818181818182,0.0,3.0,6.0,0.0,3.0,0.0,0.0,6.0,0.0,65,1.0,43,0.0,0.0,2.0,3.0,6.0,3.0,6.0,3.0,6.0
105,3,0.0,0,1,1,0.18181818181818182,0.0,3.0,6.0,0.0,3.0,0.0,0.0,6.0,0.0,66,1.0,43,0.0,0.0,2.0,3.0,6.0,3.0,6.0,3.0,6.0
106,3,0.0,0,1,1,0.18181818181818182,0.0,3.0,6.0,0.0,3.0,0.0,0.0,6.0,0.0,67,1.0,43,0.0,0.0,2.0,3.0,6.0,3.0,6.0,3.0,6.0
107,3,0.0,0,1,1,0.18181818181818182,0.0,3.0,6.0,0.0,3.0,0.0,0.0,6.0,0.0,68,1.0,43,0.0,0.0,2.0,3.0,6.0,3.0,6.0,3.0,6.0
108,3,0.0,0,1,1,0.18181818181818182,0.0,3.0,6.0,0.0,3.0,0.0,0.0,6.0,0.0,69,1.0,43,0.0,0.0,2.0,3.0,6.0,3.0,6.0,3.0,6.0
109,3,0.0,0,1,1,0.18181818181818182,0.0,3.0,6.0,0.0,3.0,0.0,0.0,6.0,0.0,70,1.0,43,0.0,0.0,2.0,3.0,6.0,3.0,6.0,3.0,6.0
110,3,0.0,0,1,1,0.18181818181818182,0.0,3.0,6.0,0.0,3.0,0.0,0.0,6.0,0.0,71,1.0,43,0.0,0.0,2.0,3.0,6.0,3.0,6.0,3.0,6.0
111,3,0.0,0,1,1,0.18181818181818182,0.0,3.0,6.0,0.0,3.0,0.0,0.0,6.0,0.0,72,1.0,43,0.0,0.0,2.0,3.0,6.0,3.0,6.0,3.0,6.0
112,3,0.0,0,1,1,0.18181818181818182,0.0,3.0,6.0,0.0,3.0,0.0,0.0,6.0,0.0,73,1.0,43,0.0,0.0,2.0,3.0,6.0,3.0,6.0,3.0,6.0
113,3,0.0,0,1,1,0.18181818181818182,0.0,3.0,6.0,0.0,3.0,0.0,0.0,6.0,0.0,74,1.0,43,0.0,0.0,2.0,3.0,6.0,3.0,6.0,3.0,6.0
114,3,0.0,0,1,1,0.18181818181818182,0.0,3.0,6.0,0.0,3.0,0.0,0.0,6.0,0.0,75,1.0,43,0.0,0.0,2.0,3.0,6.0,3.0,6.0,3.0,6.0
115,3,0.0,0,1,1,0.18181818181818182,0.0,3.0,6.0,0.0,3.0,0.0,0.0,6.0,0.0,76,1.0,43,0.0,0.0,2.0,3.0,6.0,3.0,6.0,3.0,6.0
116,3,0.0,0,1,1,0.18181818181818182,0.0,3.0,6.0,0.0,3.0,0.0,0.0,6.0,0.0,77,1.0,43,0.0,0.0,2.0,3.0,6.0,3.0,6.0,3.0,6.0
117,3,0.0,0,1,1,0.18181818181818182,0.0,3.0,6.0,0.0,3.0,0.0,0.0,6.0,0.0,78,1.0,43,0.0,0.0,2.0,3.0,6.0,3.0,6.0,3.0,6.0
118,3,0.0,0,1,1,0.18181818181818182,0.0,3.0,6.0,0.0,3.0,0.0,0.0,6.0,0.0,79,1.0,43,0.0,0.0,2.0,3.0,6.0,3.0,6.0,3.0,6.0
119,3,0.0,0,1,1,0.18181818181818182,0.0,3.0,6.0,0.0,3.0,0.0,0.0,6.0,0.0,80,1.0,43,0.0,0.0,2.0,3.0,6.0,3.0,6.0,3.0,6.0
120,3,0.0,0,1,1,0.18181818181818182,0.0,3.0,6.0,0.0,3.0,0.0,0.0,6.0,0.0,81,1.0,43,0.0,0.0,2.0,3.0,6.0,3.0,6.0,3.0,6.0
121,3,0.0,0,1,1,0.18181818181818182,0.0,3.0,6.0,0.0,3.0,0.0,0.0,6.0,0.0,82,1.0,43,0.0,0.0,2.0,3.0,6.0,3.0,6.0,3.0,6.0
122,3,0.0,0,1,1,0.18181818181818182,0.0,3.0,6.0,0.0,3.0,0.0,0.0,6.0,0.0,83,1.0,43,0.0,0.0,2.0,3.0,6.0,3.0,6.0,3.0,6.0
1,4,0.0,1,0,1,0.22727272727272727,0.0,6.0,9.0,0.0,6.0,0.0,0.0,9.0,0.0,0,0.0,0,0.0,0.0,1.5,0.0,0.0,0.0,0.0,0.0,0.0
2,4,0.0,1,0,1,0.22727272727272727,0.0,6.0,9.0,0.0,6.0,0.0,0.0,9.0,0.0,1,0.5,43,0.0,0.0,1.5,6.0,9.0,0.0,0.0,0.0,0.0
3,4,0.0,1,0,1,0.22727272727272727,0.0,6.0,9.0,0.0,6.0,0.0,0.0,9.0,0.0,2,0.6666666666666666,43,0.0,0.0,1.5,6.0,9.0,6.0,9.0,0.0,0.0
4,4,0.0,0,1,1,0.22727272727272727,0.0,6.0,9.0,0.0,6.0,0.0,0.0,9.0,0.0,3,0.75,43,0.0,0.0,1.5,6.0,9.0,6.0,9.0,6.0,9.0
5,4,0.0,0,1,1,0.22727272727272727,0.0,6.0,9.0,0.0,6.0,0.0,0.0,9.0,0.0,4,0.8,43,0.0,0.0,1.5,6.0,9.0,6.0,9.0,6.0,9.0
6,4,0.0,0,1,1,0.22727272727272727,0.047619047619047616,5.8,9.0,-1.4619519810524544,6.0,0.0,0.0,9.0,0.0,0,0.8,26,-1.0,0.0,1.8,6.0,9.0,6.0,9.0,6.0,9.0
7,4,0.0,0,1,1,0.22727272727272727,0.09523809523809523,5.2,8.6,-1.5671296202894471,6.0,0.0,-1.6089664627846396,9.0,0.0,0,0.6,26,-3.0,-2.0,2.3333333333333335,5.0,9.0,6.0,9.0,6.0,9.0
8,4,0.0,0,1,1,0.2727272727272727,0.09523809523809523,4.6,8.4,-0.9897467869417012,6.0,0.0,-0.40224161569616035,9.0,0.0,0,0.4,27,-3.0,-1.0,2.6666666666666665,3.0,7.0,5.0,9.0,6.0,9.0
9,4,0.0,0,1,1,0.2727272727272727,0.14285714285714285,3.8,7.8,-1.032602903541969,6.0,0.0,-1.2821969620550018,9.0,0.0,0,0.2,26,-4.0,-3.0,3.0,3.0,8.0,3.0,7.0,5.0,9.0
10,4,0.0,0,1,1,0.2727272727272727,0.19047619047619047,3.0,7.0,-0.7548623297930129,5.0,0.0,-1.1896697430395098,9.0,0.0,0,0.0,26,-4.0,-4.0,2.5,2.0,6.0,3.0,8.0,3.0,7.0
11,4,0.0,0,1,1,0.22727272727272727,0.19047619047619047,2.4,6.0,-0.6175483551795401,3.0,-2.0,-1.1896697430395098,8.0,-5.0,0,0.0,28,-3.0,-5.0,2.0,2.0,5.0,2.0,6.0,3.0,8.0
12,4,0.0,0,1,1,0.22727272727272727,0.19047619047619047,2.0,5.0,-1.2389934309929551,3.0,1.0,-1.2842092049096931,8.0,-3.0,1,0.2,33,-2.0,-5.0,2.0,2.0,4.0,2.0,5.0,2.0,6.0
13,4,0.0,0,1,1,0.22727272727272727,0.19047619047619047,1.6,4.0,-0.9263225327693105,2.0,1.0,-0.5948348715197548,6.0,-4.0,2,0.4,30,-2.0,-5.0,3.0,1.0,2.0,2.0,4.0,2.0,5.0
14,4,0.0,0,1,1,0.18181818181818182,0.19047619047619047,1.6,3.4,0.6175483551795401,2.0,4.0,-0.32253501553461633,5.0,0.0,0,0.4,26,0.0,-3.0,1.5,1.0,3.0,1.0,2.0,2.0,4.0
15,4,0.0,0,1,1,0.13636363636363635,0.19047619047619047,1.4,3.0,-0.6175483551795401,2.0,3.0,0.0,4.0,2.0,0,0.4,29,-1.0,-2.0,3.0,2.0,3.0,1.0,3.0,1.0,2.0
16,4,0.0,0,1,1,0.09090909090909091,0.19047619047619047,1.0,3.0,-1.2389934309929551,2.0,1.0,1.238993430992954,4.0,5.0,0,0.4,29,-2.0,0.0,4.0,1.0,3.0,2.0,3.0,1.0,3.0
17,4,0.0,0,1,1,0.045454545454545456,0.19047619047619047,0.8,3.0,-0.8540985814887838,2.0,1.0,-1.238993430992954,4.0,5.0,0,0.2,29,-1.0,0.0,2.0,0.0,4.0,1.0,3.0,2.0,3.0
18,4,0.0,0,1,1,0.0,0.19047619047619047,0.6,2.8,-0.6033624235442402,2.0,1.0,-0.854098581488783,4.0,4.0,0,0.0,30,-1.0,-1.0,2.0,0.0,2.0,0.0,4.0,1.0,3.0
19,4,0.0,0,1,1,0.0,0.23809523809523808,0.2,2.4,-0.3654879952631142,1.0,-2.0,-1.1288725543711575,4.0,1.0,0,0.0,34,-2.0,-2.0,1.0,0.0,2.0,0.0,2.0,0.0,4.0
20,4,0.0,0,1,1,0.0,0.2857142857142857,0.0,2.2,0.0,0.0,0.0,-0.16730170000173666,4.0,1.0,0,0.0,33,-1.0,-1.0,2.0,0.0,1.0,0.0,2.0,0.0,2.0
21,4,0.0,0,1,1,0.0,0.3333333333333333,0.2,1.8,1.4619519810524546,1.0,3.0,0.36548799526311376,2.0,-2.0,0,0.0,33,1.0,-2.0,2.0,0.0,2.0,0.0,1.0,0.0,2.0
22,4,0.0,0,1,1,0.0,0.38095238095238093,0.4,1.8,0.9263225327693092,1.0,2.0,0.36548799526311376,2.0,0.0,0,0.0,34,1.0,0.0,2.0,1.0,2.0,0.0,2.0,0.0,1.0
23,4,0.0,0,1,1,0.0,0.38095238095238093,0.6,1.6,0.6175483551795395,1.0,2.0,-0.9263225327693094,2.0,0.0,1,0.2,34,1.0,-1.0,1.0,1.0,2.0,1.0,2.0,0.0,2.0
24,4,0.0,0,1,1,0.0,0.38095238095238093,0.8,1.6,0.36548799526311354,1.0,3.0,-0.9263225327693094,2.0,2.0,2,0.4,34,1.0,0.0,1.0,1.0,1.0,1.0,2.0,1.0,2.0
25,4,0.0,0,1,1,0.0,0.3333333333333333,0.8,1.6,-1.4619519810524546,1.0,1.0,0.6175483551795394,2.0,1.0,0,0.4,33,0.0,0.0,2.0,1.0,1.0,1.0,1.0,1.0,2.0
26,4,0.0,0,1,1,0.0,0.2857142857142857,0.8,1.4,0.36548799526311354,1.0,-1.0,-0.6175483551795393,2.0,1.0,0,0.4,36,0.0,-1.0,1.0,0.0,2.0,1.0,1.0,1.0,1.0
27,4,0.0,0,1,1,0.0,0.23809523809523808,0.8,1.2,0.36548799526311354,1.0,-1.0,-0.3654879952631134,2.0,-1.0,0,0.4,37,0.0,-1.0,1.0,1.0,1.0,0.0,2.0,1.0,1.0
28,4,0.0,0,1,1,0.0,0.19047619047619047,0.6,1.4,-0.9263225327693092,1.0,-2.0,0.9263225327693093,2.0,2.0,0,0.2,35,-1.0,1.0,2.0,1.0,1.0,1.0,1.0,0.0,2.0
29,4,1.0,0,1,1,0.0,0.14285714285714285,0.4,1.4,-0.6175483551795395,1.0,-2.0,-0.6175483551795393,2.0,0.0,0,0.0,34,-1.0,0.0,1.0,0.0,2.0,1.0,1.0,1.0,1.0
30,4,1.0,0,1,1,0.0,0.09523809523809523,0.6,1.2,0.6175483551795395,1.0,1.0,-0.3654879952631134,2.0,-1.0,0,0.0,36,1.0,-1.0,1.0,0.0,1.0,0.0,2.0,1.0,1.0
31,4,1.0,0,1,1,0.0,0.047619047619047616,0.6,1.2,0.6175483551795395,1.0,0.0,-0.3654879952631134,2.0,1.0,0,0.0,37,0.0,0.0,1.0,1.0,1.0,0.0,1.0,0.0,2.0
32,4,1.0,0,1,1,0.0,0.0,0.6,1.2,0.6175483551795395,1.0,0.0,-0.3654879952631134,2.0,1.0,0,0.0,38,0.0,0.0,1.0,1.0,1.0,1.0,1.0,0.0,1.0
33,4,1.0,0,1,1,0.0,0.0,0.8,1.0,0.36548799526311354,1.0,2.0,0.0,1.0,-2.0,1,0.2,39,1.0,-1.0,1.0,1.0,1.0,1.0,1.0,1.0,1.0
34,4,1.0,0,1,1,0.0,0.0,1.0,1.2,0.0,1.0,2.0,1.4619519810524546,2.0,1.0,2,0.4,39,1.0,1.0,2.0,1.0,1.0,1.0,1.0,1.0,1.0
35,4,1.0,0,1,1,0.0,0.0,1.0,1.4,0.0,1.0,-1.0,0.9263225327693093,2.0,2.0,3,0.6,38,0.0,1.0,2.0,1.0,2.0,1.0,1.0,1.0,1.0
36,4,1.0,0,1,1,0.0,0.0,1.2,1.8,1.4619519810524546,2.0,1.0,1.2811478722331748,3.0,2.0,4,0.8,38,1.0,2.0,1.5,1.0,2.0,1.0,2.0,1.0,1.0
37,4,1.0,0,1,1,0.0,0.0,1.4,2.2,0.9263225327693093,2.0,1.0,0.854098581488783,3.0,2.0,5,1.0,39,1.0,2.0,1.5,2.0,3.0,1.0,2.0,1.0,2.0
38,4,1.0,0,1,1,0.0,0.0,1.8,2.6,1.2811478722331748,3.0,1.0,0.6175483551795395,3.0,3.0,6,1.0,38,2.0,2.0,1.0,2.0,3.0,2.0,3.0,1.0,2.0
39,4,1.0,0,1,1,0.0,0.0,2.0,2.8,0.0,3.0,0.0,0.365487995263114,3.0,0.0,7,1.0,38,1.0,1.0,1.5,3.0,3.0,2.0,3.0,2.0,3.0
40,4,1.0,0,1,1,0.0,0.0,2.2,3.0,-0.365487995263114,3.0,1.0,0.0,3.0,0.0,8,1.0,40,1.0,1.0,1.5,2.0,3.0,3.0,3.0,2.0,3.0
41,4,1.0,0,1,1,0.0,0.0,2.2,3.0,-0.365487995263114,3.0,-1.0,0.0,3.0,-2.0,9,1.0,41,0.0,0.0,1.5,2.0,3.0,2.0,3.0,3.0,3.0
42,4,1.0,0,1,1,0.0,0.0,2.2,3.0,-0.365487995263114,3.0,-1.0,0.0,3.0,-2.0,10,1.0,41,0.0,0.0,1.5,2.0,3.0,2.0,3.0,2.0,3.0
43,4,1.0,0,1,1,0.0,0.0,2.0,3.0,0.0,2.0,-3.0,0.0,3.0,-2.0,11,1.0,41,-1.0,0.0,1.5,2.0,3.0,2.0,3.0,2.0,3.0
44,4,1.0,0,1,1,0.0,0.0,2.0,3.0,0.0,2.0,-1.0,0.0,3.0,-1.0,12,1.0,42,0.0,0.0,1.5,2.0,3.0,2.0,3.0,2.0,3.0
45,4,1.0,0,1,1,0.0,0.0,2.0,3.0,0.0,2.0,-1.0,0.0,3.0,-1.0,13,1.0,41,0.0,0.0,1.5,2.0,3.0,2.0,3.0,2.0,3.0
46,4,1.0,0,1,1,0.0,0.0,2.0,3.0,0.0,2.0,0.0,0.0,3.0,0.0,14,1.0,41,0.0,0.0,1.5,2.0,3.0,2.0,3.0,2.0,3.0
47,4,1.0,0,1,1,0.0,0.0,2.0,3.0,0.0,2.0,0.0,0.0,3.0,0.0,15,1.0,41,0.0,0.0,1.5,2.0,3.0,2.0,3.0,2.0,3.0
48,4,1.0,0,1,1,0.0,0.0,2.0,3.0,0.0,2.0,1.0,0.0,3.0,0.0,16,1.0,42,0.0,0.0,1.5,2.0,3.0,2.0,3.0,2.0,3.0
49,4,1.0,0,1,1,0.0,0.0,2.0,3.0,0.0,2.0,0.0,0.0,3.0,0.0,17,1.0,42,0.0,0.0,1.5,2.0,3.0,2.0,3.0,2.0,3.0
50,4,1.0,0,1,1,0.0,0.0,2.0,3.0,0.0,2.0,0.0,0.0,3.0,0.0,18,1.0,42,0.0,0.0,1.5,2.0,3.0,2.0,3.0,2.0,3.0
51,4,1.0,0,1,1,0.0,0.0,2.0,3.0,0.0,2.0,0.0,0.0,3.0,0.0,19,1.0,42,0.0,0.0,1.5,2.0,3.0,2.0,3.0,2.0,3.0
52,4,1.0,0,1,1,0.0,0.0,2.0,3.0,0.0,2.0,0.0,0.0,3.0,0.0,20,1.0,42,0.0,0.0,1.5,2.0,3.0,2.0,3.0,2.0,3.0
53,4,1.0,0,1,1,0.0,0.0,2.0,3.0,0.0,2.0,0.0,0.0,3.0,0.0,21,1.0,42,0.0,0.0,1.5,2.0,3.0,2.0,3.0,2.0,3.0
54,4,1.0,0,1,1,0.0,0.0,2.0,3.0,0.0,2.0,0.0,0.0,3.0,0.0,22,1.0,43,0.0,0.0,1.5,2.0,3.0,2.0,3.0,2.0,3.0
55,4,1.0,0,1,1,0.0,0.0,2.0,3.0,0.0,2.0,0.0,0.0,3.0,0.0,23,1.0,43,0.0,0.0,1.5,2.0,3.0,2.0,3.0,2.0,3.0
56,4,1.0,0,1,1,0.0,0.0,2.0,3.0,0.0,2.0,0.0,0.0,3.0,0.0,24,1.0,43,0.0,0.0,1.5,2.0,3.0,2.0,3.0,2.0,3.0
57,4,1.0,0,1,1,0.0,0.0,2.0,3.0,0.0,2.0,0.0,0.0,3.0,0.0,25,1.0,43,0.0,0.0,1.5,2.0,3.0,2.0,3.0,2.0,3.0
58,4,1.0,0,1,1,0.0,0.0,2.0,3.0,0.0,2.0,0.0,0.0,3.0,0.0,26,1.0,43,0.0,0.0,1.5,2.0,3.0,2.0,3.0,2.0,3.0
59,4,1.0,0,1,1,0.0,0.0,2.0,3.0,0.0,2.0,0.0,0.0,3.0,0.0,27,1.0,43,0.0,0.0,1.5,2.0,3.0,2.0,3.0,2.0,3.0
60,4,1.0,0,1,1,0.0,0.0,2.0,3.0,0.0,2.0,0.0,0.0,3.0,0.0,28,1.0,43,0.0,0.0,1.5,2.0,3.0,2.0,3.0,2.0,3.0
61,4,1.0,0,1,1,0.0,0.0,2.0,3.0,0.0,2.0,0.0,0.0,3.0,0.0,29,1.0,43,0.0,0.0,1.5,2.0,3.0,2.0,3.0,2.0,3.0
62,4,1.0,0,1,1,0.0,0.0,2.0,3.0,0.0,2.0,0.0,0.0,3.0,0.0,30,1.0,43,0.0,0.0,1.5,2.0,3.0,2.0,3.0,2.0,3.0
63,4,1.0,0,1,1,0.0,0.0,2.0,3.0,0.0,2.0,0.0,0.0,3.0,0.0,31,1.0,43,0.0,0.0,1.5,2.0,3.0,2.0,3.0,2.0,3.0
64,4,1.0,0,1,1,0.0,0.0,2.0,3.0,0.0,2.0,0.0,0.0,3.0,0.0,32,1.0,43,0.0,0.0,1.5,2.0,3.0,2.0,3.0,2.0,3.0
65,4,1.0,0,1,1,0.0,0.0,2.0,3.0,0.0,2.0,0.0,0.0,3.0,0.0,33,1.0,43,0.0,0.0,1.5,2.0,3.0,2.0,3.0,2.0,3.0
66,4,1.0,0,1,1,0.0,0.0,2.0,3.0,0.0,2.0,0.0,0.0,3.0,0.0,34,1.0,43,0.0,0.0,1.5,2.0,3.0,2.0,3.0,2.0,3.0
67,4,1.0,0,1,1,0.0,0.0,2.0,3.0,0.0,2.0,0.0,0.0,3.0,0.0,35,1.0,43,0.0,0.0,1.5,2.0,3.0,2.0,3.0,2.0,3.0
68,4,1.0,0,1,1,0.0,0.0,2.0,3.0,0.0,2.0,0.0,0.0,3.0,0.0,36,1.0,43,0.0,0.0,1.5,2.0,3.0,2.0,3.0,2.0,3.0
69,4,1.0,0,1,1,0.0,0.0,2.0,3.0,0.0,2.0,0.0,0.0,3.0,0.0,37,1.0,43,0.0,0.0,1.5,2.0,3.0,2.0,3.0,2.0,3.0
70,4,1.0,0,1,1,0.0,0.0,2.0,3.0,0.0,2.0,0.0,0.0,3.0,0.0,38,1.0,43,0.0,0.0,1.5,2.0,3.0,2.0,3.0,2.0,3.0
71,4,1.0,0,1,1,0.0,0.0,2.0,3.0,0.0,2.0,0.0,0.0,3.0,0.0,39,1.0,43,0.0,0.0,1.5,2.0,3.0,2.0,3.0,2.0,3.0
72,4,1.0,0,1,1,0.0,0.0,2.0,3.0,0.0,2.0,0.0,0.0,3.0,0.0,40,1.0,43,0.0,0.0,1.5,2.0,3.0,2.0,3.0,2.0,3.0
73,4,1.0,0,1,1,0.0,0.0,2.0,3.0,0.0,2.0,0.0,0.0,3.0,0.0,41,1.0,43,0.0,0.0,1.5,2.0,3.0,2.0,3.0,2.0,3.0
74,4,1.0,0,1,1,0.0,0.0,2.0,3.0,0.0,2.0,0.0,0.0,3.0,0.0,42,1.0,43,0.0,0.0,1.5,2.0,3.0,2.0,3.0,2.0,3.0
75,4,1.0,0,1,1,0.0,0.0,2.0,3.0,0.0,2.0,0.0,0.0,3.0,0.0,43,1.0,43,0.0,0.0,1.5,2.0,3.0,2.0,3.0,2.0,3.0
76,4,1.0,0,1,1,0.0,0.0,2.0,3.0,0.0,2.0,0.0,0.0,3.0,0.0,44,1.0,43,0.0,0.0,1.5,2.0,3.0,2.0,3.0,2.0,3.0
77,4,1.0,0,1,1,0.0,0.0,2.0,3.0,0.0,2.0,0.0,0.0,3.0,0.0,45,1.0,43,0.0,0.0,1.5,2.0,3.0,2.0,3.0,2.0,3.0
78,4,1.0,0,1,1,0.0,0.0,2.0,3.0,0.0,2.0,0.0,0.0,3.0,0.0,46,1.0,43,0.0,0.0,1.5,2.0,3.0,2.0,3.0,2.0,3.0
79,4,1.0,0,1,1,0.0,0.0,2.0,3.0,0.0,2.0,0.0,0.0,3.0,0.0,47,1.0,43,0.0,0.0,1.5,2.0,3.0,2.0,3.0,2.0,3.0
80,4,1.0,0,1,1,0.0,0.0,2.0,3.0,0.0,2.0,0.0,0.0,3.0,0.0,48,1.0,43,0.0,0.0,1.5,2.0,3.0,2.0,3.0,2.0,3.0
81,4,1.0,0,1,1,0.0,0.0,2.0,3.0,0.0,2.0,0.0,0.0,3.0,0.0,49,1.0,43,0.0,0.0,1.5,2.0,3.0,2.0,3.0,2.0,3.0
82,4,1.0,0,1,1,0.0,0.0,2.0,3.0,0.0,2.0,0.0,0.0,3.0,0.0,50,1.0,43,0.0,0.0,1.5,2.0,3.0,2.0,3.0,2.0,3.0
83,4,1.0,0,1,1,0.0,0.0,2.0,3.0,0.0,2.0,0.0,0.0,3.0,0.0,51,1.0,43,0.0,0.0,1.5,2.0,3.0,2.0,3.0,2.0,3.0
84,4,1.0,0,1,1,0.0,0.0,2.0,3.0,0.0,2.0,0.0,0.0,3.0,0.0,52,1.0,43,0.0,0.0,1.5,2.0,3.0,2.0,3.0,2.0,3.0
85,4,1.0,0,1,1,0.0,0.0,2.0,3.0,0.0,2.0,0.0,0.0,3.0,0.0,53,1.0,43,0.0,0.0,1.5,2.0,3.0,2.0,3.0,2.0,3.0
86,4,1.0,0,1,1,0.0,0.0,2.0,3.0,0.0,2.0,0.0,0.0,3.0,0.0,54,1.0,43,0.0,0.0,1.5,2.0,3.0,2.0,3.0,2.0,3.0
87,4,1.0,0,1,1,0.0,0.0,2.0,3.0,0.0,2.0,0.0,0.0,3.0,0.0,55,1.0,43,0.0,0.0,1.5,2.0,3.0,2.0,3.0,2.0,3.0
88,4,1.0,0,1,1,0.0,0.0,2.0,3.0,0.0,2.0,0.0,0.0,3.0,0.0,56,1.0,43,0.0,0.0,1.5,2.0,3.0,2.0,3.0,2.0,3.0
89,4,1.0,0,1,1,0.0,0.0,2.0,3.0,0.0,2.0,0.0,0.0,3.0,0.0,57,1.0,43,0.0,0.0,1.5,2.0,3.0,2.0,3.0,2.0,3.0
90,4,1.0,0,1,1,0.0,0.0,2.0,3.0,0.0,2.0,0.0,0.0,3.0,0.0,58,1.0,43,0.0,0.0,1.5,2.0,3.0,2.0,3.0,2.0,3.0
91,4,1.0,0,1,1,0.0,0.0,2.0,3.0,0.0,2.0,0.0,0.0,3.0,0.0,59,1.0,43,0.0,0.0,1.5,2.0,3.0,2.0,3.0,2.0,3.0
92,4,1.0,0,1,1,0.0,0.0,2.0,3.0,0.0,2.0,0.0,0.0,3.0,0.0,60,1.0,43,0.0,0.0,1.5,2.0,3.0,2.0,3.0,2.0,3.0
93,4,1.0,0,1,1,0.0,0.0,2.0,3.0,0.0,2.0,0.0,0.0,3.0,0.0,61,1.0,43,0.0,0.0,1.5,2.0,3.0,2.0,3.0,2.0,3.0
94,4,1.0,0,1,1,0.0,0.0,2.0,3.0,0.0,2.0,0.0,0.0,3.0,0.0,62,1.0,43,0.0,0.0,1.5,2.0,3.0,2.0,3.0,2.0,3.0
95,4,1.0,0,1,1,0.0,0.0,2.0,3.0,0.0,2.0,0.0,0.0,3.0,0.0,63,1.0,43,0.0,0.0,1.5,2.0,3.0,2.0,3.0,2.0,3.0
96,4,1.0,0,1,1,0.0,0.0,2.0,3.0,0.0,2.0,0.0,0.0,3.0,0.0,64,1.0,43,0.0,0.0,1.5,2.0,3.0,2.0,3.0,2.0,3.0
97,4,1.0,0,1,1,0.0,0.0,2.0,3.0,0.0,2.0,0.0,0.0,3.0,0.0,65,1.0,43,0.0,0.0,1.5,2.0,3.0,2.0,3.0,2.0,3.0
98,4,1.0,0,1,1,0.0,0.0,2.0,3.0,0.0,2.0,0.0,0.0,3.0,0.0,66,1.0,43,0.0,0.0,1.5,2.0,3.0,2.0,3.0,2.0,3.0
99,4,1.0,0,1,1,0.0,0.0,2.0,3.0,0.0,2.0,0.0,0.0,3.0,0.0,67,1.0,43,0.0,0.0,1.5,2.0,3.0,2.0,3.0,2.0,3.0
100,4,1.0,0,1,1,0.0,0.0,2.0,3.0,0.0,2.0,0.0,0.0,3.0,0.0,68,1.0,43,0.0,0.0,1.5,2.0,3.0,2.0,3.0,2.0,3.0
101,4,1.0,0,1,1,0.0,0.0,2.0,3.0,0.0,2.0,0.0,0.0,3.0,0.0,69,1.0,43,0.0,0.0,1.5,2.0,3.0,2.0,3.0,2.0,3.0
102,4,1.0,0,1,1,0.0,0.0,2.0,3.0,0.0,2.0,0.0,0.0,3.0,0.0,70,1.0,43,0.0,0.0,1.5,2.0,3.0,2.0,3.0,2.0,3.0
103,4,1.0,0,1,1,0.0,0.0,2.0,3.0,0.0,2.0,0.0,0.0,3.0,0.0,71,1.0,43,0.0,0.0,1.5,2.0,3.0,2.0,3.0,2.0,3.0
104,4,1.0,0,1,1,0.0,0.0,2.0,3.0,0.0,2.0,0.0,0.0,3.0,0.0,72,1.0,43,0.0,0.0,1.5,2.0,3.0,2.0,3.0,2.0,3.0
105,4,1.0,0,1,1,0.0,0.0,2.0,3.0,0.0,2.0,0.0,0.0,3.0,0.0,73,1.0,43,0.0,0.0,1.5,2.0,3.0,2.0,3.0,2.0,3.0
106,4,1.0,0,1,1,0.0,0.0,2.0,3.0,0.0,2.0,0.0,0.0,3.0,0.0,74,1.0,43,0.0,0.0,1.5,2.0,3.0,2.0,3.0,2.0,3.0
107,4,1.0,0,1,1,0.0,0.0,2.0,3.0,0.0,2.0,0.0,0.0,3.0,0.0,75,1.0,43,0.0,0.0,1.5,2.0,3.0,2.0,3.0,2.0,3.0
108,4,1.0,0,1,1,0.0,0.0,2.0,3.0,0.0,2.0,0.0,0.0,3.0,0.0,76,1.0,43,0.0,0.0,1.5,2.0,3.0,2.0,3.0,2.0,3.0
109,4,1.0,0,1,1,0.0,0.0,2.0,3.0,0.0,2.0,0.0,0.0,3.0,0.0,77,1.0,43,0.0,0.0,1.5,2.0,3.0,2.0,3.0,2.0,3.0
110,4,1.0,0,1,1,0.0,0.0,2.0,3.0,0.0,2.0,0.0,0.0,3.0,0.0,78,1.0,43,0.0,0.0,1.5,2.0,3.0,2.0,3.0,2.0,3.0
111,4,1.0,0,1,1,0.0,0.0,2.0,3.0,0.0,2.0,0.0,0.0,3.0,0.0,79,1.0,43,0.0,0.0,1.5,2.0,3.0,2.0,3.0,2.0,3.0
112,4,1.0,0,1,1,0.0,0.0,2.0,3.0,0.0,2.0,0.0,0.0,3.0,0.0,80,1.0,43,0.0,0.0,1.5,2.0,3.0,2.0,3.0,2.0,3.0
113,4,1.0,0,1,1,0.0,0.0,2.0,3.0,0.0,2.0,0.0,0.0,3.0,0.0,81,1.0,43,0.0,0.0,1.5,2.0,3.0,2.0,3.0,2.0,3.0
114,4,1.0,0,1,1,0.0,0.0,2.0,3.0,0.0,2.0,0.0,0.0,3.0,0.0,82,1.0,43,0.0,0.0,1.5,2.0,3.0,2.0,3.0,2.0,3.0
115,4,1.0,0,1,1,0.0,0.0,2.0,3.0,0.0,2.0,0.0,0.0,3.0,0.0,83,1.0,43,0.0,0.0,1.5,2.0,3.0,2.0,3.0,2.0,3.0
116,4,1.0,0,1,1,0.0,0.0,2.0,3.0,0.0,2.0,0.0,0.0,3.0,0.0,84,1.0,43,0.0,0.0,1.5,2.0,3.0,2.0,3.0,2.0,3.0
117,4,1.0,0,1,1,0.0,0.0,2.0,3.0,0.0,2.0,0.0,0.0,3.0,0.0,85,1.0,43,0.0,0.0,1.5,2.0,3.0,2.0,3.0,2.0,3.0
118,4,1.0,0,1,1,0.0,0.0,2.0,3.0,0.0,2.0,0.0,0.0,3.0,0.0,86,1.0,43,0.0,0.0,1.5,2.0,3.0,2.0,3.0,2.0,3.0
119,4,1.0,0,1,1,0.0,0.0,2.0,3.0,0.0,2.0,0.0,0.0,3.0,0.0,87,1.0,43,0.0,0.0,1.5,2.0,3.0,2.0,3.0,2.0,3.0
120,4,1.0,0,1,1,0.0,0.0,2.0,3.0,0.0,2.0,0.0,0.0,3.0,0.0,88,1.0,43,0.0,0.0,1.5,2.0,3.0,2.0,3.0,2.0,3.0
121,4,1.0,0,1,1,0.0,0.0,2.0,3.0,0.0,2.0,0.0,0.0,3.0,0.0,89,1.0,43,0.0,0.0,1.5,2.0,3.0,2.0,3.0,2.0,3.0
122,4,1.0,0,1,1,0.0,0.0,2.0,3.0,0.0,2.0,0.0,0.0,3.0,0.0,90,1.0,43,0.0,0.0,1.5,2.0,3.0,2.0,3.0,2.0,3.0
1,5,0.0,1,0,1,0.2727272727272727,0.0,6.0,10.0,0.0,6.0,0.0,0.0,10.0,0.0,0,0.0,0,0.0,0.0,1.6666666666666667,0.0,0.0,0.0,0.0,0.0,0.0
2,5,0.0,1,0,1,0.2727272727272727,0.0,6.0,10.0,0.0,6.0,0.0,0.0,10.0,0.0,1,0.5,43,0.0,0.0,1.6666666666666667,6.0,10.0,0.0,0.0,0.0,0.0
3,5,0.0,1,0,1,0.2727272727272727,0.0,6.0,10.0,0.0,6.0,0.0,0.0,10.0,0.0,2,0.6666666666666666,43,0.0,0.0,1.6666666666666667,6.0,10.0,6.0,10.0,0.0,0.0
4,5,0.0,0,1,1,0.2727272727272727,0.0,6.0,10.0,0.0,6.0,0.0,0.0,10.0,0.0,3,0.75,43,0.0,0.0,1.6666666666666667,6.0,10.0,6.0,10.0,6.0,10.0
5,5,0.0,0,1,1,0.2727272727272727,0.0,6.0,10.0,0.0,6.0,0.0,0.0,10.0,0.0,4,0.8,43,0.0,0.0,1.6666666666666667,6.0,10.0,6.0,10.0,6.0,10.0
6,5,0.0,0,1,1,0.2727272727272727,0.047619047619047616,5.6,9.6,-1.6089664627846396,6.0,0.0,-1.6089664627846396,10.0,0.0,0,0.8,26,-2.0,-2.0,2.0,6.0,10.0,6.0,10.0,6.0,10.0
7,5,0.0,0,1,1,0.2727272727272727,0.09523809523809523,5.0,9.2,-1.3208176506262261,6.0,0.0,-1.0038102000104185,10.0,0.0,0,0.6,26,-3.0,-2.0,2.6666666666666665,4.0,8.0,6.0,10.0,6.0,10.0
8,5,0.0,0,1,1,0.2727272727272727,0.14285714285714285,4.2,8.2,-1.164727159999884,6.0,0.0,-1.4887943890725877,10.0,0.0,0,0.4,27,-4.0,-5.0,2.5,3.0,8.0,4.0,8.0,6.0,10.0
9,5,0.0,0,1,1,0.2727272727272727,0.19047619047619047,3.4,7.0,-0.7894795965216528,6.0,0.0,-1.1767060481384868,10.0,0.0,0,0.2,26,-4.0,-6.0,2.0,2.0,5.0,3.0,8.0,4.0,8.0
10,5,0.0,0,1,1,0.2727272727272727,0.23809523809523808,2.6,5.6,-0.6033624235442402,4.0,0.0,-1.082353403643686,8.0,0.0,0,0.0,26,-4.0,-7.0,1.5,2.0,4.0,2.0,5.0,3.0,8.0
11,5,0.0,0,1,1,0.2727272727272727,0.2857142857142857,2.2,4.6,-0.36548799526311415,3.0,0.0,-0.7360910528047638,8.0,-3.0,0,0.0,28,-2.0,-5.0,1.5,2.0,3.0,2.0,4.0,2.0,5.0
12,5,0.0,0,1,1,0.2727272727272727,0.3333333333333333,1.8,3.6,-1.4619519810524546,2.0,1.0,-0.6033624235442423,5.0,-3.0,0,0.0,34,-2.0,-5.0,3.0,2.0,3.0,2.0,3.0,2.0,4.0
13,5,0.0,0,1,1,0.3181818181818182,0.3333333333333333,1.4,3.4,-1.4078456549365597,2.0,2.0,0.9263225327693185,4.0,4.0,0,0.0,31,-2.0,-1.0,4.0,1.0,3.0,2.0,3.0,2.0,3.0
14,5,0.0,0,1,1,0.36363636363636365,0.3333333333333333,1.2,3.0,-0.2135246453721958,2.0,3.0,-1.2389934309929624,4.0,4.0,0,0.0,26,-1.0,-2.0,2.0,0.0,4.0,1.0,3.0,2.0,3.0
15,5,0.0,0,1,1,0.36363636363636365,0.3333333333333333,1.0,3.0,0.0,2.0,3.0,0.0,4.0,7.0,1,0.2,28,-1.0,0.0,3.0,1.0,2.0,0.0,4.0,1.0,3.0
16,5,0.0,0,1,1,0.36363636363636365,0.3333333333333333,0.8,3.0,0.36548799526311365,1.0,1.0,0.0,4.0,5.0,2,0.4,28,-1.0,0.0,3.0,1.0,3.0,1.0,2.0,0.0,4.0
17,5,0.0,0,1,1,0.36363636363636365,0.3333333333333333,1.0,3.0,1.2389934309929542,2.0,3.0,0.0,4.0,5.0,3,0.6,28,1.0,0.0,1.5,1.0,3.0,1.0,3.0,1.0,2.0
18,5,0.0,0,1,1,0.36363636363636365,0.3333333333333333,1.4,2.6,0.9263225327693095,2.0,4.0,-0.9263225327693204,3.0,-1.0,4,0.8,29,2.0,-2.0,1.0,2.0,3.0,1.0,3.0,1.0,3.0
19,5,0.0,0,1,1,0.36363636363636365,0.3333333333333333,1.6,2.8,0.6175483551795395,2.0,2.0,0.3654879952631199,3.0,3.0,5,1.0,33,1.0,1.0,1.5,2.0,2.0,2.0,3.0,1.0,3.0
20,5,0.0,0,1,1,0.36363636363636365,0.3333333333333333,1.6,2.8,-0.9263225327693095,2.0,1.0,0.3654879952631199,3.0,0.0,6,1.0,32,0.0,0.0,3.0,2.0,3.0,2.0,2.0,2.0,3.0
21,5,0.0,0,1,1,0.36363636363636365,0.3333333333333333,1.8,3.0,0.36548799526311365,2.0,2.0,1.2389934309929624,4.0,1.0,7,1.0,32,1.0,1.0,2.0,1.0,3.0,2.0,3.0,2.0,2.0
22,5,0.0,0,1,1,0.36363636363636365,0.3333333333333333,1.6,3.2,-0.9263225327693095,2.0,-2.0,0.8540985814887871,4.0,1.0,8,1.0,33,-1.0,1.0,4.0,2.0,4.0,1.0,3.0,2.0,3.0
23,5,0.0,0,1,1,0.36363636363636365,0.3333333333333333,1.6,3.8,0.6175483551795395,2.0,-2.0,1.2811478722331802,5.0,5.0,9,1.0,34,0.0,3.0,2.5,1.0,4.0,2.0,4.0,1.0,3.0
24,5,0.0,0,1,1,0.36363636363636365,0.3333333333333333,1.8,4.2,1.281147872233175,3.0,0.0,0.8540985814887861,5.0,1.0,10,1.0,34,1.0,2.0,1.6666666666666667,2.0,5.0,1.0,4.0,2.0,4.0
25,5,0.0,0,1,1,0.36363636363636365,0.3333333333333333,2.4,4.6,1.2901400621384658,4.0,3.0,0.6175483551795443,5.0,2.0,11,1.0,32,3.0,2.0,1.25,3.0,5.0,2.0,5.0,1.0,4.0
26,5,0.0,0,1,1,0.36363636363636365,0.3333333333333333,2.8,4.8,0.8547979747033349,4.0,1.0,0.36548799526311754,5.0,0.0,12,1.0,35,2.0,1.0,1.25,4.0,5.0,3.0,5.0,2.0,5.0
27,5,0.0,0,1,1,0.36363636363636365,0.3333333333333333,3.4,5.2,0.6033624235442401,4.0,4.0,1.4619519810524544,6.0,1.0,13,1.0,36,3.0,2.0,1.5,4.0,5.0,4.0,5.0,3.0,5.0
28,5,0.0,0,1,1,0.36363636363636365,0.3333333333333333,3.8,5.4,0.365487995263114,4.0,2.0,0.9263225327693089,6.0,-2.0,14,1.0,34,2.0,1.0,1.5,4.0,6.0,4.0,5.0,4.0,5.0
29,5,0.0,0,1,1,0.36363636363636365,0.3333333333333333,4.2,5.8,1.4619519810524544,5.0,1.0,1.281147872233175,7.0,0.0,15,1.0,33,2.0,2.0,1.4,4.0,6.0,4.0,6.0,4.0,5.0
30,5,0.0,0,1,1,0.36363636363636365,0.3333333333333333,4.2,6.2,-0.365487995263114,5.0,-3.0,0.854098581488783,7.0,0.0,16,1.0,35,0.0,2.0,1.75,5.0,7.0,4.0,6.0,4.0,6.0
31,5,0.0,0,1,1,0.36363636363636365,0.3333333333333333,4.4,6.6,0.9263225327693089,5.0,-1.0,0.6175483551795401,7.0,1.0,17,1.0,36,1.0,2.0,1.4,4.0,7.0,5.0,7.0,4.0,6.0
32,5,0.0,0,1,1,0.36363636363636365,0.3333333333333333,4.6,6.8,0.6175483551795402,5.0,-2.0,0.36548799526311393,7.0,-1.0,18,1.0,37,1.0,1.0,1.4,5.0,7.0,4.0,7.0,5.0,7.0
33,5,0.0,0,1,1,0.36363636363636365,0.3333333333333333,4.8,7.0,0.365487995263114,5.0,-1.0,0.0,7.0,0.0,19,1.0,39,1.0,1.0,1.4,5.0,7.0,5.0,7.0,4.0,7.0
34,5,0.0,0,1,1,0.36363636363636365,0.3333333333333333,4.8,7.0,0.365487995263114,5.0,-2.0,0.0,7.0,-2.0,20,1.0,39,0.0,0.0,1.4,5.0,7.0,5.0,7.0,5.0,7.0
35,5,0.0,0,1,1,0.36363636363636365,0.3333333333333333,5.0,7.0,0.0,5.0,1.0,0.0,7.0,-2.0,21,1.0,38,1.0,0.0,1.4,5.0,7.0,5.0,7.0,5.0,7.0
36,5,0.0,0,1,1,0.36363636363636365,0.3333333333333333,5.0,7.0,0.0,5.0,-1.0,0.0,7.0,-2.0,22,1.0,38,0.0,0.0,1.4,5.0,7.0,5.0,7.0,5.0,7.0
37,5,0.0,0,1,1,0.36363636363636365,0.3333333333333333,5.2,7.0,1.4619519810524544,6.0,0.0,0.0,7.0,-1.0,23,1.0,39,1.0,0.0,1.1666666666666667,5.0,7.0,5.0,7.0,5.0,7.0
38,5,0.0,0,1,1,0.36363636363636365,0.3333333333333333,5.2,7.0,-0.365487995263114,6.0,-1.0,0.0,7.0,-1.0,24,1.0,38,0.0,0.0,1.4,6.0,7.0,5.0,7.0,5.0,7.0
39,5,0.0,0,1,1,0.36363636363636365,0.3333333333333333,5.2,7.0,-0.365487995263114,6.0,0.0,0.0,7.0,0.0,25,1.0,38,0.0,0.0,1.4,5.0,7.0,6.0,7.0,5.0,7.0
40,5,0.0,0,1,1,0.36363636363636365,0.3333333333333333,5.2,7.0,-0.365487995263114,6.0,-1.0,0.0,7.0,0.0,26,1.0,40,0.0,0.0,1.4,5.0,7.0,5.0,7.0,6.0,7.0
41,5,0.0,0,1,1,0.36363636363636365,0.3333333333333333,5.2,7.0,-0.365487995263114,6.0,0.0,0.0,7.0,0.0,27,1.0,41,0.0,0.0,1.4,5.0,7.0,5.0,7.0,5.0,7.0
42,5,0.0,0,1,1,0.36363636363636365,0.3333333333333333,5.0,7.0,0.0,5.0,-2.0,0.0,7.0,0.0,28,1.0,41,-1.0,0.0,1.4,5.0,7.0,5.0,7.0,5.0,7.0
43,5,0.0,0,1,1,0.36363636363636365,0.3333333333333333,5.0,6.8,0.0,5.0,0.0,-1.4619519810524544,7.0,-1.0,29,1.0,41,0.0,-1.0,1.2,5.0,7.0,5.0,7.0,5.0,7.0
44,5,0.0,0,1,1,0.36363636363636365,0.3333333333333333,5.0,6.6,0.0,5.0,0.0,-0.9263225327693089,7.0,-1.0,30,1.0,42,0.0,-1.0,1.2,5.0,6.0,5.0,7.0,5.0,7.0
45,5,0.0,0,1,1,0.36363636363636365,0.3333333333333333,5.0,6.4,0.0,5.0,0.0,-0.6175483551795402,7.0,-1.0,31,1.0,41,0.0,-1.0,1.2,5.0,6.0,5.0,6.0,5.0,7.0
46,5,0.0,0,1,1,0.36363636363636365,0.3333333333333333,5.0,6.2,0.0,5.0,0.0,-0.365487995263114,7.0,-1.0,32,1.0,41,0.0,-1.0,1.2,5.0,6.0,5.0,6.0,5.0,6.0
47,5,0.0,0,1,1,0.36363636363636365,0.3333333333333333,5.0,6.0,0.0,5.0,1.0,0.0,6.0,-1.0,33,1.0,41,0.0,-1.0,1.2,5.0,6.0,5.0,6.0,5.0,6.0
48,5,0.0,0,1,1,0.36363636363636365,0.3333333333333333,5.0,6.0,0.0,5.0,0.0,0.0,6.0,1.0,34,1.0,42,0.0,0.0,1.2,5.0,6.0,5.0,6.0,5.0,6.0
49,5,0.0,0,1,1,0.36363636363636365,0.3333333333333333,5.0,6.0,0.0,5.0,0.0,0.0,6.0,1.0,35,1.0,42,0.0,0.0,1.2,5.0,6.0,5.0,6.0,5.0,6.0
50,5,0.0,0,1,1,0.36363636363636365,0.3333333333333333,5.0,6.0,0.0,5.0,0.0,0.0,6.0,1.0,36,1.0,42,0.0,0.0,1.2,5.0,6.0,5.0,6.0,5.0,6.0
51,5,0.0,0,1,1,0.36363636363636365,0.3333333333333333,5.0,6.0,0.0,5.0,0.0,0.0,6.0,1.0,37,1.0,42,0.0,0.0,1.2,5.0,6.0,5.0,6.0,5.0,6.0
52,5,0.0,0,1,1,0.36363636363636365,0.3333333333333333,5.0,6.0,0.0,5.0,0.0,0.0,6.0,1.0,38,1.0,42,0.0,0.0,1.2,5.0,6.0,5.0,6.0,5.0,6.0
53,5,0.0,0,1,1,0.36363636363636365,0.3333333333333333,5.0,6.0,0.0,5.0,0.0,0.0,6.0,0.0,39,1.0,42,0.0,0.0,1.2,5.0,6.0,5.0,6.0,5.0,6.0
54,5,0.0,0,1,1,0.36363636363636365,0.3333333333333333,5.0,6.0,0.0,5.0,0.0,0.0,6.0,0.0,40,1.0,43,0.0,0.0,1.2,5.0,6.0,5.0,6.0,5.0,6.0
55,5,0.0,0,1,1,0.36363636363636365,0.3333333333333333,5.0,6.0,0.0,5.0,0.0,0.0,6.0,0.0,41,1.0,43,0.0,0.0,1.2,5.0,6.0,5.0,6.0,5.0,6.0
56,5,0.0,0,1,1,0.36363636363636365,0.3333333333333333,5.0,6.0,0.0,5.0,0.0,0.0,6.0,0.0,42,1.0,43,0.0,0.0,1.2,5.0,6.0,5.0,6.0,5.0,6.0
57,5,0.0,0,1,1,0.36363636363636365,0.3333333333333333,5.0,6.0,0.0,5.0,0.0,0.0,6.0,0.0,43,1.0,43,0.0,0.0,1.2,5.0,6.0,5.0,6.0,5.0,6.0
58,5,0.0,0,1,1,0.36363636363636365,0.3333333333333333,5.0,6.0,0.0,5.0,0.0,0.0,6.0,0.0,44,1.0,43,0.0,0.0,1.2,5.0,6.0,5.0,6.0,5.0,6.0
59,5,0.0,0,1,1,0.36363636363636365,0.3333333333333333,5.0,6.0,0.0,5.0,0.0,0.0,6.0,0.0,45,1.0,43,0.0,0.0,1.2,5.0,6.0,5.0,6.0,5.0,6.0
60,5,0.0,0,1,1,0.36363636363636365,0.3333333333333333,5.0,6.0,0.0,5.0,0.0,0.0,6.0,0.0,46,1.0,43,0.0,0.0,1.2,5.0,6.0,5.0,6.0,5.0,6.0
61,5,0.0,0,1,1,0.36363636363636365,0.3333333333333333,5.0,6.0,0.0,5.0,0.0,0.0,6.0,0.0,47,1.0,43,0.0,0.0,1.2,5.0,6.0,5.0,6.0,5.0,6.0
62,5,0.0,0,1,1,0.36363636363636365,0.3333333333333333,5.0,6.0,0.0,5.0,0.0,0.0,6.0,0.0,48,1.0,43,0.0,0.0,1.2,5.0,6.0,5.0,6.0,5.0,6.0
63,5,0.0,0,1,1,0.36363636363636365,0.3333333333333333,5.0,6.0,0.0,5.0,0.0,0.0,6.0,0.0,49,1.0,43,0.0,0.0,1.2,5.0,6.0,5.0,6.0,5.0,6.0
64,5,0.0,0,1,1,0.36363636363636365,0.3333333333333333,5.0,6.0,0.0,5.0,0.0,0.0,6.0,0.0,50,1.0,43,0.0,0.0,1.2,5.0,6.0,5.0,6.0,5.0,6.0
65,5,0.0,0,1,1,0.36363636363636365,0.3333333333333333,5.0,6.0,0.0,5.0,0.0,0.0,6.0,0.0,51,1.0,43,0.0,0.0,1.2,5.0,6.0,5.0,6.0,5.0,6.0
66,5,0.0,0,1,1,0.36363636363636365,0.3333333333333333,5.0,6.0,0.0,5.0,0.0,0.0,6.0,0.0,52,1.0,43,0.0,0.0,1.2,5.0,6.0,5.0,6.0,5.0,6.0
67,5,0.0,0,1,1,0.36363636363636365,0.3333333333333333,5.0,6.0,0.0,5.0,0.0,0.0,6.0,0.0,53,1.0,43,0.0,0.0,1.2,5.0,6.0,5.0,6.0,5.0,6.0
68,5,0.0,0,1,1,0.36363636363636365,0.3333333333333333,5.0,6.0,0.0,5.0,0.0,0.0,6.0,0.0,54,1.0,43,0.0,0.0,1.2,5.0,6.0,5.0,6.0,5.0,6.0
69,5,0.0,0,1,1,0.36363636363636365,0.3333333333333333,5.0,6.0,0.0,5.0,0.0,0.0,6.0,0.0,55,1.0,43,0.0,0.0,1.2,5.0,6.0,5.0,6.0,5.0,6.0
70,5,0.0,0,1,1,0.36363636363636365,0.3333333333333333,5.0,6.0,0.0,5.0,0.0,0.0,6.0,0.0,56,1.0,43,0.0,0.0,1.2,5.0,6.0,5.0,6.0,5.0,6.0
71,5,0.0,0,1,1,0.36363636363636365,0.3333333333333333,5.0,6.0,0.0,5.0,0.0,0.0,6.0,0.0,57,1.0,43,0.0,0.0,1.2,5.0,6.0,5.0,6.0,5.0,6.0
72,5,0.0,0,1,1,0.36363636363636365,0.3333333333333333,5.0,6.0,0.0,5.0,0.0,0.0,6.0,0.0,58,1.0,43,0.0,0.0,1.2,5.0,6.0,5.0,6.0,5.0,6.0
73,5,0.0,0,1,1,0.36363636363636365,0.3333333333333333,5.0,6.0,0.0,5.0,0.0,0.0,6.0,0.0,59,1.0,43,0.0,0.0,1.2,5.0,6.0,5.0,6.0,5.0,6.0
74,5,0.0,0,1,1,0.36363636363636365,0.3333333333333333,5.0,6.0,0.0,5.0,0.0,0.0,6.0,0.0,60,1.0,43,0.0,0.0,1.2,5.0,6.0,5.0,6.0,5.0,6.0
75,5,0.0,0,1,1,0.36363636363636365,0.3333333333333333,5.0,6.0,0.0,5.0,0.0,0.0,6.0,0.0,61,1.0,43,0.0,0.0,1.2,5.0,6.0,5.0,6.0,5.0,6.0
76,5,0.0,0,1,1,0.36363636363636365,0.3333333333333333,5.0,6.0,0.0,5.0,0.0,0.0,6.0,0.0,62,1.0,43,0.0,0.0,1.2,5.0,6.0,5.0,6.0,5.0,6.0
77,5,0.0,0,1,1,0.36363636363636365,0.3333333333333333,5.0,6.0,0.0,5.0,0.0,0.0,6.0,0.0,63,1.0,43,0.0,0.0,1.2,5.0,6.0,5.0,6.0,5.0,6.0
78,5,0.0,0,1,1,0.36363636363636365,0.3333333333333333,5.0,6.0,0.0,5.0,0.0,0.0,6.0,0.0,64,1.0,43,0.0,0.0,1.2,5.0,6.0,5.0,6.0,5.0,6.0
79,5,0.0,0,1,1,0.36363636363636365,0.3333333333333333,5.0,6.0,0.0,5.0,0.0,0.0,6.0,0.0,65,1.0,43,0.0,0.0,1.2,5.0,6.0,5.0,6.0,5.0,6.0
80,5,0.0,0,1,1,0.36363636363636365,0.3333333333333333,5.0,6.0,0.0,5.0,0.0,0.0,6.0,0.0,66,1.0,43,0.0,0.0,1.2,5.0,6.0,5.0,6.0,5.0,6.0
81,5,0.0,0,1,1,0.36363636363636365,0.3333333333333333,5.0,6.0,0.0,5.0,0.0,0.0,6.0,0.0,67,1.0,43,0.0,0.0,1.2,5.0,6.0,5.0,6.0,5.0,6.0
82,5,0.0,0,1,1,0.36363636363636365,0.3333333333333333,5.0,6.0,0.0,5.0,0.0,0.0,6.0,0.0,68,1.0,43,0.0,0.0,1.2,5.0,6.0,5.0,6.0,5.0,6.0
83,5,0.0,0,1,1,0.36363636363636365,0.3333333333333333,5.0,6.0,0.0,5.0,0.0,0.0,6.0,0.0,69,1.0,43,0.0,0.0,1.2,5.0,6.0,5.0,6.0,5.0,6.0
84,5,0.0,0,1,1,0.36363636363636365,0.3333333333333333,5.0,6.0,0.0,5.0,0.0,0.0,6.0,0.0,70,1.0,43,0.0,0.0,1.2,5.0,6.0,5.0,6.0,5.0,6.0
85,5,0.0,0,1,1,0.36363636363636365,0.3333333333333333,5.0,6.0,0.0,5.0,0.0,0.0,6.0,0.0,71,1.0,43,0.0,0.0,1.2,5.0,6.0,5.0,6.0,5.0,6.0
86,5,0.0,0,1,1,0.36363636363636365,0.3333333333333333,5.0,6.0,0.0,5.0,0.0,0.0,6.0,0.0,72,1.0,43,0.0,0.0,1.2,5.0,6.0,5.0,6.0,5.0,6.0
87,5,0.0,0,1,1,0.36363636363636365,0.3333333333333333,5.0,6.0,0.0,5.0,0.0,0.0,6.0,0.0,73,1.0,43,0.0,0.0,1.2,5.0,6.0,5.0,6.0,5.0,6.0
88,5,0.0,0,1,1,0.36363636363636365,0.3333333333333333,5.0,6.0,0.0,5.0,0.0,0.0,6.0,0.0,74,1.0,43,0.0,0.0,1.2,5.0,6.0,5.0,6.0,5.0,6.0
89,5,0.0,0,1,1,0.36363636363636365,0.3333333333333333,5.0,6.0,0.0,5.0,0.0,0.0,6.0,0.0,75,1.0,43,0.0,0.0,1.2,5.0,6.0,5.0,6.0,5.0,6.0
90,5,0.0,0,1,1,0.36363636363636365,0.3333333333333333,5.0,6.0,0.0,5.0,0.0,0.0,6.0,0.0,76,1.0,43,0.0,0.0,1.2,5.0,6.0,5.0,6.0,5.0,6.0
91,5,0.0,0,1,1,0.36363636363636365,0.3333333333333333,5.0,6.0,0.0,5.0,0.0,0.0,6.0,0.0,77,1.0,43,0.0,0.0,1.2,5.0,6.0,5.0,6.0,5.0,6.0
92,5,0.0,0,1,1,0.36363636363636365,0.3333333333333333,5.0,6.0,0.0,5.0,0.0,0.0,6.0,0.0,78,1.0,43,0.0,0.0,1.2,5.0,6.0,5.0,6.0,5.0,6.0
93,5,0.0,0,1,1,0.36363636363636365,0.3333333333333333,5.0,6.0,0.0,5.0,0.0,0.0,6.0,0.0,79,1.0,43,0.0,0.0,1.2,5.0,6.0,5.0,6.0,5.0,6.0
94,5,0.0,0,1,1,0.36363636363636365,0.3333333333333333,5.0,6.0,0.0,5.0,0.0,0.0,6.0,0.0,80,1.0,43,0.0,0.0,1.2,5.0,6.0,5.0,6.0,5.0,6.0
95,5,0.0,0,1,1,0.36363636363636365,0.3333333333333333,5.0,6.0,0.0,5.0,0.0,0.0,6.0,0.0,81,1.0,43,0.0,0.0,1.2,5.0,6.0,5.0,6.0,5.0,6.0
96,5,0.0,0,1,1,0.36363636363636365,0.3333333333333333,5.0,6.0,0.0,5.0,0.0,0.0,6.0,0.0,82,1.0,43,0.0,0.0,1.2,5.0,6.0,5.0,6.0,5.0,6.0
97,5,0.0,0,1,1,0.36363636363636365,0.3333333333333333,5.0,6.0,0.0,5.0,0.0,0.0,6.0,0.0,83,1.0,43,0.0,0.0,1.2,5.0,6.0,5.0,6.0,5.0,6.0
98,5,0.0,0,1,1,0.36363636363636365,0.3333333333333333,5.0,6.0,0.0,5.0,0.0,0.0,6.0,0.0,84,1.0,43,0.0,0.0,1.2,5.0,6.0,5.0,6.0,5.0,6.0
99,5,0.0,0,1,1,0.36363636363636365,0.3333333333333333,5.0,6.0,0.0,5.0,0.0,0.0,6.0,0.0,85,1.0,43,0.0,0.0,1.2,5.0,6.0,5.0,6.0,5.0,6.0
100,5,0.0,0,1,1,0.36363636363636365,0.3333333333333333,5.0,6.0,0.0,5.0,0.0,0.0,6.0,0.0,86,1.0,43,0.0,0.0,1.2,5.0,6.0,5.0,6.0,5.0,6.0
101,5,0.0,0,1,1,0.36363636363636365,0.3333333333333333,5.0,6.0,0.0,5.0,0.0,0.0,6.0,0.0,87,1.0,43,0.0,0.0,1.2,5.0,6.0,5.0,6.0,5.0,6.0
102,5,0.0,0,1,1,0.36363636363636365,0.3333333333333333,5.0,6.0,0.0,5.0,0.0,0.0,6.0,0.0,88,1.0,43,0.0,0.0,1.2,5.0,6.0,5.0,6.0,5.0,6.0
103,5,0.0,0,1,1,0.36363636363636365,0.3333333333333333,5.0,6.0,0.0,5.0,0.0,0.0,6.0,0.0,89,1.0,43,0.0,0.0,1.2,5.0,6.0,5.0,6.0,5.0,6.0
104,5,0.0,0,1,1,0.36363636363636365,0.3333333333333333,5.0,6.0,0.0,5.0,0.0,0.0,6.0,0.0,90,1.0,43,0.0,0.0,1.2,5.0,6.0,5.0,6.0,5.0,6.0
105,5,0.0,0,1,1,0.36363636363636365,0.3333333333333333,5.0,6.0,0.0,5.0,0.0,0.0,6.0,0.0,91,1.0,43,0.0,0.0,1.2,5.0,6.0,5.0,6.0,5.0,6.0
106,5,0.0,0,1,1,0.36363636363636365,0.3333333333333333,5.0,6.0,0.0,5.0,0.0,0.0,6.0,0.0,92,1.0,43,0.0,0.0,1.2,5.0,6.0,5.0,6.0,5.0,6.0
107,5,0.0,0,1,1,0.36363636363636365,0.3333333333333333,5.0,6.0,0.0,5.0,0.0,0.0,6.0,0.0,93,1.0,43,0.0,0.0,1.2,5.0,6.0,5.0,6.0,5.0,6.0
108,5,0.0,0,1,1,0.36363636363636365,0.3333333333333333,5.0,6.0,0.0,5.0,0.0,0.0,6.0,0.0,94,1.0,43,0.0,0.0,1.2,5.0,6.0,5.0,6.0,5.0,6.0
109,5,0.0,0,1,1,0.36363636363636365,0.3333333333333333,5.0,6.0,0.0,5.0,0.0,0.0,6.0,0.0,95,1.0,43,0.0,0.0,1.2,5.0,6.0,5.0,6.0,5.0,6.0
110,5,0.0,0,1,1,0.36363636363636365,0.3333333333333333,5.0,6.0,0.0,5.0,0.0,0.0,6.0,0.0,96,1.0,43,0.0,0.0,1.2,5.0,6.0,5.0,6.0,5.0,6.0
111,5,0.0,0,1,1,0.36363636363636365,0.3333333333333333,5.0,6.0,0.0,5.0,0.0,0.0,6.0,0.0,97,1.0,43,0.0,0.0,1.2,5.0,6.0,5.0,6.0,5.0,6.0
112,5,0.0,0,1,1,0.36363636363636365,0.3333333333333333,5.0,6.0,0.0,5.0,0.0,0.0,6.0,0.0,98,1.0,43,0.0,0.0,1.2,5.0,6.0,5.0,6.0,5.0,6.0
113,5,0.0,0,1,1,0.36363636363636365,0.3333333333333333,5.0,6.0,0.0,5.0,0.0,0.0,6.0,0.0,99,1.0,43,0.0,0.0,1.2,5.0,6.0,5.0,6.0,5.0,6.0
114,5,0.0,0,1,1,0.36363636363636365,0.3333333333333333,5.0,6.0,0.0,5.0,0.0,0.0,6.0,0.0,100,1.0,43,0.0,0.0,1.2,5.0,6.0,5.0,6.0,5.0,6.0
115,5,0.0,0,1,1,0.36363636363636365,0.3333333333333333,5.0,6.0,0.0,5.0,0.0,0.0,6.0,0.0,101,1.0,43,0.0,0.0,1.2,5.0,6.0,5.0,6.0,5.0,6.0
116,5,0.0,0,1,1,0.36363636363636365,0.3333333333333333,5.0,6.0,0.0,5.0,0.0,0.0,6.0,0.0,102,1.0,43,0.0,0.0,1.2,5.0,6.0,5.0,6.0,5.0,6.0
117,5,0.0,0,1,1,0.36363636363636365,0.3333333333333333,5.0,6.0,0.0,5.0,0.0,0.0,6.0,0.0,103,1.0,43,0.0,0.0,1.2,5.0,6.0,5.0,6.0,5.0,6.0
118,5,0.0,0,1,1,0.36363636363636365,0.3333333333333333,5.0,6.0,0.0,5.0,0.0,0.0,6.0,0.0,104,1.0,43,0.0,0.0,1.2,5.0,6.0,5.0,6.0,5.0,6.0
119,5,0.0,0,1,1,0.36363636363636365,0.3333333333333333,5.0,6.0,0.0,5.0,0.0,0.0,6.0,0.0,105,1.0,43,0.0,0.0,1.2,5.0,6.0,5.0,6.0,5.0,6.0
120,5,0.0,0,1,1,0.36363636363636365,0.3333333333333333,5.0,6.0,0.0,5.0,0.0,0.0,6.0,0.0,106,1.0,43,0.0,0.0,1.2,5.0,6.0,5.0,6.0,5.0,6.0
121,5,0.0,0,1,1,0.36363636363636365,0.3333333333333333,5.0,6.0,0.0,5.0,0.0,0.0,6.0,0.0,107,1.0,43,0.0,0.0,1.2,5.0,6.0,5.0,6.0,5.0,6.0
122,5,0.0,0,1,1,0.36363636363636365,0.3333333333333333,5.0,6.0,0.0,5.0,0.0,0.0,6.0,0.0,108,1.0,43,0.0,0.0,1.2,5.0,6.0,5.0,6.0,5.0,6.0
1,6,0.0,1,0,1,0.3181818181818182,0.0,6.0,10.0,0.0,6.0,0.0,0.0,10.0,0.0,0,0.0,0,0.0,0.0,1.6666666666666667,0.0,0.0,0.0,0.0,0.0,0.0
2,6,0.0,1,0,1,0.3181818181818182,0.0,6.0,10.0,0.0,6.0,0.0,0.0,10.0,0.0,1,0.5,43,0.0,0.0,1.6666666666666667,6.0,10.0,0.0,0.0,0.0,0.0
3,6,0.0,1,0,1,0.3181818181818182,0.0,6.0,10.0,0.0,6.0,0.0,0.0,10.0,0.0,2,0.6666666666666666,43,0.0,0.0,1.6666666666666667,6.0,10.0,6.0,10.0,0.0,0.0
4,6,0.0,0,1,1,0.3181818181818182,0.0,6.0,10.0,0.0,6.0,0.0,0.0,10.0,0.0,3,0.75,43,0.0,0.0,1.6666666666666667,6.0,10.0,6.0,10.0,6.0,10.0
5,6,0.0,0,1,1,0.3181818181818182,0.0,6.0,10.0,0.0,6.0,0.0,0.0,10.0,0.0,4,0.8,43,0.0,0.0,1.6666666666666667,6.0,10.0,6.0,10.0,6.0,10.0
6,6,0.0,0,1,1,0.3181818181818182,0.0,5.6,9.8,-1.6089664627846396,6.0,0.0,-1.461951981052455,10.0,0.0,5,1.0,25,-2.0,-1.0,2.25,6.0,10.0,6.0,10.0,6.0,10.0
7,6,0.0,0,1,1,0.3181818181818182,0.0,5.0,9.6,-1.3208176506262261,6.0,0.0,-0.9263225327693084,10.0,0.0,6,1.0,25,-3.0,-1.0,3.0,4.0,9.0,6.0,10.0,6.0,10.0
8,6,0.0,0,1,1,0.3181818181818182,0.0,4.4,9.2,-0.8660284385739889,6.0,0.0,-1.2811478722331742,10.0,0.0,7,1.0,26,-3.0,-2.0,2.6666666666666665,3.0,9.0,4.0,9.0,6.0,10.0
9,6,0.0,0,1,1,0.3181818181818182,0.0,3.8,8.8,-0.5698653164688896,6.0,0.0,-0.8540985814887841,10.0,0.0,8,1.0,25,-3.0,-2.0,2.6666666666666665,3.0,8.0,3.0,9.0,4.0,9.0
10,6,0.0,0,1,1,0.3181818181818182,0.0,3.0,8.2,-1.2389934309929544,4.0,0.0,-1.2811478722331742,9.0,0.0,9,1.0,25,-4.0,-3.0,3.5,3.0,8.0,3.0,8.0,3.0,9.0
11,6,0.0,0,1,1,0.3181818181818182,0.0,2.6,7.6,-0.9263225327693095,3.0,0.0,-1.2901400621384658,9.0,-2.0,10,1.0,27,-2.0,-3.0,3.0,2.0,7.0,3.0,8.0,3.0,8.0
12,6,0.0,0,1,1,0.3181818181818182,0.0,2.4,7.0,-0.6175483551795395,3.0,2.0,-0.9090909090909096,8.0,-2.0,11,1.0,33,-1.0,-3.0,3.0,2.0,6.0,2.0,7.0,3.0,8.0
13,6,0.0,0,1,1,0.3181818181818182,0.0,2.2,6.6,-0.3654879952631141,3.0,2.0,-0.60336242354424,8.0,0.0,12,1.0,30,-1.0,-2.0,3.0,2.0,6.0,2.0,6.0,2.0,7.0
14,6,0.0,0,1,1,0.3181818181818182,0.0,2.0,6.0,0.0,2.0,2.0,-1.2389934309929558,7.0,-1.0,13,1.0,25,-1.0,-3.0,2.5,2.0,6.0,2.0,6.0,2.0,6.0
15,6,0.0,0,1,1,0.3181818181818182,0.0,2.0,5.6,0.0,2.0,4.0,-0.9263225327693106,6.0,1.0,14,1.0,28,0.0,-2.0,2.5,2.0,5.0,2.0,6.0,2.0,6.0
16,6,0.0,0,1,1,0.3181818181818182,0.0,2.0,5.4,0.0,2.0,2.0,-0.6175483551795413,6.0,2.0,15,1.0,28,0.0,-1.0,2.5,2.0,5.0,2.0,5.0,2.0,6.0
17,6,0.0,0,1,1,0.3181818181818182,0.0,2.0,5.2,0.0,2.0,1.0,-0.36548799526311504,6.0,2.0,16,1.0,28,0.0,-1.0,2.5,2.0,5.0,2.0,5.0,2.0,5.0
18,6,0.0,0,1,1,0.3181818181818182,0.0,2.0,5.0,0.0,2.0,1.0,0.0,5.0,1.0,17,1.0,29,0.0,-1.0,2.5,2.0,5.0,2.0,5.0,2.0,5.0
19,6,0.0,0,1,1,0.3181818181818182,0.0,2.0,5.0,0.0,2.0,1.0,0.0,5.0,3.0,18,1.0,33,0.0,0.0,2.5,2.0,5.0,2.0,5.0,2.0,5.0
20,6,0.0,0,1,1,0.3181818181818182,0.0,2.0,5.0,0.0,2.0,0.0,0.0,5.0,2.0,19,1.0,32,0.0,0.0,2.5,2.0,5.0,2.0,5.0,2.0,5.0
21,6,0.0,0,1,1,0.3181818181818182,0.0,2.0,5.0,0.0,2.0,0.0,0.0,5.0,1.0,20,1.0,32,0.0,0.0,2.5,2.0,5.0,2.0,5.0,2.0,5.0
22,6,0.0,0,1,1,0.3181818181818182,0.0,2.0,4.8,0.0,2.0,0.0,-1.4619519810524544,5.0,0.0,21,1.0,33,0.0,-1.0,2.0,2.0,5.0,2.0,5.0,2.0,5.0
23,6,0.0,0,1,1,0.3181818181818182,0.0,2.0,4.6,0.0,2.0,0.0,-0.9263225327693089,5.0,0.0,22,1.0,34,0.0,-1.0,2.0,2.0,4.0,2.0,5.0,2.0,5.0
24,6,0.0,0,1,1,0.3181818181818182,0.0,2.0,4.4,0.0,2.0,0.0,-0.6175483551795402,5.0,-1.0,23,1.0,34,0.0,-1.0,2.0,2.0,4.0,2.0,4.0,2.0,5.0
25,6,0.0,0,1,1,0.3181818181818182,0.0,2.0,4.2,0.0,2.0,0.0,-0.365487995263114,5.0,-1.0,24,1.0,32,0.0,-1.0,2.0,2.0,4.0,2.0,4.0,2.0,4.0
26,6,0.0,0,1,1,0.3181818181818182,0.0,2.0,4.0,0.0,2.0,0.0,0.0,4.0,-1.0,25,1.0,35,0.0,-1.0,2.0,2.0,4.0,2.0,4.0,2.0,4.0
27,6,0.0,0,1,1,0.3181818181818182,0.0,2.0,4.0,0.0,2.0,0.0,0.0,4.0,1.0,26,1.0,36,0.0,0.0,2.0,2.0,4.0,2.0,4.0,2.0,4.0
28,6,0.0,0,1,1,0.3181818181818182,0.0,2.0,4.0,0.0,2.0,0.0,0.0,4.0,1.0,27,1.0,34,0.0,0.0,2.0,2.0,4.0,2.0,4.0,2.0,4.0
29,6,0.0,0,1,1,0.3181818181818182,0.0,2.0,4.0,0.0,2.0,0.0,0.0,4.0,1.0,28,1.0,33,0.0,0.0,2.0,2.0,4.0,2.0,4.0,2.0,4.0
30,6,0.0,0,1,1,0.3181818181818182,0.0,2.0,4.0,0.0,2.0,0.0,0.0,4.0,1.0,29,1.0,35,0.0,0.0,2.0,2.0,4.0,2.0,4.0,2.0,4.0
31,6,0.0,0,1,1,0.3181818181818182,0.0,2.0,4.0,0.0,2.0,0.0,0.0,4.0,1.0,30,1.0,36,0.0,0.0,2.0,2.0,4.0,2.0,4.0,2.0,4.0
32,6,0.0,0,1,1,0.3181818181818182,0.0,2.0,4.0,0.0,2.0,0.0,0.0,4.0,0.0,31,1.0,37,0.0,0.0,2.0,2.0,4.0,2.0,4.0,2.0,4.0
33,6,0.0,0,1,1,0.3181818181818182,0.0,2.0,4.0,0.0,2.0,0.0,0.0,4.0,0.0,32,1.0,39,0.0,0.0,2.0,2.0,4.0,2.0,4.0,2.0,4.0
34,6,0.0,0,1,1,0.3181818181818182,0.0,2.0,4.0,0.0,2.0,0.0,0.0,4.0,0.0,33,1.0,39,0.0,0.0,2.0,2.0,4.0,2.0,4.0,2.0,4.0
35,6,0.0,0,1,1,0.3181818181818182,0.0,2.0,4.0,0.0,2.0,0.0,0.0,4.0,0.0,34,1.0,38,0.0,0.0,2.0,2.0,4.0,2.0,4.0,2.0,4.0
36,6,0.0,0,1,1,0.3181818181818182,0.0,2.0,4.0,0.0,2.0,0.0,0.0,4.0,0.0,35,1.0,38,0.0,0.0,2.0,2.0,4.0,2.0,4.0,2.0,4.0
37,6,0.0,0,1,1,0.3181818181818182,0.0,2.0,4.2,0.0,2.0,0.0,1.4619519810524544,5.0,1.0,36,1.0,39,0.0,1.0,2.5,2.0,4.0,2.0,4.0,2.0,4.0
38,6,0.0,0,1,1,0.3181818181818182,0.0,2.0,4.4,0.0,2.0,0.0,0.9263225327693089,5.0,1.0,37,1.0,38,0.0,1.0,2.5,2.0,5.0,2.0,4.0,2.0,4.0
39,6,0.0,0,1,1,0.3181818181818182,0.0,2.2,4.8,1.4619519810524544,3.0,1.0,1.281147872233175,6.0,2.0,38,1.0,38,1.0,2.0,2.0,2.0,5.0,2.0,5.0,2.0,4.0
40,6,0.0,0,1,1,0.3181818181818182,0.0,2.4,5.2,0.9263225327693094,3.0,1.0,0.854098581488783,6.0,2.0,39,1.0,40,1.0,2.0,2.0,3.0,6.0,2.0,5.0,2.0,5.0
41,6,0.0,0,1,1,0.3181818181818182,0.0,2.6,5.6,0.6175483551795394,3.0,1.0,0.6175483551795401,6.0,2.0,40,1.0,41,1.0,2.0,2.0,3.0,6.0,3.0,6.0,2.0,5.0
42,6,0.0,0,1,1,0.3181818181818182,0.0,2.8,5.8,0.365487995263114,3.0,1.0,0.36548799526311393,6.0,0.0,41,1.0,41,1.0,1.0,2.0,3.0,6.0,3.0,6.0,3.0,6.0
43,6,0.0,0,1,1,0.3181818181818182,0.0,3.0,6.2,0.0,3.0,1.0,1.4619519810524544,7.0,1.0,42,1.0,41,1.0,2.0,2.3333333333333335,3.0,6.0,3.0,6.0,3.0,6.0
44,6,0.0,0,1,1,0.3181818181818182,0.0,3.0,6.4,0.0,3.0,-1.0,0.9263225327693089,7.0,-1.0,43,1.0,42,0.0,1.0,2.3333333333333335,3.0,7.0,3.0,6.0,3.0,6.0
45,6,0.0,0,1,1,0.3181818181818182,0.0,3.0,6.6,0.0,3.0,-1.0,0.6175483551795402,7.0,-1.0,44,1.0,41,0.0,1.0,2.3333333333333335,3.0,7.0,3.0,7.0,3.0,6.0
46,6,0.0,0,1,1,0.3181818181818182,0.0,3.0,6.8,0.0,3.0,-1.0,0.365487995263114,7.0,-1.0,45,1.0,41,0.0,1.0,2.3333333333333335,3.0,7.0,3.0,7.0,3.0,7.0
47,6,0.0,0,1,1,0.3181818181818182,0.0,3.0,7.0,0.0,3.0,-1.0,0.0,7.0,0.0,46,1.0,41,0.0,1.0,2.3333333333333335,3.0,7.0,3.0,7.0,3.0,7.0
48,6,0.0,0,1,1,0.3181818181818182,0.0,3.0,7.0,0.0,3.0,-1.0,0.0,7.0,-2.0,47,1.0,42,0.0,0.0,2.3333333333333335,3.0,7.0,3.0,7.0,3.0,7.0
49,6,0.0,0,1,1,0.3181818181818182,0.0,3.0,7.0,0.0,3.0,0.0,0.0,7.0,-1.0,48,1.0,42,0.0,0.0,2.3333333333333335,3.0,7.0,3.0,7.0,3.0,7.0
50,6,0.0,0,1,1,0.3181818181818182,0.0,3.0,7.0,0.0,3.0,0.0,0.0,7.0,-1.0,49,1.0,42,0.0,0.0,2.3333333333333335,3.0,7.0,3.0,7.0,3.0,7.0
51,6,0.0,0,1,1,0.3181818181818182,0.0,3.0,7.0,0.0,3.0,0.0,0.0,7.0,-1.0,50,1.0,42,0.0,0.0,2.3333333333333335,3.0,7.0,3.0,7.0,3.0,7.0
52,6,0.0,0,1,1,0.3181818181818182,0.0,3.0,7.0,0.0,3.0,0.0,0.0,7.0,-1.0,51,1.0,42,0.0,0.0,2.3333333333333335,3.0,7.0,3.0,7.0,3.0,7.0
53,6,0.0,0,1,1,0.3181818181818182,0.0,3.0,7.0,0.0,3.0,0.0,0.0,7.0,0.0,52,1.0,42,0.0,0.0,2.3333333333333335,3.0,7.0,3.0,7.0,3.0,7.0
54,6,0.0,0,1,1,0.3181818181818182,0.0,3.0,7.0,0.0,3.0,0.0,0.0,7.0,0.0,53,1.0,43,0.0,0.0,2.3333333333333335,3.0,7.0,3.0,7.0,3.0,7.0
55,6,0.0,0,1,1,0.3181818181818182,0.0,3.0,7.0,0.0,3.0,0.0,0.0,7.0,0.0,54,1.0,43,0.0,0.0,2.3333333333333335,3.0,7.0,3.0,7.0,3.0,7.0
56,6,0.0,0,1,1,0.3181818181818182,0.0,3.0,7.0,0.0,3.0,0.0,0.0,7.0,0.0,55,1.0,43,0.0,0.0,2.3333333333333335,3.0,7.0,3.0,7.0,3.0,7.0
57,6,0.0,0,1,1,0.3181818181818182,0.0,3.0,7.0,0.0,3.0,0.0,0.0,7.0,0.0,56,1.0,43,0.0,0.0,2.3333333333333335,3.0,7.0,3.0,7.0,3.0,7.0
58,6,0.0,0,1,1,0.3181818181818182,0.0,3.0,7.0,0.0,3.0,0.0,0.0,7.0,0.0,57,1.0,43,0.0,0.0,2.3333333333333335,3.0,7.0,3.0,7.0,3.0,7.0
59,6,0.0,0,1,1,0.3181818181818182,0.0,3.0,7.0,0.0,3.0,0.0,0.0,7.0,0.0,58,1.0,43,0.0,0.0,2.3333333333333335,3.0,7.0,3.0,7.0,3.0,7.0
60,6,0.0,0,1,1,0.3181818181818182,0.0,3.0,7.0,0.0,3.0,0.0,0.0,7.0,0.0,59,1.0,43,0.0,0.0,2.3333333333333335,3.0,7.0,3.0,7.0,3.0,7.0
61,6,0.0,0,1,1,0.3181818181818182,0.0,3.0,7.0,0.0,3.0,0.0,0.0,7.0,0.0,60,1.0,43,0.0,0.0,2.3333333333333335,3.0,7.0,3.0,7.0,3.0,7.0
62,6,0.0,0,1,1,0.3181818181818182,0.0,3.0,7.0,0.0,3.0,0.0,0.0,7.0,0.0,61,1.0,43,0.0,0.0,2.3333333333333335,3.0,7.0,3.0,7.0,3.0,7.0
63,6,0.0,0,1,1,0.3181818181818182,0.0,3.0,7.0,0.0,3.0,0.0,0.0,7.0,0.0,62,1.0,43,0.0,0.0,2.3333333333333335,3.0,7.0,3.0,7.0,3.0,7.0
64,6,0.0,0,1,1,0.3181818181818182,0.0,3.0,7.0,0.0,3.0,0.0,0.0,7.0,0.0,63,1.0,43,0.0,0.0,2.3333333333333335,3.0,7.0,3.0,7.0,3.0,7.0
65,6,0.0,0,1,1,0.3181818181818182,0.0,3.0,7.0,0.0,3.0,0.0,0.0,7.0,0.0,64,1.0,43,0.0,0.0,2.3333333333333335,3.0,7.0,3.0,7.0,3.0,7.0
66,6,0.0,0,1,1,0.3181818181818182,0.0,3.0,7.0,0.0,3.0,0.0,0.0,7.0,0.0,65,1.0,43,0.0,0.0,2.3333333333333335,3.0,7.0,3.0,7.0,3.0,7.0
67,6,0.0,0,1,1,0.3181818181818182,0.0,3.0,7.0,0.0,3.0,0.0,0.0,7.0,0.0,66,1.0,43,0.0,0.0,2.3333333333333335,3.0,7.0,3.0,7.0,3.0,7.0
68,6,0.0,0,1,1,0.3181818181818182,0.0,3.0,7.0,0.0,3.0,0.0,0.0,7.0,0.0,67,1.0,43,0.0,0.0,2.3333333333333335,3.0,7.0,3.0,7.0,3.0,7.0
69,6,0.0,0,1,1,0.3181818181818182,0.0,3.0,7.0,0.0,3.0,0.0,0.0,7.0,0.0,68,1.0,43,0.0,0.0,2.3333333333333335,3.0,7.0,3.0,7.0,3.0,7.0
70,6,0.0,0,1,1,0.3181818181818182,0.0,3.0,7.0,0.0,3.0,0.0,0.0,7.0,0.0,69,1.0,43,0.0,0.0,2.3333333333333335,3.0,7.0,3.0,7.0,3.0,7.0
71,6,0.0,0,1,1,0.3181818181818182,0.0,3.0,7.0,0.0,3.0,0.0,0.0,7.0,0.0,70,1.0,43,0.0,0.0,2.3333333333333335,3.0,7.0,3.0,7.0,3.0,7.0
72,6,0.0,0,1,1,0.3181818181818182,0.0,3.0,7.0,0.0,3.0,0.0,0.0,7.0,0.0,71,1.0,43,0.0,0.0,2.3333333333333335,3.0,7.0,3.0,7.0,3.0,7.0
73,6,0.0,0,1,1,0.3181818181818182,0.0,3.0,7.0,0.0,3.0,0.0,0.0,7.0,0.0,72,1.0,43,0.0,0.0,2.3333333333333335,3.0,7.0,3.0,7.0,3.0,7.0
74,6,0.0,0,1,1,0.3181818181818182,0.0,3.0,7.0,0.0,3.0,0.0,0.0,7.0,0.0,73,1.0,43,0.0,0.0,2.3333333333333335,3.0,7.0,3.0,7.0,3.0,7.0
75,6,0.0,0,1,1,0.3181818181818182,0.0,3.0,7.0,0.0,3.0,0.0,0.0,7.0,0.0,74,1.0,43,0.0,0.0,2.3333333333333335,3.0,7.0,3.0,7.0,3.0,7.0
76,6,0.0,0,1,1,0.3181818181818182,0.0,3.0,7.0,0.0,3.0,0.0,0.0,7.0,0.0,75,1.0,43,0.0,0.0,2.3333333333333335,3.0,7.0,3.0,7.0,3.0,7.0
77,6,0.0,0,1,1,0.3181818181818182,0.0,3.0,7.0,0.0,3.0,0.0,0.0,7.0,0.0,76,1.0,43,0.0,0.0,2.3333333333333335,3.0,7.0,3.0,7.0,3.0,7.0
78,6,0.0,0,1,1,0.3181818181818182,0.0,3.0,7.0,0.0,3.0,0.0,0.0,7.0,0.0,77,1.0,43,0.0,0.0,2.3333333333333335,3.0,7.0,3.0,7.0,3.0,7.0
79,6,0.0,0,1,1,0.3181818181818182,0.0,3.0,7.0,0.0,3.0,0.0,0.0,7.0,0.0,78,1.0,43,0.0,0.0,2.3333333333333335,3.0,7.0,3.0,7.0,3.0,7.0
80,6,0.0,0,1,1,0.3181818181818182,0.0,3.0,7.0,0.0,3.0,0.0,0.0,7.0,0.0,79,1.0,43,0.0,0.0,2.3333333333333335,3.0,7.0,3.0,7.0,3.0,7.0
81,6,0.0,0,1,1,0.3181818181818182,0.0,3.0,7.0,0.0,3.0,0.0,0.0,7.0,0.0,80,1.0,43,0.0,0.0,2.3333333333333335,3.0,7.0,3.0,7.0,3.0,7.0
82,6,0.0,0,1,1,0.3181818181818182,0.0,3.0,7.0,0.0,3.0,0.0,0.0,7.0,0.0,81,1.0,43,0.0,0.0,2.3333333333333335,3.0,7.0,3.0,7.0,3.0,7.0
83,6,0.0,0,1,1,0.3181818181818182,0.0,3.0,7.0,0.0,3.0,0.0,0.0,7.0,0.0,82,1.0,43,0.0,0.0,2.3333333333333335,3.0,7.0,3.0,7.0,3.0,7.0
84,6,0.0,0,1,1,0.3181818181818182,0.0,3.0,7.0,0.0,3.0,0.0,0.0,7.0,0.0,83,1.0,43,0.0,0.0,2.3333333333333335,3.0,7.0,3.0,7.0,3.0,7.0
85,6,0.0,0,1,1,0.3181818181818182,0.0,3.0,7.0,0.0,3.0,0.0,0.0,7.0,0.0,84,1.0,43,0.0,0.0,2.3333333333333335,3.0,7.0,3.0,7.0,3.0,7.0
86,6,0.0,0,1,1,0.3181818181818182,0.0,3.0,7.0,0.0,3.0,0.0,0.0,7.0,0.0,85,1.0,43,0.0,0.0,2.3333333333333335,3.0,7.0,3.0,7.0,3.0,7.0
87,6,0.0,0,1,1,0.3181818181818182,0.0,3.0,7.0,0.0,3.0,0.0,0.0,7.0,0.0,86,1.0,43,0.0,0.0,2.3333333333333335,3.0,7.0,3.0,7.0,3.0,7.0
88,6,0.0,0,1,1,0.3181818181818182,0.0,3.0,7.0,0.0,3.0,0.0,0.0,7.0,0.0,87,1.0,43,0.0,0.0,2.3333333333333335,3.0,7.0,3.0,7.0,3.0,7.0
89,6,0.0,0,1,1,0.3181818181818182,0.0,3.0,7.0,0.0,3.0,0.0,0.0,7.0,0.0,88,1.0,43,0.0,0.0,2.3333333333333335,3.0,7.0,3.0,7.0,3.0,7.0
90,6,0.0,0,1,1,0.3181818181818182,0.0,3.0,7.0,0.0,3.0,0.0,0.0,7.0,0.0,89,1.0,43,0.0,0.0,2.3333333333333335,3.0,7.0,3.0,7.0,3.0,7.0
91,6,0.0,0,1,1,0.3181818181818182,0.0,3.0,7.0,0.0,3.0,0.0,0.0,7.0,0.0,90,1.0,43,0.0,0.0,2.3333333333333335,3.0,7.0,3.0,7.0,3.0,7.0
92,6,0.0,0,1,1,0.3181818181818182,0.0,3.0,7.0,0.0,3.0,0.0,0.0,7.0,0.0,91,1.0,43,0.0,0.0,2.3333333333333335,3.0,7.0,3.0,7.0,3.0,7.0
93,6,0.0,0,1,1,0.3181818181818182,0.0,3.0,7.0,0.0,3.0,0.0,0.0,7.0,0.0,92,1.0,43,0.0,0.0,2.3333333333333335,3.0,7.0,3.0,7.0,3.0,7.0
94,6,0.0,0,1,1,0.3181818181818182,0.0,3.0,7.0,0.0,3.0,0.0,0.0,7.0,0.0,93,1.0,43,0.0,0.0,2.3333333333333335,3.0,7.0,3.0,7.0,3.0,7.0
95,6,0.0,0,1,1,0.3181818181818182,0.0,3.0,7.0,0.0,3.0,0.0,0.0,7.0,0.0,94,1.0,43,0.0,0.0,2.3333333333333335,3.0,7.0,3.0,7.0,3.0,7.0
96,6,0.0,0,1,1,0.3181818181818182,0.0,3.0,7.0,0.0,3.0,0.0,0.0,7.0,0.0,95,1.0,43,0.0,0.0,2.3333333333333335,3.0,7.0,3.0,7.0,3.0,7.0
97,6,0.0,0,1,1,0.3181818181818182,0.0,3.0,7.0,0.0,3.0,0.0,0.0,7.0,0.0,96,1.0,43,0.0,0.0,2.3333333333333335,3.0,7.0,3.0,7.0,3.0,7.0
98,6,0.0,0,1,1,0.3181818181818182,0.0,3.0,7.0,0.0,3.0,0.0,0.0,7.0,0.0,97,1.0,43,0.0,0.0,2.3333333333333335,3.0,7.0,3.0,7.0,3.0,7.0
99,6,0.0,0,1,1,0.3181818181818182,0.0,3.0,7.0,0.0,3.0,0.0,0.0,7.0,0.0,98,1.0,43,0.0,0.0,2.3333333333333335,3.0,7.0,3.0,7.0,3.0,7.0
100,6,0.0,0,1,1,0.3181818181818182,0.0,3.0,7.0,0.0,3.0,0.0,0.0,7.0,0.0,99,1.0,43,0.0,0.0,2.3333333333333335,3.0,7.0,3.0,7.0,3.0,7.0
101,6,0.0,0,1,1,0.3181818181818182,0.0,3.0,7.0,0.0,3.0,0.0,0.0,7.0,0.0,100,1.0,43,0.0,0.0,2.3333333333333335,3.0,7.0,3.0,7.0,3.0,7.0
102,6,0.0,0,1,1,0.3181818181818182,0.0,3.0,7.0,0.0,3.0,0.0,0.0,7.0,0.0,101,1.0,43,0.0,0.0,2.3333333333333335,3.0,7.0,3.0,7.0,3.0,7.0
103,6,0.0,0,1,1,0.3181818181818182,0.0,3.0,7.0,0.0,3.0,0.0,0.0,7.0,0.0,102,1.0,43,0.0,0.0,2.3333333333333335,3.0,7.0,3.0,7.0,3.0,7.0
104,6,0.0,0,1,1,0.3181818181818182,0.0,3.0,7.0,0.0,3.0,0.0,0.0,7.0,0.0,103,1.0,43,0.0,0.0,2.3333333333333335,3.0,7.0,3.0,7.0,3.0,7.0
105,6,0.0,0,1,1,0.3181818181818182,0.0,3.0,7.0,0.0,3.0,0.0,0.0,7.0,0.0,104,1.0,43,0.0,0.0,2.3333333333333335,3.0,7.0,3.0,7.0,3.0,7.0
106,6,0.0,0,1,1,0.3181818181818182,0.0,3.0,7.0,0.0,3.0,0.0,0.0,7.0,0.0,105,1.0,43,0.0,0.0,2.3333333333333335,3.0,7.0,3.0,7.0,3.0,7.0
107,6,0.0,0,1,1,0.3181818181818182,0.0,3.0,7.0,0.0,3.0,0.0,0.0,7.0,0.0,106,1.0,43,0.0,0.0,2.3333333333333335,3.0,7.0,3.0,7.0,3.0,7.0
108,6,0.0,0,1,1,0.3181818181818182,0.0,3.0,7.0,0.0,3.0,0.0,0.0,7.0,0.0,107,1.0,43,0.0,0.0,2.3333333333333335,3.0,7.0,3.0,7.0,3.0,7.0
109,6,0.0,0,1,1,0.3181818181818182,0.0,3.0,7.0,0.0,3.0,0.0,0.0,7.0,0.0,108,1.0,43,0.0,0.0,2.3333333333333335,3.0,7.0,3.0,7.0,3.0,7.0
110,6,0.0,0,1,1,0.3181818181818182,0.0,3.0,7.0,0.0,3.0,0.0,0.0,7.0,0.0,109,1.0,43,0.0,0.0,2.3333333333333335,3.0,7.0,3.0,7.0,3.0,7.0
111,6,0.0,0,1,1,0.3181818181818182,0.0,3.0,7.0,0.0,3.0,0.0,0.0,7.0,0.0,110,1.0,43,0.0,0.0,2.3333333333333335,3.0,7.0,3.0,7.0,3.0,7.0
112,6,0.0,0,1,1,0.3181818181818182,0.0,3.0,7.0,0.0,3.0,0.0,0.0,7.0,0.0,111,1.0,43,0.0,0.0,2.3333333333333335,3.0,7.0,3.0,7.0,3.0,7.0
113,6,0.0,0,1,1,0.3181818181818182,0.0,3.0,7.0,0.0,3.0,0.0,0.0,7.0,0.0,112,1.0,43,0.0,0.0,2.3333333333333335,3.0,7.0,3.0,7.0,3.0,7.0
114,6,0.0,0,1,1,0.3181818181818182,0.0,3.0,7.0,0.0,3.0,0.0,0.0,7.0,0.0,113,1.0,43,0.0,0.0,2.3333333333333335,3.0,7.0,3.0,7.0,3.0,7.0
115,6,0.0,0,1,1,0.3181818181818182,0.0,3.0,7.0,0.0,3.0,0.0,0.0,7.0,0.0,114,1.0,43,0.0,0.0,2.3333333333333335,3.0,7.0,3.0,7.0,3.0,7.0
116,6,0.0,0,1,1,0.3181818181818182,0.0,3.0,7.0,0.0,3.0,0.0,0.0,7.0,0.0,115,1.0,43,0.0,0.0,2.3333333333333335,3.0,7.0,3.0,7.0,3.0,7.0
117,6,0.0,0,1,1,0.3181818181818182,0.0,3.0,7.0,0.0,3.0,0.0,0.0,7.0,0.0,116,1.0,43,0.0,0.0,2.3333333333333335,3.0,7.0,3.0,7.0,3.0,7.0
118,6,0.0,0,1,1,0.3181818181818182,0.0,3.0,7.0,0.0,3.0,0.0,0.0,7.0,0.0,117,1.0,43,0.0,0.0,2.3333333333333335,3.0,7.0,3.0,7.0,3.0,7.0
119,6,0.0,0,1,1,0.3181818181818182,0.0,3.0,7.0,0.0,3.0,0.0,0.0,7.0,0.0,118,1.0,43,0.0,0.0,2.3333333333333335,3.0,7.0,3.0,7.0,3.0,7.0
120,6,0.0,0,1,1,0.3181818181818182,0.0,3.0,7.0,0.0,3.0,0.0,0.0,7.0,0.0,119,1.0,43,0.0,0.0,2.3333333333333335,3.0,7.0,3.0,7.0,3.0,7.0
121,6,0.0,0,1,1,0.3181818181818182,0.0,3.0,7.0,0.0,3.0,0.0,0.0,7.0,0.0,120,1.0,43,0.0,0.0,2.3333333333333335,3.0,7.0,3.0,7.0,3.0,7.0
122,6,0.0,0,1,1,0.3181818181818182,0.0,3.0,7.0,0.0,3.0,0.0,0.0,7.0,0.0,121,1.0,43,0.0,0.0,2.3333333333333335,3.0,7.0,3.0,7.0,3.0,7.0
1,7,0.0,1,0,1,0.36363636363636365,0.0,6.0,10.0,0.0,6.0,0.0,0.0,10.0,0.0,0,0.0,0,0.0,0.0,1.6666666666666667,0.0,0.0,0.0,0.0,0.0,0.0
2,7,0.0,1,0,1,0.36363636363636365,0.0,6.0,10.0,0.0,6.0,0.0,0.0,10.0,0.0,1,0.5,43,0.0,0.0,1.6666666666666667,6.0,10.0,0.0,0.0,0.0,0.0
3,7,0.0,1,0,1,0.36363636363636365,0.0,6.0,10.0,0.0,6.0,0.0,0.0,10.0,0.0,2,0.6666666666666666,43,0.0,0.0,1.6666666666666667,6.0,10.0,6.0,10.0,0.0,0.0
4,7,0.0,0,1,1,0.36363636363636365,0.0,6.0,10.0,0.0,6.0,0.0,0.0,10.0,0.0,3,0.75,43,0.0,0.0,1.6666666666666667,6.0,10.0,6.0,10.0,6.0,10.0
5,7,0.0,0,1,1,0.36363636363636365,0.0,6.0,10.0,0.0,6.0,0.0,0.0,10.0,0.0,4,0.8,43,0.0,0.0,1.6666666666666667,6.0,10.0,6.0,10.0,6.0,10.0
6,7,0.0,0,1,1,0.36363636363636365,0.0,5.8,10.0,-1.4619519810524544,6.0,0.0,0.0,10.0,0.0,5,1.0,25,-1.0,0.0,2.0,6.0,10.0,6.0,10.0,6.0,10.0
7,7,0.0,0,1,1,0.36363636363636365,0.0,5.2,9.8,-1.5671296202894471,6.0,0.0,-1.461951981052455,10.0,0.0,6,1.0,25,-3.0,-1.0,3.0,5.0,10.0,6.0,10.0,6.0,10.0
8,7,0.0,0,1,1,0.36363636363636365,0.0,4.6,9.8,-0.9897467869417012,6.0,0.0,0.36548799526311215,10.0,0.0,7,1.0,26,-3.0,0.0,3.3333333333333335,3.0,9.0,5.0,10.0,6.0,10.0
9,7,0.0,0,1,1,0.36363636363636365,0.0,4.0,9.4,-0.6604088253131131,6.0,0.0,-1.4078456549365599,10.0,0.0,8,1.0,25,-3.0,-2.0,2.6666666666666665,3.0,10.0,3.0,9.0,5.0,10.0
10,7,0.0,0,1,1,0.36363636363636365,0.0,3.4,8.8,-0.40224161569615996,5.0,0.0,-1.2821969620550022,10.0,0.0,9,1.0,25,-3.0,-3.0,2.3333333333333335,3.0,8.0,3.0,10.0,3.0,9.0
11,7,0.0,0,1,1,0.36363636363636365,0.0,3.0,8.0,0.0,3.0,-1.0,-1.1896697430395096,10.0,-4.0,10,1.0,27,-2.0,-4.0,2.0,3.0,7.0,3.0,8.0,3.0,10.0
12,7,0.0,0,1,1,0.36363636363636365,0.0,3.0,7.4,0.0,3.0,3.0,-0.7894795965216529,10.0,-2.0,11,1.0,33,0.0,-3.0,2.0,3.0,6.0,3.0,7.0,3.0,8.0
13,7,0.0,0,1,1,0.36363636363636365,0.0,3.0,6.6,0.0,3.0,3.0,-0.6033624235442391,8.0,-4.0,12,1.0,30,0.0,-4.0,2.0,3.0,6.0,3.0,6.0,3.0,7.0
14,7,0.0,0,1,1,0.36363636363636365,0.0,3.0,6.2,0.0,3.0,3.0,-0.3654879952631131,7.0,0.0,13,1.0,25,0.0,-2.0,2.0,3.0,6.0,3.0,6.0,3.0,6.0
15,7,0.0,0,1,1,0.36363636363636365,0.0,3.0,6.0,0.0,3.0,3.0,0.0,6.0,2.0,14,1.0,28,0.0,-1.0,2.0,3.0,6.0,3.0,6.0,3.0,6.0
16,7,0.0,0,1,1,0.36363636363636365,0.0,3.0,6.0,0.0,3.0,2.0,0.0,6.0,4.0,15,1.0,28,0.0,0.0,2.0,3.0,6.0,3.0,6.0,3.0,6.0
17,7,0.0,0,1,1,0.36363636363636365,0.0,3.0,6.0,0.0,3.0,0.0,0.0,6.0,3.0,16,1.0,28,0.0,0.0,2.0,3.0,6.0,3.0,6.0,3.0,6.0
18,7,0.0,0,1,1,0.36363636363636365,0.0,3.0,6.0,0.0,3.0,0.0,0.0,6.0,4.0,17,1.0,29,0.0,0.0,2.0,3.0,6.0,3.0,6.0,3.0,6.0
19,7,0.0,0,1,1,0.36363636363636365,0.0,3.0,6.0,0.0,3.0,0.0,0.0,6.0,2.0,18,1.0,33,0.0,0.0,2.0,3.0,6.0,3.0,6.0,3.0,6.0
20,7,0.0,0,1,1,0.36363636363636365,0.0,3.0,6.0,0.0,3.0,0.0,0.0,6.0,1.0,19,1.0,32,0.0,0.0,2.0,3.0,6.0,3.0,6.0,3.0,6.0
21,7,0.0,0,1,1,0.36363636363636365,0.0,3.0,5.8,0.0,3.0,0.0,-1.4619519810524544,6.0,-1.0,20,1.0,32,0.0,-1.0,1.6666666666666667,3.0,6.0,3.0,6.0,3.0,6.0
22,7,0.0,0,1,1,0.36363636363636365,0.0,3.0,5.6,0.0,3.0,0.0,-0.9263225327693089,6.0,-1.0,21,1.0,33,0.0,-1.0,1.6666666666666667,3.0,5.0,3.0,6.0,3.0,6.0
23,7,0.0,0,1,1,0.36363636363636365,0.0,3.0,5.4,0.0,3.0,0.0,-0.6175483551795402,6.0,-1.0,22,1.0,34,0.0,-1.0,1.6666666666666667,3.0,5.0,3.0,5.0,3.0,6.0
24,7,0.0,0,1,1,0.36363636363636365,0.0,3.0,5.2,0.0,3.0,0.0,-0.365487995263114,6.0,-1.0,23,1.0,34,0.0,-1.0,1.6666666666666667,3.0,5.0,3.0,5.0,3.0,5.0
25,7,0.0,0,1,1,0.36363636363636365,0.0,3.0,5.0,0.0,3.0,0.0,0.0,5.0,-1.0,24,1.0,32,0.0,-1.0,1.6666666666666667,3.0,5.0,3.0,5.0,3.0,5.0
26,7,0.0,0,1,1,0.36363636363636365,0.0,3.0,5.0,0.0,3.0,0.0,0.0,5.0,1.0,25,1.0,35,0.0,0.0,1.6666666666666667,3.0,5.0,3.0,5.0,3.0,5.0
27,7,0.0,0,1,1,0.36363636363636365,0.0,3.0,5.0,0.0,3.0,0.0,0.0,5.0,1.0,26,1.0,36,0.0,0.0,1.6666666666666667,3.0,5.0,3.0,5.0,3.0,5.0
28,7,0.0,0,1,1,0.36363636363636365,0.0,3.0,5.0,0.0,3.0,0.0,0.0,5.0,1.0,27,1.0,34,0.0,0.0,1.6666666666666667,3.0,5.0,3.0,5.0,3.0,5.0
29,7,0.0,0,1,1,0.36363636363636365,0.0,3.0,5.0,0.0,3.0,0.0,0.0,5.0,1.0,28,1.0,33,0.0,0.0,1.6666666666666667,3.0,5.0,3.0,5.0,3.0,5.0
30,7,0.0,0,1,1,0.36363636363636365,0.0,3.0,5.0,0.0,3.0,0.0,0.0,5.0,1.0,29,1.0,35,0.0,0.0,1.6666666666666667,3.0,5.0,3.0,5.0,3.0,5.0
31,7,0.0,0,1,1,0.36363636363636365,0.0,3.0,5.0,0.0,3.0,0.0,0.0,5.0,0.0,30,1.0,36,0.0,0.0,1.6666666666666667,3.0,5.0,3.0,5.0,3.0,5.0
32,7,0.0,0,1,1,0.36363636363636365,0.0,3.0,5.0,0.0,3.0,0.0,0.0,5.0,0.0,31,1.0,37,0.0,0.0,1.6666666666666667,3.0,5.0,3.0,5.0,3.0,5.0
33,7,0.0,0,1,1,0.36363636363636365,0.0,3.0,5.0,0.0,3.0,0.0,0.0,5.0,0.0,32,1.0,39,0.0,0.0,1.6666666666666667,3.0,5.0,3.0,5.0,3.0,5.0
34,7,0.0,0,1,1,0.36363636363636365,0.0,3.0,5.0,0.0,3.0,0.0,0.0,5.0,0.0,33,1.0,39,0.0,0.0,1.6666666666666667,3.0,5.0,3.0,5.0,3.0,5.0
35,7,0.0,0,1,1,0.36363636363636365,0.0,3.0,5.0,0.0,3.0,0.0,0.0,5.0,0.0,34,1.0,38,0.0,0.0,1.6666666666666667,3.0,5.0,3.0,5.0,3.0,5.0
36,7,0.0,0,1,1,0.36363636363636365,0.0,3.0,5.0,0.0,3.0,0.0,0.0,5.0,0.0,35,1.0,38,0.0,0.0,1.6666666666666667,3.0,5.0,3.0,5.0,3.0,5.0
37,7,0.0,0,1,1,0.36363636363636365,0.0,3.0,5.0,0.0,3.0,0.0,0.0,5.0,0.0,36,1.0,39,0.0,0.0,1.6666666666666667,3.0,5.0,3.0,5.0,3.0,5.0
38,7,0.0,0,1,1,0.36363636363636365,0.0,3.0,5.2,0.0,3.0,0.0,1.4619519810524544,6.0,1.0,37,1.0,38,0.0,1.0,2.0,3.0,5.0,3.0,5.0,3.0,5.0
39,7,0.0,0,1,1,0.36363636363636365,0.0,3.0,5.4,0.0,3.0,0.0,0.9263225327693089,6.0,1.0,38,1.0,38,0.0,1.0,2.0,3.0,6.0,3.0,5.0,3.0,5.0
40,7,0.0,0,1,1,0.36363636363636365,0.0,3.0,5.6,0.0,3.0,0.0,0.6175483551795402,6.0,1.0,39,1.0,40,0.0,1.0,2.0,3.0,6.0,3.0,6.0,3.0,5.0
41,7,0.0,0,1,1,0.36363636363636365,0.0,3.0,5.8,0.0,3.0,0.0,0.365487995263114,6.0,1.0,40,1.0,41,0.0,1.0,2.0,3.0,6.0,3.0,6.0,3.0,6.0
42,7,0.0,0,1,1,0.36363636363636365,0.0,3.0,6.2,0.0,3.0,0.0,1.4619519810524544,7.0,2.0,41,1.0,41,0.0,2.0,2.3333333333333335,3.0,6.0,3.0,6.0,3.0,6.0
43,7,0.0,0,1,1,0.36363636363636365,0.0,3.0,6.4,0.0,3.0,0.0,0.9263225327693089,7.0,0.0,42,1.0,41,0.0,1.0,2.3333333333333335,3.0,7.0,3.0,6.0,3.0,6.0
44,7,0.0,0,1,1,0.36363636363636365,0.0,3.0,6.6,0.0,3.0,0.0,0.6175483551795402,7.0,0.0,43,1.0,42,0.0,1.0,2.3333333333333335,3.0,7.0,3.0,7.0,3.0,6.0
45,7,0.0,0,1,1,0.36363636363636365,0.0,3.0,6.8,0.0,3.0,0.0,0.365487995263114,7.0,0.0,44,1.0,41,0.0,1.0,2.3333333333333335,3.0,7.0,3.0,7.0,3.0,7.0
46,7,0.0,0,1,1,0.36363636363636365,0.0,3.0,7.0,0.0,3.0,0.0,0.0,7.0,0.0,45,1.0,41,0.0,1.0,2.3333333333333335,3.0,7.0,3.0,7.0,3.0,7.0
47,7,0.0,0,1,1,0.36363636363636365,0.0,3.0,7.0,0.0,3.0,0.0,0.0,7.0,-2.0,46,1.0,41,0.0,0.0,2.3333333333333335,3.0,7.0,3.0,7.0,3.0,7.0
48,7,0.0,0,1,1,0.36363636363636365,0.0,3.0,7.0,0.0,3.0,0.0,0.0,7.0,-1.0,47,1.0,42,0.0,0.0,2.3333333333333335,3.0,7.0,3.0,7.0,3.0,7.0
49,7,0.0,0,1,1,0.36363636363636365,0.0,3.0,7.0,0.0,3.0,0.0,0.0,7.0,-1.0,48,1.0,42,0.0,0.0,2.3333333333333335,3.0,7.0,3.0,7.0,3.0,7.0
50,7,0.0,0,1,1,0.36363636363636365,0.0,3.0,7.0,0.0,3.0,0.0,0.0,7.0,-1.0,49,1.0,42,0.0,0.0,2.3333333333333335,3.0,7.0,3.0,7.0,3.0,7.0
51,7,0.0,0,1,1,0.36363636363636365,0.0,3.0,7.0,0.0,3.0,0.0,0.0,7.0,-1.0,50,1.0,42,0.0,0.0,2.3333333333333335,3.0,7.0,3.0,7.0,3.0,7.0
52,7,0.0,0,1,1,0.36363636363636365,0.0,3.0,7.0,0.0,3.0,0.0,0.0,7.0,0.0,51,1.0,42,0.0,0.0,2.3333333333333335,3.0,7.0,3.0,7.0,3.0,7.0
53,7,0.0,0,1,1,0.36363636363636365,0.0,3.0,7.0,0.0,3.0,0.0,0.0,7.0,0.0,52,1.0,42,0.0,0.0,2.3333333333333335,3.0,7.0,3.0,7.0,3.0,7.0
54,7,0.0,0,1,1,0.36363636363636365,0.0,3.0,7.0,0.0,3.0,0.0,0.0,7.0,0.0,53,1.0,43,0.0,0.0,2.3333333333333335,3.0,7.0,3.0,7.0,3.0,7.0
55,7,0.0,0,1,1,0.36363636363636365,0.0,3.0,7.0,0.0,3.0,0.0,0.0,7.0,0.0,54,1.0,43,0.0,0.0,2.3333333333333335,3.0,7.0,3.0,7.0,3.0,7.0
56,7,0.0,0,1,1,0.36363636363636365,0.0,3.0,7.0,0.0,3.0,0.0,0.0,7.0,0.0,55,1.0,43,0.0,0.0,2.3333333333333335,3.0,7.0,3.0,7.0,3.0,7.0
57,7,0.0,0,1,1,0.36363636363636365,0.0,3.0,7.0,0.0,3.0,0.0,0.0,7.0,0.0,56,1.0,43,0.0,0.0,2.3333333333333335,3.0,7.0,3.0,7.0,3.0,7.0
58,7,0.0,0,1,1,0.36363636363636365,0.0,3.0,7.0,0.0,3.0,0.0,0.0,7.0,0.0,57,1.0,43,0.0,0.0,2.3333333333333335,3.0,7.0,3.0,7.0,3.0,7.0
59,7,0.0,0,1,1,0.36363636363636365,0.0,3.0,7.0,0.0,3.0,0.0,0.0,7.0,0.0,58,1.0,43,0.0,0.0,2.3333333333333335,3.0,7.0,3.0,7.0,3.0,7.0
60,7,0.0,0,1,1,0.36363636363636365,0.0,3.0,7.0,0.0,3.0,0.0,0.0,7.0,0.0,59,1.0,43,0.0,0.0,2.3333333333333335,3.0,7.0,3.0,7.0,3.0,7.0
61,7,0.0,0,1,1,0.36363636363636365,0.0,3.0,7.0,0.0,3.0,0.0,0.0,7.0,0.0,60,1.0,43,0.0,0.0,2.3333333333333335,3.0,7.0,3.0,7.0,3.0,7.0
62,7,0.0,0,1,1,0.36363636363636365,0.0,3.0,7.0,0.0,3.0,0.0,0.0,7.0,0.0,61,1.0,43,0.0,0.0,2.3333333333333335,3.0,7.0,3.0,7.0,3.0,7.0
63,7,0.0,0,1,1,0.36363636363636365,0.0,3.0,7.0,0.0,3.0,0.0,0.0,7.0,0.0,62,1.0,43,0.0,0.0,2.3333333333333335,3.0,7.0,3.0,7.0,3.0,7.0
64,7,0.0,0,1,1,0.36363636363636365,0.0,3.0,7.0,0.0,3.0,0.0,0.0,7.0,0.0,63,1.0,43,0.0,0.0,2.3333333333333335,3.0,7.0,3.0,7.0,3.0,7.0
65,7,0.0,0,1,1,0.36363636363636365,0.0,3.0,7.0,0.0,3.0,0.0,0.0,7.0,0.0,64,1.0,43,0.0,0.0,2.3333333333333335,3.0,7.0,3.0,7.0,3.0,7.0
66,7,0.0,0,1,1,0.36363636363636365,0.0,3.0,7.0,0.0,3.0,0.0,0.0,7.0,0.0,65,1.0,43,0.0,0.0,2.3333333333333335,3.0,7.0,3.0,7.0,3.0,7.0
67,7,0.0,0,1,1,0.36363636363636365,0.0,3.0,7.0,0.0,3.0,0.0,0.0,7.0,0.0,66,1.0,43,0.0,0.0,2.3333333333333335,3.0,7.0,3.0,7.0,3.0,7.0
68,7,0.0,0,1,1,0.36363636363636365,0.0,3.0,7.0,0.0,3.0,0.0,0.0,7.0,0.0,67,1.0,43,0.0,0.0,2.3333333333333335,3.0,7.0,3.0,7.0,3.0,7.0
69,7,0.0,0,1,1,0.36363636363636365,0.0,3.0,7.0,0.0,3.0,0.0,0.0,7.0,0.0,68,1.0,43,0.0,0.0,2.3333333333333335,3.0,7.0,3.0,7.0,3.0,7.0
70,7,0.0,0,1,1,0.36363636363636365,0.0,3.0,7.0,0.0,3.0,0.0,0.0,7.0,0.0,69,1.0,43,0.0,0.0,2.3333333333333335,3.0,7.0,3.0,7.0,3.0,7.0
71,7,0.0,0,1,1,0.36363636363636365,0.0,3.0,7.0,0.0,3.0,0.0,0.0,7.0,0.0,70,1.0,43,0.0,0.0,2.3333333333333335,3.0,7.0,3.0,7.0,3.0,7.0
72,7,0.0,0,1,1,0.36363636363636365,0.0,3.0,7.0,0.0,3.0,0.0,0.0,7.0,0.0,71,1.0,43,0.0,0.0,2.3333333333333335,3.0,7.0,3.0,7.0,3.0,7.0
73,7,0.0,0,1,1,0.36363636363636365,0.0,3.0,7.0,0.0,3.0,0.0,0.0,7.0,0.0,72,1.0,43,0.0,0.0,2.3333333333333335,3.0,7.0,3.0,7.0,3.0,7.0
74,7,0.0,0,1,1,0.36363636363636365,0.0,3.0,7.0,0.0,3.0,0.0,0.0,7.0,0.0,73,1.0,43,0.0,0.0,2.3333333333333335,3.0,7.0,3.0,7.0,3.0,7.0
75,7,0.0,0,1,1,0.36363636363636365,0.0,3.0,7.0,0.0,3.0,0.0,0.0,7.0,0.0,74,1.0,43,0.0,0.0,2.3333333333333335,3.0,7.0,3.0,7.0,3.0,7.0
76,7,0.0,0,1,1,0.36363636363636365,0.0,3.0,7.0,0.0,3.0,0.0,0.0,7.0,0.0,75,1.0,43,0.0,0.0,2.3333333333333335,3.0,7.0,3.0,7.0,3.0,7.0
77,7,0.0,0,1,1,0.36363636363636365,0.0,3.0,7.0,0.0,3.0,0.0,0.0,7.0,0.0,76,1.0,43,0.0,0.0,2.3333333333333335,3.0,7.0,3.0,7.0,3.0,7.0
78,7,0.0,0,1,1,0.36363636363636365,0.0,3.0,7.0,0.0,3.0,0.0,0.0,7.0,0.0,77,1.0,43,0.0,0.0,2.3333333333333335,3.0,7.0,3.0,7.0,3.0,7.0
79,7,0.0,0,1,1,0.36363636363636365,0.0,3.0,7.0,0.0,3.0,0.0,0.0,7.0,0.0,78,1.0,43,0.0,0.0,2.3333333333333335,3.0,7.0,3.0,7.0,3.0,7.0
80,7,0.0,0,1,1,0.36363636363636365,0.0,3.0,7.0,0.0,3.0,0.0,0.0,7.0,0.0,79,1.0,43,0.0,0.0,2.3333333333333335,3.0,7.0,3.0,7.0,3.0,7.0
81,7,0.0,0,1,1,0.36363636363636365,0.0,3.0,7.0,0.0,3.0,0.0,0.0,7.0,0.0,80,1.0,43,0.0,0.0,2.3333333333333335,3.0,7.0,3.0,7.0,3.0,7.0
82,7,0.0,0,1,1,0.36363636363636365,0.0,3.0,7.0,0.0,3.0,0.0,0.0,7.0,0.0,81,1.0,43,0.0,0.0,2.3333333333333335,3.0,7.0,3.0,7.0,3.0,7.0
83,7,0.0,0,1,1,0.36363636363636365,0.0,3.0,7.0,0.0,3.0,0.0,0.0,7.0,0.0,82,1.0,43,0.0,0.0,2.3333333333333335,3.0,7.0,3.0,7.0,3.0,7.0
84,7,0.0,0,1,1,0.36363636363636365,0.0,3.0,7.0,0.0,3.0,0.0,0.0,7.0,0.0,83,1.0,43,0.0,0.0,2.3333333333333335,3.0,7.0,3.0,7.0,3.0,7.0
85,7,0.0,0,1,1,0.36363636363636365,0.0,3.0,7.0,0.0,3.0,0.0,0.0,7.0,0.0,84,1.0,43,0.0,0.0,2.3333333333333335,3.0,7.0,3.0,7.0,3.0,7.0
86,7,0.0,0,1,1,0.36363636363636365,0.0,3.0,7.0,0.0,3.0,0.0,0.0,7.0,0.0,85,1.0,43,0.0,0.0,2.3333333333333335,3.0,7.0,3.0,7.0,3.0,7.0
87,7,0.0,0,1,1,0.36363636363636365,0.0,3.0,7.0,0.0,3.0,0.0,0.0,7.0,0.0,86,1.0,43,0.0,0.0,2.3333333333333335,3.0,7.0,3.0,7.0,3.0,7.0
88,7,0.0,0,1,1,0.36363636363636365,0.0,3.0,7.0,0.0,3.0,0.0,0.0,7.0,0.0,87,1.0,43,0.0,0.0,2.3333333333333335,3.0,7.0,3.0,7.0,3.0,7.0
89,7,0.0,0,1,1,0.36363636363636365,0.0,3.0,7.0,0.0,3.0,0.0,0.0,7.0,0.0,88,1.0,43,0.0,0.0,2.3333333333333335,3.0,7.0,3.0,7.0,3.0,7.0
90,7,0.0,0,1,1,0.36363636363636365,0.0,3.0,7.0,0.0,3.0,0.0,0.0,7.0,0.0,89,1.0,43,0.0,0.0,2.3333333333333335,3.0,7.0,3.0,7.0,3.0,7.0
91,7,0.0,0,1,1,0.36363636363636365,0.0,3.0,7.0,0.0,3.0,0.0,0.0,7.0,0.0,90,1.0,43,0.0,0.0,2.3333333333333335,3.0,7.0,3.0,7.0,3.0,7.0
92,7,0.0,0,1,1,0.36363636363636365,0.0,3.0,7.0,0.0,3.0,0.0,0.0,7.0,0.0,91,1.0,43,0.0,0.0,2.3333333333333335,3.0,7.0,3.0,7.0,3.0,7.0
93,7,0.0,0,1,1,0.36363636363636365,0.0,3.0,7.0,0.0,3.0,0.0,0.0,7.0,0.0,92,1.0,43,0.0,0.0,2.3333333333333335,3.0,7.0,3.0,7.0,3.0,7.0
94,7,0.0,0,1,1,0.36363636363636365,0.0,3.0,7.0,0.0,3.0,0.0,0.0,7.0,0.0,93,1.0,43,0.0,0.0,2.3333333333333335,3.0,7.0,3.0,7.0,3.0,7.0
95,7,0.0,0,1,1,0.36363636363636365,0.0,3.0,7.0,0.0,3.0,0.0,0.0,7.0,0.0,94,1.0,43,0.0,0.0,2.3333333333333335,3.0,7.0,3.0,7.0,3.0,7.0
96,7,0.0,0,1,1,0.36363636363636365,0.0,3.0,7.0,0.0,3.0,0.0,0.0,7.0,0.0,95,1.0,43,0.0,0.0,2.3333333333333335,3.0,7.0,3.0,7.0,3.0,7.0
97,7,0.0,0,1,1,0.36363636363636365,0.0,3.0,7.0,0.0,3.0,0.0,0.0,7.0,0.0,96,1.0,43,0.0,0.0,2.3333333333333335,3.0,7.0,3.0,7.0,3.0,7.0
98,7,0.0,0,1,1,0.36363636363636365,0.0,3.0,7.0,0.0,3.0,0.0,0.0,7.0,0.0,97,1.0,43,0.0,0.0,2.3333333333333335,3.0,7.0,3.0,7.0,3.0,7.0
99,7,0.0,0,1,1,0.36363636363636365,0.0,3.0,7.0,0.0,3.0,0.0,0.0,7.0,0.0,98,1.0,43,0.0,0.0,2.3333333333333335,3.0,7.0,3.0,7.0,3.0,7.0
100,7,0.0,0,1,1,0.36363636363636365,0.0,3.0,7.0,0.0,3.0,0.0,0.0,7.0,0.0,99,1.0,43,0.0,0.0,2.3333333333333335,3.0,7.0,3.0,7.0,3.0,7.0
101,7,0.0,0,1,1,0.36363636363636365,0.0,3.0,7.0,0.0,3.0,0.0,0.0,7.0,0.0,100,1.0,43,0.0,0.0,2.3333333333333335,3.0,7.0,3.0,7.0,3.0,7.0
102,7,0.0,0,1,1,0.36363636363636365,0.0,3.0,7.0,0.0,3.0,0.0,0.0,7.0,0.0,101,1.0,43,0.0,0.0,2.3333333333333335,3.0,7.0,3.0,7.0,3.0,7.0
103,7,0.0,0,1,1,0.36363636363636365,0.0,3.0,7.0,0.0,3.0,0.0,0.0,7.0,0.0,102,1.0,43,0.0,0.0,2.3333333333333335,3.0,7.0,3.0,7.0,3.0,7.0
104,7,0.0,0,1,1,0.36363636363636365,0.0,3.0,7.0,0.0,3.0,0.0,0.0,7.0,0.0,103,1.0,43,0.0,0.0,2.3333333333333335,3.0,7.0,3.0,7.0,3.0,7.0
105,7,0.0,0,1,1,0.36363636363636365,0.0,3.0,7.0,0.0,3.0,0.0,0.0,7.0,0.0,104,1.0,43,0.0,0.0,2.3333333333333335,3.0,7.0,3.0,7.0,3.0,7.0
106,7,0.0,0,1,1,0.36363636363636365,0.0,3.0,7.0,0.0,3.0,0.0,0.0,7.0,0.0,105,1.0,43,0.0,0.0,2.3333333333333335,3.0,7.0,3.0,7.0,3.0,7.0
107,7,0.0,0,1,1,0.36363636363636365,0.0,3.0,7.0,0.0,3.0,0.0,0.0,7.0,0.0,106,1.0,43,0.0,0.0,2.3333333333333335,3.0,7.0,3.0,7.0,3.0,7.0
108,7,0.0,0,1,1,0.36363636363636365,0.0,3.0,7.0,0.0,3.0,0.0,0.0,7.0,0.0,107,1.0,43,0.0,0.0,2.3333333333333335,3.0,7.0,3.0,7.0,3.0,7.0
109,7,0.0,0,1,1,0.36363636363636365,0.0,3.0,7.0,0.0,3.0,0.0,0.0,7.0,0.0,108,1.0,43,0.0,0.0,2.3333333333333335,3.0,7.0,3.0,7.0,3.0,7.0
110,7,0.0,0,1,1,0.36363636363636365,0.0,3.0,7.0,0.0,3.0,0.0,0.0,7.0,0.0,109,1.0,43,0.0,0.0,2.3333333333333335,3.0,7.0,3.0,7.0,3.0,7.0
111,7,0.0,0,1,1,0.36363636363636365,0.0,3.0,7.0,0.0,3.0,0.0,0.0,7.0,0.0,110,1.0,43,0.0,0.0,2.3333333333333335,3.0,7.0,3.0,7.0,3.0,7.0
112,7,0.0,0,1,1,0.36363636363636365,0.0,3.0,7.0,0.0,3.0,0.0,0.0,7.0,0.0,111,1.0,43,0.0,0.0,2.3333333333333335,3.0,7.0,3.0,7.0,3.0,7.0
113,7,0.0,0,1,1,0.36363636363636365,0.0,3.0,7.0,0.0,3.0,0.0,0.0,7.0,0.0,112,1.0,43,0.0,0.0,2.3333333333333335,3.0,7.0,3.0,7.0,3.0,7.0
114,7,0.0,0,1,1,0.36363636363636365,0.0,3.0,7.0,0.0,3.0,0.0,0.0,7.0,0.0,113,1.0,43,0.0,0.0,2.3333333333333335,3.0,7.0,3.0,7.0,3.0,7.0
115,7,0.0,0,1,1,0.36363636363636365,0.0,3.0,7.0,0.0,3.0,0.0,0.0,7.0,0.0,114,1.0,43,0.0,0.0,2.3333333333333335,3.0,7.0,3.0,7.0,3.0,7.0
116,7,0.0,0,1,1,0.36363636363636365,0.0,3.0,7.0,0.0,3.0,0.0,0.0,7.0,0.0,115,1.0,43,0.0,0.0,2.3333333333333335,3.0,7.0,3.0,7.0,3.0,7.0
117,7,0.0,0,1,1,0.36363636363636365,0.0,3.0,7.0,0.0,3.0,0.0,0.0,7.0,0.0,116,1.0,43,0.0,0.0,2.3333333333333335,3.0,7.0,3.0,7.0,3.0,7.0
118,7,0.0,0,1,1,0.36363636363636365,0.0,3.0,7.0,0.0,3.0,0.0,0.0,7.0,0.0,117,1.0,43,0.0,0.0,2.3333333333333335,3.0,7.0,3.0,7.0,3.0,7.0
119,7,0.0,0,1,1,0.36363636363636365,0.0,3.0,7.0,0.0,3.0,0.0,0.0,7.0,0.0,118,1.0,43,0.0,0.0,2.3333333333333335,3.0,7.0,3.0,7.0,3.0,7.0
120,7,0.0,0,1,1,0.36363636363636365,0.0,3.0,7.0,0.0,3.0,0.0,0.0,7.0,0.0,119,1.0,43,0.0,0.0,2.3333333333333335,3.0,7.0,3.0,7.0,3.0,7.0
121,7,0.0,0,1,1,0.36363636363636365,0.0,3.0,7.0,0.0,3.0,0.0,0.0,7.0,0.0,120,1.0,43,0.0,0.0,2.3333333333333335,3.0,7.0,3.0,7.0,3.0,7.0
122,7,0.0,0,1,1,0.36363636363636365,0.0,3.0,7.0,0.0,3.0,0.0,0.0,7.0,0.0,121,1.0,43,0.0,0.0,2.3333333333333335,3.0,7.0,3.0,7.0,3.0,7.0
1,8,1.0,1,0,1,0.4090909090909091,0.0,6.0,10.0,0.0,6.0,0.0,0.0,10.0,0.0,0,0.0,0,0.0,0.0,1.6666666666666667,0.0,0.0,0.0,0.0,0.0,0.0
2,8,1.0,1,0,1,0.4090909090909091,0.0,6.0,10.0,0.0,6.0,0.0,0.0,10.0,0.0,1,0.5,43,0.0,0.0,1.6666666666666667,6.0,10.0,0.0,0.0,0.0,0.0
3,8,1.0,1,0,1,0.4090909090909091,0.0,6.0,10.0,0.0,6.0,0.0,0.0,10.0,0.0,2,0.6666666666666666,43,0.0,0.0,1.6666666666666667,6.0,10.0,6.0,10.0,0.0,0.0
4,8,1.0,0,1,1,0.4090909090909091,0.0,6.0,10.0,0.0,6.0,0.0,0.0,10.0,0.0,3,0.75,43,0.0,0.0,1.6666666666666667,6.0,10.0,6.0,10.0,6.0,10.0
5,8,1.0,0,1,1,0.4090909090909091,0.0,6.0,10.0,0.0,6.0,0.0,0.0,10.0,0.0,4,0.8,43,0.0,0.0,1.6666666666666667,6.0,10.0,6.0,10.0,6.0,10.0
6,8,1.0,0,1,1,0.4090909090909091,0.0,5.8,9.6,-1.4619519810524544,6.0,0.0,-1.6089664627846396,10.0,0.0,5,1.0,25,-1.0,-2.0,1.6,6.0,10.0,6.0,10.0,6.0,10.0
7,8,1.0,0,1,1,0.4090909090909091,0.0,5.6,9.0,-0.9263225327693089,6.0,0.0,-1.3208176506262261,10.0,0.0,6,1.0,25,-1.0,-3.0,1.4,5.0,8.0,6.0,10.0,6.0,10.0
8,8,1.0,0,1,1,0.4090909090909091,0.0,5.2,8.4,-1.281147872233175,6.0,0.0,-0.8660284385739889,10.0,0.0,7,1.0,26,-2.0,-3.0,1.75,5.0,7.0,5.0,8.0,6.0,10.0
9,8,1.0,0,1,1,0.4090909090909091,0.0,4.8,7.8,-0.854098581488783,6.0,0.0,-0.5698653164688896,10.0,0.0,8,1.0,25,-2.0,-3.0,1.75,4.0,7.0,5.0,7.0,5.0,8.0
10,8,1.0,0,1,1,0.4090909090909091,0.0,4.4,6.8,-0.6175483551795401,5.0,0.0,-1.5057153000156285,8.0,0.0,9,1.0,25,-2.0,-5.0,1.25,4.0,7.0,4.0,7.0,5.0,7.0
11,8,1.0,0,1,1,0.4090909090909091,0.0,4.2,6.4,-0.36548799526311393,5.0,0.0,-0.40224161569616035,7.0,0.0,10,1.0,27,-1.0,-2.0,1.5,4.0,5.0,4.0,7.0,4.0,7.0
12,8,1.0,0,1,1,0.4090909090909091,0.0,4.0,6.0,0.0,4.0,0.0,-0.9090909090909092,7.0,1.0,11,1.0,33,-1.0,-2.0,1.25,4.0,6.0,4.0,5.0,4.0,7.0
13,8,1.0,0,1,1,0.4090909090909091,0.0,4.0,5.6,0.0,4.0,2.0,-0.6033624235442396,7.0,1.0,12,1.0,30,0.0,-2.0,1.25,4.0,5.0,4.0,6.0,4.0,5.0
14,8,1.0,0,1,1,0.4090909090909091,0.0,4.0,5.2,0.0,4.0,2.0,-0.3654879952631143,6.0,1.0,13,1.0,25,0.0,-2.0,1.25,4.0,5.0,4.0,5.0,4.0,6.0
15,8,1.0,0,1,1,0.4090909090909091,0.0,4.0,5.2,0.0,4.0,2.0,-0.3654879952631143,6.0,5.0,14,1.0,28,0.0,0.0,1.25,4.0,5.0,4.0,5.0,4.0,5.0
16,8,1.0,0,1,1,0.4090909090909091,0.0,4.0,5.0,0.0,4.0,1.0,0.0,5.0,1.0,15,1.0,28,0.0,-1.0,1.25,4.0,5.0,4.0,5.0,4.0,5.0
17,8,1.0,0,1,1,0.4090909090909091,0.0,4.0,5.0,0.0,4.0,1.0,0.0,5.0,2.0,16,1.0,28,0.0,0.0,1.25,4.0,5.0,4.0,5.0,4.0,5.0
18,8,1.0,0,1,1,0.4090909090909091,0.0,4.0,5.0,0.0,4.0,0.0,0.0,5.0,2.0,17,1.0,29,0.0,0.0,1.25,4.0,5.0,4.0,5.0,4.0,5.0
19,8,1.0,0,1,1,0.4090909090909091,0.0,4.0,5.0,0.0,4.0,0.0,0.0,5.0,2.0,18,1.0,33,0.0,0.0,1.25,4.0,5.0,4.0,5.0,4.0,5.0
20,8,1.0,0,1,1,0.4090909090909091,0.0,4.0,5.0,0.0,4.0,0.0,0.0,5.0,0.0,19,1.0,32,0.0,0.0,1.25,4.0,5.0,4.0,5.0,4.0,5.0
21,8,1.0,0,1,1,0.4090909090909091,0.0,4.0,5.0,0.0,4.0,0.0,0.0,5.0,1.0,20,1.0,32,0.0,0.0,1.25,4.0,5.0,4.0,5.0,4.0,5.0
22,8,1.0,0,1,1,0.4090909090909091,0.0,4.0,5.0,0.0,4.0,0.0,0.0,5.0,0.0,21,1.0,33,0.0,0.0,1.25,4.0,5.0,4.0,5.0,4.0,5.0
23,8,1.0,0,1,1,0.4090909090909091,0.0,4.0,5.0,0.0,4.0,0.0,0.0,5.0,0.0,22,1.0,34,0.0,0.0,1.25,4.0,5.0,4.0,5.0,4.0,5.0
24,8,1.0,0,1,1,0.4090909090909091,0.0,4.0,5.0,0.0,4.0,0.0,0.0,5.0,0.0,23,1.0,34,0.0,0.0,1.25,4.0,5.0,4.0,5.0,4.0,5.0
25,8,1.0,0,1,1,0.4090909090909091,0.0,4.0,5.0,0.0,4.0,0.0,0.0,5.0,0.0,24,1.0,32,0.0,0.0,1.25,4.0,5.0,4.0,5.0,4.0,5.0
26,8,1.0,0,1,1,0.4090909090909091,0.0,4.0,5.0,0.0,4.0,0.0,0.0,5.0,0.0,25,1.0,35,0.0,0.0,1.25,4.0,5.0,4.0,5.0,4.0,5.0
27,8,1.0,0,1,1,0.4090909090909091,0.0,4.0,5.0,0.0,4.0,0.0,0.0,5.0,0.0,26,1.0,36,0.0,0.0,1.25,4.0,5.0,4.0,5.0,4.0,5.0
28,8,1.0,0,1,1,0.4090909090909091,0.0,4.0,5.0,0.0,4.0,0.0,0.0,5.0,0.0,27,1.0,34,0.0,0.0,1.25,4.0,5.0,4.0,5.0,4.0,5.0
29,8,1.0,0,1,1,0.4090909090909091,0.0,4.0,5.0,0.0,4.0,0.0,0.0,5.0,0.0,28,1.0,33,0.0,0.0,1.25,4.0,5.0,4.0,5.0,4.0,5.0
30,8,1.0,0,1,1,0.4090909090909091,0.0,4.0,5.0,0.0,4.0,0.0,0.0,5.0,0.0,29,1.0,35,0.0,0.0,1.25,4.0,5.0,4.0,5.0,4.0,5.0
31,8,1.0,0,1,1,0.4090909090909091,0.0,4.0,5.0,0.0,4.0,0.0,0.0,5.0,0.0,30,1.0,36,0.0,0.0,1.25,4.0,5.0,4.0,5.0,4.0,5.0
32,8,1.0,0,1,1,0.4090909090909091,0.0,4.0,5.0,0.0,4.0,0.0,0.0,5.0,0.0,31,1.0,37,0.0,0.0,1.25,4.0,5.0,4.0,5.0,4.0,5.0
33,8,1.0,0,1,1,0.4090909090909091,0.0,4.0,5.0,0.0,4.0,0.0,0.0,5.0,0.0,32,1.0,39,0.0,0.0,1.25,4.0,5.0,4.0,5.0,4.0,5.0
34,8,1.0,0,1,1,0.4090909090909091,0.0,4.0,5.0,0.0,4.0,0.0,0.0,5.0,0.0,33,1.0,39,0.0,0.0,1.25,4.0,5.0,4.0,5.0,4.0,5.0
35,8,1.0,0,1,1,0.4090909090909091,0.0,4.0,5.0,0.0,4.0,0.0,0.0,5.0,0.0,34,1.0,38,0.0,0.0,1.25,4.0,5.0,4.0,5.0,4.0,5.0
36,8,1.0,0,1,1,0.4090909090909091,0.0,4.0,5.0,0.0,4.0,0.0,0.0,5.0,0.0,35,1.0,38,0.0,0.0,1.25,4.0,5.0,4.0,5.0,4.0,5.0
37,8,1.0,0,1,1,0.4090909090909091,0.0,4.0,5.0,0.0,4.0,0.0,0.0,5.0,0.0,36,1.0,39,0.0,0.0,1.25,4.0,5.0,4.0,5.0,4.0,5.0
38,8,1.0,0,1,1,0.4090909090909091,0.0,4.0,5.0,0.0,4.0,0.0,0.0,5.0,0.0,37,1.0,38,0.0,0.0,1.25,4.0,5.0,4.0,5.0,4.0,5.0
39,8,1.0,0,1,1,0.4090909090909091,0.0,4.0,5.2,0.0,4.0,0.0,1.4619519810524544,6.0,1.0,38,1.0,38,0.0,1.0,1.5,4.0,5.0,4.0,5.0,4.0,5.0
40,8,1.0,0,1,1,0.4090909090909091,0.0,4.0,5.4,0.0,4.0,0.0,0.9263225327693089,6.0,1.0,39,1.0,40,0.0,1.0,1.5,4.0,6.0,4.0,5.0,4.0,5.0
41,8,1.0,0,1,1,0.4090909090909091,0.0,4.0,5.8,0.0,4.0,0.0,1.281147872233175,7.0,2.0,40,1.0,41,0.0,2.0,1.75,4.0,6.0,4.0,6.0,4.0,5.0
42,8,1.0,0,1,1,0.4090909090909091,0.0,4.0,6.2,0.0,4.0,0.0,0.854098581488783,7.0,2.0,41,1.0,41,0.0,2.0,1.75,4.0,7.0,4.0,6.0,4.0,6.0
43,8,1.0,0,1,1,0.4090909090909091,0.0,4.2,6.6,1.4619519810524544,5.0,1.0,0.6175483551795401,7.0,2.0,42,1.0,41,1.0,2.0,1.4,4.0,7.0,4.0,7.0,4.0,6.0
44,8,1.0,0,1,1,0.4090909090909091,0.0,4.4,6.8,0.9263225327693089,5.0,1.0,0.36548799526311393,7.0,0.0,43,1.0,42,1.0,1.0,1.4,5.0,7.0,4.0,7.0,4.0,7.0
45,8,1.0,0,1,1,0.4090909090909091,0.0,4.6,7.0,0.6175483551795402,5.0,1.0,0.0,7.0,0.0,44,1.0,41,1.0,1.0,1.4,5.0,7.0,5.0,7.0,4.0,7.0
46,8,1.0,0,1,1,0.4090909090909091,0.0,4.8,7.0,0.365487995263114,5.0,1.0,0.0,7.0,-2.0,45,1.0,41,1.0,0.0,1.4,5.0,7.0,5.0,7.0,5.0,7.0
47,8,1.0,0,1,1,0.4090909090909091,0.0,5.0,7.0,0.0,5.0,1.0,0.0,7.0,-2.0,46,1.0,41,1.0,0.0,1.4,5.0,7.0,5.0,7.0,5.0,7.0
48,8,1.0,0,1,1,0.4090909090909091,0.0,5.0,7.0,0.0,5.0,-1.0,0.0,7.0,-2.0,47,1.0,42,0.0,0.0,1.4,5.0,7.0,5.0,7.0,5.0,7.0
49,8,1.0,0,1,1,0.4090909090909091,0.0,5.0,7.0,0.0,5.0,-1.0,0.0,7.0,-1.0,48,1.0,42,0.0,0.0,1.4,5.0,7.0,5.0,7.0,5.0,7.0
50,8,1.0,0,1,1,0.4090909090909091,0.0,5.0,7.0,0.0,5.0,-1.0,0.0,7.0,-1.0,49,1.0,42,0.0,0.0,1.4,5.0,7.0,5.0,7.0,5.0,7.0
51,8,1.0,0,1,1,0.4090909090909091,0.0,5.0,7.0,0.0,5.0,-1.0,0.0,7.0,0.0,50,1.0,42,0.0,0.0,1.4,5.0,7.0,5.0,7.0,5.0,7.0
52,8,1.0,0,1,1,0.4090909090909091,0.0,5.0,7.0,0.0,5.0,-1.0,0.0,7.0,0.0,51,1.0,42,0.0,0.0,1.4,5.0,7.0,5.0,7.0,5.0,7.0
53,8,1.0,0,1,1,0.4090909090909091,0.0,5.0,7.0,0.0,5.0,0.0,0.0,7.0,0.0,52,1.0,42,0.0,0.0,1.4,5.0,7.0,5.0,7.0,5.0,7.0
54,8,1.0,0,1,1,0.4090909090909091,0.0,5.0,7.0,0.0,5.0,0.0,0.0,7.0,0.0,53,1.0,43,0.0,0.0,1.4,5.0,7.0,5.0,7.0,5.0,7.0
55,8,1.0,0,1,1,0.4090909090909091,0.0,5.0,7.0,0.0,5.0,0.0,0.0,7.0,0.0,54,1.0,43,0.0,0.0,1.4,5.0,7.0,5.0,7.0,5.0,7.0
56,8,1.0,0,1,1,0.4090909090909091,0.0,5.0,7.0,0.0,5.0,0.0,0.0,7.0,0.0,55,1.0,43,0.0,0.0,1.4,5.0,7.0,5.0,7.0,5.0,7.0
57,8,1.0,0,1,1,0.4090909090909091,0.0,5.0,7.0,0.0,5.0,0.0,0.0,7.0,0.0,56,1.0,43,0.0,0.0,1.4,5.0,7.0,5.0,7.0,5.0,7.0
58,8,1.0,0,1,1,0.4090909090909091,0.0,5.0,7.0,0.0,5.0,0.0,0.0,7.0,0.0,57,1.0,43,0.0,0.0,1.4,5.0,7.0,5.0,7.0,5.0,7.0
59,8,1.0,0,1,1,0.4090909090909091,0.0,5.0,7.0,0.0,5.0,0.0,0.0,7.0,0.0,58,1.0,43,0.0,0.0,1.4,5.0,7.0,5.0,7.0,5.0,7.0
60,8,1.0,0,1,1,0.4090909090909091,0.0,5.0,7.0,0.0,5.0,0.0,0.0,7.0,0.0,59,1.0,43,0.0,0.0,1.4,5.0,7.0,5.0,7.0,5.0,7.0
61,8,1.0,0,1,1,0.4090909090909091,0.0,5.0,7.0,0.0,5.0,0.0,0.0,7.0,0.0,60,1.0,43,0.0,0.0,1.4,5.0,7.0,5.0,7.0,5.0,7.0
62,8,1.0,0,1,1,0.4090909090909091,0.0,5.0,7.0,0.0,5.0,0.0,0.0,7.0,0.0,61,1.0,43,0.0,0.0,1.4,5.0,7.0,5.0,7.0,5.0,7.0
63,8,1.0,0,1,1,0.4090909090909091,0.0,5.0,7.0,0.0,5.0,0.0,0.0,7.0,0.0,62,1.0,43,0.0,0.0,1.4,5.0,7.0,5.0,7.0,5.0,7.0
64,8,1.0,0,1,1,0.4090909090909091,0.0,5.0,7.0,0.0,5.0,0.0,0.0,7.0,0.0,63,1.0,43,0.0,0.0,1.4,5.0,7.0,5.0,7.0,5.0,7.0
65,8,1.0,0,1,1,0.4090909090909091,0.0,5.0,7.0,0.0,5.0,0.0,0.0,7.0,0.0,64,1.0,43,0.0,0.0,1.4,5.0,7.0,5.0,7.0,5.0,7.0
66,8,1.0,0,1,1,0.4090909090909091,0.0,5.0,7.0,0.0,5.0,0.0,0.0,7.0,0.0,65,1.0,43,0.0,0.0,1.4,5.0,7.0,5.0,7.0,5.0,7.0
67,8,1.0,0,1,1,0.4090909090909091,0.0,5.0,7.0,0.0,5.0,0.0,0.0,7.0,0.0,66,1.0,43,0.0,0.0,1.4,5.0,7.0,5.0,7.0,5.0,7.0
68,8,1.0,0,1,1,0.4090909090909091,0.0,5.0,7.0,0.0,5.0,0.0,0.0,7.0,0.0,67,1.0,43,0.0,0.0,1.4,5.0,7.0,5.0,7.0,5.0,7.0
69,8,1.0,0,1,1,0.4090909090909091,0.0,5.0,7.0,0.0,5.0,0.0,0.0,7.0,0.0,68,1.0,43,0.0,0.0,1.4,5.0,7.0,5.0,7.0,5.0,7.0
70,8,1.0,0,1,1,0.4090909090909091,0.0,5.0,7.0,0.0,5.0,0.0,0.0,7.0,0.0,69,1.0,43,0.0,0.0,1.4,5.0,7.0,5.0,7.0,5.0,7.0
71,8,1.0,0,1,1,0.4090909090909091,0.0,5.0,7.0,0.0,5.0,0.0,0.0,7.0,0.0,70,1.0,43,0.0,0.0,1.4,5.0,7.0,5.0,7.0,5.0,7.0
72,8,1.0,0,1,1,0.4090909090909091,0.0,5.0,7.0,0.0,5.0,0.0,0.0,7.0,0.0,71,1.0,43,0.0,0.0,1.4,5.0,7.0,5.0,7.0,5.0,7.0
73,8,1.0,0,1,1,0.4090909090909091,0.0,5.0,7.0,0.0,5.0,0.0,0.0,7.0,0.0,72,1.0,43,0.0,0.0,1.4,5.0,7.0,5.0,7.0,5.0,7.0
74,8,1.0,0,1,1,0.4090909090909091,0.0,5.0,7.0,0.0,5.0,0.0,0.0,7.0,0.0,73,1.0,43,0.0,0.0,1.4,5.0,7.0,5.0,7.0,5.0,7.0
75,8,1.0,0,1,1,0.4090909090909091,0.0,5.0,7.0,0.0,5.0,0.0,0.0,7.0,0.0,74,1.0,43,0.0,0.0,1.4,5.0,7.0,5.0,7.0,5.0,7.0
76,8,1.0,0,1,1,0.4090909090909091,0.0,5.0,7.0,0.0,5.0,0.0,0.0,7.0,0.0,75,1.0,43,0.0,0.0,1.4,5.0,7.0,5.0,7.0,5.0,7.0
77,8,1.0,0,1,1,0.4090909090909091,0.0,5.0,7.0,0.0,5.0,0.0,0.0,7.0,0.0,76,1.0,43,0.0,0.0,1.4,5.0,7.0,5.0,7.0,5.0,7.0
78,8,1.0,0,1,1,0.4090909090909091,0.0,5.0,7.0,0.0,5.0,0.0,0.0,7.0,0.0,77,1.0,43,0.0,0.0,1.4,5.0,7.0,5.0,7.0,5.0,7.0
79,8,1.0,0,1,1,0.4090909090909091,0.0,5.0,7.0,0.0,5.0,0.0,0.0,7.0,0.0,78,1.0,43,0.0,0.0,1.4,5.0,7.0,5.0,7.0,5.0,7.0
80,8,1.0,0,1,1,0.4090909090909091,0.0,5.0,7.0,0.0,5.0,0.0,0.0,7.0,0.0,79,1.0,43,0.0,0.0,1.4,5.0,7.0,5.0,7.0,5.0,7.0
81,8,1.0,0,1,1,0.4090909090909091,0.0,5.0,7.0,0.0,5.0,0.0,0.0,7.0,0.0,80,1.0,43,0.0,0.0,1.4,5.0,7.0,5.0,7.0,5.0,7.0
82,8,1.0,0,1,1,0.4090909090909091,0.0,5.0,7.0,0.0,5.0,0.0,0.0,7.0,0.0,81,1.0,43,0.0,0.0,1.4,5.0,7.0,5.0,7.0,5.0,7.0
83,8,1.0,0,1,1,0.4090909090909091,0.0,5.0,7.0,0.0,5.0,0.0,0.0,7.0,0.0,82,1.0,43,0.0,0.0,1.4,5.0,7.0,5.0,7.0,5.0,7.0
84,8,1.0,0,1,1,0.4090909090909091,0.0,5.0,7.0,0.0,5.0,0.0,0.0,7.0,0.0,83,1.0,43,0.0,0.0,1.4,5.0,7.0,5.0,7.0,5.0,7.0
85,8,1.0,0,1,1,0.4090909090909091,0.0,5.0,7.0,0.0,5.0,0.0,0.0,7.0,0.0,84,1.0,43,0.0,0.0,1.4,5.0,7.0,5.0,7.0,5.0,7.0
86,8,1.0,0,1,1,0.4090909090909091,0.0,5.0,7.0,0.0,5.0,0.0,0.0,7.0,0.0,85,1.0,43,0.0,0.0,1.4,5.0,7.0,5.0,7.0,5.0,7.0
87,8,1.0,0,1,1,0.4090909090909091,0.0,5.0,7.0,0.0,5.0,0.0,0.0,7.0,0.0,86,1.0,43,0.0,0.0,1.4,5.0,7.0,5.0,7.0,5.0,7.0
88,8,1.0,0,1,1,0.4090909090909091,0.0,5.0,7.0,0.0,5.0,0.0,0.0,7.0,0.0,87,1.0,43,0.0,0.0,1.4,5.0,7.0,5.0,7.0,5.0,7.0
89,8,1.0,0,1,1,0.4090909090909091,0.0,5.0,7.0,0.0,5.0,0.0,0.0,7.0,0.0,88,1.0,43,0.0,0.0,1.4,5.0,7.0,5.0,7.0,5.0,7.0
90,8,1.0,0,1,1,0.4090909090909091,0.0,5.0,7.0,0.0,5.0,0.0,0.0,7.0,0.0,89,1.0,43,0.0,0.0,1.4,5.0,7.0,5.0,7.0,5.0,7.0
91,8,1.0,0,1,1,0.4090909090909091,0.0,5.0,7.0,0.0,5.0,0.0,0.0,7.0,0.0,90,1.0,43,0.0,0.0,1.4,5.0,7.0,5.0,7.0,5.0,7.0
92,8,1.0,0,1,1,0.4090909090909091,0.0,5.0,7.0,0.0,5.0,0.0,0.0,7.0,0.0,91,1.0,43,0.0,0.0,1.4,5.0,7.0,5.0,7.0,5.0,7.0
93,8,1.0,0,1,1,0.4090909090909091,0.0,5.0,7.0,0.0,5.0,0.0,0.0,7.0,0.0,92,1.0,43,0.0,0.0,1.4,5.0,7.0,5.0,7.0,5.0,7.0
94,8,1.0,0,1,1,0.4090909090909091,0.0,5.0,7.0,0.0,5.0,0.0,0.0,7.0,0.0,93,1.0,43,0.0,0.0,1.4,5.0,7.0,5.0,7.0,5.0,7.0
95,8,1.0,0,1,1,0.4090909090909091,0.0,5.0,7.0,0.0,5.0,0.0,0.0,7.0,0.0,94,1.0,43,0.0,0.0,1.4,5.0,7.0,5.0,7.0,5.0,7.0
96,8,1.0,0,1,1,0.4090909090909091,0.0,5.0,7.0,0.0,5.0,0.0,0.0,7.0,0.0,95,1.0,43,0.0,0.0,1.4,5.0,7.0,5.0,7.0,5.0,7.0
97,8,1.0,0,1,1,0.4090909090909091,0.0,5.0,7.0,0.0,5.0,0.0,0.0,7.0,0.0,96,1.0,43,0.0,0.0,1.4,5.0,7.0,5.0,7.0,5.0,7.0
98,8,1.0,0,1,1,0.4090909090909091,0.0,5.0,7.0,0.0,5.0,0.0,0.0,7.0,0.0,97,1.0,43,0.0,0.0,1.4,5.0,7.0,5.0,7.0,5.0,7.0
99,8,1.0,0,1,1,0.4090909090909091,0.0,5.0,7.0,0.0,5.0,0.0,0.0,7.0,0.0,98,1.0,43,0.0,0.0,1.4,5.0,7.0,5.0,7.0,5.0,7.0
100,8,1.0,0,1,1,0.4090909090909091,0.0,5.0,7.0,0.0,5.0,0.0,0.0,7.0,0.0,99,1.0,43,0.0,0.0,1.4,5.0,7.0,5.0,7.0,5.0,7.0
101,8,1.0,0,1,1,0.4090909090909091,0.0,5.0,7.0,0.0,5.0,0.0,0.0,7.0,0.0,100,1.0,43,0.0,0.0,1.4,5.0,7.0,5.0,7.0,5.0,7.0
102,8,1.0,0,1,1,0.4090909090909091,0.0,5.0,7.0,0.0,5.0,0.0,0.0,7.0,0.0,101,1.0,43,0.0,0.0,1.4,5.0,7.0,5.0,7.0,5.0,7.0
103,8,1.0,0,1,1,0.4090909090909091,0.0,5.0,7.0,0.0,5.0,0.0,0.0,7.0,0.0,102,1.0,43,0.0,0.0,1.4,5.0,7.0,5.0,7.0,5.0,7.0
104,8,1.0,0,1,1,0.4090909090909091,0.0,5.0,7.0,0.0,5.0,0.0,0.0,7.0,0.0,103,1.0,43,0.0,0.0,1.4,5.0,7.0,5.0,7.0,5.0,7.0
105,8,1.0,0,1,1,0.4090909090909091,0.0,5.0,7.0,0.0,5.0,0.0,0.0,7.0,0.0,104,1.0,43,0.0,0.0,1.4,5.0,7.0,5.0,7.0,5.0,7.0
106,8,1.0,0,1,1,0.4090909090909091,0.0,5.0,7.0,0.0,5.0,0.0,0.0,7.0,0.0,105,1.0,43,0.0,0.0,1.4,5.0,7.0,5.0,7.0,5.0,7.0
107,8,1.0,0,1,1,0.4090909090909091,0.0,5.0,7.0,0.0,5.0,0.0,0.0,7.0,0.0,106,1.0,43,0.0,0.0,1.4,5.0,7.0,5.0,7.0,5.0,7.0
108,8,1.0,0,1,1,0.4090909090909091,0.0,5.0,7.0,0.0,5.0,0.0,0.0,7.0,0.0,107,1.0,43,0.0,0.0,1.4,5.0,7.0,5.0,7.0,5.0,7.0
109,8,1.0,0,1,1,0.4090909090909091,0.0,5.0,7.0,0.0,5.0,0.0,0.0,7.0,0.0,108,1.0,43,0.0,0.0,1.4,5.0,7.0,5.0,7.0,5.0,7.0
110,8,1.0,0,1,1,0.4090909090909091,0.0,5.0,7.0,0.0,5.0,0.0,0.0,7.0,0.0,109,1.0,43,0.0,0.0,1.4,5.0,7.0,5.0,7.0,5.0,7.0
111,8,1.0,0,1,1,0.4090909090909091,0.0,5.0,7.0,0.0,5.0,0.0,0.0,7.0,0.0,110,1.0,43,0.0,0.0,1.4,5.0,7.0,5.0,7.0,5.0,7.0
112,8,1.0,0,1,1,0.4090909090909091,0.0,5.0,7.0,0.0,5.0,0.0,0.0,7.0,0.0,111,1.0,43,0.0,0.0,1.4,5.0,7.0,5.0,7.0,5.0,7.0
113,8,1.0,0,1,1,0.4090909090909091,0.0,5.0,7.0,0.0,5.0,0.0,0.0,7.0,0.0,112,1.0,43,0.0,0.0,1.4,5.0,7.0,5.0,7.0,5.0,7.0
114,8,1.0,0,1,1,0.4090909090909091,0.0,5.0,7.0,0.0,5.0,0.0,0.0,7.0,0.0,113,1.0,43,0.0,0.0,1.4,5.0,7.0,5.0,7.0,5.0,7.0
115,8,1.0,0,1,1,0.4090909090909091,0.0,5.0,7.0,0.0,5.0,0.0,0.0,7.0,0.0,114,1.0,43,0.0,0.0,1.4,5.0,7.0,5.0,7.0,5.0,7.0
116,8,1.0,0,1,1,0.4090909090909091,0.0,5.0,7.0,0.0,5.0,0.0,0.0,7.0,0.0,115,1.0,43,0.0,0.0,1.4,5.0,7.0,5.0,7.0,5.0,7.0
117,8,1.0,0,1,1,0.4090909090909091,0.0,5.0,7.0,0.0,5.0,0.0,0.0,7.0,0.0,116,1.0,43,0.0,0.0,1.4,5.0,7.0,5.0,7.0,5.0,7.0
118,8,1.0,0,1,1,0.4090909090909091,0.0,5.0,7.0,0.0,5.0,0.0,0.0,7.0,0.0,117,1.0,43,0.0,0.0,1.4,5.0,7.0,5.0,7.0,5.0,7.0
119,8,1.0,0,1,1,0.4090909090909091,0.0,5.0,7.0,0.0,5.0,0.0,0.0,7.0,0.0,118,1.0,43,0.0,0.0,1.4,5.0,7.0,5.0,7.0,5.0,7.0
120,8,1.0,0,1,1,0.4090909090909091,0.0,5.0,7.0,0.0,5.0,0.0,0.0,7.0,0.0,119,1.0,43,0.0,0.0,1.4,5.0,7.0,5.0,7.0,5.0,7.0
121,8,1.0,0,1,1,0.4090909090909091,0.0,5.0,7.0,0.0,5.0,0.0,0.0,7.0,0.0,120,1.0,43,0.0,0.0,1.4,5.0,7.0,5.0,7.0,5.0,7.0
122,8,1.0,0,1,1,0.4090909090909091,0.0,5.0,7.0,0.0,5.0,0.0,0.0,7.0,0.0,121,1.0,43,0.0,0.0,1.4,5.0,7.0,5.0,7.0,5.0,7.0
1,9,0.0,1,0,1,0.45454545454545453,0.0,6.0,10.0,0.0,6.0,0.0,0.0,10.0,0.0,0,0.0,0,0.0,0.0,1.6666666666666667,0.0,0.0,0.0,0.0,0.0,0.0
2,9,0.0,1,0,1,0.45454545454545453,0.0,6.0,10.0,0.0,6.0,0.0,0.0,10.0,0.0,1,0.5,43,0.0,0.0,1.6666666666666667,6.0,10.0,0.0,0.0,0.0,0.0
3,9,0.0,1,0,1,0.45454545454545453,0.0,6.0,10.0,0.0,6.0,0.0,0.0,10.0,0.0,2,0.6666666666666666,43,0.0,0.0,1.6666666666666667,6.0,10.0,6.0,10.0,0.0,0.0
4,9,0.0,0,1,1,0.45454545454545453,0.0,6.0,10.0,0.0,6.0,0.0,0.0,10.0,0.0,3,0.75,43,0.0,0.0,1.6666666666666667,6.0,10.0,6.0,10.0,6.0,10.0
5,9,0.0,0,1,1,0.45454545454545453,0.0,6.0,10.0,0.0,6.0,0.0,0.0,10.0,0.0,4,0.8,43,0.0,0.0,1.6666666666666667,6.0,10.0,6.0,10.0,6.0,10.0
6,9,0.0,0,1,1,0.45454545454545453,0.047619047619047616,5.6,10.0,-1.6089664627846396,6.0,0.0,0.0,10.0,0.0,0,0.8,26,-2.0,0.0,2.5,6.0,10.0,6.0,10.0,6.0,10.0
7,9,0.0,0,1,1,0.45454545454545453,0.09523809523809523,4.8,10.0,-1.4823800218180343,6.0,0.0,0.0,10.0,0.0,0,0.6,26,-4.0,0.0,5.0,4.0,10.0,6.0,10.0,6.0,10.0
8,9,0.0,0,1,1,0.5,0.09523809523809523,4.0,9.6,-0.9523809523809526,6.0,0.0,-1.6089664627846396,10.0,0.0,0,0.4,27,-4.0,-2.0,4.0,2.0,10.0,4.0,10.0,6.0,10.0
9,9,0.0,0,1,1,0.5,0.14285714285714285,3.0,8.8,-0.9523809523809526,6.0,0.0,-1.4823800218180345,10.0,0.0,0,0.2,26,-5.0,-4.0,6.0,2.0,8.0,2.0,10.0,4.0,10.0
10,9,0.0,0,1,1,0.5,0.19047619047619047,1.8,7.6,-1.1369093403444925,4.0,0.0,-1.329551025551077,10.0,0.0,0,0.0,26,-6.0,-6.0,4.0,1.0,6.0,2.0,8.0,2.0,10.0
11,9,0.0,0,1,1,0.45454545454545453,0.19047619047619047,1.0,6.6,-0.9090909090909094,2.0,-2.0,-0.6378774205895568,10.0,-5.0,0,0.0,28,-4.0,-5.0,5.0,0.0,4.0,1.0,6.0,2.0,8.0
12,9,0.0,0,1,1,0.45454545454545453,0.23809523809523808,0.6,5.0,-0.6033624235442402,2.0,2.0,-1.2842092049096931,8.0,-8.0,0,0.0,34,-2.0,-8.0,2.0,0.0,5.0,0.0,4.0,1.0,6.0
13,9,0.0,0,1,1,0.45454545454545453,0.2857142857142857,0.2,3.8,-0.3654879952631142,1.0,2.0,-0.9529585854544504,6.0,-4.0,0,0.0,31,-2.0,-6.0,2.0,0.0,2.0,0.0,5.0,0.0,4.0
14,9,0.0,0,1,1,0.45454545454545453,0.3333333333333333,0.2,3.0,1.4619519810524546,1.0,5.0,-0.660408825313113,5.0,0.0,0,0.0,26,0.0,-4.0,2.0,0.0,2.0,0.0,2.0,0.0,5.0
15,9,0.0,0,1,1,0.45454545454545453,0.3333333333333333,0.4,2.6,0.9263225327693092,1.0,7.0,-0.4161924424021924,5.0,4.0,1,0.2,28,1.0,-2.0,2.0,1.0,2.0,0.0,2.0,0.0,2.0
16,9,0.0,0,1,1,0.45454545454545453,0.3333333333333333,0.6,2.0,0.6175483551795395,1.0,5.0,0.0,2.0,2.0,2,0.4,28,1.0,-3.0,2.0,1.0,2.0,1.0,2.0,0.0,2.0
17,9,0.0,0,1,1,0.45454545454545453,0.3333333333333333,0.8,2.4,0.36548799526311354,1.0,3.0,1.6089664627846398,4.0,10.0,3,0.6,28,1.0,2.0,4.0,1.0,2.0,1.0,2.0,1.0,2.0
18,9,0.0,0,1,1,0.45454545454545453,0.3333333333333333,1.0,2.8,0.0,1.0,3.0,1.003810200010419,4.0,8.0,4,0.8,29,1.0,2.0,4.0,1.0,4.0,1.0,2.0,1.0,2.0
19,9,0.0,0,1,1,0.45454545454545453,0.3333333333333333,1.2,3.2,1.4619519810524546,2.0,1.0,0.6692068000069458,4.0,6.0,5,1.0,33,1.0,2.0,2.0,1.0,4.0,1.0,4.0,1.0,2.0
20,9,0.0,0,1,1,0.45454545454545453,0.3333333333333333,1.4,3.4,0.9263225327693093,2.0,0.0,-0.40224161569615985,4.0,3.0,6,1.0,32,1.0,1.0,1.5,2.0,4.0,1.0,4.0,1.0,4.0
21,9,0.0,0,1,1,0.45454545454545453,0.3333333333333333,1.6,3.6,0.6175483551795393,2.0,0.0,-0.9263225327693091,4.0,4.0,7,1.0,32,1.0,1.0,1.5,2.0,3.0,2.0,4.0,1.0,4.0
22,9,0.0,0,1,1,0.45454545454545453,0.3333333333333333,1.8,3.4,0.36548799526311354,2.0,0.0,-0.6175483551795392,4.0,-3.0,8,1.0,33,1.0,-1.0,1.5,2.0,3.0,2.0,3.0,2.0,4.0
23,9,0.0,0,1,1,0.45454545454545453,0.3333333333333333,2.0,3.4,0.0,2.0,0.0,0.9263225327693091,4.0,-2.0,9,1.0,34,1.0,0.0,2.0,2.0,3.0,2.0,3.0,2.0,3.0
24,9,0.0,0,1,1,0.45454545454545453,0.3333333333333333,2.0,3.6,0.0,2.0,-1.0,1.4078456549365597,5.0,-1.0,10,1.0,34,0.0,1.0,2.5,2.0,4.0,2.0,3.0,2.0,3.0
25,9,0.0,0,1,1,0.45454545454545453,0.3333333333333333,2.0,4.2,0.0,2.0,-1.0,1.2821969620550018,6.0,2.0,11,1.0,32,0.0,3.0,3.0,2.0,5.0,2.0,4.0,2.0,3.0
26,9,0.0,0,1,1,0.45454545454545453,0.3333333333333333,2.0,4.8,0.0,2.0,-1.0,0.8547979747033349,6.0,2.0,12,1.0,35,0.0,3.0,3.0,2.0,6.0,2.0,5.0,2.0,4.0
27,9,0.0,0,1,1,0.45454545454545453,0.3333333333333333,2.2,5.4,1.4619519810524544,3.0,0.0,0.6033624235442395,6.0,4.0,13,1.0,36,1.0,3.0,2.0,2.0,6.0,2.0,6.0,2.0,5.0
28,9,0.0,0,1,1,0.45454545454545453,0.3333333333333333,2.4,5.8,0.9263225327693094,3.0,0.0,0.36548799526311393,6.0,2.0,14,1.0,34,1.0,2.0,2.0,3.0,6.0,2.0,6.0,2.0,6.0
29,9,0.0,0,1,1,0.45454545454545453,0.3333333333333333,2.6,6.0,0.6175483551795394,3.0,1.0,0.0,6.0,0.0,15,1.0,33,1.0,1.0,2.0,3.0,6.0,3.0,6.0,2.0,6.0
30,9,0.0,0,1,1,0.45454545454545453,0.3333333333333333,2.8,6.0,0.365487995263114,3.0,1.0,0.0,6.0,-3.0,16,1.0,35,1.0,0.0,2.0,3.0,6.0,3.0,6.0,3.0,6.0
31,9,0.0,0,1,1,0.45454545454545453,0.3333333333333333,3.0,6.2,0.0,3.0,1.0,1.4619519810524544,7.0,-2.0,17,1.0,36,1.0,1.0,2.3333333333333335,3.0,6.0,3.0,6.0,3.0,6.0
32,9,0.0,0,1,1,0.45454545454545453,0.3333333333333333,3.0,6.4,0.0,3.0,-1.0,0.9263225327693089,7.0,-2.0,18,1.0,37,0.0,1.0,2.3333333333333335,3.0,7.0,3.0,6.0,3.0,6.0
33,9,0.0,0,1,1,0.45454545454545453,0.3333333333333333,3.0,6.6,0.0,3.0,-1.0,0.6175483551795402,7.0,-1.0,19,1.0,39,0.0,1.0,2.3333333333333335,3.0,7.0,3.0,7.0,3.0,6.0
34,9,0.0,0,1,1,0.45454545454545453,0.3333333333333333,3.0,6.8,0.0,3.0,-1.0,0.365487995263114,7.0,0.0,20,1.0,39,0.0,1.0,2.3333333333333335,3.0,7.0,3.0,7.0,3.0,7.0
35,9,0.0,0,1,1,0.45454545454545453,0.3333333333333333,3.0,7.0,0.0,3.0,-1.0,0.0,7.0,1.0,21,1.0,38,0.0,1.0,2.3333333333333335,3.0,7.0,3.0,7.0,3.0,7.0
36,9,0.0,0,1,1,0.45454545454545453,0.3333333333333333,3.0,7.0,0.0,3.0,-1.0,0.0,7.0,-1.0,22,1.0,38,0.0,0.0,2.3333333333333335,3.0,7.0,3.0,7.0,3.0,7.0
37,9,0.0,0,1,1,0.45454545454545453,0.3333333333333333,3.0,7.0,0.0,3.0,0.0,0.0,7.0,-1.0,23,1.0,39,0.0,0.0,2.3333333333333335,3.0,7.0,3.0,7.0,3.0,7.0
38,9,0.0,0,1,1,0.45454545454545453,0.3333333333333333,3.0,7.2,0.0,3.0,0.0,1.4619519810524544,8.0,0.0,24,1.0,38,0.0,1.0,2.6666666666666665,3.0,7.0,3.0,7.0,3.0,7.0
39,9,0.0,0,1,1,0.45454545454545453,0.3333333333333333,3.0,7.4,0.0,3.0,0.0,0.9263225327693089,8.0,0.0,25,1.0,38,0.0,1.0,2.6666666666666665,3.0,8.0,3.0,7.0,3.0,7.0
40,9,0.0,0,1,1,0.45454545454545453,0.3333333333333333,2.8,7.4,-1.4619519810524544,3.0,-1.0,-0.6175483551795402,8.0,-1.0,26,1.0,40,-1.0,0.0,3.5,3.0,8.0,3.0,8.0,3.0,7.0
41,9,0.0,0,1,1,0.45454545454545453,0.3333333333333333,2.6,7.4,-0.9263225327693094,3.0,-1.0,-0.6175483551795402,8.0,0.0,27,1.0,41,-1.0,0.0,3.5,2.0,7.0,3.0,8.0,3.0,8.0
42,9,0.0,0,1,1,0.45454545454545453,0.3333333333333333,2.4,7.2,-0.6175483551795394,3.0,-1.0,-1.281147872233175,8.0,-1.0,28,1.0,41,-1.0,-1.0,3.0,2.0,7.0,2.0,7.0,3.0,8.0
43,9,0.0,0,1,1,0.45454545454545453,0.3333333333333333,2.2,6.8,-0.365487995263114,3.0,-1.0,-0.854098581488783,8.0,-3.0,29,1.0,41,-1.0,-2.0,3.0,2.0,6.0,2.0,7.0,2.0,7.0
44,9,0.0,0,1,1,0.45454545454545453,0.3333333333333333,2.0,6.6,0.0,2.0,-1.0,0.6175483551795401,7.0,-2.0,30,1.0,42,-1.0,-1.0,3.5,2.0,6.0,2.0,6.0,2.0,7.0
45,9,0.0,0,1,1,0.45454545454545453,0.3333333333333333,2.0,6.4,0.0,2.0,1.0,-0.6175483551795401,7.0,-1.0,31,1.0,41,0.0,-1.0,3.0,2.0,7.0,2.0,6.0,2.0,6.0
46,9,0.0,0,1,1,0.45454545454545453,0.3333333333333333,2.0,6.2,0.0,2.0,1.0,-0.36548799526311393,7.0,-1.0,32,1.0,41,0.0,-1.0,3.0,2.0,6.0,2.0,7.0,2.0,6.0
47,9,0.0,0,1,1,0.45454545454545453,0.3333333333333333,2.0,6.2,0.0,2.0,1.0,-0.36548799526311393,7.0,1.0,33,1.0,41,0.0,0.0,3.0,2.0,6.0,2.0,6.0,2.0,7.0
48,9,0.0,0,1,1,0.45454545454545453,0.3333333333333333,2.0,6.2,0.0,2.0,1.0,-0.36548799526311393,7.0,2.0,34,1.0,42,0.0,0.0,3.0,2.0,6.0,2.0,6.0,2.0,6.0
49,9,0.0,0,1,1,0.45454545454545453,0.3333333333333333,2.0,6.0,0.0,2.0,1.0,0.0,6.0,0.0,35,1.0,42,0.0,-1.0,3.0,2.0,6.0,2.0,6.0,2.0,6.0
50,9,0.0,0,1,1,0.45454545454545453,0.3333333333333333,2.0,6.0,0.0,2.0,0.0,0.0,6.0,1.0,36,1.0,42,0.0,0.0,3.0,2.0,6.0,2.0,6.0,2.0,6.0
51,9,0.0,0,1,1,0.45454545454545453,0.3333333333333333,2.0,6.0,0.0,2.0,0.0,0.0,6.0,1.0,37,1.0,42,0.0,0.0,3.0,2.0,6.0,2.0,6.0,2.0,6.0
52,9,0.0,0,1,1,0.45454545454545453,0.3333333333333333,2.0,6.0,0.0,2.0,0.0,0.0,6.0,0.0,38,1.0,42,0.0,0.0,3.0,2.0,6.0,2.0,6.0,2.0,6.0
53,9,0.0,0,1,1,0.45454545454545453,0.3333333333333333,2.0,6.0,0.0,2.0,0.0,0.0,6.0,0.0,39,1.0,42,0.0,0.0,3.0,2.0,6.0,2.0,6.0,2.0,6.0
54,9,0.0,0,1,1,0.45454545454545453,0.3333333333333333,2.0,6.0,0.0,2.0,0.0,0.0,6.0,1.0,40,1.0,43,0.0,0.0,3.0,2.0,6.0,2.0,6.0,2.0,6.0
55,9,0.0,0,1,1,0.45454545454545453,0.3333333333333333,2.0,6.0,0.0,2.0,0.0,0.0,6.0,0.0,41,1.0,43,0.0,0.0,3.0,2.0,6.0,2.0,6.0,2.0,6.0
56,9,0.0,0,1,1,0.45454545454545453,0.3333333333333333,2.0,6.0,0.0,2.0,0.0,0.0,6.0,0.0,42,1.0,43,0.0,0.0,3.0,2.0,6.0,2.0,6.0,2.0,6.0
57,9,0.0,0,1,1,0.45454545454545453,0.3333333333333333,2.0,6.0,0.0,2.0,0.0,0.0,6.0,0.0,43,1.0,43,0.0,0.0,3.0,2.0,6.0,2.0,6.0,2.0,6.0
58,9,0.0,0,1,1,0.45454545454545453,0.3333333333333333,2.0,6.0,0.0,2.0,0.0,0.0,6.0,0.0,44,1.0,43,0.0,0.0,3.0,2.0,6.0,2.0,6.0,2.0,6.0
59,9,0.0,0,1,1,0.45454545454545453,0.3333333333333333,2.0,6.0,0.0,2.0,0.0,0.0,6.0,0.0,45,1.0,43,0.0,0.0,3.0,2.0,6.0,2.0,6.0,2.0,6.0
60,9,0.0,0,1,1,0.45454545454545453,0.3333333333333333,2.0,6.0,0.0,2.0,0.0,0.0,6.0,0.0,46,1.0,43,0.0,0.0,3.0,2.0,6.0,2.0,6.0,2.0,6.0
61,9,0.0,0,1,1,0.45454545454545453,0.3333333333333333,2.0,6.0,0.0,2.0,0.0,0.0,6.0,0.0,47,1.0,43,0.0,0.0,3.0,2.0,6.0,2.0,6.0,2.0,6.0
62,9,0.0,0,1,1,0.45454545454545453,0.3333333333333333,2.0,6.0,0.0,2.0,0.0,0.0,6.0,0.0,48,1.0,43,0.0,0.0,3.0,2.0,6.0,2.0,6.0,2.0,6.0
63,9,0.0,0,1,1,0.45454545454545453,0.3333333333333333,2.0,6.0,0.0,2.0,0.0,0.0,6.0,0.0,49,1.0,43,0.0,0.0,3.0,2.0,6.0,2.0,6.0,2.0,6.0
64,9,0.0,0,1,1,0.45454545454545453,0.3333333333333333,2.0,6.0,0.0,2.0,0.0,0.0,6.0,0.0,50,1.0,43,0.0,0.0,3.0,2.0,6.0,2.0,6.0,2.0,6.0
65,9,0.0,0,1,1,0.45454545454545453,0.3333333333333333,2.0,6.0,0.0,2.0,0.0,0.0,6.0,0.0,51,1.0,43,0.0,0.0,3.0,2.0,6.0,2.0,6.0,2.0,6.0
66,9,0.0,0,1,1,0.45454545454545453,0.3333333333333333,2.0,6.0,0.0,2.0,0.0,0.0,6.0,0.0,52,1.0,43,0.0,0.0,3.0,2.0,6.0,2.0,6.0,2.0,6.0
67,9,0.0,0,1,1,0.45454545454545453,0.3333333333333333,2.0,6.0,0.0,2.0,0.0,0.0,6.0,0.0,53,1.0,43,0.0,0.0,3.0,2.0,6.0,2.0,6.0,2.0,6.0
68,9,0.0,0,1,1,0.45454545454545453,0.3333333333333333,2.0,6.0,0.0,2.0,0.0,0.0,6.0,0.0,54,1.0,43,0.0,0.0,3.0,2.0,6.0,2.0,6.0,2.0,6.0
69,9,0.0,0,1,1,0.45454545454545453,0.3333333333333333,2.0,6.0,0.0,2.0,0.0,0.0,6.0,0.0,55,1.0,43,0.0,0.0,3.0,2.0,6.0,2.0,6.0,2.0,6.0
70,9,0.0,0,1,1,0.45454545454545453,0.3333333333333333,2.0,6.0,0.0,2.0,0.0,0.0,6.0,0.0,56,1.0,43,0.0,0.0,3.0,2.0,6.0,2.0,6.0,2.0,6.0
71,9,0.0,0,1,1,0.45454545454545453,0.3333333333333333,2.0,6.0,0.0,2.0,0.0,0.0,6.0,0.0,57,1.0,43,0.0,0.0,3.0,2.0,6.0,2.0,6.0,2.0,6.0
72,9,0.0,0,1,1,0.45454545454545453,0.3333333333333333,2.0,6.0,0.0,2.0,0.0,0.0,6.0,0.0,58,1.0,43,0.0,0.0,3.0,2.0,6.0,2.0,6.0,2.0,6.0
73,9,0.0,0,1,1,0.45454545454545453,0.3333333333333333,2.0,6.0,0.0,2.0,0.0,0.0,6.0,0.0,59,1.0,43,0.0,0.0,3.0,2.0,6.0,2.0,6.0,2.0,6.0
74,9,0.0,0,1,1,0.45454545454545453,0.3333333333333333,2.0,6.0,0.0,2.0,0.0,0.0,6.0,0.0,60,1.0,43,0.0,0.0,3.0,2.0,6.0,2.0,6.0,2.0,6.0
75,9,0.0,0,1,1,0.45454545454545453,0.3333333333333333,2.0,6.0,0.0,2.0,0.0,0.0,6.0,0.0,61,1.0,43,0.0,0.0,3.0,2.0,6.0,2.0,6.0,2.0,6.0
76,9,0.0,0,1,1,0.45454545454545453,0.3333333333333333,2.0,6.0,0.0,2.0,0.0,0.0,6.0,0.0,62,1.0,43,0.0,0.0,3.0,2.0,6.0,2.0,6.0,2.0,6.0
77,9,0.0,0,1,1,0.45454545454545453,0.3333333333333333,2.0,6.0,0.0,2.0,0.0,0.0,6.0,0.0,63,1.0,43,0.0,0.0,3.0,2.0,6.0,2.0,6.0,2.0,6.0
78,9,0.0,0,1,1,0.45454545454545453,0.3333333333333333,2.0,6.0,0.0,2.0,0.0,0.0,6.0,0.0,64,1.0,43,0.0,0.0,3.0,2.0,6.0,2.0,6.0,2.0,6.0
79,9,0.0,0,1,1,0.45454545454545453,0.3333333333333333,2.0,6.0,0.0,2.0,0.0,0.0,6.0,0.0,65,1.0,43,0.0,0.0,3.0,2.0,6.0,2.0,6.0,2.0,6.0
80,9,0.0,0,1,1,0.45454545454545453,0.3333333333333333,2.0,6.0,0.0,2.0,0.0,0.0,6.0,0.0,66,1.0,43,0.0,0.0,3.0,2.0,6.0,2.0,6.0,2.0,6.0
81,9,0.0,0,1,1,0.45454545454545453,0.3333333333333333,2.0,6.0,0.0,2.0,0.0,0.0,6.0,0.0,67,1.0,43,0.0,0.0,3.0,2.0,6.0,2.0,6.0,2.0,6.0
82,9,0.0,0,1,1,0.45454545454545453,0.3333333333333333,2.0,6.0,0.0,2.0,0.0,0.0,6.0,0.0,68,1.0,43,0.0,0.0,3.0,2.0,6.0,2.0,6.0,2.0,6.0
83,9,0.0,0,1,1,0.45454545454545453,0.3333333333333333,2.0,6.0,0.0,2.0,0.0,0.0,6.0,0.0,69,1.0,43,0.0,0.0,3.0,2.0,6.0,2.0,6.0,2.0,6.0
84,9,0.0,0,1,1,0.45454545454545453,0.3333333333333333,2.0,6.0,0.0,2.0,0.0,0.0,6.0,0.0,70,1.0,43,0.0,0.0,3.0,2.0,6.0,2.0,6.0,2.0,6.0
85,9,0.0,0,1,1,0.45454545454545453,0.3333333333333333,2.0,6.0,0.0,2.0,0.0,0.0,6.0,0.0,71,1.0,43,0.0,0.0,3.0,2.0,6.0,2.0,6.0,2.0,6.0
86,9,0.0,0,1,1,0.45454545454545453,0.3333333333333333,2.0,6.0,0.0,2.0,0.0,0.0,6.0,0.0,72,1.0,43,0.0,0.0,3.0,2.0,6.0,2.0,6.0,2.0,6.0
87,9,0.0,0,1,1,0.45454545454545453,0.3333333333333333,2.0,6.0,0.0,2.0,0.0,0.0,6.0,0.0,73,1.0,43,0.0,0.0,3.0,2.0,6.0,2.0,6.0,2.0,6.0
88,9,0.0,0,1,1,0.45454545454545453,0.3333333333333333,2.0,6.0,0.0,2.0,0.0,0.0,6.0,0.0,74,1.0,43,0.0,0.0,3.0,2.0,6.0,2.0,6.0,2.0,6.0
89,9,0.0,0,1,1,0.45454545454545453,0.3333333333333333,2.0,6.0,0.0,2.0,0.0,0.0,6.0,0.0,75,1.0,43,0.0,0.0,3.0,2.0,6.0,2.0,6.0,2.0,6.0
90,9,0.0,0,1,1,0.45454545454545453,0.3333333333333333,2.0,6.0,0.0,2.0,0.0,0.0,6.0,0.0,76,1.0,43,0.0,0.0,3.0,2.0,6.0,2.0,6.0,2.0,6.0
91,9,0.0,0,1,1,0.45454545454545453,0.3333333333333333,2.0,6.0,0.0,2.0,0.0,0.0,6.0,0.0,77,1.0,43,0.0,0.0,3.0,2.0,6.0,2.0,6.0,2.0,6.0
92,9,0.0,0,1,1,0.45454545454545453,0.3333333333333333,2.0,6.0,0.0,2.0,0.0,0.0,6.0,0.0,78,1.0,43,0.0,0.0,3.0,2.0,6.0,2.0,6.0,2.0,6.0
93,9,0.0,0,1,1,0.45454545454545453,0.3333333333333333,2.0,6.0,0.0,2.0,0.0,0.0,6.0,0.0,79,1.0,43,0.0,0.0,3.0,2.0,6.0,2.0,6.0,2.0,6.0
94,9,0.0,0,1,1,0.45454545454545453,0.3333333333333333,2.0,6.0,0.0,2.0,0.0,0.0,6.0,0.0,80,1.0,43,0.0,0.0,3.0,2.0,6.0,2.0,6.0,2.0,6.0
95,9,0.0,0,1,1,0.45454545454545453,0.3333333333333333,2.0,6.0,0.0,2.0,0.0,0.0,6.0,0.0,81,1.0,43,0.0,0.0,3.0,2.0,6.0,2.0,6.0,2.0,6.0
96,9,0.0,0,1,1,0.45454545454545453,0.3333333333333333,2.0,6.0,0.0,2.0,0.0,0.0,6.0,0.0,82,1.0,43,0.0,0.0,3.0,2.0,6.0,2.0,6.0,2.0,6.0
97,9,0.0,0,1,1,0.45454545454545453,0.3333333333333333,2.0,6.0,0.0,2.0,0.0,0.0,6.0,0.0,83,1.0,43,0.0,0.0,3.0,2.0,6.0,2.0,6.0,2.0,6.0
98,9,0.0,0,1,1,0.45454545454545453,0.3333333333333333,2.0,6.0,0.0,2.0,0.0,0.0,6.0,0.0,84,1.0,43,0.0,0.0,3.0,2.0,6.0,2.0,6.0,2.0,6.0
99,9,0.0,0,1,1,0.45454545454545453,0.3333333333333333,2.0,6.0,0.0,2.0,0.0,0.0,6.0,0.0,85,1.0,43,0.0,0.0,3.0,2.0,6.0,2.0,6.0,2.0,6.0
100,9,0.0,0,1,1,0.45454545454545453,0.3333333333333333,2.0,6.0,0.0,2.0,0.0,0.0,6.0,0.0,86,1.0,43,0.0,0.0,3.0,2.0,6.0,2.0,6.0,2.0,6.0
101,9,0.0,0,1,1,0.45454545454545453,0.3333333333333333,2.0,6.0,0.0,2.0,0.0,0.0,6.0,0.0,87,1.0,43,0.0,0.0,3.0,2.0,6.0,2.0,6.0,2.0,6.0
102,9,0.0,0,1,1,0.45454545454545453,0.3333333333333333,2.0,6.0,0.0,2.0,0.0,0.0,6.0,0.0,88,1.0,43,0.0,0.0,3.0,2.0,6.0,2.0,6.0,2.0,6.0
103,9,0.0,0,1,1,0.45454545454545453,0.3333333333333333,2.0,6.0,0.0,2.0,0.0,0.0,6.0,0.0,89,1.0,43,0.0,0.0,3.0,2.0,6.0,2.0,6.0,2.0,6.0
104,9,0.0,0,1,1,0.45454545454545453,0.3333333333333333,2.0,6.0,0.0,2.0,0.0,0.0,6.0,0.0,90,1.0,43,0.0,0.0,3.0,2.0,6.0,2.0,6.0,2.0,6.0
105,9,0.0,0,1,1,0.45454545454545453,0.3333333333333333,2.0,6.0,0.0,2.0,0.0,0.0,6.0,0.0,91,1.0,43,0.0,0.0,3.0,2.0,6.0,2.0,6.0,2.0,6.0
106,9,0.0,0,1,1,0.45454545454545453,0.3333333333333333,2.0,6.0,0.0,2.0,0.0,0.0,6.0,0.0,92,1.0,43,0.0,0.0,3.0,2.0,6.0,2.0,6.0,2.0,6.0
107,9,0.0,0,1,1,0.45454545454545453,0.3333333333333333,2.0,6.0,0.0,2.0,0.0,0.0,6.0,0.0,93,1.0,43,0.0,0.0,3.0,2.0,6.0,2.0,6.0,2.0,6.0
108,9,0.0,0,1,1,0.45454545454545453,0.3333333333333333,2.0,6.0,0.0,2.0,0.0,0.0,6.0,0.0,94,1.0,43,0.0,0.0,3.0,2.0,6.0,2.0,6.0,2.0,6.0
109,9,0.0,0,1,1,0.45454545454545453,0.3333333333333333,2.0,6.0,0.0,2.0,0.0,0.0,6.0,0.0,95,1.0,43,0.0,0.0,3.0,2.0,6.0,2.0,6.0,2.0,6.0
110,9,0.0,0,1,1,0.45454545454545453,0.3333333333333333,2.0,6.0,0.0,2.0,0.0,0.0,6.0,0.0,96,1.0,43,0.0,0.0,3.0,2.0,6.0,2.0,6.0,2.0,6.0
111,9,0.0,0,1,1,0.45454545454545453,0.3333333333333333,2.0,6.0,0.0,2.0,0.0,0.0,6.0,0.0,97,1.0,43,0.0,0.0,3.0,2.0,6.0,2.0,6.0,2.0,6.0
112,9,0.0,0,1,1,0.45454545454545453,0.3333333333333333,2.0,6.0,0.0,2.0,0.0,0.0,6.0,0.0,98,1.0,43,0.0,0.0,3.0,2.0,6.0,2.0,6.0,2.0,6.0
113,9,0.0,0,1,1,0.45454545454545453,0.3333333333333333,2.0,6.0,0.0,2.0,0.0,0.0,6.0,0.0,99,1.0,43,0.0,0.0,3.0,2.0,6.0,2.0,6.0,2.0,6.0
114,9,0.0,0,1,1,0.45454545454545453,0.3333333333333333,2.0,6.0,0.0,2.0,0.0,0.0,6.0,0.0,100,1.0,43,0.0,0.0,3.0,2.0,6.0,2.0,6.0,2.0,6.0
115,9,0.0,0,1,1,0.45454545454545453,0.3333333333333333,2.0,6.0,0.0,2.0,0.0,0.0,6.0,0.0,101,1.0,43,0.0,0.0,3.0,2.0,6.0,2.0,6.0,2.0,6.0
116,9,0.0,0,1,1,0.45454545454545453,0.3333333333333333,2.0,6.0,0.0,2.0,0.0,0.0,6.0,0.0,102,1.0,43,0.0,0.0,3.0,2.0,6.0,2.0,6.0,2.0,6.0
117,9,0.0,0,1,1,0.45454545454545453,0.3333333333333333,2.0,6.0,0.0,2.0,0.0,0.0,6.0,0.0,103,1.0,43,0.0,0.0,3.0,2.0,6.0,2.0,6.0,2.0,6.0
118,9,0.0,0,1,1,0.45454545454545453,0.3333333333333333,2.0,6.0,0.0,2.0,0.0,0.0,6.0,0.0,104,1.0,43,0.0,0.0,3.0,2.0,6.0,2.0,6.0,2.0,6.0
119,9,0.0,0,1,1,0.45454545454545453,0.3333333333333333,2.0,6.0,0.0,2.0,0.0,0.0,6.0,0.0,105,1.0,43,0.0,0.0,3.0,2.0,6.0,2.0,6.0,2.0,6.0
120,9,0.0,0,1,1,0.45454545454545453,0.3333333333333333,2.0,6.0,0.0,2.0,0.0,0.0,6.0,0.0,106,1.0,43,0.0,0.0,3.0,2.0,6.0,2.0,6.0,2.0,6.0
121,9,0.0,0,1,1,0.45454545454545453,0.3333333333333333,2.0,6.0,0.0,2.0,0.0,0.0,6.0,0.0,107,1.0,43,0.0,0.0,3.0,2.0,6.0,2.0,6.0,2.0,6.0
122,9,0.0,0,1,1,0.45454545454545453,0.3333333333333333,2.0,6.0,0.0,2.0,0.0,0.0,6.0,0.0,108,1.0,43,0.0,0.0,3.0,2.0,6.0,2.0,6.0,2.0,6.0
1,10,0.0,1,0,1,0.5,0.0,6.0,10.0,0.0,6.0,0.0,0.0,10.0,0.0,0,0.0,0,0.0,0.0,1.6666666666666667,0.0,0.0,0.0,0.0,0.0,0.0
2,10,0.0,1,0,1,0.5,0.0,6.0,10.0,0.0,6.0,0.0,0.0,10.0,0.0,1,0.5,43,0.0,0.0,1.6666666666666667,6.0,10.0,0.0,0.0,0.0,0.0
3,10,0.0,1,0,1,0.5,0.0,6.0,10.0,0.0,6.0,0.0,0.0,10.0,0.0,2,0.6666666666666666,43,0.0,0.0,1.6666666666666667,6.0,10.0,6.0,10.0,0.0,0.0
4,10,0.0,0,1,1,0.5,0.0,6.0,10.0,0.0,6.0,0.0,0.0,10.0,0.0,3,0.75,43,0.0,0.0,1.6666666666666667,6.0,10.0,6.0,10.0,6.0,10.0
5,10,0.0,0,1,1,0.5,0.0,6.0,10.0,0.0,6.0,0.0,0.0,10.0,0.0,4,0.8,43,0.0,0.0,1.6666666666666667,6.0,10.0,6.0,10.0,6.0,10.0
6,10,0.0,0,1,1,0.5,0.0,5.8,9.8,-1.4619519810524544,6.0,0.0,-1.461951981052455,10.0,0.0,5,1.0,25,-1.0,-1.0,1.8,6.0,10.0,6.0,10.0,6.0,10.0
7,10,0.0,0,1,1,0.5,0.0,5.6,9.4,-0.9263225327693089,6.0,0.0,-1.4078456549365599,10.0,0.0,6,1.0,25,-1.0,-2.0,1.6,5.0,9.0,6.0,10.0,6.0,10.0
8,10,0.0,0,1,1,0.5,0.0,5.4,8.8,-0.6175483551795402,6.0,0.0,-1.2821969620550022,10.0,0.0,7,1.0,26,-1.0,-3.0,1.4,5.0,8.0,5.0,9.0,6.0,10.0
9,10,0.0,0,1,1,0.5,0.0,5.2,8.2,-0.365487995263114,6.0,0.0,-0.8547979747033341,10.0,0.0,8,1.0,25,-1.0,-3.0,1.4,5.0,7.0,5.0,8.0,5.0,9.0
10,10,0.0,0,1,1,0.5,0.0,4.8,7.6,-1.4619519810524544,5.0,0.0,-0.6033624235442396,9.0,0.0,9,1.0,25,-2.0,-3.0,1.75,5.0,7.0,5.0,7.0,5.0,8.0
11,10,0.0,0,1,1,0.5,0.0,4.6,7.2,-0.9263225327693089,5.0,0.0,-0.36548799526311415,8.0,-1.0,10,1.0,27,-1.0,-2.0,1.75,4.0,7.0,5.0,7.0,5.0,7.0
12,10,0.0,0,1,1,0.5,0.0,4.4,6.8,-0.6175483551795402,5.0,0.0,-1.4619519810524544,7.0,0.0,11,1.0,33,-1.0,-2.0,1.5,4.0,7.0,4.0,7.0,5.0,7.0
13,10,0.0,0,1,1,0.5,0.0,4.2,6.6,-0.365487995263114,5.0,0.0,-0.9263225327693089,7.0,2.0,12,1.0,30,-1.0,-1.0,1.5,4.0,6.0,4.0,7.0,4.0,7.0
14,10,0.0,0,1,1,0.5,0.0,4.0,6.4,0.0,4.0,0.0,-0.6175483551795402,7.0,2.0,13,1.0,25,-1.0,-1.0,1.5,4.0,6.0,4.0,6.0,4.0,7.0
15,10,0.0,0,1,1,0.5,0.0,4.0,6.2,0.0,4.0,2.0,-0.365487995263114,7.0,2.0,14,1.0,28,0.0,-1.0,1.5,4.0,6.0,4.0,6.0,4.0,6.0
16,10,0.0,0,1,1,0.5,0.0,4.0,5.8,0.0,4.0,1.0,-1.4619519810524544,6.0,0.0,15,1.0,28,0.0,-2.0,1.25,4.0,6.0,4.0,6.0,4.0,6.0
17,10,0.0,0,1,1,0.5,0.0,4.0,5.8,0.0,4.0,1.0,0.365487995263114,6.0,2.0,16,1.0,28,0.0,0.0,1.5,4.0,5.0,4.0,6.0,4.0,6.0
18,10,0.0,0,1,1,0.5,0.0,4.0,5.8,0.0,4.0,1.0,0.365487995263114,6.0,1.0,17,1.0,29,0.0,0.0,1.5,4.0,6.0,4.0,5.0,4.0,6.0
19,10,0.0,0,1,1,0.5,0.0,4.0,5.8,0.0,4.0,1.0,0.365487995263114,6.0,1.0,18,1.0,33,0.0,0.0,1.5,4.0,6.0,4.0,6.0,4.0,5.0
20,10,0.0,0,1,1,0.5,0.0,4.0,5.6,0.0,4.0,0.0,-0.9263225327693089,6.0,0.0,19,1.0,32,0.0,-1.0,1.25,4.0,6.0,4.0,6.0,4.0,6.0
21,10,0.0,0,1,1,0.5,0.0,4.0,5.6,0.0,4.0,0.0,-0.9263225327693089,6.0,2.0,20,1.0,32,0.0,0.0,1.25,4.0,5.0,4.0,6.0,4.0,6.0
22,10,0.0,0,1,1,0.5,0.0,4.0,5.4,0.0,4.0,0.0,-0.6175483551795402,6.0,-1.0,21,1.0,33,0.0,-1.0,1.25,4.0,5.0,4.0,5.0,4.0,6.0
23,10,0.0,0,1,1,0.5,0.0,4.0,5.2,0.0,4.0,0.0,-0.365487995263114,6.0,-1.0,22,1.0,34,0.0,-1.0,1.25,4.0,5.0,4.0,5.0,4.0,5.0
24,10,0.0,0,1,1,0.5,0.0,4.0,5.0,0.0,4.0,0.0,0.0,5.0,-1.0,23,1.0,34,0.0,-1.0,1.25,4.0,5.0,4.0,5.0,4.0,5.0
25,10,0.0,0,1,1,0.5,0.0,4.0,5.2,0.0,4.0,0.0,1.4619519810524544,6.0,2.0,24,1.0,32,0.0,1.0,1.5,4.0,5.0,4.0,5.0,4.0,5.0
26,10,0.0,0,1,1,0.5,0.0,4.0,5.4,0.0,4.0,0.0,0.9263225327693089,6.0,1.0,25,1.0,35,0.0,1.0,1.5,4.0,6.0,4.0,5.0,4.0,5.0
27,10,0.0,0,1,1,0.5,0.0,4.0,5.6,0.0,4.0,0.0,0.6175483551795402,6.0,2.0,26,1.0,36,0.0,1.0,1.5,4.0,6.0,4.0,6.0,4.0,5.0
28,10,0.0,0,1,1,0.5,0.0,4.0,5.6,0.0,4.0,0.0,-0.9263225327693089,6.0,1.0,27,1.0,34,0.0,0.0,1.25,4.0,6.0,4.0,6.0,4.0,6.0
29,10,0.0,0,1,1,0.5,0.0,4.0,5.6,0.0,4.0,0.0,-0.9263225327693089,6.0,1.0,28,1.0,33,0.0,0.0,1.25,4.0,5.0,4.0,6.0,4.0,6.0
30,10,0.0,0,1,1,0.5,0.0,4.0,5.4,0.0,4.0,0.0,-0.6175483551795402,6.0,-2.0,29,1.0,35,0.0,-1.0,1.25,4.0,5.0,4.0,5.0,4.0,6.0
31,10,0.0,0,1,1,0.5,0.0,4.0,5.2,0.0,4.0,0.0,-0.365487995263114,6.0,-2.0,30,1.0,36,0.0,-1.0,1.25,4.0,5.0,4.0,5.0,4.0,5.0
32,10,0.0,0,1,1,0.5,0.0,4.0,5.0,0.0,4.0,0.0,0.0,5.0,-2.0,31,1.0,37,0.0,-1.0,1.25,4.0,5.0,4.0,5.0,4.0,5.0
33,10,0.0,0,1,1,0.5,0.0,4.0,5.0,0.0,4.0,0.0,0.0,5.0,0.0,32,1.0,39,0.0,0.0,1.25,4.0,5.0,4.0,5.0,4.0,5.0
34,10,0.0,0,1,1,0.5,0.0,4.0,5.0,0.0,4.0,0.0,0.0,5.0,0.0,33,1.0,39,0.0,0.0,1.25,4.0,5.0,4.0,5.0,4.0,5.0
35,10,0.0,0,1,1,0.5,0.0,4.0,5.0,0.0,4.0,0.0,0.0,5.0,1.0,34,1.0,38,0.0,0.0,1.25,4.0,5.0,4.0,5.0,4.0,5.0
36,10,0.0,0,1,1,0.5,0.0,4.0,5.0,0.0,4.0,0.0,0.0,5.0,1.0,35,1.0,38,0.0,0.0,1.25,4.0,5.0,4.0,5.0,4.0,5.0
37,10,0.0,0,1,1,0.5,0.0,4.0,5.0,0.0,4.0,0.0,0.0,5.0,1.0,36,1.0,39,0.0,0.0,1.25,4.0,5.0,4.0,5.0,4.0,5.0
38,10,0.0,0,1,1,0.5,0.0,4.0,5.0,0.0,4.0,0.0,0.0,5.0,0.0,37,1.0,38,0.0,0.0,1.25,4.0,5.0,4.0,5.0,4.0,5.0
39,10,0.0,0,1,1,0.5,0.0,4.0,5.2,0.0,4.0,0.0,1.4619519810524544,6.0,1.0,38,1.0,38,0.0,1.0,1.5,4.0,5.0,4.0,5.0,4.0,5.0
40,10,0.0,0,1,1,0.5,0.0,4.0,5.4,0.0,4.0,0.0,0.9263225327693089,6.0,1.0,39,1.0,40,0.0,1.0,1.5,4.0,6.0,4.0,5.0,4.0,5.0
41,10,0.0,0,1,1,0.5,0.0,4.2,5.6,1.4619519810524544,5.0,1.0,0.6175483551795402,6.0,1.0,40,1.0,41,1.0,1.0,1.2,4.0,6.0,4.0,6.0,4.0,5.0
42,10,0.0,0,1,1,0.5,0.0,4.4,5.8,0.9263225327693089,5.0,1.0,0.365487995263114,6.0,1.0,41,1.0,41,1.0,1.0,1.2,5.0,6.0,4.0,6.0,4.0,6.0
43,10,0.0,0,1,1,0.5,0.0,4.6,6.0,0.6175483551795402,5.0,1.0,0.0,6.0,1.0,42,1.0,41,1.0,1.0,1.2,5.0,6.0,5.0,6.0,4.0,6.0
44,10,0.0,0,1,1,0.5,0.0,4.8,6.0,0.365487995263114,5.0,1.0,0.0,6.0,-1.0,43,1.0,42,1.0,0.0,1.2,5.0,6.0,5.0,6.0,5.0,6.0
45,10,0.0,0,1,1,0.5,0.0,5.0,6.0,0.0,5.0,1.0,0.0,6.0,-1.0,44,1.0,41,1.0,0.0,1.2,5.0,6.0,5.0,6.0,5.0,6.0
46,10,0.0,0,1,1,0.5,0.0,5.0,6.0,0.0,5.0,-1.0,0.0,6.0,-1.0,45,1.0,41,0.0,0.0,1.2,5.0,6.0,5.0,6.0,5.0,6.0
47,10,0.0,0,1,1,0.5,0.0,5.0,6.0,0.0,5.0,-1.0,0.0,6.0,-1.0,46,1.0,41,0.0,0.0,1.2,5.0,6.0,5.0,6.0,5.0,6.0
48,10,0.0,0,1,1,0.5,0.0,5.0,6.0,0.0,5.0,-1.0,0.0,6.0,-1.0,47,1.0,42,0.0,0.0,1.2,5.0,6.0,5.0,6.0,5.0,6.0
49,10,0.0,0,1,1,0.5,0.0,5.0,6.0,0.0,5.0,-1.0,0.0,6.0,0.0,48,1.0,42,0.0,0.0,1.2,5.0,6.0,5.0,6.0,5.0,6.0
50,10,0.0,0,1,1,0.5,0.0,5.0,6.0,0.0,5.0,-1.0,0.0,6.0,0.0,49,1.0,42,0.0,0.0,1.2,5.0,6.0,5.0,6.0,5.0,6.0
51,10,0.0,0,1,1,0.5,0.0,5.0,6.0,0.0,5.0,0.0,0.0,6.0,0.0,50,1.0,42,0.0,0.0,1.2,5.0,6.0,5.0,6.0,5.0,6.0
52,10,0.0,0,1,1,0.5,0.0,5.0,6.0,0.0,5.0,0.0,0.0,6.0,0.0,51,1.0,42,0.0,0.0,1.2,5.0,6.0,5.0,6.0,5.0,6.0
53,10,0.0,0,1,1,0.5,0.0,5.0,6.0,0.0,5.0,0.0,0.0,6.0,0.0,52,1.0,42,0.0,0.0,1.2,5.0,6.0,5.0,6.0,5.0,6.0
54,10,0.0,0,1,1,0.5,0.0,5.0,6.0,0.0,5.0,0.0,0.0,6.0,0.0,53,1.0,43,0.0,0.0,1.2,5.0,6.0,5.0,6.0,5.0,6.0
55,10,0.0,0,1,1,0.5,0.0,5.0,6.0,0.0,5.0,0.0,0.0,6.0,0.0,54,1.0,43,0.0,0.0,1.2,5.0,6.0,5.0,6.0,5.0,6.0
56,10,0.0,0,1,1,0.5,0.0,5.0,6.0,0.0,5.0,0.0,0.0,6.0,0.0,55,1.0,43,0.0,0.0,1.2,5.0,6.0,5.0,6.0,5.0,6.0
57,10,0.0,0,1,1,0.5,0.0,5.0,6.0,0.0,5.0,0.0,0.0,6.0,0.0,56,1.0,43,0.0,0.0,1.2,5.0,6.0,5.0,6.0,5.0,6.0
58,10,0.0,0,1,1,0.5,0.0,5.0,6.0,0.0,5.0,0.0,0.0,6.0,0.0,57,1.0,43,0.0,0.0,1.2,5.0,6.0,5.0,6.0,5.0,6.0
59,10,0.0,0,1,1,0.5,0.0,5.0,6.0,0.0,5.0,0.0,0.0,6.0,0.0,58,1.0,43,0.0,0.0,1.2,5.0,6.0,5.0,6.0,5.0,6.0
60,10,0.0,0,1,1,0.5,0.0,5.0,6.0,0.0,5.0,0.0,0.0,6.0,0.0,59,1.0,43,0.0,0.0,1.2,5.0,6.0,5.0,6.0,5.0,6.0
61,10,0.0,0,1,1,0.5,0.0,5.0,6.0,0.0,5.0,0.0,0.0,6.0,0.0,60,1.0,43,0.0,0.0,1.2,5.0,6.0,5.0,6.0,5.0,6.0
62,10,0.0,0,1,1,0.5,0.0,5.0,6.0,0.0,5.0,0.0,0.0,6.0,0.0,61,1.0,43,0.0,0.0,1.2,5.0,6.0,5.0,6.0,5.0,6.0
63,10,0.0,0,1,1,0.5,0.0,5.0,6.0,0.0,5.0,0.0,0.0,6.0,0.0,62,1.0,43,0.0,0.0,1.2,5.0,6.0,5.0,6.0,5.0,6.0
64,10,0.0,0,1,1,0.5,0.0,5.0,6.0,0.0,5.0,0.0,0.0,6.0,0.0,63,1.0,43,0.0,0.0,1.2,5.0,6.0,5.0,6.0,5.0,6.0
65,10,0.0,0,1,1,0.5,0.0,5.0,6.0,0.0,5.0,0.0,0.0,6.0,0.0,64,1.0,43,0.0,0.0,1.2,5.0,6.0,5.0,6.0,5.0,6.0
66,10,0.0,0,1,1,0.5,0.0,5.0,6.0,0.0,5.0,0.0,0.0,6.0,0.0,65,1.0,43,0.0,0.0,1.2,5.0,6.0,5.0,6.0,5.0,6.0
67,10,0.0,0,1,1,0.5,0.0,5.0,6.0,0.0,5.0,0.0,0.0,6.0,0.0,66,1.0,43,0.0,0.0,1.2,5.0,6.0,5.0,6.0,5.0,6.0
68,10,0.0,0,1,1,0.5,0.0,5.0,6.0,0.0,5.0,0.0,0.0,6.0,0.0,67,1.0,43,0.0,0.0,1.2,5.0,6.0,5.0,6.0,5.0,6.0
69,10,0.0,0,1,1,0.5,0.0,5.0,6.0,0.0,5.0,0.0,0.0,6.0,0.0,68,1.0,43,0.0,0.0,1.2,5.0,6.0,5.0,6.0,5.0,6.0
70,10,0.0,0,1,1,0.5,0.0,5.0,6.0,0.0,5.0,0.0,0.0,6.0,0.0,69,1.0,43,0.0,0.0,1.2,5.0,6.0,5.0,6.0,5.0,6.0
71,10,0.0,0,1,1,0.5,0.0,5.0,6.0,0.0,5.0,0.0,0.0,6.0,0.0,70,1.0,43,0.0,0.0,1.2,5.0,6.0,5.0,6.0,5.0,6.0
72,10,0.0,0,1,1,0.5,0.0,5.0,6.0,0.0,5.0,0.0,0.0,6.0,0.0,71,1.0,43,0.0,0.0,1.2,5.0,6.0,5.0,6.0,5.0,6.0
73,10,0.0,0,1,1,0.5,0.0,5.0,6.0,0.0,5.0,0.0,0.0,6.0,0.0,72,1.0,43,0.0,0.0,1.2,5.0,6.0,5.0,6.0,5.0,6.0
74,10,0.0,0,1,1,0.5,0.0,5.0,6.0,0.0,5.0,0.0,0.0,6.0,0.0,73,1.0,43,0.0,0.0,1.2,5.0,6.0,5.0,6.0,5.0,6.0
75,10,0.0,0,1,1,0.5,0.0,5.0,6.0,0.0,5.0,0.0,0.0,6.0,0.0,74,1.0,43,0.0,0.0,1.2,5.0,6.0,5.0,6.0,5.0,6.0
76,10,0.0,0,1,1,0.5,0.0,5.0,6.0,0.0,5.0,0.0,0.0,6.0,0.0,75,1.0,43,0.0,0.0,1.2,5.0,6.0,5.0,6.0,5.0,6.0
77,10,0.0,0,1,1,0.5,0.0,5.0,6.0,0.0,5.0,0.0,0.0,6.0,0.0,76,1.0,43,0.0,0.0,1.2,5.0,6.0,5.0,6.0,5.0,6.0
78,10,0.0,0,1,1,0.5,0.0,5.0,6.0,0.0,5.0,0.0,0.0,6.0,0.0,77,1.0,43,0.0,0.0,1.2,5.0,6.0,5.0,6.0,5.0,6.0
79,10,0.0,0,1,1,0.5,0.0,5.0,6.0,0.0,5.0,0.0,0.0,6.0,0.0,78,1.0,43,0.0,0.0,1.2,5.0,6.0,5.0,6.0,5.0,6.0
80,10,0.0,0,1,1,0.5,0.0,5.0,6.0,0.0,5.0,0.0,0.0,6.0,0.0,79,1.0,43,0.0,0.0,1.2,5.0,6.0,5.0,6.0,5.0,6.0
81,10,0.0,0,1,1,0.5,0.0,5.0,6.0,0.0,5.0,0.0,0.0,6.0,0.0,80,1.0,43,0.0,0.0,1.2,5.0,6.0,5.0,6.0,5.0,6.0
82,10,0.0,0,1,1,0.5,0.0,5.0,6.0,0.0,5.0,0.0,0.0,6.0,0.0,81,1.0,43,0.0,0.0,1.2,5.0,6.0,5.0,6.0,5.0,6.0
83,10,0.0,0,1,1,0.5,0.0,5.0,6.0,0.0,5.0,0.0,0.0,6.0,0.0,82,1.0,43,0.0,0.0,1.2,5.0,6.0,5.0,6.0,5.0,6.0
84,10,0.0,0,1,1,0.5,0.0,5.0,6.0,0.0,5.0,0.0,0.0,6.0,0.0,83,1.0,43,0.0,0.0,1.2,5.0,6.0,5.0,6.0,5.0,6.0
85,10,0.0,0,1,1,0.5,0.0,5.0,6.0,0.0,5.0,0.0,0.0,6.0,0.0,84,1.0,43,0.0,0.0,1.2,5.0,6.0,5.0,6.0,5.0,6.0
86,10,0.0,0,1,1,0.5,0.0,5.0,6.0,0.0,5.0,0.0,0.0,6.0,0.0,85,1.0,43,0.0,0.0,1.2,5.0,6.0,5.0,6.0,5.0,6.0
87,10,0.0,0,1,1,0.5,0.0,5.0,6.0,0.0,5.0,0.0,0.0,6.0,0.0,86,1.0,43,0.0,0.0,1.2,5.0,6.0,5.0,6.0,5.0,6.0
88,10,0.0,0,1,1,0.5,0.0,5.0,6.0,0.0,5.0,0.0,0.0,6.0,0.0,87,1.0,43,0.0,0.0,1.2,5.0,6.0,5.0,6.0,5.0,6.0
89,10,0.0,0,1,1,0.5,0.0,5.0,6.0,0.0,5.0,0.0,0.0,6.0,0.0,88,1.0,43,0.0,0.0,1.2,5.0,6.0,5.0,6.0,5.0,6.0
90,10,0.0,0,1,1,0.5,0.0,5.0,6.0,0.0,5.0,0.0,0.0,6.0,0.0,89,1.0,43,0.0,0.0,1.2,5.0,6.0,5.0,6.0,5.0,6.0
91,10,0.0,0,1,1,0.5,0.0,5.0,6.0,0.0,5.0,0.0,0.0,6.0,0.0,90,1.0,43,0.0,0.0,1.2,5.0,6.0,5.0,6.0,5.0,6.0
92,10,0.0,0,1,1,0.5,0.0,5.0,6.0,0.0,5.0,0.0,0.0,6.0,0.0,91,1.0,43,0.0,0.0,1.2,5.0,6.0,5.0,6.0,5.0,6.0
93,10,0.0,0,1,1,0.5,0.0,5.0,6.0,0.0,5.0,0.0,0.0,6.0,0.0,92,1.0,43,0.0,0.0,1.2,5.0,6.0,5.0,6.0,5.0,6.0
94,10,0.0,0,1,1,0.5,0.0,5.0,6.0,0.0,5.0,0.0,0.0,6.0,0.0,93,1.0,43,0.0,0.0,1.2,5.0,6.0,5.0,6.0,5.0,6.0
95,10,0.0,0,1,1,0.5,0.0,5.0,6.0,0.0,5.0,0.0,0.0,6.0,0.0,94,1.0,43,0.0,0.0,1.2,5.0,6.0,5.0,6.0,5.0,6.0
96,10,0.0,0,1,1,0.5,0.0,5.0,6.0,0.0,5.0,0.0,0.0,6.0,0.0,95,1.0,43,0.0,0.0,1.2,5.0,6.0,5.0,6.0,5.0,6.0
97,10,0.0,0,1,1,0.5,0.0,5.0,6.0,0.0,5.0,0.0,0.0,6.0,0.0,96,1.0,43,0.0,0.0,1.2,5.0,6.0,5.0,6.0,5.0,6.0
98,10,0.0,0,1,1,0.5,0.0,5.0,6.0,0.0,5.0,0.0,0.0,6.0,0.0,97,1.0,43,0.0,0.0,1.2,5.0,6.0,5.0,6.0,5.0,6.0
99,10,0.0,0,1,1,0.5,0.0,5.0,6.0,0.0,5.0,0.0,0.0,6.0,0.0,98,1.0,43,0.0,0.0,1.2,5.0,6.0,5.0,6.0,5.0,6.0
100,10,0.0,0,1,1,0.5,0.0,5.0,6.0,0.0,5.0,0.0,0.0,6.0,0.0,99,1.0,43,0.0,0.0,1.2,5.0,6.0,5.0,6.0,5.0,6.0
101,10,0.0,0,1,1,0.5,0.0,5.0,6.0,0.0,5.0,0.0,0.0,6.0,0.0,100,1.0,43,0.0,0.0,1.2,5.0,6.0,5.0,6.0,5.0,6.0
102,10,0.0,0,1,1,0.5,0.0,5.0,6.0,0.0,5.0,0.0,0.0,6.0,0.0,101,1.0,43,0.0,0.0,1.2,5.0,6.0,5.0,6.0,5.0,6.0
103,10,0.0,0,1,1,0.5,0.0,5.0,6.0,0.0,5.0,0.0,0.0,6.0,0.0,102,1.0,43,0.0,0.0,1.2,5.0,6.0,5.0,6.0,5.0,6.0
104,10,0.0,0,1,1,0.5,0.0,5.0,6.0,0.0,5.0,0.0,0.0,6.0,0.0,103,1.0,43,0.0,0.0,1.2,5.0,6.0,5.0,6.0,5.0,6.0
105,10,0.0,0,1,1,0.5,0.0,5.0,6.0,0.0,5.0,0.0,0.0,6.0,0.0,104,1.0,43,0.0,0.0,1.2,5.0,6.0,5.0,6.0,5.0,6.0
106,10,0.0,0,1,1,0.5,0.0,5.0,6.0,0.0,5.0,0.0,0.0,6.0,0.0,105,1.0,43,0.0,0.0,1.2,5.0,6.0,5.0,6.0,5.0,6.0
107,10,0.0,0,1,1,0.5,0.0,5.0,6.0,0.0,5.0,0.0,0.0,6.0,0.0,106,1.0,43,0.0,0.0,1.2,5.0,6.0,5.0,6.0,5.0,6.0
108,10,0.0,0,1,1,0.5,0.0,5.0,6.0,0.0,5.0,0.0,0.0,6.0,0.0,107,1.0,43,0.0,0.0,1.2,5.0,6.0,5.0,6.0,5.0,6.0
109,10,0.0,0,1,1,0.5,0.0,5.0,6.0,0.0,5.0,0.0,0.0,6.0,0.0,108,1.0,43,0.0,0.0,1.2,5.0,6.0,5.0,6.0,5.0,6.0
110,10,0.0,0,1,1,0.5,0.0,5.0,6.0,0.0,5.0,0.0,0.0,6.0,0.0,109,1.0,43,0.0,0.0,1.2,5.0,6.0,5.0,6.0,5.0,6.0
111,10,0.0,0,1,1,0.5,0.0,5.0,6.0,0.0,5.0,0.0,0.0,6.0,0.0,110,1.0,43,0.0,0.0,1.2,5.0,6.0,5.0,6.0,5.0,6.0
112,10,0.0,0,1,1,0.5,0.0,5.0,6.0,0.0,5.0,0.0,0.0,6.0,0.0,111,1.0,43,0.0,0.0,1.2,5.0,6.0,5.0,6.0,5.0,6.0
113,10,0.0,0,1,1,0.5,0.0,5.0,6.0,0.0,5.0,0.0,0.0,6.0,0.0,112,1.0,43,0.0,0.0,1.2,5.0,6.0,5.0,6.0,5.0,6.0
114,10,0.0,0,1,1,0.5,0.0,5.0,6.0,0.0,5.0,0.0,0.0,6.0,0.0,113,1.0,43,0.0,0.0,1.2,5.0,6.0,5.0,6.0,5.0,6.0
115,10,0.0,0,1,1,0.5,0.0,5.0,6.0,0.0,5.0,0.0,0.0,6.0,0.0,114,1.0,43,0.0,0.0,1.2,5.0,6.0,5.0,6.0,5.0,6.0
116,10,0.0,0,1,1,0.5,0.0,5.0,6.0,0.0,5.0,0.0,0.0,6.0,0.0,115,1.0,43,0.0,0.0,1.2,5.0,6.0,5.0,6.0,5.0,6.0
117,10,0.0,0,1,1,0.5,0.0,5.0,6.0,0.0,5.0,0.0,0.0,6.0,0.0,116,1.0,43,0.0,0.0,1.2,5.0,6.0,5.0,6.0,5.0,6.0
118,10,0.0,0,1,1,0.5,0.0,5.0,6.0,0.0,5.0,0.0,0.0,6.0,0.0,117,1.0,43,0.0,0.0,1.2,5.0,6.0,5.0,6.0,5.0,6.0
119,10,0.0,0,1,1,0.5,0.0,5.0,6.0,0.0,5.0,0.0,0.0,6.0,0.0,118,1.0,43,0.0,0.0,1.2,5.0,6.0,5.0,6.0,5.0,6.0
120,10,0.0,0,1,1,0.5,0.0,5.0,6.0,0.0,5.0,0.0,0.0,6.0,0.0,119,1.0,43,0.0,0.0,1.2,5.0,6.0,5.0,6.0,5.0,6.0
121,10,0.0,0,1,1,0.5,0.0,5.0,6.0,0.0,5.0,0.0,0.0,6.0,0.0,120,1.0,43,0.0,0.0,1.2,5.0,6.0,5.0,6.0,5.0,6.0
122,10,0.0,0,1,1,0.5,0.0,5.0,6.0,0.0,5.0,0.0,0.0,6.0,0.0,121,1.0,43,0.0,0.0,1.2,5.0,6.0,5.0,6.0,5.0,6.0
1,11,0.0,1,0,1,0.5454545454545454,0.0,6.0,10.0,0.0,6.0,0.0,0.0,10.0,0.0,0,0.0,0,0.0,0.0,1.6666666666666667,0.0,0.0,0.0,0.0,0.0,0.0
2,11,0.0,1,0,1,0.5454545454545454,0.0,6.0,10.0,0.0,6.0,0.0,0.0,10.0,0.0,1,0.5,43,0.0,0.0,1.6666666666666667,6.0,10.0,0.0,0.0,0.0,0.0
3,11,0.0,1,0,1,0.5454545454545454,0.0,6.0,10.0,0.0,6.0,0.0,0.0,10.0,0.0,2,0.6666666666666666,43,0.0,0.0,1.6666666666666667,6.0,10.0,6.0,10.0,0.0,0.0
4,11,0.0,0,1,1,0.5454545454545454,0.0,6.0,10.0,0.0,6.0,0.0,0.0,10.0,0.0,3,0.75,43,0.0,0.0,1.6666666666666667,6.0,10.0,6.0,10.0,6.0,10.0
5,11,0.0,0,1,1,0.5454545454545454,0.0,6.0,10.0,0.0,6.0,0.0,0.0,10.0,0.0,4,0.8,43,0.0,0.0,1.6666666666666667,6.0,10.0,6.0,10.0,6.0,10.0
6,11,0.0,0,1,1,0.5454545454545454,0.0,5.8,10.0,-1.4619519810524544,6.0,0.0,0.0,10.0,0.0,5,1.0,25,-1.0,0.0,2.0,6.0,10.0,6.0,10.0,6.0,10.0
7,11,0.0,0,1,1,0.5454545454545454,0.0,5.2,10.0,-1.5671296202894471,6.0,0.0,0.0,10.0,0.0,6,1.0,25,-3.0,0.0,3.3333333333333335,5.0,10.0,6.0,10.0,6.0,10.0
8,11,0.0,0,1,1,0.5454545454545454,0.0,4.8,9.8,-0.5698653164688896,6.0,0.0,-1.461951981052455,10.0,0.0,7,1.0,26,-2.0,-1.0,2.25,3.0,10.0,5.0,10.0,6.0,10.0
9,11,0.0,0,1,1,0.5454545454545454,0.0,4.2,9.4,-0.8547979747033349,6.0,0.0,-1.4078456549365599,10.0,0.0,8,1.0,25,-3.0,-2.0,2.6666666666666665,4.0,9.0,3.0,10.0,5.0,10.0
10,11,0.0,0,1,1,0.5454545454545454,0.0,3.6,9.0,-0.6033624235442399,5.0,0.0,-0.9090909090909088,10.0,0.0,9,1.0,25,-3.0,-2.0,2.6666666666666665,3.0,8.0,4.0,9.0,3.0,10.0
11,11,0.0,0,1,1,0.5454545454545454,0.0,3.2,8.4,-0.3654879952631137,4.0,-1.0,-1.1288725543711575,10.0,-3.0,10,1.0,27,-2.0,-3.0,2.3333333333333335,3.0,8.0,3.0,8.0,4.0,9.0
12,11,0.0,0,1,1,0.5454545454545454,0.0,3.2,7.8,-0.3654879952631137,4.0,3.0,-0.8540985814887827,9.0,-3.0,11,1.0,33,0.0,-3.0,2.3333333333333335,3.0,7.0,3.0,8.0,3.0,8.0
13,11,0.0,0,1,1,0.5454545454545454,0.0,3.0,7.4,0.0,3.0,1.0,-0.6175483551795393,8.0,-1.0,12,1.0,30,-1.0,-2.0,2.3333333333333335,3.0,7.0,3.0,7.0,3.0,8.0
14,11,0.0,0,1,1,0.5454545454545454,0.0,3.0,7.2,0.0,3.0,3.0,-0.36548799526311326,8.0,1.0,13,1.0,25,0.0,-1.0,2.3333333333333335,3.0,7.0,3.0,7.0,3.0,7.0
15,11,0.0,0,1,1,0.5454545454545454,0.0,3.0,7.0,0.0,3.0,3.0,0.0,7.0,1.0,14,1.0,28,0.0,-1.0,2.3333333333333335,3.0,7.0,3.0,7.0,3.0,7.0
16,11,0.0,0,1,1,0.5454545454545454,0.0,3.0,7.2,0.0,3.0,2.0,1.4619519810524544,8.0,4.0,15,1.0,28,0.0,1.0,2.6666666666666665,3.0,7.0,3.0,7.0,3.0,7.0
17,11,0.0,0,1,1,0.5454545454545454,0.0,3.0,7.2,0.0,3.0,0.0,-0.365487995263114,8.0,3.0,16,1.0,28,0.0,0.0,2.3333333333333335,3.0,8.0,3.0,7.0,3.0,7.0
18,11,0.0,0,1,1,0.5454545454545454,0.0,3.0,7.2,0.0,3.0,1.0,-0.365487995263114,8.0,2.0,17,1.0,29,0.0,0.0,2.3333333333333335,3.0,7.0,3.0,8.0,3.0,7.0
19,11,0.0,0,1,1,0.5454545454545454,0.0,3.0,7.0,0.0,3.0,0.0,-1.2389934309929542,8.0,0.0,18,1.0,33,0.0,-1.0,2.0,3.0,7.0,3.0,7.0,3.0,8.0
20,11,0.0,0,1,1,0.5454545454545454,0.0,3.0,6.8,0.0,3.0,0.0,-0.854098581488783,8.0,0.0,19,1.0,32,0.0,-1.0,2.0,3.0,6.0,3.0,7.0,3.0,7.0
21,11,0.0,0,1,1,0.5454545454545454,0.0,3.0,6.4,0.0,3.0,0.0,-0.6175483551795401,7.0,-3.0,20,1.0,32,0.0,-2.0,2.0,3.0,6.0,3.0,6.0,3.0,7.0
22,11,0.0,0,1,1,0.5454545454545454,0.0,3.0,6.2,0.0,3.0,0.0,-0.36548799526311393,7.0,-1.0,21,1.0,33,0.0,-1.0,2.0,3.0,6.0,3.0,6.0,3.0,6.0
23,11,0.0,0,1,1,0.5454545454545454,0.0,3.0,6.0,0.0,3.0,0.0,0.0,6.0,-1.0,22,1.0,34,0.0,-1.0,2.0,3.0,6.0,3.0,6.0,3.0,6.0
24,11,0.0,0,1,1,0.5454545454545454,0.0,3.0,6.2,0.0,3.0,0.0,1.4619519810524544,7.0,2.0,23,1.0,34,0.0,1.0,2.3333333333333335,3.0,6.0,3.0,6.0,3.0,6.0
25,11,0.0,0,1,1,0.5454545454545454,0.0,3.0,6.4,0.0,3.0,0.0,0.9263225327693089,7.0,2.0,24,1.0,32,0.0,1.0,2.3333333333333335,3.0,7.0,3.0,6.0,3.0,6.0
26,11,0.0,0,1,1,0.5454545454545454,0.0,3.0,6.6,0.0,3.0,0.0,0.6175483551795402,7.0,3.0,25,1.0,35,0.0,1.0,2.3333333333333335,3.0,7.0,3.0,7.0,3.0,6.0
27,11,0.0,0,1,1,0.5454545454545454,0.0,3.0,6.6,0.0,3.0,0.0,-0.9263225327693089,7.0,1.0,26,1.0,36,0.0,0.0,2.0,3.0,7.0,3.0,7.0,3.0,7.0
28,11,0.0,0,1,1,0.5454545454545454,0.0,3.0,6.6,0.0,3.0,0.0,-0.9263225327693089,7.0,1.0,27,1.0,34,0.0,0.0,2.0,3.0,6.0,3.0,7.0,3.0,7.0
29,11,0.0,0,1,1,0.5454545454545454,0.0,3.0,6.4,0.0,3.0,0.0,-0.6175483551795402,7.0,-2.0,28,1.0,33,0.0,-1.0,2.0,3.0,6.0,3.0,6.0,3.0,7.0
30,11,0.0,0,1,1,0.5454545454545454,0.0,3.0,6.2,0.0,3.0,0.0,-0.365487995263114,7.0,-2.0,29,1.0,35,0.0,-1.0,2.0,3.0,6.0,3.0,6.0,3.0,6.0
31,11,0.0,0,1,1,0.5454545454545454,0.0,3.0,6.0,0.0,3.0,0.0,0.0,6.0,-2.0,30,1.0,36,0.0,-1.0,2.0,3.0,6.0,3.0,6.0,3.0,6.0
32,11,0.0,0,1,1,0.5454545454545454,0.0,3.0,6.0,0.0,3.0,0.0,0.0,6.0,0.0,31,1.0,37,0.0,0.0,2.0,3.0,6.0,3.0,6.0,3.0,6.0
33,11,0.0,0,1,1,0.5454545454545454,0.0,3.0,6.0,0.0,3.0,0.0,0.0,6.0,0.0,32,1.0,39,0.0,0.0,2.0,3.0,6.0,3.0,6.0,3.0,6.0
34,11,0.0,0,1,1,0.5454545454545454,0.0,3.0,6.0,0.0,3.0,0.0,0.0,6.0,1.0,33,1.0,39,0.0,0.0,2.0,3.0,6.0,3.0,6.0,3.0,6.0
35,11,0.0,0,1,1,0.5454545454545454,0.0,3.0,6.0,0.0,3.0,0.0,0.0,6.0,1.0,34,1.0,38,0.0,0.0,2.0,3.0,6.0,3.0,6.0,3.0,6.0
36,11,0.0,0,1,1,0.5454545454545454,0.0,3.0,6.0,0.0,3.0,0.0,0.0,6.0,1.0,35,1.0,38,0.0,0.0,2.0,3.0,6.0,3.0,6.0,3.0,6.0
37,11,0.0,0,1,1,0.5454545454545454,0.0,3.0,6.0,0.0,3.0,0.0,0.0,6.0,0.0,36,1.0,39,0.0,0.0,2.0,3.0,6.0,3.0,6.0,3.0,6.0
38,11,0.0,0,1,1,0.5454545454545454,0.0,3.0,6.0,0.0,3.0,0.0,0.0,6.0,0.0,37,1.0,38,0.0,0.0,2.0,3.0,6.0,3.0,6.0,3.0,6.0
39,11,0.0,0,1,1,0.5454545454545454,0.0,3.0,6.0,0.0,3.0,0.0,0.0,6.0,0.0,38,1.0,38,0.0,0.0,2.0,3.0,6.0,3.0,6.0,3.0,6.0
40,11,0.0,0,1,1,0.5454545454545454,0.0,3.0,6.2,0.0,3.0,0.0,1.4619519810524544,7.0,1.0,39,1.0,40,0.0,1.0,2.3333333333333335,3.0,6.0,3.0,6.0,3.0,6.0
41,11,0.0,0,1,1,0.5454545454545454,0.0,3.0,6.4,0.0,3.0,0.0,0.9263225327693089,7.0,1.0,40,1.0,41,0.0,1.0,2.3333333333333335,3.0,7.0,3.0,6.0,3.0,6.0
42,11,0.0,0,1,1,0.5454545454545454,0.0,3.2,6.6,1.4619519810524544,4.0,1.0,0.6175483551795402,7.0,1.0,41,1.0,41,1.0,1.0,1.75,3.0,7.0,3.0,7.0,3.0,6.0
43,11,0.0,0,1,1,0.5454545454545454,0.0,3.4,6.8,0.9263225327693094,4.0,1.0,0.365487995263114,7.0,1.0,42,1.0,41,1.0,1.0,1.75,4.0,7.0,3.0,7.0,3.0,7.0
44,11,0.0,0,1,1,0.5454545454545454,0.0,3.6,7.0,0.6175483551795394,4.0,1.0,0.0,7.0,1.0,43,1.0,42,1.0,1.0,1.75,4.0,7.0,4.0,7.0,3.0,7.0
45,11,0.0,0,1,1,0.5454545454545454,0.0,3.8,7.0,0.365487995263114,4.0,1.0,0.0,7.0,-1.0,44,1.0,41,1.0,0.0,1.75,4.0,7.0,4.0,7.0,4.0,7.0
46,11,0.0,0,1,1,0.5454545454545454,0.0,4.0,7.0,0.0,4.0,1.0,0.0,7.0,-1.0,45,1.0,41,1.0,0.0,1.75,4.0,7.0,4.0,7.0,4.0,7.0
47,11,0.0,0,1,1,0.5454545454545454,0.0,4.0,7.0,0.0,4.0,-1.0,0.0,7.0,-1.0,46,1.0,41,0.0,0.0,1.75,4.0,7.0,4.0,7.0,4.0,7.0
48,11,0.0,0,1,1,0.5454545454545454,0.0,4.0,7.0,0.0,4.0,-1.0,0.0,7.0,-1.0,47,1.0,42,0.0,0.0,1.75,4.0,7.0,4.0,7.0,4.0,7.0
49,11,0.0,0,1,1,0.5454545454545454,0.0,4.0,7.0,0.0,4.0,-1.0,0.0,7.0,-1.0,48,1.0,42,0.0,0.0,1.75,4.0,7.0,4.0,7.0,4.0,7.0
50,11,0.0,0,1,1,0.5454545454545454,0.0,4.0,7.0,0.0,4.0,-1.0,0.0,7.0,0.0,49,1.0,42,0.0,0.0,1.75,4.0,7.0,4.0,7.0,4.0,7.0
51,11,0.0,0,1,1,0.5454545454545454,0.0,4.0,7.0,0.0,4.0,-1.0,0.0,7.0,0.0,50,1.0,42,0.0,0.0,1.75,4.0,7.0,4.0,7.0,4.0,7.0
52,11,0.0,0,1,1,0.5454545454545454,0.0,4.0,7.0,0.0,4.0,0.0,0.0,7.0,0.0,51,1.0,42,0.0,0.0,1.75,4.0,7.0,4.0,7.0,4.0,7.0
53,11,0.0,0,1,1,0.5454545454545454,0.0,4.0,7.0,0.0,4.0,0.0,0.0,7.0,0.0,52,1.0,42,0.0,0.0,1.75,4.0,7.0,4.0,7.0,4.0,7.0
54,11,0.0,0,1,1,0.5454545454545454,0.0,4.0,7.0,0.0,4.0,0.0,0.0,7.0,0.0,53,1.0,43,0.0,0.0,1.75,4.0,7.0,4.0,7.0,4.0,7.0
55,11,0.0,0,1,1,0.5454545454545454,0.0,4.0,7.0,0.0,4.0,0.0,0.0,7.0,0.0,54,1.0,43,0.0,0.0,1.75,4.0,7.0,4.0,7.0,4.0,7.0
56,11,0.0,0,1,1,0.5454545454545454,0.0,4.0,7.0,0.0,4.0,0.0,0.0,7.0,0.0,55,1.0,43,0.0,0.0,1.75,4.0,7.0,4.0,7.0,4.0,7.0
57,11,0.0,0,1,1,0.5454545454545454,0.0,4.0,7.0,0.0,4.0,0.0,0.0,7.0,0.0,56,1.0,43,0.0,0.0,1.75,4.0,7.0,4.0,7.0,4.0,7.0
58,11,0.0,0,1,1,0.5454545454545454,0.0,4.0,7.0,0.0,4.0,0.0,0.0,7.0,0.0,57,1.0,43,0.0,0.0,1.75,4.0,7.0,4.0,7.0,4.0,7.0
59,11,0.0,0,1,1,0.5454545454545454,0.0,4.0,7.0,0.0,4.0,0.0,0.0,7.0,0.0,58,1.0,43,0.0,0.0,1.75,4.0,7.0,4.0,7.0,4.0,7.0
60,11,0.0,0,1,1,0.5454545454545454,0.0,4.0,7.0,0.0,4.0,0.0,0.0,7.0,0.0,59,1.0,43,0.0,0.0,1.75,4.0,7.0,4.0,7.0,4.0,7.0
61,11,0.0,0,1,1,0.5454545454545454,0.0,4.0,7.0,0.0,4.0,0.0,0.0,7.0,0.0,60,1.0,43,0.0,0.0,1.75,4.0,7.0,4.0,7.0,4.0,7.0
62,11,0.0,0,1,1,0.5454545454545454,0.0,4.0,7.0,0.0,4.0,0.0,0.0,7.0,0.0,61,1.0,43,0.0,0.0,1.75,4.0,7.0,4.0,7.0,4.0,7.0
63,11,0.0,0,1,1,0.5454545454545454,0.0,4.0,7.0,0.0,4.0,0.0,0.0,7.0,0.0,62,1.0,43,0.0,0.0,1.75,4.0,7.0,4.0,7.0,4.0,7.0
64,11,0.0,0,1,1,0.5454545454545454,0.0,4.0,7.0,0.0,4.0,0.0,0.0,7.0,0.0,63,1.0,43,0.0,0.0,1.75,4.0,7.0,4.0,7.0,4.0,7.0
65,11,0.0,0,1,1,0.5454545454545454,0.0,4.0,7.0,0.0,4.0,0.0,0.0,7.0,0.0,64,1.0,43,0.0,0.0,1.75,4.0,7.0,4.0,7.0,4.0,7.0
66,11,0.0,0,1,1,0.5454545454545454,0.0,4.0,7.0,0.0,4.0,0.0,0.0,7.0,0.0,65,1.0,43,0.0,0.0,1.75,4.0,7.0,4.0,7.0,4.0,7.0
67,11,0.0,0,1,1,0.5454545454545454,0.0,4.0,7.0,0.0,4.0,0.0,0.0,7.0,0.0,66,1.0,43,0.0,0.0,1.75,4.0,7.0,4.0,7.0,4.0,7.0
68,11,0.0,0,1,1,0.5454545454545454,0.0,4.0,7.0,0.0,4.0,0.0,0.0,7.0,0.0,67,1.0,43,0.0,0.0,1.75,4.0,7.0,4.0,7.0,4.0,7.0
69,11,0.0,0,1,1,0.5454545454545454,0.0,4.0,7.0,0.0,4.0,0.0,0.0,7.0,0.0,68,1.0,43,0.0,0.0,1.75,4.0,7.0,4.0,7.0,4.0,7.0
70,11,0.0,0,1,1,0.5454545454545454,0.0,4.0,7.0,0.0,4.0,0.0,0.0,7.0,0.0,69,1.0,43,0.0,0.0,1.75,4.0,7.0,4.0,7.0,4.0,7.0
71,11,0.0,0,1,1,0.5454545454545454,0.0,4.0,7.0,0.0,4.0,0.0,0.0,7.0,0.0,70,1.0,43,0.0,0.0,1.75,4.0,7.0,4.0,7.0,4.0,7.0
72,11,0.0,0,1,1,0.5454545454545454,0.0,4.0,7.0,0.0,4.0,0.0,0.0,7.0,0.0,71,1.0,43,0.0,0.0,1.75,4.0,7.0,4.0,7.0,4.0,7.0
73,11,0.0,0,1,1,0.5454545454545454,0.0,4.0,7.0,0.0,4.0,0.0,0.0,7.0,0.0,72,1.0,43,0.0,0.0,1.75,4.0,7.0,4.0,7.0,4.0,7.0
74,11,0.0,0,1,1,0.5454545454545454,0.0,4.0,7.0,0.0,4.0,0.0,0.0,7.0,0.0,73,1.0,43,0.0,0.0,1.75,4.0,7.0,4.0,7.0,4.0,7.0
75,11,0.0,0,1,1,0.5454545454545454,0.0,4.0,7.0,0.0,4.0,0.0,0.0,7.0,0.0,74,1.0,43,0.0,0.0,1.75,4.0,7.0,4.0,7.0,4.0,7.0
76,11,0.0,0,1,1,0.5454545454545454,0.0,4.0,7.0,0.0,4.0,0.0,0.0,7.0,0.0,75,1.0,43,0.0,0.0,1.75,4.0,7.0,4.0,7.0,4.0,7.0
77,11,0.0,0,1,1,0.5454545454545454,0.0,4.0,7.0,0.0,4.0,0.0,0.0,7.0,0.0,76,1.0,43,0.0,0.0,1.75,4.0,7.0,4.0,7.0,4.0,7.0
78,11,0.0,0,1,1,0.5454545454545454,0.0,4.0,7.0,0.0,4.0,0.0,0.0,7.0,0.0,77,1.0,43,0.0,0.0,1.75,4.0,7.0,4.0,7.0,4.0,7.0
79,11,0.0,0,1,1,0.5454545454545454,0.0,4.0,7.0,0.0,4.0,0.0,0.0,7.0,0.0,78,1.0,43,0.0,0.0,1.75,4.0,7.0,4.0,7.0,4.0,7.0
80,11,0.0,0,1,1,0.5454545454545454,0.0,4.0,7.0,0.0,4.0,0.0,0.0,7.0,0.0,79,1.0,43,0.0,0.0,1.75,4.0,7.0,4.0,7.0,4.0,7.0
81,11,0.0,0,1,1,0.5454545454545454,0.0,4.0,7.0,0.0,4.0,0.0,0.0,7.0,0.0,80,1.0,43,0.0,0.0,1.75,4.0,7.0,4.0,7.0,4.0,7.0
82,11,0.0,0,1,1,0.5454545454545454,0.0,4.0,7.0,0.0,4.0,0.0,0.0,7.0,0.0,81,1.0,43,0.0,0.0,1.75,4.0,7.0,4.0,7.0,4.0,7.0
83,11,0.0,0,1,1,0.5454545454545454,0.0,4.0,7.0,0.0,4.0,0.0,0.0,7.0,0.0,82,1.0,43,0.0,0.0,1.75,4.0,7.0,4.0,7.0,4.0,7.0
84,11,0.0,0,1,1,0.5454545454545454,0.0,4.0,7.0,0.0,4.0,0.0,0.0,7.0,0.0,83,1.0,43,0.0,0.0,1.75,4.0,7.0,4.0,7.0,4.0,7.0
85,11,0.0,0,1,1,0.5454545454545454,0.0,4.0,7.0,0.0,4.0,0.0,0.0,7.0,0.0,84,1.0,43,0.0,0.0,1.75,4.0,7.0,4.0,7.0,4.0,7.0
86,11,0.0,0,1,1,0.5454545454545454,0.0,4.0,7.0,0.0,4.0,0.0,0.0,7.0,0.0,85,1.0,43,0.0,0.0,1.75,4.0,7.0,4.0,7.0,4.0,7.0
87,11,0.0,0,1,1,0.5454545454545454,0.0,4.0,7.0,0.0,4.0,0.0,0.0,7.0,0.0,86,1.0,43,0.0,0.0,1.75,4.0,7.0,4.0,7.0,4.0,7.0
88,11,0.0,0,1,1,0.5454545454545454,0.0,4.0,7.0,0.0,4.0,0.0,0.0,7.0,0.0,87,1.0,43,0.0,0.0,1.75,4.0,7.0,4.0,7.0,4.0,7.0
89,11,0.0,0,1,1,0.5454545454545454,0.0,4.0,7.0,0.0,4.0,0.0,0.0,7.0,0.0,88,1.0,43,0.0,0.0,1.75,4.0,7.0,4.0,7.0,4.0,7.0
90,11,0.0,0,1,1,0.5454545454545454,0.0,4.0,7.0,0.0,4.0,0.0,0.0,7.0,0.0,89,1.0,43,0.0,0.0,1.75,4.0,7.0,4.0,7.0,4.0,7.0
91,11,0.0,0,1,1,0.5454545454545454,0.0,4.0,7.0,0.0,4.0,0.0,0.0,7.0,0.0,90,1.0,43,0.0,0.0,1.75,4.0,7.0,4.0,7.0,4.0,7.0
92,11,0.0,0,1,1,0.5454545454545454,0.0,4.0,7.0,0.0,4.0,0.0,0.0,7.0,0.0,91,1.0,43,0.0,0.0,1.75,4.0,7.0,4.0,7.0,4.0,7.0
93,11,0.0,0,1,1,0.5454545454545454,0.0,4.0,7.0,0.0,4.0,0.0,0.0,7.0,0.0,92,1.0,43,0.0,0.0,1.75,4.0,7.0,4.0,7.0,4.0,7.0
94,11,0.0,0,1,1,0.5454545454545454,0.0,4.0,7.0,0.0,4.0,0.0,0.0,7.0,0.0,93,1.0,43,0.0,0.0,1.75,4.0,7.0,4.0,7.0,4.0,7.0
95,11,0.0,0,1,1,0.5454545454545454,0.0,4.0,7.0,0.0,4.0,0.0,0.0,7.0,0.0,94,1.0,43,0.0,0.0,1.75,4.0,7.0,4.0,7.0,4.0,7.0
96,11,0.0,0,1,1,0.5454545454545454,0.0,4.0,7.0,0.0,4.0,0.0,0.0,7.0,0.0,95,1.0,43,0.0,0.0,1.75,4.0,7.0,4.0,7.0,4.0,7.0
97,11,0.0,0,1,1,0.5454545454545454,0.0,4.0,7.0,0.0,4.0,0.0,0.0,7.0,0.0,96,1.0,43,0.0,0.0,1.75,4.0,7.0,4.0,7.0,4.0,7.0
98,11,0.0,0,1,1,0.5454545454545454,0.0,4.0,7.0,0.0,4.0,0.0,0.0,7.0,0.0,97,1.0,43,0.0,0.0,1.75,4.0,7.0,4.0,7.0,4.0,7.0
99,11,0.0,0,1,1,0.5454545454545454,0.0,4.0,7.0,0.0,4.0,0.0,0.0,7.0,0.0,98,1.0,43,0.0,0.0,1.75,4.0,7.0,4.0,7.0,4.0,7.0
100,11,0.0,0,1,1,0.5454545454545454,0.0,4.0,7.0,0.0,4.0,0.0,0.0,7.0,0.0,99,1.0,43,0.0,0.0,1.75,4.0,7.0,4.0,7.0,4.0,7.0
101,11,0.0,0,1,1,0.5454545454545454,0.0,4.0,7.0,0.0,4.0,0.0,0.0,7.0,0.0,100,1.0,43,0.0,0.0,1.75,4.0,7.0,4.0,7.0,4.0,7.0
102,11,0.0,0,1,1,0.5454545454545454,0.0,4.0,7.0,0.0,4.0,0.0,0.0,7.0,0.0,101,1.0,43,0.0,0.0,1.75,4.0,7.0,4.0,7.0,4.0,7.0
103,11,0.0,0,1,1,0.5454545454545454,0.0,4.0,7.0,0.0,4.0,0.0,0.0,7.0,0.0,102,1.0,43,0.0,0.0,1.75,4.0,7.0,4.0,7.0,4.0,7.0
104,11,0.0,0,1,1,0.5454545454545454,0.0,4.0,7.0,0.0,4.0,0.0,0.0,7.0,0.0,103,1.0,43,0.0,0.0,1.75,4.0,7.0,4.0,7.0,4.0,7.0
105,11,0.0,0,1,1,0.5454545454545454,0.0,4.0,7.0,0.0,4.0,0.0,0.0,7.0,0.0,104,1.0,43,0.0,0.0,1.75,4.0,7.0,4.0,7.0,4.0,7.0
106,11,0.0,0,1,1,0.5454545454545454,0.0,4.0,7.0,0.0,4.0,0.0,0.0,7.0,0.0,105,1.0,43,0.0,0.0,1.75,4.0,7.0,4.0,7.0,4.0,7.0
107,11,0.0,0,1,1,0.5454545454545454,0.0,4.0,7.0,0.0,4.0,0.0,0.0,7.0,0.0,106,1.0,43,0.0,0.0,1.75,4.0,7.0,4.0,7.0,4.0,7.0
108,11,0.0,0,1,1,0.5454545454545454,0.0,4.0,7.0,0.0,4.0,0.0,0.0,7.0,0.0,107,1.0,43,0.0,0.0,1.75,4.0,7.0,4.0,7.0,4.0,7.0
109,11,0.0,0,1,1,0.5454545454545454,0.0,4.0,7.0,0.0,4.0,0.0,0.0,7.0,0.0,108,1.0,43,0.0,0.0,1.75,4.0,7.0,4.0,7.0,4.0,7.0
110,11,0.0,0,1,1,0.5454545454545454,0.0,4.0,7.0,0.0,4.0,0.0,0.0,7.0,0.0,109,1.0,43,0.0,0.0,1.75,4.0,7.0,4.0,7.0,4.0,7.0
111,11,0.0,0,1,1,0.5454545454545454,0.0,4.0,7.0,0.0,4.0,0.0,0.0,7.0,0.0,110,1.0,43,0.0,0.0,1.75,4.0,7.0,4.0,7.0,4.0,7.0
112,11,0.0,0,1,1,0.5454545454545454,0.0,4.0,7.0,0.0,4.0,0.0,0.0,7.0,0.0,111,1.0,43,0.0,0.0,1.75,4.0,7.0,4.0,7.0,4.0,7.0
113,11,0.0,0,1,1,0.5454545454545454,0.0,4.0,7.0,0.0,4.0,0.0,0.0,7.0,0.0,112,1.0,43,0.0,0.0,1.75,4.0,7.0,4.0,7.0,4.0,7.0
114,11,0.0,0,1,1,0.5454545454545454,0.0,4.0,7.0,0.0,4.0,0.0,0.0,7.0,0.0,113,1.0,43,0.0,0.0,1.75,4.0,7.0,4.0,7.0,4.0,7.0
115,11,0.0,0,1,1,0.5454545454545454,0.0,4.0,7.0,0.0,4.0,0.0,0.0,7.0,0.0,114,1.0,43,0.0,0.0,1.75,4.0,7.0,4.0,7.0,4.0,7.0
116,11,0.0,0,1,1,0.5454545454545454,0.0,4.0,7.0,0.0,4.0,0.0,0.0,7.0,0.0,115,1.0,43,0.0,0.0,1.75,4.0,7.0,4.0,7.0,4.0,7.0
117,11,0.0,0,1,1,0.5454545454545454,0.0,4.0,7.0,0.0,4.0,0.0,0.0,7.0,0.0,116,1.0,43,0.0,0.0,1.75,4.0,7.0,4.0,7.0,4.0,7.0
118,11,0.0,0,1,1,0.5454545454545454,0.0,4.0,7.0,0.0,4.0,0.0,0.0,7.0,0.0,117,1.0,43,0.0,0.0,1.75,4.0,7.0,4.0,7.0,4.0,7.0
119,11,0.0,0,1,1,0.5454545454545454,0.0,4.0,7.0,0.0,4.0,0.0,0.0,7.0,0.0,118,1.0,43,0.0,0.0,1.75,4.0,7.0,4.0,7.0,4.0,7.0
120,11,0.0,0,1,1,0.5454545454545454,0.0,4.0,7.0,0.0,4.0,0.0,0.0,7.0,0.0,119,1.0,43,0.0,0.0,1.75,4.0,7.0,4.0,7.0,4.0,7.0
121,11,0.0,0,1,1,0.5454545454545454,0.0,4.0,7.0,0.0,4.0,0.0,0.0,7.0,0.0,120,1.0,43,0.0,0.0,1.75,4.0,7.0,4.0,7.0,4.0,7.0
122,11,0.0,0,1,1,0.5454545454545454,0.0,4.0,7.0,0.0,4.0,0.0,0.0,7.0,0.0,121,1.0,43,0.0,0.0,1.75,4.0,7.0,4.0,7.0,4.0,7.0
1,12,1.0,1,0,1,0.5909090909090909,0.0,6.0,10.0,0.0,6.0,0.0,0.0,10.0,0.0,0,0.0,0,0.0,0.0,1.6666666666666667,0.0,0.0,0.0,0.0,0.0,0.0
2,12,1.0,1,0,1,0.5909090909090909,0.0,6.0,10.0,0.0,6.0,0.0,0.0,10.0,0.0,1,0.5,43,0.0,0.0,1.6666666666666667,6.0,10.0,0.0,0.0,0.0,0.0
3,12,1.0,1,0,1,0.5909090909090909,0.0,6.0,10.0,0.0,6.0,0.0,0.0,10.0,0.0,2,0.6666666666666666,43,0.0,0.0,1.6666666666666667,6.0,10.0,6.0,10.0,0.0,0.0
4,12,1.0,0,1,1,0.5909090909090909,0.0,6.0,10.0,0.0,6.0,0.0,0.0,10.0,0.0,3,0.75,43,0.0,0.0,1.6666666666666667,6.0,10.0,6.0,10.0,6.0,10.0
5,12,1.0,0,1,1,0.5909090909090909,0.0,6.0,10.0,0.0,6.0,0.0,0.0,10.0,0.0,4,0.8,43,0.0,0.0,1.6666666666666667,6.0,10.0,6.0,10.0,6.0,10.0
6,12,1.0,0,1,1,0.5909090909090909,0.0,5.8,10.0,-1.4619519810524544,6.0,0.0,0.0,10.0,0.0,5,1.0,25,-1.0,0.0,2.0,6.0,10.0,6.0,10.0,6.0,10.0
7,12,1.0,0,1,1,0.5909090909090909,0.0,5.4,10.0,-1.40784565493656,6.0,0.0,0.0,10.0,0.0,6,1.0,25,-2.0,0.0,2.5,5.0,10.0,6.0,10.0,6.0,10.0
8,12,1.0,0,1,1,0.5909090909090909,0.0,4.8,10.0,-1.2821969620550018,6.0,0.0,0.0,10.0,0.0,7,1.0,26,-3.0,0.0,3.3333333333333335,4.0,10.0,5.0,10.0,6.0,10.0
9,12,1.0,0,1,1,0.5909090909090909,0.0,4.2,9.8,-0.8547979747033349,6.0,0.0,-1.461951981052455,10.0,0.0,8,1.0,25,-3.0,-1.0,3.0,3.0,10.0,4.0,10.0,5.0,10.0
10,12,1.0,0,1,1,0.5909090909090909,0.0,3.6,9.2,-0.6033624235442399,5.0,0.0,-1.5671296202894465,10.0,0.0,9,1.0,25,-3.0,-3.0,2.3333333333333335,3.0,9.0,3.0,10.0,4.0,10.0
11,12,1.0,0,1,1,0.5909090909090909,0.0,3.2,8.6,-0.3654879952631137,4.0,-1.0,-0.9897467869417012,10.0,-3.0,10,1.0,27,-2.0,-3.0,2.3333333333333335,3.0,7.0,3.0,9.0,3.0,10.0
12,12,1.0,0,1,1,0.5909090909090909,0.0,3.0,8.0,0.0,3.0,1.0,-0.6604088253131132,10.0,-3.0,11,1.0,33,-1.0,-3.0,2.3333333333333335,3.0,7.0,3.0,7.0,3.0,9.0
13,12,1.0,0,1,1,0.5909090909090909,0.0,3.0,7.4,0.0,3.0,3.0,-0.4022416156961605,9.0,-3.0,12,1.0,30,0.0,-3.0,2.3333333333333335,3.0,7.0,3.0,7.0,3.0,7.0
14,12,1.0,0,1,1,0.5909090909090909,0.0,3.0,7.0,0.0,3.0,3.0,0.0,7.0,-1.0,13,1.0,25,0.0,-2.0,2.3333333333333335,3.0,7.0,3.0,7.0,3.0,7.0
15,12,1.0,0,1,1,0.5909090909090909,0.0,3.0,7.2,0.0,3.0,3.0,1.4619519810524544,8.0,4.0,14,1.0,28,0.0,1.0,2.6666666666666665,3.0,7.0,3.0,7.0,3.0,7.0
16,12,1.0,0,1,1,0.5909090909090909,0.0,2.8,7.4,-1.4619519810524544,3.0,1.0,0.9263225327693089,8.0,4.0,15,1.0,28,-1.0,1.0,4.0,3.0,8.0,3.0,7.0,3.0,7.0
17,12,1.0,0,1,1,0.5909090909090909,0.0,2.6,7.6,-0.9263225327693094,3.0,0.0,0.6175483551795402,8.0,4.0,16,1.0,28,-1.0,1.0,4.0,2.0,8.0,3.0,8.0,3.0,7.0
18,12,1.0,0,1,1,0.5909090909090909,0.0,2.4,7.4,-0.6175483551795394,3.0,-1.0,-1.40784565493656,8.0,2.0,17,1.0,29,-1.0,-1.0,3.0,2.0,8.0,2.0,8.0,3.0,8.0
19,12,1.0,0,1,1,0.5909090909090909,0.0,2.2,7.2,-0.365487995263114,3.0,-1.0,-1.003810200010419,8.0,1.0,18,1.0,33,-1.0,-1.0,3.0,2.0,6.0,2.0,8.0,2.0,8.0
20,12,1.0,0,1,1,0.5909090909090909,0.0,2.0,6.8,0.0,2.0,-1.0,-0.6692068000069458,8.0,-3.0,19,1.0,32,-1.0,-2.0,3.0,2.0,6.0,2.0,6.0,2.0,8.0
21,12,1.0,0,1,1,0.5909090909090909,0.0,2.0,6.4,0.0,2.0,1.0,-0.4022416156961603,8.0,-3.0,20,1.0,32,0.0,-2.0,3.0,2.0,6.0,2.0,6.0,2.0,6.0
22,12,1.0,0,1,1,0.5909090909090909,0.0,2.0,6.0,0.0,2.0,1.0,0.0,6.0,-3.0,21,1.0,33,0.0,-2.0,3.0,2.0,6.0,2.0,6.0,2.0,6.0
23,12,1.0,0,1,1,0.5909090909090909,0.0,2.0,6.2,0.0,2.0,1.0,1.4619519810524544,7.0,2.0,22,1.0,34,0.0,1.0,3.5,2.0,6.0,2.0,6.0,2.0,6.0
24,12,1.0,0,1,1,0.5909090909090909,0.0,2.0,6.4,0.0,2.0,1.0,0.9263225327693089,7.0,2.0,23,1.0,34,0.0,1.0,3.5,2.0,7.0,2.0,6.0,2.0,6.0
25,12,1.0,0,1,1,0.5909090909090909,0.0,2.0,6.6,0.0,2.0,1.0,0.6175483551795402,7.0,3.0,24,1.0,32,0.0,1.0,3.5,2.0,7.0,2.0,7.0,2.0,6.0
26,12,1.0,0,1,1,0.5909090909090909,0.0,2.0,6.6,0.0,2.0,0.0,-0.9263225327693089,7.0,2.0,25,1.0,35,0.0,0.0,3.0,2.0,7.0,2.0,7.0,2.0,7.0
27,12,1.0,0,1,1,0.5909090909090909,0.0,2.0,6.6,0.0,2.0,0.0,-0.9263225327693089,7.0,2.0,26,1.0,36,0.0,0.0,3.0,2.0,6.0,2.0,7.0,2.0,7.0
28,12,1.0,0,1,1,0.5909090909090909,0.0,2.0,6.4,0.0,2.0,0.0,-0.6175483551795402,7.0,-2.0,27,1.0,34,0.0,-1.0,3.0,2.0,6.0,2.0,6.0,2.0,7.0
29,12,1.0,0,1,1,0.5909090909090909,0.0,2.0,6.2,0.0,2.0,0.0,-0.365487995263114,7.0,-2.0,28,1.0,33,0.0,-1.0,3.0,2.0,6.0,2.0,6.0,2.0,6.0
30,12,1.0,0,1,1,0.5909090909090909,0.0,2.0,6.0,0.0,2.0,0.0,0.0,6.0,-2.0,29,1.0,35,0.0,-1.0,3.0,2.0,6.0,2.0,6.0,2.0,6.0
31,12,1.0,0,1,1,0.5909090909090909,0.0,2.0,6.0,0.0,2.0,0.0,0.0,6.0,0.0,30,1.0,36,0.0,0.0,3.0,2.0,6.0,2.0,6.0,2.0,6.0
32,12,1.0,0,1,1,0.5909090909090909,0.0,2.0,6.0,0.0,2.0,0.0,0.0,6.0,0.0,31,1.0,37,0.0,0.0,3.0,2.0,6.0,2.0,6.0,2.0,6.0
33,12,1.0,0,1,1,0.5909090909090909,0.0,2.0,6.0,0.0,2.0,0.0,0.0,6.0,1.0,32,1.0,39,0.0,0.0,3.0,2.0,6.0,2.0,6.0,2.0,6.0
34,12,1.0,0,1,1,0.5909090909090909,0.0,2.0,6.0,0.0,2.0,0.0,0.0,6.0,1.0,33,1.0,39,0.0,0.0,3.0,2.0,6.0,2.0,6.0,2.0,6.0
35,12,1.0,0,1,1,0.5909090909090909,0.0,2.0,6.0,0.0,2.0,0.0,0.0,6.0,1.0,34,1.0,38,0.0,0.0,3.0,2.0,6.0,2.0,6.0,2.0,6.0
36,12,1.0,0,1,1,0.5909090909090909,0.0,2.0,6.0,0.0,2.0,0.0,0.0,6.0,0.0,35,1.0,38,0.0,0.0,3.0,2.0,6.0,2.0,6.0,2.0,6.0
37,12,1.0,0,1,1,0.5909090909090909,0.0,2.0,6.0,0.0,2.0,0.0,0.0,6.0,0.0,36,1.0,39,0.0,0.0,3.0,2.0,6.0,2.0,6.0,2.0,6.0
38,12,1.0,0,1,1,0.5909090909090909,0.0,2.0,6.0,0.0,2.0,0.0,0.0,6.0,0.0,37,1.0,38,0.0,0.0,3.0,2.0,6.0,2.0,6.0,2.0,6.0
39,12,1.0,0,1,1,0.5909090909090909,0.0,2.0,6.0,0.0,2.0,0.0,0.0,6.0,0.0,38,1.0,38,0.0,0.0,3.0,2.0,6.0,2.0,6.0,2.0,6.0
40,12,1.0,0,1,1,0.5909090909090909,0.0,2.0,6.0,0.0,2.0,0.0,0.0,6.0,0.0,39,1.0,40,0.0,0.0,3.0,2.0,6.0,2.0,6.0,2.0,6.0
41,12,1.0,0,1,1,0.5909090909090909,0.0,2.0,6.2,0.0,2.0,0.0,1.4619519810524544,7.0,1.0,40,1.0,41,0.0,1.0,3.5,2.0,6.0,2.0,6.0,2.0,6.0
42,12,1.0,0,1,1,0.5909090909090909,0.0,2.0,6.4,0.0,2.0,0.0,0.9263225327693089,7.0,1.0,41,1.0,41,0.0,1.0,3.5,2.0,7.0,2.0,6.0,2.0,6.0
43,12,1.0,0,1,1,0.5909090909090909,0.0,2.2,6.6,1.4619519810524544,3.0,1.0,0.6175483551795402,7.0,1.0,42,1.0,41,1.0,1.0,2.3333333333333335,2.0,7.0,2.0,7.0,2.0,6.0
44,12,1.0,0,1,1,0.5909090909090909,0.0,2.4,6.8,0.9263225327693094,3.0,1.0,0.365487995263114,7.0,1.0,43,1.0,42,1.0,1.0,2.3333333333333335,3.0,7.0,2.0,7.0,2.0,7.0
45,12,1.0,0,1,1,0.5909090909090909,0.0,2.6,7.0,0.6175483551795394,3.0,1.0,0.0,7.0,1.0,44,1.0,41,1.0,1.0,2.3333333333333335,3.0,7.0,3.0,7.0,2.0,7.0
46,12,1.0,0,1,1,0.5909090909090909,0.0,2.8,7.0,0.365487995263114,3.0,1.0,0.0,7.0,-1.0,45,1.0,41,1.0,0.0,2.3333333333333335,3.0,7.0,3.0,7.0,3.0,7.0
47,12,1.0,0,1,1,0.5909090909090909,0.0,3.0,7.0,0.0,3.0,1.0,0.0,7.0,-1.0,46,1.0,41,1.0,0.0,2.3333333333333335,3.0,7.0,3.0,7.0,3.0,7.0
48,12,1.0,0,1,1,0.5909090909090909,0.0,3.0,7.0,0.0,3.0,-1.0,0.0,7.0,-1.0,47,1.0,42,0.0,0.0,2.3333333333333335,3.0,7.0,3.0,7.0,3.0,7.0
49,12,1.0,0,1,1,0.5909090909090909,0.0,3.0,7.0,0.0,3.0,-1.0,0.0,7.0,-1.0,48,1.0,42,0.0,0.0,2.3333333333333335,3.0,7.0,3.0,7.0,3.0,7.0
50,12,1.0,0,1,1,0.5909090909090909,0.0,3.0,7.0,0.0,3.0,-1.0,0.0,7.0,-1.0,49,1.0,42,0.0,0.0,2.3333333333333335,3.0,7.0,3.0,7.0,3.0,7.0
51,12,1.0,0,1,1,0.5909090909090909,0.0,3.0,7.0,0.0,3.0,-1.0,0.0,7.0,0.0,50,1.0,42,0.0,0.0,2.3333333333333335,3.0,7.0,3.0,7.0,3.0,7.0
52,12,1.0,0,1,1,0.5909090909090909,0.0,3.0,7.0,0.0,3.0,-1.0,0.0,7.0,0.0,51,1.0,42,0.0,0.0,2.3333333333333335,3.0,7.0,3.0,7.0,3.0,7.0
53,12,1.0,0,1,1,0.5909090909090909,0.0,3.0,7.0,0.0,3.0,0.0,0.0,7.0,0.0,52,1.0,42,0.0,0.0,2.3333333333333335,3.0,7.0,3.0,7.0,3.0,7.0
54,12,1.0,0,1,1,0.5909090909090909,0.0,3.0,7.0,0.0,3.0,0.0,0.0,7.0,0.0,53,1.0,43,0.0,0.0,2.3333333333333335,3.0,7.0,3.0,7.0,3.0,7.0
55,12,1.0,0,1,1,0.5909090909090909,0.0,3.0,7.0,0.0,3.0,0.0,0.0,7.0,0.0,54,1.0,43,0.0,0.0,2.3333333333333335,3.0,7.0,3.0,7.0,3.0,7.0
56,12,1.0,0,1,1,0.5909090909090909,0.0,3.0,7.0,0.0,3.0,0.0,0.0,7.0,0.0,55,1.0,43,0.0,0.0,2.3333333333333335,3.0,7.0,3.0,7.0,3.0,7.0
57,12,1.0,0,1,1,0.5909090909090909,0.0,3.0,7.0,0.0,3.0,0.0,0.0,7.0,0.0,56,1.0,43,0.0,0.0,2.3333333333333335,3.0,7.0,3.0,7.0,3.0,7.0
58,12,1.0,0,1,1,0.5909090909090909,0.0,3.0,7.0,0.0,3.0,0.0,0.0,7.0,0.0,57,1.0,43,0.0,0.0,2.3333333333333335,3.0,7.0,3.0,7.0,3.0,7.0
59,12,1.0,0,1,1,0.5909090909090909,0.0,3.0,7.0,0.0,3.0,0.0,0.0,7.0,0.0,58,1.0,43,0.0,0.0,2.3333333333333335,3.0,7.0,3.0,7.0,3.0,7.0
60,12,1.0,0,1,1,0.5909090909090909,0.0,3.0,7.0,0.0,3.0,0.0,0.0,7.0,0.0,59,1.0,43,0.0,0.0,2.3333333333333335,3.0,7.0,3.0,7.0,3.0,7.0
61,12,1.0,0,1,1,0.5909090909090909,0.0,3.0,7.0,0.0,3.0,0.0,0.0,7.0,0.0,60,1.0,43,0.0,0.0,2.3333333333333335,3.0,7.0,3.0,7.0,3.0,7.0
62,12,1.0,0,1,1,0.5909090909090909,0.0,3.0,7.0,0.0,3.0,0.0,0.0,7.0,0.0,61,1.0,43,0.0,0.0,2.3333333333333335,3.0,7.0,3.0,7.0,3.0,7.0
63,12,1.0,0,1,1,0.5909090909090909,0.0,3.0,7.0,0.0,3.0,0.0,0.0,7.0,0.0,62,1.0,43,0.0,0.0,2.3333333333333335,3.0,7.0,3.0,7.0,3.0,7.0
64,12,1.0,0,1,1,0.5909090909090909,0.0,3.0,7.0,0.0,3.0,0.0,0.0,7.0,0.0,63,1.0,43,0.0,0.0,2.3333333333333335,3.0,7.0,3.0,7.0,3.0,7.0
65,12,1.0,0,1,1,0.5909090909090909,0.0,3.0,7.0,0.0,3.0,0.0,0.0,7.0,0.0,64,1.0,43,0.0,0.0,2.3333333333333335,3.0,7.0,3.0,7.0,3.0,7.0
66,12,1.0,0,1,1,0.5909090909090909,0.0,3.0,7.0,0.0,3.0,0.0,0.0,7.0,0.0,65,1.0,43,0.0,0.0,2.3333333333333335,3.0,7.0,3.0,7.0,3.0,7.0
67,12,1.0,0,1,1,0.5909090909090909,0.0,3.0,7.0,0.0,3.0,0.0,0.0,7.0,0.0,66,1.0,43,0.0,0.0,2.3333333333333335,3.0,7.0,3.0,7.0,3.0,7.0
68,12,1.0,0,1,1,0.5909090909090909,0.0,3.0,7.0,0.0,3.0,0.0,0.0,7.0,0.0,67,1.0,43,0.0,0.0,2.3333333333333335,3.0,7.0,3.0,7.0,3.0,7.0
69,12,1.0,0,1,1,0.5909090909090909,0.0,3.0,7.0,0.0,3.0,0.0,0.0,7.0,0.0,68,1.0,43,0.0,0.0,2.3333333333333335,3.0,7.0,3.0,7.0,3.0,7.0
70,12,1.0,0,1,1,0.5909090909090909,0.0,3.0,7.0,0.0,3.0,0.0,0.0,7.0,0.0,69,1.0,43,0.0,0.0,2.3333333333333335,3.0,7.0,3.0,7.0,3.0,7.0
71,12,1.0,0,1,1,0.5909090909090909,0.0,3.0,7.0,0.0,3.0,0.0,0.0,7.0,0.0,70,1.0,43,0.0,0.0,2.3333333333333335,3.0,7.0,3.0,7.0,3.0,7.0
72,12,1.0,0,1,1,0.5909090909090909,0.0,3.0,7.0,0.0,3.0,0.0,0.0,7.0,0.0,71,1.0,43,0.0,0.0,2.3333333333333335,3.0,7.0,3.0,7.0,3.0,7.0
73,12,1.0,0,1,1,0.5909090909090909,0.0,3.0,7.0,0.0,3.0,0.0,0.0,7.0,0.0,72,1.0,43,0.0,0.0,2.3333333333333335,3.0,7.0,3.0,7.0,3.0,7.0
74,12,1.0,0,1,1,0.5909090909090909,0.0,3.0,7.0,0.0,3.0,0.0,0.0,7.0,0.0,73,1.0,43,0.0,0.0,2.3333333333333335,3.0,7.0,3.0,7.0,3.0,7.0
75,12,1.0,0,1,1,0.5909090909090909,0.0,3.0,7.0,0.0,3.0,0.0,0.0,7.0,0.0,74,1.0,43,0.0,0.0,2.3333333333333335,3.0,7.0,3.0,7.0,3.0,7.0
76,12,1.0,0,1,1,0.5909090909090909,0.0,3.0,7.0,0.0,3.0,0.0,0.0,7.0,0.0,75,1.0,43,0.0,0.0,2.3333333333333335,3.0,7.0,3.0,7.0,3.0,7.0
77,12,1.0,0,1,1,0.5909090909090909,0.0,3.0,7.0,0.0,3.0,0.0,0.0,7.0,0.0,76,1.0,43,0.0,0.0,2.3333333333333335,3.0,7.0,3.0,7.0,3.0,7.0
78,12,1.0,0,1,1,0.5909090909090909,0.0,3.0,7.0,0.0,3.0,0.0,0.0,7.0,0.0,77,1.0,43,0.0,0.0,2.3333333333333335,3.0,7.0,3.0,7.0,3.0,7.0
79,12,1.0,0,1,1,0.5909090909090909,0.0,3.0,7.0,0.0,3.0,0.0,0.0,7.0,0.0,78,1.0,43,0.0,0.0,2.3333333333333335,3.0,7.0,3.0,7.0,3.0,7.0
80,12,1.0,0,1,1,0.5909090909090909,0.0,3.0,7.0,0.0,3.0,0.0,0.0,7.0,0.0,79,1.0,43,0.0,0.0,2.3333333333333335,3.0,7.0,3.0,7.0,3.0,7.0
81,12,1.0,0,1,1,0.5909090909090909,0.0,3.0,7.0,0.0,3.0,0.0,0.0,7.0,0.0,80,1.0,43,0.0,0.0,2.3333333333333335,3.0,7.0,3.0,7.0,3.0,7.0
82,12,1.0,0,1,1,0.5909090909090909,0.0,3.0,7.0,0.0,3.0,0.0,0.0,7.0,0.0,81,1.0,43,0.0,0.0,2.3333333333333335,3.0,7.0,3.0,7.0,3.0,7.0
83,12,1.0,0,1,1,0.5909090909090909,0.0,3.0,7.0,0.0,3.0,0.0,0.0,7.0,0.0,82,1.0,43,0.0,0.0,2.3333333333333335,3.0,7.0,3.0,7.0,3.0,7.0
84,12,1.0,0,1,1,0.5909090909090909,0.0,3.0,7.0,0.0,3.0,0.0,0.0,7.0,0.0,83,1.0,43,0.0,0.0,2.3333333333333335,3.0,7.0,3.0,7.0,3.0,7.0
85,12,1.0,0,1,1,0.5909090909090909,0.0,3.0,7.0,0.0,3.0,0.0,0.0,7.0,0.0,84,1.0,43,0.0,0.0,2.3333333333333335,3.0,7.0,3.0,7.0,3.0,7.0
86,12,1.0,0,1,1,0.5909090909090909,0.0,3.0,7.0,0.0,3.0,0.0,0.0,7.0,0.0,85,1.0,43,0.0,0.0,2.3333333333333335,3.0,7.0,3.0,7.0,3.0,7.0
87,12,1.0,0,1,1,0.5909090909090909,0.0,3.0,7.0,0.0,3.0,0.0,0.0,7.0,0.0,86,1.0,43,0.0,0.0,2.3333333333333335,3.0,7.0,3.0,7.0,3.0,7.0
88,12,1.0,0,1,1,0.5909090909090909,0.0,3.0,7.0,0.0,3.0,0.0,0.0,7.0,0.0,87,1.0,43,0.0,0.0,2.3333333333333335,3.0,7.0,3.0,7.0,3.0,7.0
89,12,1.0,0,1,1,0.5909090909090909,0.0,3.0,7.0,0.0,3.0,0.0,0.0,7.0,0.0,88,1.0,43,0.0,0.0,2.3333333333333335,3.0,7.0,3.0,7.0,3.0,7.0
90,12,1.0,0,1,1,0.5909090909090909,0.0,3.0,7.0,0.0,3.0,0.0,0.0,7.0,0.0,89,1.0,43,0.0,0.0,2.3333333333333335,3.0,7.0,3.0,7.0,3.0,7.0
91,12,1.0,0,1,1,0.5909090909090909,0.0,3.0,7.0,0.0,3.0,0.0,0.0,7.0,0.0,90,1.0,43,0.0,0.0,2.3333333333333335,3.0,7.0,3.0,7.0,3.0,7.0
92,12,1.0,0,1,1,0.5909090909090909,0.0,3.0,7.0,0.0,3.0,0.0,0.0,7.0,0.0,91,1.0,43,0.0,0.0,2.3333333333333335,3.0,7.0,3.0,7.0,3.0,7.0
93,12,1.0,0,1,1,0.5909090909090909,0.0,3.0,7.0,0.0,3.0,0.0,0.0,7.0,0.0,92,1.0,43,0.0,0.0,2.3333333333333335,3.0,7.0,3.0,7.0,3.0,7.0
94,12,1.0,0,1,1,0.5909090909090909,0.0,3.0,7.0,0.0,3.0,0.0,0.0,7.0,0.0,93,1.0,43,0.0,0.0,2.3333333333333335,3.0,7.0,3.0,7.0,3.0,7.0
95,12,1.0,0,1,1,0.5909090909090909,0.0,3.0,7.0,0.0,3.0,0.0,0.0,7.0,0.0,94,1.0,43,0.0,0.0,2.3333333333333335,3.0,7.0,3.0,7.0,3.0,7.0
96,12,1.0,0,1,1,0.5909090909090909,0.0,3.0,7.0,0.0,3.0,0.0,0.0,7.0,0.0,95,1.0,43,0.0,0.0,2.3333333333333335,3.0,7.0,3.0,7.0,3.0,7.0
97,12,1.0,0,1,1,0.5909090909090909,0.0,3.0,7.0,0.0,3.0,0.0,0.0,7.0,0.0,96,1.0,43,0.0,0.0,2.3333333333333335,3.0,7.0,3.0,7.0,3.0,7.0
98,12,1.0,0,1,1,0.5909090909090909,0.0,3.0,7.0,0.0,3.0,0.0,0.0,7.0,0.0,97,1.0,43,0.0,0.0,2.3333333333333335,3.0,7.0,3.0,7.0,3.0,7.0
99,12,1.0,0,1,1,0.5909090909090909,0.0,3.0,7.0,0.0,3.0,0.0,0.0,7.0,0.0,98,1.0,43,0.0,0.0,2.3333333333333335,3.0,7.0,3.0,7.0,3.0,7.0
100,12,1.0,0,1,1,0.5909090909090909,0.0,3.0,7.0,0.0,3.0,0.0,0.0,7.0,0.0,99,1.0,43,0.0,0.0,2.3333333333333335,3.0,7.0,3.0,7.0,3.0,7.0
101,12,1.0,0,1,1,0.5909090909090909,0.0,3.0,7.0,0.0,3.0,0.0,0.0,7.0,0.0,100,1.0,43,0.0,0.0,2.3333333333333335,3.0,7.0,3.0,7.0,3.0,7.0
102,12,1.0,0,1,1,0.5909090909090909,0.0,3.0,7.0,0.0,3.0,0.0,0.0,7.0,0.0,101,1.0,43,0.0,0.0,2.3333333333333335,3.0,7.0,3.0,7.0,3.0,7.0
103,12,1.0,0,1,1,0.5909090909090909,0.0,3.0,7.0,0.0,3.0,0.0,0.0,7.0,0.0,102,1.0,43,0.0,0.0,2.3333333333333335,3.0,7.0,3.0,7.0,3.0,7.0
104,12,1.0,0,1,1,0.5909090909090909,0.0,3.0,7.0,0.0,3.0,0.0,0.0,7.0,0.0,103,1.0,43,0.0,0.0,2.3333333333333335,3.0,7.0,3.0,7.0,3.0,7.0
105,12,1.0,0,1,1,0.5909090909090909,0.0,3.0,7.0,0.0,3.0,0.0,0.0,7.0,0.0,104,1.0,43,0.0,0.0,2.3333333333333335,3.0,7.0,3.0,7.0,3.0,7.0
106,12,1.0,0,1,1,0.5909090909090909,0.0,3.0,7.0,0.0,3.0,0.0,0.0,7.0,0.0,105,1.0,43,0.0,0.0,2.3333333333333335,3.0,7.0,3.0,7.0,3.0,7.0
107,12,1.0,0,1,1,0.5909090909090909,0.0,3.0,7.0,0.0,3.0,0.0,0.0,7.0,0.0,106,1.0,43,0.0,0.0,2.3333333333333335,3.0,7.0,3.0,7.0,3.0,7.0
108,12,1.0,0,1,1,0.5909090909090909,0.0,3.0,7.0,0.0,3.0,0.0,0.0,7.0,0.0,107,1.0,43,0.0,0.0,2.3333333333333335,3.0,7.0,3.0,7.0,3.0,7.0
109,12,1.0,0,1,1,0.5909090909090909,0.0,3.0,7.0,0.0,3.0,0.0,0.0,7.0,0.0,108,1.0,43,0.0,0.0,2.3333333333333335,3.0,7.0,3.0,7.0,3.0,7.0
110,12,1.0,0,1,1,0.5909090909090909,0.0,3.0,7.0,0.0,3.0,0.0,0.0,7.0,0.0,109,1.0,43,0.0,0.0,2.3333333333333335,3.0,7.0,3.0,7.0,3.0,7.0
111,12,1.0,0,1,1,0.5909090909090909,0.0,3.0,7.0,0.0,3.0,0.0,0.0,7.0,0.0,110,1.0,43,0.0,0.0,2.3333333333333335,3.0,7.0,3.0,7.0,3.0,7.0
112,12,1.0,0,1,1,0.5909090909090909,0.0,3.0,7.0,0.0,3.0,0.0,0.0,7.0,0.0,111,1.0,43,0.0,0.0,2.3333333333333335,3.0,7.0,3.0,7.0,3.0,7.0
113,12,1.0,0,1,1,0.5909090909090909,0.0,3.0,7.0,0.0,3.0,0.0,0.0,7.0,0.0,112,1.0,43,0.0,0.0,2.3333333333333335,3.0,7.0,3.0,7.0,3.0,7.0
114,12,1.0,0,1,1,0.5909090909090909,0.0,3.0,7.0,0.0,3.0,0.0,0.0,7.0,0.0,113,1.0,43,0.0,0.0,2.3333333333333335,3.0,7.0,3.0,7.0,3.0,7.0
115,12,1.0,0,1,1,0.5909090909090909,0.0,3.0,7.0,0.0,3.0,0.0,0.0,7.0,0.0,114,1.0,43,0.0,0.0,2.3333333333333335,3.0,7.0,3.0,7.0,3.0,7.0
116,12,1.0,0,1,1,0.5909090909090909,0.0,3.0,7.0,0.0,3.0,0.0,0.0,7.0,0.0,115,1.0,43,0.0,0.0,2.3333333333333335,3.0,7.0,3.0,7.0,3.0,7.0
117,12,1.0,0,1,1,0.5909090909090909,0.0,3.0,7.0,0.0,3.0,0.0,0.0,7.0,0.0,116,1.0,43,0.0,0.0,2.3333333333333335,3.0,7.0,3.0,7.0,3.0,7.0
118,12,1.0,0,1,1,0.5909090909090909,0.0,3.0,7.0,0.0,3.0,0.0,0.0,7.0,0.0,117,1.0,43,0.0,0.0,2.3333333333333335,3.0,7.0,3.0,7.0,3.0,7.0
119,12,1.0,0,1,1,0.5909090909090909,0.0,3.0,7.0,0.0,3.0,0.0,0.0,7.0,0.0,118,1.0,43,0.0,0.0,2.3333333333333335,3.0,7.0,3.0,7.0,3.0,7.0
120,12,1.0,0,1,1,0.5909090909090909,0.0,3.0,7.0,0.0,3.0,0.0,0.0,7.0,0.0,119,1.0,43,0.0,0.0,2.3333333333333335,3.0,7.0,3.0,7.0,3.0,7.0
121,12,1.0,0,1,1,0.5909090909090909,0.0,3.0,7.0,0.0,3.0,0.0,0.0,7.0,0.0,120,1.0,43,0.0,0.0,2.3333333333333335,3.0,7.0,3.0,7.0,3.0,7.0
122,12,1.0,0,1,1,0.5909090909090909,0.0,3.0,7.0,0.0,3.0,0.0,0.0,7.0,0.0,121,1.0,43,0.0,0.0,2.3333333333333335,3.0,7.0,3.0,7.0,3.0,7.0
1,13,0.0,1,0,1,0.6363636363636364,0.0,6.0,10.0,0.0,6.0,0.0,0.0,10.0,0.0,0,0.0,0,0.0,0.0,1.6666666666666667,0.0,0.0,0.0,0.0,0.0,0.0
2,13,0.0,1,0,1,0.6363636363636364,0.0,6.0,10.0,0.0,6.0,0.0,0.0,10.0,0.0,1,0.5,43,0.0,0.0,1.6666666666666667,6.0,10.0,0.0,0.0,0.0,0.0
3,13,0.0,1,0,1,0.6363636363636364,0.0,6.0,10.0,0.0,6.0,0.0,0.0,10.0,0.0,2,0.6666666666666666,43,0.0,0.0,1.6666666666666667,6.0,10.0,6.0,10.0,0.0,0.0
4,13,0.0,0,1,1,0.6363636363636364,0.0,6.0,10.0,0.0,6.0,0.0,0.0,10.0,0.0,3,0.75,43,0.0,0.0,1.6666666666666667,6.0,10.0,6.0,10.0,6.0,10.0
5,13,0.0,0,1,1,0.6363636363636364,0.0,6.0,10.0,0.0,6.0,0.0,0.0,10.0,0.0,4,0.8,43,0.0,0.0,1.6666666666666667,6.0,10.0,6.0,10.0,6.0,10.0
6,13,0.0,0,1,1,0.6363636363636364,0.047619047619047616,5.6,9.6,-1.6089664627846396,6.0,0.0,-1.6089664627846396,10.0,0.0,0,0.8,26,-2.0,-2.0,2.0,6.0,10.0,6.0,10.0,6.0,10.0
7,13,0.0,0,1,1,0.6363636363636364,0.09523809523809523,4.8,9.0,-1.4823800218180343,6.0,0.0,-1.3208176506262261,10.0,0.0,0,0.6,26,-4.0,-3.0,3.5,4.0,8.0,6.0,10.0,6.0,10.0
8,13,0.0,0,1,1,0.6818181818181818,0.09523809523809523,4.0,8.4,-0.9523809523809526,6.0,0.0,-0.8660284385739889,10.0,0.0,0,0.4,27,-4.0,-3.0,3.5,2.0,7.0,4.0,8.0,6.0,10.0
9,13,0.0,0,1,1,0.7272727272727273,0.09523809523809523,3.4,7.6,-0.22556559900618653,6.0,0.0,-0.9897467869417012,10.0,0.0,0,0.2,26,-3.0,-4.0,2.0,2.0,7.0,2.0,7.0,4.0,8.0
10,13,0.0,0,1,1,0.7272727272727273,0.14285714285714285,2.6,6.4,-0.6033624235442404,4.0,0.0,-1.4846201804125523,8.0,0.0,0,0.0,26,-4.0,-6.0,2.0,3.0,6.0,2.0,7.0,2.0,7.0
11,13,0.0,0,1,1,0.7272727272727273,0.19047619047619047,2.0,5.4,-1.2389934309929556,3.0,-1.0,-1.2522238631916074,7.0,-3.0,0,0.0,28,-3.0,-5.0,3.0,2.0,4.0,3.0,6.0,2.0,7.0
12,13,0.0,0,1,1,0.6818181818181818,0.19047619047619047,1.8,4.4,-0.8540985814887839,3.0,3.0,-1.1041365792071451,7.0,-2.0,0,0.0,34,-1.0,-5.0,2.0,1.0,3.0,2.0,4.0,3.0,6.0
13,13,0.0,0,1,1,0.6818181818181818,0.19047619047619047,1.6,3.4,-0.6033624235442404,3.0,3.0,-0.7894795965216526,6.0,-2.0,1,0.2,30,-1.0,-5.0,2.0,1.0,2.0,1.0,3.0,2.0,4.0
14,13,0.0,0,1,1,0.6818181818181818,0.19047619047619047,1.2,2.6,-0.36548799526311426,2.0,1.0,-0.6033624235442392,4.0,0.0,2,0.4,25,-2.0,-4.0,2.0,1.0,2.0,1.0,2.0,1.0,3.0
15,13,0.0,0,1,1,0.6363636363636364,0.19047619047619047,0.8,2.2,-1.4619519810524546,1.0,2.0,-0.3654879952631117,3.0,4.0,0,0.4,29,-2.0,-2.0,2.0,1.0,2.0,1.0,2.0,1.0,2.0
16,13,0.0,0,1,1,0.5909090909090909,0.19047619047619047,0.6,2.2,-0.9263225327693092,1.0,2.0,1.4619519810524544,3.0,5.0,0,0.4,29,-1.0,0.0,3.0,0.0,2.0,1.0,2.0,1.0,2.0
17,13,0.0,0,1,1,0.5454545454545454,0.19047619047619047,0.4,2.6,-0.6175483551795395,1.0,0.0,1.4078456549365599,4.0,7.0,0,0.4,29,-1.0,2.0,4.0,0.0,3.0,0.0,2.0,1.0,2.0
18,13,0.0,0,1,1,0.5,0.19047619047619047,0.2,2.8,-0.36548799526311365,1.0,0.0,0.21352464537219606,4.0,6.0,0,0.2,30,-1.0,1.0,3.0,0.0,4.0,0.0,3.0,0.0,2.0
19,13,0.0,0,1,1,0.5,0.23809523809523808,0.2,3.0,1.4619519810524546,1.0,2.0,0.0,4.0,5.0,0,0.0,34,0.0,1.0,3.0,0.0,3.0,0.0,4.0,0.0,3.0
20,13,0.0,0,1,1,0.5,0.2857142857142857,0.4,3.2,0.9263225327693092,1.0,3.0,-0.3654879952631141,4.0,3.0,0,0.0,33,1.0,1.0,3.0,1.0,3.0,0.0,3.0,0.0,4.0
21,13,0.0,0,1,1,0.5,0.3333333333333333,0.8,3.2,1.2811478722331748,2.0,3.0,-0.3654879952631141,4.0,0.0,0,0.0,33,2.0,0.0,1.5,1.0,3.0,1.0,3.0,0.0,3.0
22,13,1.0,0,1,1,0.5,0.38095238095238093,1.0,3.2,0.0,2.0,2.0,1.4619519810524544,4.0,-2.0,0,0.0,34,1.0,0.0,4.0,2.0,3.0,1.0,3.0,1.0,3.0
23,13,1.0,0,1,1,0.5,0.42857142857142855,1.2,3.6,-0.3654879952631136,2.0,2.0,1.4078456549365599,5.0,1.0,0,0.0,35,1.0,2.0,5.0,1.0,4.0,2.0,3.0,1.0,3.0
24,13,1.0,0,1,1,0.45454545454545453,0.42857142857142855,1.6,4.2,1.4078456549365599,3.0,2.0,1.2821969620550018,6.0,2.0,0,0.0,35,2.0,3.0,2.0,1.0,5.0,1.0,4.0,2.0,3.0
25,13,1.0,0,1,1,0.4090909090909091,0.42857142857142855,2.4,4.6,1.4661763935402123,5.0,3.0,0.3225350155346167,6.0,1.0,0,0.0,33,4.0,2.0,1.0,3.0,6.0,1.0,5.0,1.0,4.0
26,13,1.0,0,1,1,0.4090909090909091,0.42857142857142855,3.0,5.0,0.9523809523809523,5.0,1.0,0.0,6.0,2.0,1,0.2,35,3.0,2.0,1.0,5.0,5.0,3.0,6.0,1.0,5.0
27,13,1.0,0,1,1,0.4090909090909091,0.42857142857142855,3.8,5.2,0.6353057236363004,5.0,3.0,-0.3654879952631141,6.0,1.0,2,0.4,36,4.0,1.0,1.0,5.0,5.0,5.0,5.0,3.0,6.0
28,13,1.0,0,1,1,0.4090909090909091,0.42857142857142855,4.6,5.4,0.4022416156961602,5.0,3.0,0.9263225327693091,6.0,-1.0,3,0.6,34,4.0,1.0,1.2,5.0,5.0,5.0,5.0,5.0,5.0
29,13,1.0,0,1,1,0.4090909090909091,0.42857142857142855,5.0,5.4,0.0,5.0,0.0,0.9263225327693091,6.0,-3.0,4,0.8,33,2.0,0.0,1.2,5.0,6.0,5.0,5.0,5.0,5.0
30,13,1.0,0,1,1,0.4090909090909091,0.42857142857142855,5.2,5.6,1.4619519810524544,6.0,-3.0,0.6175483551795403,6.0,-1.0,5,1.0,35,1.0,1.0,1.0,5.0,6.0,5.0,6.0,5.0,5.0
31,13,1.0,0,1,1,0.4090909090909091,0.42857142857142855,5.4,5.8,0.9263225327693089,6.0,-2.0,0.3654879952631141,6.0,-1.0,6,1.0,36,1.0,1.0,1.0,6.0,6.0,5.0,6.0,5.0,6.0
32,13,1.0,0,1,1,0.4090909090909091,0.42857142857142855,5.6,6.0,0.6175483551795402,6.0,-3.0,0.0,6.0,0.0,7,1.0,37,1.0,1.0,1.0,6.0,6.0,6.0,6.0,5.0,6.0
33,13,1.0,0,1,1,0.4090909090909091,0.42857142857142855,5.8,6.0,0.365487995263114,6.0,-3.0,0.0,6.0,-1.0,8,1.0,39,1.0,0.0,1.0,6.0,6.0,6.0,6.0,6.0,6.0
34,13,1.0,0,1,1,0.4090909090909091,0.42857142857142855,6.0,6.0,0.0,6.0,-1.0,0.0,6.0,0.0,9,1.0,39,1.0,0.0,1.0,6.0,6.0,6.0,6.0,6.0,6.0
35,13,1.0,0,1,1,0.4090909090909091,0.42857142857142855,6.0,6.0,0.0,6.0,-1.0,0.0,6.0,-1.0,10,1.0,38,0.0,0.0,1.0,6.0,6.0,6.0,6.0,6.0,6.0
36,13,1.0,0,1,1,0.4090909090909091,0.42857142857142855,6.0,6.2,0.0,6.0,-1.0,1.4619519810524544,7.0,0.0,11,1.0,38,0.0,1.0,1.1666666666666667,6.0,6.0,6.0,6.0,6.0,6.0
37,13,1.0,0,1,1,0.4090909090909091,0.42857142857142855,5.8,6.4,-1.4619519810524544,6.0,-2.0,0.9263225327693089,7.0,0.0,12,1.0,39,-1.0,1.0,1.4,6.0,7.0,6.0,6.0,6.0,6.0
38,13,1.0,0,1,1,0.4090909090909091,0.42857142857142855,5.6,6.8,-0.9263225327693089,6.0,-2.0,1.281147872233175,8.0,2.0,13,1.0,38,-1.0,2.0,1.6,5.0,7.0,6.0,7.0,6.0,6.0
39,13,1.0,0,1,1,0.4090909090909091,0.42857142857142855,5.6,7.0,0.6175483551795402,6.0,-1.0,0.0,8.0,1.0,14,1.0,38,0.0,1.0,1.1666666666666667,5.0,8.0,5.0,7.0,6.0,7.0
40,13,1.0,0,1,1,0.4090909090909091,0.42857142857142855,5.4,7.2,-0.6175483551795402,6.0,-1.0,-0.36548799526311393,8.0,1.0,15,1.0,40,-1.0,1.0,1.4,6.0,7.0,5.0,8.0,5.0,7.0
41,13,1.0,0,1,1,0.4090909090909091,0.42857142857142855,5.2,7.0,-0.365487995263114,6.0,-1.0,-1.238993430992954,8.0,-2.0,16,1.0,41,-1.0,-1.0,1.2,5.0,7.0,6.0,7.0,5.0,8.0
42,13,1.0,0,1,1,0.4090909090909091,0.42857142857142855,5.2,6.8,-0.365487995263114,6.0,1.0,-0.854098581488783,8.0,-2.0,17,1.0,41,0.0,-1.0,1.2,5.0,6.0,5.0,7.0,6.0,7.0
43,13,1.0,0,1,1,0.4090909090909091,0.42857142857142855,5.4,6.4,0.9263225327693089,6.0,2.0,-0.6175483551795401,7.0,-4.0,18,1.0,41,1.0,-2.0,1.0,5.0,6.0,5.0,6.0,5.0,7.0
44,13,1.0,0,1,1,0.4090909090909091,0.42857142857142855,5.2,6.2,-0.365487995263114,6.0,-1.0,-0.36548799526311393,7.0,-2.0,19,1.0,42,-1.0,-1.0,1.2,6.0,6.0,5.0,6.0,5.0,6.0
45,13,1.0,0,1,1,0.4090909090909091,0.42857142857142855,5.2,6.0,-0.365487995263114,6.0,1.0,0.0,6.0,-2.0,20,1.0,41,0.0,-1.0,1.2,5.0,6.0,6.0,6.0,5.0,6.0
46,13,1.0,0,1,1,0.4090909090909091,0.42857142857142855,5.2,5.8,-0.365487995263114,6.0,1.0,-1.4619519810524544,6.0,0.0,21,1.0,41,0.0,-1.0,1.0,5.0,6.0,5.0,6.0,6.0,6.0
47,13,1.0,0,1,1,0.4090909090909091,0.42857142857142855,5.2,5.6,-0.365487995263114,6.0,0.0,-0.9263225327693089,6.0,0.0,22,1.0,41,0.0,-1.0,1.0,5.0,5.0,5.0,6.0,5.0,6.0
48,13,1.0,0,1,1,0.4090909090909091,0.42857142857142855,5.0,5.4,0.0,5.0,-2.0,-0.6175483551795402,6.0,1.0,23,1.0,42,-1.0,-1.0,1.0,5.0,5.0,5.0,5.0,5.0,6.0
49,13,1.0,0,1,1,0.4090909090909091,0.42857142857142855,5.0,5.2,0.0,5.0,1.0,-0.365487995263114,6.0,0.0,24,1.0,42,0.0,-1.0,1.0,5.0,5.0,5.0,5.0,5.0,5.0
50,13,1.0,0,1,1,0.4090909090909091,0.42857142857142855,5.0,5.0,0.0,5.0,0.0,0.0,5.0,0.0,25,1.0,42,0.0,-1.0,1.0,5.0,5.0,5.0,5.0,5.0,5.0
51,13,1.0,0,1,1,0.4090909090909091,0.42857142857142855,5.0,5.0,0.0,5.0,0.0,0.0,5.0,1.0,26,1.0,42,0.0,0.0,1.0,5.0,5.0,5.0,5.0,5.0,5.0
52,13,1.0,0,1,1,0.4090909090909091,0.42857142857142855,5.0,5.0,0.0,5.0,0.0,0.0,5.0,1.0,27,1.0,42,0.0,0.0,1.0,5.0,5.0,5.0,5.0,5.0,5.0
53,13,1.0,0,1,1,0.4090909090909091,0.42857142857142855,5.0,5.0,0.0,5.0,1.0,0.0,5.0,1.0,28,1.0,42,0.0,0.0,1.0,5.0,5.0,5.0,5.0,5.0,5.0
54,13,1.0,0,1,1,0.4090909090909091,0.42857142857142855,5.0,5.0,0.0,5.0,0.0,0.0,5.0,1.0,29,1.0,43,0.0,0.0,1.0,5.0,5.0,5.0,5.0,5.0,5.0
55,13,1.0,0,1,1,0.4090909090909091,0.42857142857142855,5.0,5.0,0.0,5.0,0.0,0.0,5.0,1.0,30,1.0,43,0.0,0.0,1.0,5.0,5.0,5.0,5.0,5.0,5.0
56,13,1.0,0,1,1,0.4090909090909091,0.42857142857142855,5.0,5.0,0.0,5.0,0.0,0.0,5.0,0.0,31,1.0,43,0.0,0.0,1.0,5.0,5.0,5.0,5.0,5.0,5.0
57,13,1.0,0,1,1,0.4090909090909091,0.42857142857142855,5.0,5.0,0.0,5.0,0.0,0.0,5.0,0.0,32,1.0,43,0.0,0.0,1.0,5.0,5.0,5.0,5.0,5.0,5.0
58,13,1.0,0,1,1,0.4090909090909091,0.42857142857142855,5.0,5.0,0.0,5.0,0.0,0.0,5.0,0.0,33,1.0,43,0.0,0.0,1.0,5.0,5.0,5.0,5.0,5.0,5.0
59,13,1.0,0,1,1,0.4090909090909091,0.42857142857142855,5.0,5.0,0.0,5.0,0.0,0.0,5.0,0.0,34,1.0,43,0.0,0.0,1.0,5.0,5.0,5.0,5.0,5.0,5.0
60,13,1.0,0,1,1,0.4090909090909091,0.42857142857142855,5.0,5.0,0.0,5.0,0.0,0.0,5.0,0.0,35,1.0,43,0.0,0.0,1.0,5.0,5.0,5.0,5.0,5.0,5.0
61,13,1.0,0,1,1,0.4090909090909091,0.42857142857142855,5.0,5.0,0.0,5.0,0.0,0.0,5.0,0.0,36,1.0,43,0.0,0.0,1.0,5.0,5.0,5.0,5.0,5.0,5.0
62,13,1.0,0,1,1,0.4090909090909091,0.42857142857142855,5.0,5.0,0.0,5.0,0.0,0.0,5.0,0.0,37,1.0,43,0.0,0.0,1.0,5.0,5.0,5.0,5.0,5.0,5.0
63,13,1.0,0,1,1,0.4090909090909091,0.42857142857142855,5.0,5.0,0.0,5.0,0.0,0.0,5.0,0.0,38,1.0,43,0.0,0.0,1.0,5.0,5.0,5.0,5.0,5.0,5.0
64,13,1.0,0,1,1,0.4090909090909091,0.42857142857142855,5.0,5.0,0.0,5.0,0.0,0.0,5.0,0.0,39,1.0,43,0.0,0.0,1.0,5.0,5.0,5.0,5.0,5.0,5.0
65,13,1.0,0,1,1,0.4090909090909091,0.42857142857142855,5.0,5.0,0.0,5.0,0.0,0.0,5.0,0.0,40,1.0,43,0.0,0.0,1.0,5.0,5.0,5.0,5.0,5.0,5.0
66,13,1.0,0,1,1,0.4090909090909091,0.42857142857142855,5.0,5.0,0.0,5.0,0.0,0.0,5.0,0.0,41,1.0,43,0.0,0.0,1.0,5.0,5.0,5.0,5.0,5.0,5.0
67,13,1.0,0,1,1,0.4090909090909091,0.42857142857142855,5.0,5.0,0.0,5.0,0.0,0.0,5.0,0.0,42,1.0,43,0.0,0.0,1.0,5.0,5.0,5.0,5.0,5.0,5.0
68,13,1.0,0,1,1,0.4090909090909091,0.42857142857142855,5.0,5.0,0.0,5.0,0.0,0.0,5.0,0.0,43,1.0,43,0.0,0.0,1.0,5.0,5.0,5.0,5.0,5.0,5.0
69,13,1.0,0,1,1,0.4090909090909091,0.42857142857142855,5.0,5.0,0.0,5.0,0.0,0.0,5.0,0.0,44,1.0,43,0.0,0.0,1.0,5.0,5.0,5.0,5.0,5.0,5.0
70,13,1.0,0,1,1,0.4090909090909091,0.42857142857142855,5.0,5.0,0.0,5.0,0.0,0.0,5.0,0.0,45,1.0,43,0.0,0.0,1.0,5.0,5.0,5.0,5.0,5.0,5.0
71,13,1.0,0,1,1,0.4090909090909091,0.42857142857142855,5.0,5.0,0.0,5.0,0.0,0.0,5.0,0.0,46,1.0,43,0.0,0.0,1.0,5.0,5.0,5.0,5.0,5.0,5.0
72,13,1.0,0,1,1,0.4090909090909091,0.42857142857142855,5.0,5.0,0.0,5.0,0.0,0.0,5.0,0.0,47,1.0,43,0.0,0.0,1.0,5.0,5.0,5.0,5.0,5.0,5.0
73,13,1.0,0,1,1,0.4090909090909091,0.42857142857142855,5.0,5.0,0.0,5.0,0.0,0.0,5.0,0.0,48,1.0,43,0.0,0.0,1.0,5.0,5.0,5.0,5.0,5.0,5.0
74,13,1.0,0,1,1,0.4090909090909091,0.42857142857142855,5.0,5.0,0.0,5.0,0.0,0.0,5.0,0.0,49,1.0,43,0.0,0.0,1.0,5.0,5.0,5.0,5.0,5.0,5.0
75,13,1.0,0,1,1,0.4090909090909091,0.42857142857142855,5.0,5.0,0.0,5.0,0.0,0.0,5.0,0.0,50,1.0,43,0.0,0.0,1.0,5.0,5.0,5.0,5.0,5.0,5.0
76,13,1.0,0,1,1,0.4090909090909091,0.42857142857142855,5.0,5.0,0.0,5.0,0.0,0.0,5.0,0.0,51,1.0,43,0.0,0.0,1.0,5.0,5.0,5.0,5.0,5.0,5.0
77,13,1.0,0,1,1,0.4090909090909091,0.42857142857142855,5.0,5.0,0.0,5.0,0.0,0.0,5.0,0.0,52,1.0,43,0.0,0.0,1.0,5.0,5.0,5.0,5.0,5.0,5.0
78,13,1.0,0,1,1,0.4090909090909091,0.42857142857142855,5.0,5.0,0.0,5.0,0.0,0.0,5.0,0.0,53,1.0,43,0.0,0.0,1.0,5.0,5.0,5.0,5.0,5.0,5.0
79,13,1.0,0,1,1,0.4090909090909091,0.42857142857142855,5.0,5.0,0.0,5.0,0.0,0.0,5.0,0.0,54,1.0,43,0.0,0.0,1.0,5.0,5.0,5.0,5.0,5.0,5.0
80,13,1.0,0,1,1,0.4090909090909091,0.42857142857142855,5.0,5.0,0.0,5.0,0.0,0.0,5.0,0.0,55,1.0,43,0.0,0.0,1.0,5.0,5.0,5.0,5.0,5.0,5.0
81,13,1.0,0,1,1,0.4090909090909091,0.42857142857142855,5.0,5.0,0.0,5.0,0.0,0.0,5.0,0.0,56,1.0,43,0.0,0.0,1.0,5.0,5.0,5.0,5.0,5.0,5.0
82,13,1.0,0,1,1,0.4090909090909091,0.42857142857142855,5.0,5.0,0.0,5.0,0.0,0.0,5.0,0.0,57,1.0,43,0.0,0.0,1.0,5.0,5.0,5.0,5.0,5.0,5.0
83,13,1.0,0,1,1,0.4090909090909091,0.42857142857142855,5.0,5.0,0.0,5.0,0.0,0.0,5.0,0.0,58,1.0,43,0.0,0.0,1.0,5.0,5.0,5.0,5.0,5.0,5.0
84,13,1.0,0,1,1,0.4090909090909091,0.42857142857142855,5.0,5.0,0.0,5.0,0.0,0.0,5.0,0.0,59,1.0,43,0.0,0.0,1.0,5.0,5.0,5.0,5.0,5.0,5.0
85,13,1.0,0,1,1,0.4090909090909091,0.42857142857142855,5.0,5.0,0.0,5.0,0.0,0.0,5.0,0.0,60,1.0,43,0.0,0.0,1.0,5.0,5.0,5.0,5.0,5.0,5.0
86,13,1.0,0,1,1,0.4090909090909091,0.42857142857142855,5.0,5.0,0.0,5.0,0.0,0.0,5.0,0.0,61,1.0,43,0.0,0.0,1.0,5.0,5.0,5.0,5.0,5.0,5.0
87,13,1.0,0,1,1,0.4090909090909091,0.42857142857142855,5.0,5.0,0.0,5.0,0.0,0.0,5.0,0.0,62,1.0,43,0.0,0.0,1.0,5.0,5.0,5.0,5.0,5.0,5.0
88,13,1.0,0,1,1,0.4090909090909091,0.42857142857142855,5.0,5.0,0.0,5.0,0.0,0.0,5.0,0.0,63,1.0,43,0.0,0.0,1.0,5.0,5.0,5.0,5.0,5.0,5.0
89,13,1.0,0,1,1,0.4090909090909091,0.42857142857142855,5.0,5.0,0.0,5.0,0.0,0.0,5.0,0.0,64,1.0,43,0.0,0.0,1.0,5.0,5.0,5.0,5.0,5.0,5.0
90,13,1.0,0,1,1,0.4090909090909091,0.42857142857142855,5.0,5.0,0.0,5.0,0.0,0.0,5.0,0.0,65,1.0,43,0.0,0.0,1.0,5.0,5.0,5.0,5.0,5.0,5.0
91,13,1.0,0,1,1,0.4090909090909091,0.42857142857142855,5.0,5.0,0.0,5.0,0.0,0.0,5.0,0.0,66,1.0,43,0.0,0.0,1.0,5.0,5.0,5.0,5.0,5.0,5.0
92,13,1.0,0,1,1,0.4090909090909091,0.42857142857142855,5.0,5.0,0.0,5.0,0.0,0.0,5.0,0.0,67,1.0,43,0.0,0.0,1.0,5.0,5.0,5.0,5.0,5.0,5.0
93,13,1.0,0,1,1,0.4090909090909091,0.42857142857142855,5.0,5.0,0.0,5.0,0.0,0.0,5.0,0.0,68,1.0,43,0.0,0.0,1.0,5.0,5.0,5.0,5.0,5.0,5.0
94,13,1.0,0,1,1,0.4090909090909091,0.42857142857142855,5.0,5.0,0.0,5.0,0.0,0.0,5.0,0.0,69,1.0,43,0.0,0.0,1.0,5.0,5.0,5.0,5.0,5.0,5.0
95,13,1.0,0,1,1,0.4090909090909091,0.42857142857142855,5.0,5.0,0.0,5.0,0.0,0.0,5.0,0.0,70,1.0,43,0.0,0.0,1.0,5.0,5.0,5.0,5.0,5.0,5.0
96,13,1.0,0,1,1,0.4090909090909091,0.42857142857142855,5.0,5.0,0.0,5.0,0.0,0.0,5.0,0.0,71,1.0,43,0.0,0.0,1.0,5.0,5.0,5.0,5.0,5.0,5.0
97,13,1.0,0,1,1,0.4090909090909091,0.42857142857142855,5.0,5.0,0.0,5.0,0.0,0.0,5.0,0.0,72,1.0,43,0.0,0.0,1.0,5.0,5.0,5.0,5.0,5.0,5.0
98,13,1.0,0,1,1,0.4090909090909091,0.42857142857142855,5.0,5.0,0.0,5.0,0.0,0.0,5.0,0.0,73,1.0,43,0.0,0.0,1.0,5.0,5.0,5.0,5.0,5.0,5.0
99,13,1.0,0,1,1,0.4090909090909091,0.42857142857142855,5.0,5.0,0.0,5.0,0.0,0.0,5.0,0.0,74,1.0,43,0.0,0.0,1.0,5.0,5.0,5.0,5.0,5.0,5.0
100,13,1.0,0,1,1,0.4090909090909091,0.42857142857142855,5.0,5.0,0.0,5.0,0.0,0.0,5.0,0.0,75,1.0,43,0.0,0.0,1.0,5.0,5.0,5.0,5.0,5.0,5.0
101,13,1.0,0,1,1,0.4090909090909091,0.42857142857142855,5.0,5.0,0.0,5.0,0.0,0.0,5.0,0.0,76,1.0,43,0.0,0.0,1.0,5.0,5.0,5.0,5.0,5.0,5.0
102,13,1.0,0,1,1,0.4090909090909091,0.42857142857142855,5.0,5.0,0.0,5.0,0.0,0.0,5.0,0.0,77,1.0,43,0.0,0.0,1.0,5.0,5.0,5.0,5.0,5.0,5.0
103,13,1.0,0,1,1,0.4090909090909091,0.42857142857142855,5.0,5.0,0.0,5.0,0.0,0.0,5.0,0.0,78,1.0,43,0.0,0.0,1.0,5.0,5.0,5.0,5.0,5.0,5.0
104,13,1.0,0,1,1,0.4090909090909091,0.42857142857142855,5.0,5.0,0.0,5.0,0.0,0.0,5.0,0.0,79,1.0,43,0.0,0.0,1.0,5.0,5.0,5.0,5.0,5.0,5.0
105,13,1.0,0,1,1,0.4090909090909091,0.42857142857142855,5.0,5.0,0.0,5.0,0.0,0.0,5.0,0.0,80,1.0,43,0.0,0.0,1.0,5.0,5.0,5.0,5.0,5.0,5.0
106,13,1.0,0,1,1,0.4090909090909091,0.42857142857142855,5.0,5.0,0.0,5.0,0.0,0.0,5.0,0.0,81,1.0,43,0.0,0.0,1.0,5.0,5.0,5.0,5.0,5.0,5.0
107,13,1.0,0,1,1,0.4090909090909091,0.42857142857142855,5.0,5.0,0.0,5.0,0.0,0.0,5.0,0.0,82,1.0,43,0.0,0.0,1.0,5.0,5.0,5.0,5.0,5.0,5.0
108,13,1.0,0,1,1,0.4090909090909091,0.42857142857142855,5.0,5.0,0.0,5.0,0.0,0.0,5.0,0.0,83,1.0,43,0.0,0.0,1.0,5.0,5.0,5.0,5.0,5.0,5.0
109,13,1.0,0,1,1,0.4090909090909091,0.42857142857142855,5.0,5.0,0.0,5.0,0.0,0.0,5.0,0.0,84,1.0,43,0.0,0.0,1.0,5.0,5.0,5.0,5.0,5.0,5.0
110,13,1.0,0,1,1,0.4090909090909091,0.42857142857142855,5.0,5.0,0.0,5.0,0.0,0.0,5.0,0.0,85,1.0,43,0.0,0.0,1.0,5.0,5.0,5.0,5.0,5.0,5.0
111,13,1.0,0,1,1,0.4090909090909091,0.42857142857142855,5.0,5.0,0.0,5.0,0.0,0.0,5.0,0.0,86,1.0,43,0.0,0.0,1.0,5.0,5.0,5.0,5.0,5.0,5.0
112,13,1.0,0,1,1,0.4090909090909091,0.42857142857142855,5.0,5.0,0.0,5.0,0.0,0.0,5.0,0.0,87,1.0,43,0.0,0.0,1.0,5.0,5.0,5.0,5.0,5.0,5.0
113,13,1.0,0,1,1,0.4090909090909091,0.42857142857142855,5.0,5.0,0.0,5.0,0.0,0.0,5.0,0.0,88,1.0,43,0.0,0.0,1.0,5.0,5.0,5.0,5.0,5.0,5.0
114,13,1.0,0,1,1,0.4090909090909091,0.42857142857142855,5.0,5.0,0.0,5.0,0.0,0.0,5.0,0.0,89,1.0,43,0.0,0.0,1.0,5.0,5.0,5.0,5.0,5.0,5.0
115,13,1.0,0,1,1,0.4090909090909091,0.42857142857142855,5.0,5.0,0.0,5.0,0.0,0.0,5.0,0.0,90,1.0,43,0.0,0.0,1.0,5.0,5.0,5.0,5.0,5.0,5.0
116,13,1.0,0,1,1,0.4090909090909091,0.42857142857142855,5.0,5.0,0.0,5.0,0.0,0.0,5.0,0.0,91,1.0,43,0.0,0.0,1.0,5.0,5.0,5.0,5.0,5.0,5.0
117,13,1.0,0,1,1,0.4090909090909091,0.42857142857142855,5.0,5.0,0.0,5.0,0.0,0.0,5.0,0.0,92,1.0,43,0.0,0.0,1.0,5.0,5.0,5.0,5.0,5.0,5.0
118,13,1.0,0,1,1,0.4090909090909091,0.42857142857142855,5.0,5.0,0.0,5.0,0.0,0.0,5.0,0.0,93,1.0,43,0.0,0.0,1.0,5.0,5.0,5.0,5.0,5.0,5.0
119,13,1.0,0,1,1,0.4090909090909091,0.42857142857142855,5.0,5.0,0.0,5.0,0.0,0.0,5.0,0.0,94,1.0,43,0.0,0.0,1.0,5.0,5.0,5.0,5.0,5.0,5.0
120,13,1.0,0,1,1,0.4090909090909091,0.42857142857142855,5.0,5.0,0.0,5.0,0.0,0.0,5.0,0.0,95,1.0,43,0.0,0.0,1.0,5.0,5.0,5.0,5.0,5.0,5.0
121,13,1.0,0,1,1,0.4090909090909091,0.42857142857142855,5.0,5.0,0.0,5.0,0.0,0.0,5.0,0.0,96,1.0,43,0.0,0.0,1.0,5.0,5.0,5.0,5.0,5.0,5.0
122,13,1.0,0,1,1,0.4090909090909091,0.42857142857142855,5.0,5.0,0.0,5.0,0.0,0.0,5.0,0.0,97,1.0,43,0.0,0.0,1.0,5.0,5.0,5.0,5.0,5.0,5.0
1,14,0.0,1,0,1,0.6818181818181818,0.0,6.0,10.0,0.0,6.0,0.0,0.0,10.0,0.0,0,0.0,0,0.0,0.0,1.6666666666666667,0.0,0.0,0.0,0.0,0.0,0.0
2,14,0.0,1,0,1,0.6818181818181818,0.0,6.0,10.0,0.0,6.0,0.0,0.0,10.0,0.0,1,0.5,43,0.0,0.0,1.6666666666666667,6.0,10.0,0.0,0.0,0.0,0.0
3,14,0.0,1,0,1,0.6818181818181818,0.0,6.0,10.0,0.0,6.0,0.0,0.0,10.0,0.0,2,0.6666666666666666,43,0.0,0.0,1.6666666666666667,6.0,10.0,6.0,10.0,0.0,0.0
4,14,0.0,0,1,1,0.6818181818181818,0.0,6.0,10.0,0.0,6.0,0.0,0.0,10.0,0.0,3,0.75,43,0.0,0.0,1.6666666666666667,6.0,10.0,6.0,10.0,6.0,10.0
5,14,0.0,0,1,1,0.6818181818181818,0.0,6.0,10.0,0.0,6.0,0.0,0.0,10.0,0.0,4,0.8,43,0.0,0.0,1.6666666666666667,6.0,10.0,6.0,10.0,6.0,10.0
6,14,0.0,0,1,1,0.6818181818181818,0.047619047619047616,5.6,9.8,-1.6089664627846396,6.0,0.0,-1.461951981052455,10.0,0.0,0,0.8,26,-2.0,-1.0,2.25,6.0,10.0,6.0,10.0,6.0,10.0
7,14,0.0,0,1,1,0.6818181818181818,0.09523809523809523,4.8,9.2,-1.4823800218180343,6.0,0.0,-1.5671296202894465,10.0,0.0,0,0.6,26,-4.0,-3.0,3.5,4.0,9.0,6.0,10.0,6.0,10.0
8,14,0.0,0,1,1,0.7272727272727273,0.09523809523809523,4.2,8.6,-0.6353057236363006,6.0,0.0,-0.9897467869417012,10.0,0.0,0,0.4,27,-3.0,-3.0,2.3333333333333335,2.0,7.0,4.0,9.0,6.0,10.0
9,14,0.0,0,1,1,0.7272727272727273,0.14285714285714285,3.4,7.6,-0.789479596521653,6.0,0.0,-1.2686894615569027,10.0,0.0,0,0.2,26,-4.0,-5.0,2.5,3.0,7.0,2.0,7.0,4.0,9.0
10,14,0.0,0,1,1,0.7272727272727273,0.19047619047619047,2.4,6.4,-1.128872554371158,4.0,0.0,-1.1710979645140644,9.0,0.0,0,0.0,26,-5.0,-6.0,4.0,2.0,5.0,3.0,7.0,2.0,7.0
11,14,0.0,0,1,1,0.6818181818181818,0.19047619047619047,1.8,5.2,-0.8540985814887843,3.0,-1.0,-1.164727159999884,7.0,-5.0,0,0.0,28,-3.0,-6.0,3.0,1.0,4.0,2.0,5.0,3.0,7.0
12,14,0.0,0,1,1,0.6818181818181818,0.23809523809523808,1.6,4.2,-0.6033624235442405,3.0,3.0,-1.0872044698015437,7.0,-2.0,0,0.0,34,-1.0,-5.0,2.0,1.0,3.0,1.0,4.0,2.0,5.0
13,14,0.0,0,1,1,0.6818181818181818,0.2857142857142857,1.2,3.2,-0.36548799526311465,2.0,1.0,-0.8547979747033349,5.0,-2.0,0,0.0,31,-2.0,-5.0,2.0,1.0,2.0,1.0,3.0,1.0,4.0
14,14,0.0,0,1,1,0.6818181818181818,0.3333333333333333,1.0,2.6,0.0,1.0,3.0,-0.6033624235442401,4.0,2.0,0,0.0,26,-1.0,-3.0,2.0,1.0,2.0,1.0,2.0,1.0,3.0
15,14,0.0,0,1,1,0.6818181818181818,0.3333333333333333,0.8,2.2,-1.4619519810524546,1.0,4.0,-0.365487995263114,3.0,4.0,1,0.2,28,-1.0,-2.0,2.0,1.0,2.0,1.0,2.0,1.0,2.0
16,14,0.0,0,1,1,0.6818181818181818,0.3333333333333333,0.6,2.0,-0.9263225327693092,1.0,2.0,0.0,2.0,5.0,2,0.4,28,-1.0,-1.0,2.0,0.0,2.0,1.0,2.0,1.0,2.0
17,14,0.0,0,1,1,0.6818181818181818,0.3333333333333333,0.4,1.8,-0.6175483551795395,1.0,0.0,-1.4619519810524546,2.0,4.0,3,0.6,28,-1.0,-1.0,1.0,0.0,2.0,0.0,2.0,1.0,2.0
18,14,0.0,0,1,1,0.6818181818181818,0.3333333333333333,0.2,1.8,-0.36548799526311365,1.0,1.0,0.36548799526311354,2.0,5.0,4,0.8,29,-1.0,0.0,2.0,0.0,1.0,0.0,2.0,0.0,2.0
19,14,0.0,0,1,1,0.6818181818181818,0.3333333333333333,0.0,2.0,0.0,0.0,0.0,1.238993430992954,3.0,4.0,5,1.0,33,-1.0,1.0,3.0,0.0,2.0,0.0,1.0,0.0,2.0
20,14,0.0,0,1,1,0.6818181818181818,0.3333333333333333,0.2,2.4,1.4619519810524546,1.0,2.0,1.2901400621384655,4.0,4.0,6,1.0,32,1.0,2.0,4.0,0.0,3.0,0.0,2.0,0.0,1.0
21,14,0.0,0,1,1,0.6818181818181818,0.3333333333333333,0.6,2.8,1.4078456549365597,2.0,3.0,0.8547979747033349,4.0,3.0,7,1.0,32,2.0,2.0,2.0,1.0,4.0,0.0,3.0,0.0,2.0
22,14,0.0,0,1,1,0.6818181818181818,0.3333333333333333,1.0,3.6,0.9090909090909091,2.0,3.0,1.1288725543711573,5.0,5.0,8,1.0,33,2.0,4.0,2.5,2.0,4.0,1.0,4.0,0.0,3.0
23,14,0.0,0,1,1,0.6818181818181818,0.3333333333333333,1.2,4.0,-0.21352464537219576,2.0,2.0,0.0,5.0,2.0,9,1.0,34,1.0,2.0,4.0,2.0,5.0,2.0,4.0,1.0,4.0
24,14,0.0,0,1,1,0.6818181818181818,0.3333333333333333,1.4,4.2,-0.6175483551795394,2.0,2.0,-0.36548799526311376,5.0,0.0,10,1.0,34,1.0,1.0,4.0,1.0,4.0,2.0,5.0,2.0,4.0
25,14,0.0,0,1,1,0.6818181818181818,0.3333333333333333,1.4,3.8,-0.6175483551795394,2.0,-1.0,-1.505715300015628,5.0,-4.0,11,1.0,32,0.0,-2.0,2.0,1.0,4.0,1.0,4.0,2.0,5.0
26,14,0.0,0,1,1,0.6818181818181818,0.3333333333333333,1.0,3.4,-1.238993430992954,2.0,-4.0,-0.9711156989384486,5.0,-4.0,12,1.0,35,-2.0,-2.0,2.0,1.0,2.0,1.0,4.0,1.0,4.0
27,14,0.0,0,1,1,0.6818181818181818,0.3333333333333333,0.6,2.8,-0.9263225327693092,1.0,-4.0,-0.6692068000069458,4.0,-7.0,13,1.0,36,-2.0,-3.0,2.0,0.0,2.0,1.0,2.0,1.0,4.0
28,14,0.0,0,1,1,0.6818181818181818,0.3333333333333333,0.4,2.4,-0.6175483551795395,1.0,-2.0,-0.40224161569615985,4.0,-4.0,14,1.0,34,-1.0,-2.0,2.0,0.0,2.0,0.0,2.0,1.0,2.0
29,14,0.0,0,1,1,0.6818181818181818,0.3333333333333333,0.2,2.0,-0.36548799526311365,1.0,-2.0,0.0,2.0,-3.0,15,1.0,33,-1.0,-2.0,2.0,0.0,2.0,0.0,2.0,0.0,2.0
30,14,0.0,0,1,1,0.6818181818181818,0.3333333333333333,0.0,2.2,0.0,0.0,-1.0,1.4619519810524544,3.0,3.0,16,1.0,35,-1.0,1.0,3.0,0.0,2.0,0.0,2.0,0.0,2.0
31,14,0.0,0,1,1,0.6818181818181818,0.3333333333333333,0.0,2.2,0.0,0.0,2.0,-0.365487995263114,3.0,2.0,17,1.0,36,0.0,0.0,2.0,0.0,3.0,0.0,2.0,0.0,2.0
32,14,0.0,0,1,1,0.6818181818181818,0.3333333333333333,0.2,2.2,1.4619519810524546,1.0,3.0,-0.365487995263114,3.0,3.0,18,1.0,37,1.0,0.0,2.0,0.0,2.0,0.0,3.0,0.0,2.0
33,14,0.0,0,1,1,0.6818181818181818,0.3333333333333333,0.4,2.2,0.9263225327693092,1.0,2.0,-0.365487995263114,3.0,2.0,19,1.0,39,1.0,0.0,2.0,1.0,2.0,0.0,2.0,0.0,3.0
34,14,0.0,0,1,1,0.6818181818181818,0.3333333333333333,0.6,2.2,0.6175483551795395,1.0,2.0,-0.365487995263114,3.0,2.0,20,1.0,39,1.0,0.0,2.0,1.0,2.0,1.0,2.0,0.0,2.0
35,14,0.0,0,1,1,0.6818181818181818,0.3333333333333333,0.8,2.0,0.36548799526311354,1.0,2.0,0.0,2.0,-2.0,21,1.0,38,1.0,-1.0,2.0,1.0,2.0,1.0,2.0,1.0,2.0
36,14,0.0,0,1,1,0.6818181818181818,0.3333333333333333,1.0,2.2,0.0,1.0,1.0,1.4619519810524544,3.0,1.0,22,1.0,38,1.0,1.0,3.0,1.0,2.0,1.0,2.0,1.0,2.0
37,14,0.0,0,1,1,0.6818181818181818,0.3333333333333333,1.0,2.4,0.0,1.0,-1.0,0.9263225327693094,3.0,1.0,23,1.0,39,0.0,1.0,3.0,1.0,3.0,1.0,2.0,1.0,2.0
38,14,0.0,0,1,1,0.6818181818181818,0.3333333333333333,1.0,2.6,0.0,1.0,-1.0,0.6175483551795394,3.0,1.0,24,1.0,38,0.0,1.0,3.0,1.0,3.0,1.0,3.0,1.0,2.0
39,14,0.0,0,1,1,0.6818181818181818,0.3333333333333333,0.8,2.6,-1.4619519810524546,1.0,-2.0,-0.9263225327693094,3.0,0.0,25,1.0,38,-1.0,0.0,2.0,1.0,3.0,1.0,3.0,1.0,3.0
40,14,0.0,0,1,1,0.6818181818181818,0.3333333333333333,0.6,2.6,-0.9263225327693092,1.0,-2.0,-0.9263225327693094,3.0,1.0,26,1.0,40,-1.0,0.0,2.0,0.0,2.0,1.0,3.0,1.0,3.0
41,14,0.0,0,1,1,0.6818181818181818,0.3333333333333333,0.4,2.2,-0.6175483551795395,1.0,-2.0,-1.281147872233175,3.0,-3.0,27,1.0,41,-1.0,-2.0,1.0,0.0,2.0,0.0,2.0,1.0,3.0
42,14,0.0,0,1,1,0.6818181818181818,0.3333333333333333,0.2,1.8,-0.36548799526311365,1.0,-1.0,-0.8540985814887833,3.0,-3.0,28,1.0,41,-1.0,-2.0,1.0,0.0,1.0,0.0,2.0,0.0,2.0
43,14,0.0,0,1,1,0.6818181818181818,0.3333333333333333,0.0,1.4,0.0,0.0,-1.0,-0.6175483551795394,2.0,-3.0,29,1.0,41,-1.0,-2.0,1.0,0.0,1.0,0.0,1.0,0.0,2.0
44,14,0.0,0,1,1,0.6818181818181818,0.3333333333333333,0.0,1.2,0.0,0.0,1.0,-0.3654879952631136,2.0,-1.0,30,1.0,42,0.0,-1.0,1.0,0.0,1.0,0.0,1.0,0.0,1.0
45,14,0.0,0,1,1,0.6818181818181818,0.3333333333333333,0.0,1.0,0.0,0.0,1.0,0.0,1.0,-1.0,31,1.0,41,0.0,-1.0,1.0,0.0,1.0,0.0,1.0,0.0,1.0
46,14,0.0,0,1,1,0.6818181818181818,0.3333333333333333,0.0,1.2,0.0,0.0,1.0,1.4619519810524546,2.0,3.0,32,1.0,41,0.0,1.0,2.0,0.0,1.0,0.0,1.0,0.0,1.0
47,14,0.0,0,1,1,0.6818181818181818,0.3333333333333333,0.0,1.2,0.0,0.0,1.0,-0.36548799526311354,2.0,2.0,33,1.0,41,0.0,0.0,1.0,0.0,2.0,0.0,1.0,0.0,1.0
48,14,0.0,0,1,1,0.6818181818181818,0.3333333333333333,0.0,1.2,0.0,0.0,1.0,-0.36548799526311354,2.0,2.0,34,1.0,42,0.0,0.0,1.0,0.0,1.0,0.0,2.0,0.0,1.0
49,14,0.0,0,1,1,0.6818181818181818,0.3333333333333333,0.0,1.2,0.0,0.0,0.0,-0.36548799526311354,2.0,1.0,35,1.0,42,0.0,0.0,1.0,0.0,1.0,0.0,1.0,0.0,2.0
50,14,0.0,0,1,1,0.6818181818181818,0.3333333333333333,0.0,1.2,0.0,0.0,0.0,-0.36548799526311354,2.0,1.0,36,1.0,42,0.0,0.0,1.0,0.0,1.0,0.0,1.0,0.0,1.0
51,14,0.0,0,1,1,0.6818181818181818,0.3333333333333333,0.0,1.0,0.0,0.0,0.0,0.0,1.0,-2.0,37,1.0,42,0.0,-1.0,1.0,0.0,1.0,0.0,1.0,0.0,1.0
52,14,0.0,0,1,1,0.6818181818181818,0.3333333333333333,0.0,1.0,0.0,0.0,0.0,0.0,1.0,0.0,38,1.0,42,0.0,0.0,1.0,0.0,1.0,0.0,1.0,0.0,1.0
53,14,0.0,0,1,1,0.6818181818181818,0.3333333333333333,0.0,1.0,0.0,0.0,0.0,0.0,1.0,0.0,39,1.0,42,0.0,0.0,1.0,0.0,1.0,0.0,1.0,0.0,1.0
54,14,0.0,0,1,1,0.6818181818181818,0.3333333333333333,0.0,1.0,0.0,0.0,0.0,0.0,1.0,0.0,40,1.0,43,0.0,0.0,1.0,0.0,1.0,0.0,1.0,0.0,1.0
55,14,0.0,0,1,1,0.6818181818181818,0.3333333333333333,0.0,1.0,0.0,0.0,0.0,0.0,1.0,0.0,41,1.0,43,0.0,0.0,1.0,0.0,1.0,0.0,1.0,0.0,1.0
56,14,0.0,0,1,1,0.6818181818181818,0.3333333333333333,0.0,1.0,0.0,0.0,0.0,0.0,1.0,1.0,42,1.0,43,0.0,0.0,1.0,0.0,1.0,0.0,1.0,0.0,1.0
57,14,0.0,0,1,1,0.6818181818181818,0.3333333333333333,0.0,1.0,0.0,0.0,0.0,0.0,1.0,0.0,43,1.0,43,0.0,0.0,1.0,0.0,1.0,0.0,1.0,0.0,1.0
58,14,0.0,0,1,1,0.6818181818181818,0.3333333333333333,0.0,1.0,0.0,0.0,0.0,0.0,1.0,0.0,44,1.0,43,0.0,0.0,1.0,0.0,1.0,0.0,1.0,0.0,1.0
59,14,0.0,0,1,1,0.6818181818181818,0.3333333333333333,0.0,1.0,0.0,0.0,0.0,0.0,1.0,0.0,45,1.0,43,0.0,0.0,1.0,0.0,1.0,0.0,1.0,0.0,1.0
60,14,0.0,0,1,1,0.6818181818181818,0.3333333333333333,0.0,1.0,0.0,0.0,0.0,0.0,1.0,0.0,46,1.0,43,0.0,0.0,1.0,0.0,1.0,0.0,1.0,0.0,1.0
61,14,0.0,0,1,1,0.6818181818181818,0.3333333333333333,0.0,1.0,0.0,0.0,0.0,0.0,1.0,0.0,47,1.0,43,0.0,0.0,1.0,0.0,1.0,0.0,1.0,0.0,1.0
62,14,0.0,0,1,1,0.6818181818181818,0.3333333333333333,0.0,1.0,0.0,0.0,0.0,0.0,1.0,0.0,48,1.0,43,0.0,0.0,1.0,0.0,1.0,0.0,1.0,0.0,1.0
63,14,0.0,0,1,1,0.6818181818181818,0.3333333333333333,0.0,1.0,0.0,0.0,0.0,0.0,1.0,0.0,49,1.0,43,0.0,0.0,1.0,0.0,1.0,0.0,1.0,0.0,1.0
64,14,0.0,0,1,1,0.6818181818181818,0.3333333333333333,0.0,1.0,0.0,0.0,0.0,0.0,1.0,0.0,50,1.0,43,0.0,0.0,1.0,0.0,1.0,0.0,1.0,0.0,1.0
65,14,0.0,0,1,1,0.6818181818181818,0.3333333333333333,0.0,1.0,0.0,0.0,0.0,0.0,1.0,0.0,51,1.0,43,0.0,0.0,1.0,0.0,1.0,0.0,1.0,0.0,1.0
66,14,0.0,0,1,1,0.6818181818181818,0.3333333333333333,0.0,1.0,0.0,0.0,0.0,0.0,1.0,0.0,52,1.0,43,0.0,0.0,1.0,0.0,1.0,0.0,1.0,0.0,1.0
67,14,0.0,0,1,1,0.6818181818181818,0.3333333333333333,0.0,1.0,0.0,0.0,0.0,0.0,1.0,0.0,53,1.0,43,0.0,0.0,1.0,0.0,1.0,0.0,1.0,0.0,1.0
68,14,0.0,0,1,1,0.6818181818181818,0.3333333333333333,0.0,1.0,0.0,0.0,0.0,0.0,1.0,0.0,54,1.0,43,0.0,0.0,1.0,0.0,1.0,0.0,1.0,0.0,1.0
69,14,0.0,0,1,1,0.6818181818181818,0.3333333333333333,0.0,1.0,0.0,0.0,0.0,0.0,1.0,0.0,55,1.0,43,0.0,0.0,1.0,0.0,1.0,0.0,1.0,0.0,1.0
70,14,0.0,0,1,1,0.6818181818181818,0.3333333333333333,0.0,1.0,0.0,0.0,0.0,0.0,1.0,0.0,56,1.0,43,0.0,0.0,1.0,0.0,1.0,0.0,1.0,0.0,1.0
71,14,0.0,0,1,1,0.6818181818181818,0.3333333333333333,0.0,1.0,0.0,0.0,0.0,0.0,1.0,0.0,57,1.0,43,0.0,0.0,1.0,0.0,1.0,0.0,1.0,0.0,1.0
72,14,0.0,0,1,1,0.6818181818181818,0.3333333333333333,0.0,1.0,0.0,0.0,0.0,0.0,1.0,0.0,58,1.0,43,0.0,0.0,1.0,0.0,1.0,0.0,1.0,0.0,1.0
73,14,0.0,0,1,1,0.6818181818181818,0.3333333333333333,0.0,1.0,0.0,0.0,0.0,0.0,1.0,0.0,59,1.0,43,0.0,0.0,1.0,0.0,1.0,0.0,1.0,0.0,1.0
74,14,0.0,0,1,1,0.6818181818181818,0.3333333333333333,0.0,1.0,0.0,0.0,0.0,0.0,1.0,0.0,60,1.0,43,0.0,0.0,1.0,0.0,1.0,0.0,1.0,0.0,1.0
75,14,0.0,0,1,1,0.6818181818181818,0.3333333333333333,0.0,1.0,0.0,0.0,0.0,0.0,1.0,0.0,61,1.0,43,0.0,0.0,1.0,0.0,1.0,0.0,1.0,0.0,1.0
76,14,0.0,0,1,1,0.6818181818181818,0.3333333333333333,0.0,1.0,0.0,0.0,0.0,0.0,1.0,0.0,62,1.0,43,0.0,0.0,1.0,0.0,1.0,0.0,1.0,0.0,1.0
77,14,0.0,0,1,1,0.6818181818181818,0.3333333333333333,0.0,1.0,0.0,0.0,0.0,0.0,1.0,0.0,63,1.0,43,0.0,0.0,1.0,0.0,1.0,0.0,1.0,0.0,1.0
78,14,0.0,0,1,1,0.6818181818181818,0.3333333333333333,0.0,1.0,0.0,0.0,0.0,0.0,1.0,0.0,64,1.0,43,0.0,0.0,1.0,0.0,1.0,0.0,1.0,0.0,1.0
79,14,0.0,0,1,1,0.6818181818181818,0.3333333333333333,0.0,1.0,0.0,0.0,0.0,0.0,1.0,0.0,65,1.0,43,0.0,0.0,1.0,0.0,1.0,0.0,1.0,0.0,1.0
80,14,0.0,0,1,1,0.6818181818181818,0.3333333333333333,0.0,1.0,0.0,0.0,0.0,0.0,1.0,0.0,66,1.0,43,0.0,0.0,1.0,0.0,1.0,0.0,1.0,0.0,1.0
81,14,0.0,0,1,1,0.6818181818181818,0.3333333333333333,0.0,1.0,0.0,0.0,0.0,0.0,1.0,0.0,67,1.0,43,0.0,0.0,1.0,0.0,1.0,0.0,1.0,0.0,1.0
82,14,0.0,0,1,1,0.6818181818181818,0.3333333333333333,0.0,1.0,0.0,0.0,0.0,0.0,1.0,0.0,68,1.0,43,0.0,0.0,1.0,0.0,1.0,0.0,1.0,0.0,1.0
83,14,0.0,0,1,1,0.6818181818181818,0.3333333333333333,0.0,1.0,0.0,0.0,0.0,0.0,1.0,0.0,69,1.0,43,0.0,0.0,1.0,0.0,1.0,0.0,1.0,0.0,1.0
84,14,0.0,0,1,1,0.6818181818181818,0.3333333333333333,0.0,1.0,0.0,0.0,0.0,0.0,1.0,0.0,70,1.0,43,0.0,0.0,1.0,0.0,1.0,0.0,1.0,0.0,1.0
85,14,0.0,0,1,1,0.6818181818181818,0.3333333333333333,0.0,1.0,0.0,0.0,0.0,0.0,1.0,0.0,71,1.0,43,0.0,0.0,1.0,0.0,1.0,0.0,1.0,0.0,1.0
86,14,0.0,0,1,1,0.6818181818181818,0.3333333333333333,0.0,1.0,0.0,0.0,0.0,0.0,1.0,0.0,72,1.0,43,0.0,0.0,1.0,0.0,1.0,0.0,1.0,0.0,1.0
87,14,0.0,0,1,1,0.6818181818181818,0.3333333333333333,0.0,1.0,0.0,0.0,0.0,0.0,1.0,0.0,73,1.0,43,0.0,0.0,1.0,0.0,1.0,0.0,1.0,0.0,1.0
88,14,0.0,0,1,1,0.6818181818181818,0.3333333333333333,0.0,1.0,0.0,0.0,0.0,0.0,1.0,0.0,74,1.0,43,0.0,0.0,1.0,0.0,1.0,0.0,1.0,0.0,1.0
89,14,0.0,0,1,1,0.6818181818181818,0.3333333333333333,0.0,1.0,0.0,0.0,0.0,0.0,1.0,0.0,75,1.0,43,0.0,0.0,1.0,0.0,1.0,0.0,1.0,0.0,1.0
90,14,0.0,0,1,1,0.6818181818181818,0.3333333333333333,0.0,1.0,0.0,0.0,0.0,0.0,1.0,0.0,76,1.0,43,0.0,0.0,1.0,0.0,1.0,0.0,1.0,0.0,1.0
91,14,0.0,0,1,1,0.6818181818181818,0.3333333333333333,0.0,1.0,0.0,0.0,0.0,0.0,1.0,0.0,77,1.0,43,0.0,0.0,1.0,0.0,1.0,0.0,1.0,0.0,1.0
92,14,0.0,0,1,1,0.6818181818181818,0.3333333333333333,0.0,1.0,0.0,0.0,0.0,0.0,1.0,0.0,78,1.0,43,0.0,0.0,1.0,0.0,1.0,0.0,1.0,0.0,1.0
93,14,0.0,0,1,1,0.6818181818181818,0.3333333333333333,0.0,1.0,0.0,0.0,0.0,0.0,1.0,0.0,79,1.0,43,0.0,0.0,1.0,0.0,1.0,0.0,1.0,0.0,1.0
94,14,0.0,0,1,1,0.6818181818181818,0.3333333333333333,0.0,1.0,0.0,0.0,0.0,0.0,1.0,0.0,80,1.0,43,0.0,0.0,1.0,0.0,1.0,0.0,1.0,0.0,1.0
95,14,0.0,0,1,1,0.6818181818181818,0.3333333333333333,0.0,1.0,0.0,0.0,0.0,0.0,1.0,0.0,81,1.0,43,0.0,0.0,1.0,0.0,1.0,0.0,1.0,0.0,1.0
96,14,0.0,0,1,1,0.6818181818181818,0.3333333333333333,0.0,1.0,0.0,0.0,0.0,0.0,1.0,0.0,82,1.0,43,0.0,0.0,1.0,0.0,1.0,0.0,1.0,0.0,1.0
97,14,0.0,0,1,1,0.6818181818181818,0.3333333333333333,0.0,1.0,0.0,0.0,0.0,0.0,1.0,0.0,83,1.0,43,0.0,0.0,1.0,0.0,1.0,0.0,1.0,0.0,1.0
98,14,0.0,0,1,1,0.6818181818181818,0.3333333333333333,0.0,1.0,0.0,0.0,0.0,0.0,1.0,0.0,84,1.0,43,0.0,0.0,1.0,0.0,1.0,0.0,1.0,0.0,1.0
99,14,0.0,0,1,1,0.6818181818181818,0.3333333333333333,0.0,1.0,0.0,0.0,0.0,0.0,1.0,0.0,85,1.0,43,0.0,0.0,1.0,0.0,1.0,0.0,1.0,0.0,1.0
100,14,0.0,0,1,1,0.6818181818181818,0.3333333333333333,0.0,1.0,0.0,0.0,0.0,0.0,1.0,0.0,86,1.0,43,0.0,0.0,1.0,0.0,1.0,0.0,1.0,0.0,1.0
101,14,0.0,0,1,1,0.6818181818181818,0.3333333333333333,0.0,1.0,0.0,0.0,0.0,0.0,1.0,0.0,87,1.0,43,0.0,0.0,1.0,0.0,1.0,0.0,1.0,0.0,1.0
102,14,0.0,0,1,1,0.6818181818181818,0.3333333333333333,0.0,1.0,0.0,0.0,0.0,0.0,1.0,0.0,88,1.0,43,0.0,0.0,1.0,0.0,1.0,0.0,1.0,0.0,1.0
103,14,0.0,0,1,1,0.6818181818181818,0.3333333333333333,0.0,1.0,0.0,0.0,0.0,0.0,1.0,0.0,89,1.0,43,0.0,0.0,1.0,0.0,1.0,0.0,1.0,0.0,1.0
104,14,0.0,0,1,1,0.6818181818181818,0.3333333333333333,0.0,1.0,0.0,0.0,0.0,0.0,1.0,0.0,90,1.0,43,0.0,0.0,1.0,0.0,1.0,0.0,1.0,0.0,1.0
105,14,0.0,0,1,1,0.6818181818181818,0.3333333333333333,0.0,1.0,0.0,0.0,0.0,0.0,1.0,0.0,91,1.0,43,0.0,0.0,1.0,0.0,1.0,0.0,1.0,0.0,1.0
106,14,0.0,0,1,1,0.6818181818181818,0.3333333333333333,0.0,1.0,0.0,0.0,0.0,0.0,1.0,0.0,92,1.0,43,0.0,0.0,1.0,0.0,1.0,0.0,1.0,0.0,1.0
107,14,0.0,0,1,1,0.6818181818181818,0.3333333333333333,0.0,1.0,0.0,0.0,0.0,0.0,1.0,0.0,93,1.0,43,0.0,0.0,1.0,0.0,1.0,0.0,1.0,0.0,1.0
108,14,0.0,0,1,1,0.6818181818181818,0.3333333333333333,0.0,1.0,0.0,0.0,0.0,0.0,1.0,0.0,94,1.0,43,0.0,0.0,1.0,0.0,1.0,0.0,1.0,0.0,1.0
109,14,0.0,0,1,1,0.6818181818181818,0.3333333333333333,0.0,1.0,0.0,0.0,0.0,0.0,1.0,0.0,95,1.0,43,0.0,0.0,1.0,0.0,1.0,0.0,1.0,0.0,1.0
110,14,0.0,0,1,1,0.6818181818181818,0.3333333333333333,0.0,1.0,0.0,0.0,0.0,0.0,1.0,0.0,96,1.0,43,0.0,0.0,1.0,0.0,1.0,0.0,1.0,0.0,1.0
111,14,0.0,0,1,1,0.6818181818181818,0.3333333333333333,0.0,1.0,0.0,0.0,0.0,0.0,1.0,0.0,97,1.0,43,0.0,0.0,1.0,0.0,1.0,0.0,1.0,0.0,1.0
112,14,0.0,0,1,1,0.6818181818181818,0.3333333333333333,0.0,1.0,0.0,0.0,0.0,0.0,1.0,0.0,98,1.0,43,0.0,0.0,1.0,0.0,1.0,0.0,1.0,0.0,1.0
113,14,0.0,0,1,1,0.6818181818181818,0.3333333333333333,0.0,1.0,0.0,0.0,0.0,0.0,1.0,0.0,99,1.0,43,0.0,0.0,1.0,0.0,1.0,0.0,1.0,0.0,1.0
114,14,0.0,0,1,1,0.6818181818181818,0.3333333333333333,0.0,1.0,0.0,0.0,0.0,0.0,1.0,0.0,100,1.0,43,0.0,0.0,1.0,0.0,1.0,0.0,1.0,0.0,1.0
115,14,0.0,0,1,1,0.6818181818181818,0.3333333333333333,0.0,1.0,0.0,0.0,0.0,0.0,1.0,0.0,101,1.0,43,0.0,0.0,1.0,0.0,1.0,0.0,1.0,0.0,1.0
116,14,0.0,0,1,1,0.6818181818181818,0.3333333333333333,0.0,1.0,0.0,0.0,0.0,0.0,1.0,0.0,102,1.0,43,0.0,0.0,1.0,0.0,1.0,0.0,1.0,0.0,1.0
117,14,0.0,0,1,1,0.6818181818181818,0.3333333333333333,0.0,1.0,0.0,0.0,0.0,0.0,1.0,0.0,103,1.0,43,0.0,0.0,1.0,0.0,1.0,0.0,1.0,0.0,1.0
118,14,0.0,0,1,1,0.6818181818181818,0.3333333333333333,0.0,1.0,0.0,0.0,0.0,0.0,1.0,0.0,104,1.0,43,0.0,0.0,1.0,0.0,1.0,0.0,1.0,0.0,1.0
119,14,0.0,0,1,1,0.6818181818181818,0.3333333333333333,0.0,1.0,0.0,0.0,0.0,0.0,1.0,0.0,105,1.0,43,0.0,0.0,1.0,0.0,1.0,0.0,1.0,0.0,1.0
120,14,0.0,0,1,1,0.6818181818181818,0.3333333333333333,0.0,1.0,0.0,0.0,0.0,0.0,1.0,0.0,106,1.0,43,0.0,0.0,1.0,0.0,1.0,0.0,1.0,0.0,1.0
121,14,0.0,0,1,1,0.6818181818181818,0.3333333333333333,0.0,1.0,0.0,0.0,0.0,0.0,1.0,0.0,107,1.0,43,0.0,0.0,1.0,0.0,1.0,0.0,1.0,0.0,1.0
122,14,0.0,0,1,1,0.6818181818181818,0.3333333333333333,0.0,1.0,0.0,0.0,0.0,0.0,1.0,0.0,108,1.0,43,0.0,0.0,1.0,0.0,1.0,0.0,1.0,0.0,1.0
1,15,0.0,1,0,1,0.7272727272727273,0.0,6.0,10.0,0.0,6.0,0.0,0.0,10.0,0.0,0,0.0,0,0.0,0.0,1.6666666666666667,0.0,0.0,0.0,0.0,0.0,0.0
2,15,0.0,1,0,1,0.7272727272727273,0.0,6.0,10.0,0.0,6.0,0.0,0.0,10.0,0.0,1,0.5,43,0.0,0.0,1.6666666666666667,6.0,10.0,0.0,0.0,0.0,0.0
3,15,0.0,1,0,1,0.7272727272727273,0.0,6.0,10.0,0.0,6.0,0.0,0.0,10.0,0.0,2,0.6666666666666666,43,0.0,0.0,1.6666666666666667,6.0,10.0,6.0,10.0,0.0,0.0
4,15,0.0,0,1,1,0.7272727272727273,0.0,6.0,10.0,0.0,6.0,0.0,0.0,10.0,0.0,3,0.75,43,0.0,0.0,1.6666666666666667,6.0,10.0,6.0,10.0,6.0,10.0
5,15,0.0,0,1,1,0.7272727272727273,0.0,6.0,10.0,0.0,6.0,0.0,0.0,10.0,0.0,4,0.8,43,0.0,0.0,1.6666666666666667,6.0,10.0,6.0,10.0,6.0,10.0
6,15,0.0,0,1,1,0.7272727272727273,0.0,6.0,10.0,0.0,6.0,0.0,0.0,10.0,0.0,5,1.0,25,0.0,0.0,1.6666666666666667,6.0,10.0,6.0,10.0,6.0,10.0
7,15,0.0,0,1,1,0.7272727272727273,0.0,5.8,10.0,-1.4619519810524544,6.0,0.0,0.0,10.0,0.0,6,1.0,25,-1.0,0.0,2.0,6.0,10.0,6.0,10.0,6.0,10.0
8,15,0.0,0,1,1,0.7272727272727273,0.0,5.8,10.0,0.365487995263114,6.0,0.0,0.0,10.0,0.0,7,1.0,26,0.0,0.0,1.6666666666666667,5.0,10.0,6.0,10.0,6.0,10.0
9,15,0.0,0,1,1,0.7272727272727273,0.0,5.8,10.0,0.365487995263114,6.0,0.0,0.0,10.0,0.0,8,1.0,25,0.0,0.0,1.6666666666666667,6.0,10.0,5.0,10.0,6.0,10.0
10,15,0.0,0,1,1,0.7272727272727273,0.0,5.6,10.0,-0.9263225327693089,6.0,0.0,0.0,10.0,0.0,9,1.0,25,-1.0,0.0,2.0,6.0,10.0,6.0,10.0,5.0,10.0
11,15,0.0,0,1,1,0.7272727272727273,0.0,5.2,10.0,-1.281147872233175,6.0,-2.0,0.0,10.0,0.0,10,1.0,27,-2.0,0.0,2.5,5.0,10.0,6.0,10.0,6.0,10.0
12,15,0.0,0,1,1,0.7272727272727273,0.0,5.0,9.8,-0.9090909090909091,6.0,0.0,-1.461951981052455,10.0,-1.0,11,1.0,33,-1.0,-1.0,2.25,4.0,10.0,5.0,10.0,6.0,10.0
13,15,0.0,0,1,1,0.7272727272727273,0.0,4.6,9.6,-0.6033624235442395,6.0,-2.0,-0.9263225327693084,10.0,-1.0,12,1.0,30,-2.0,-1.0,2.25,4.0,9.0,4.0,10.0,5.0,10.0
14,15,0.0,0,1,1,0.7272727272727273,0.0,4.2,9.4,-0.3654879952631141,5.0,-2.0,-0.6175483551795399,10.0,-1.0,13,1.0,25,-2.0,-1.0,2.25,4.0,9.0,4.0,9.0,4.0,10.0
15,15,0.0,0,1,1,0.7272727272727273,0.0,4.0,9.0,0.0,4.0,0.0,-1.238993430992954,10.0,-2.0,14,1.0,28,-1.0,-2.0,2.0,4.0,9.0,4.0,9.0,4.0,9.0
16,15,0.0,0,1,1,0.7272727272727273,0.047619047619047616,3.6,8.2,-1.6089664627846398,4.0,0.0,-1.5671296202894465,9.0,-4.0,0,0.8,29,-2.0,-4.0,3.0,4.0,8.0,4.0,9.0,4.0,9.0
17,15,0.0,0,1,1,0.7272727272727273,0.09523809523809523,3.0,7.2,-1.320817650626226,4.0,-2.0,-1.4109668836625195,9.0,-4.0,0,0.6,29,-3.0,-5.0,4.0,2.0,6.0,4.0,8.0,4.0,9.0
18,15,0.0,0,1,1,0.7272727272727273,0.14285714285714285,2.2,6.0,-1.164727159999884,4.0,-2.0,-1.1322849415083482,9.0,-5.0,0,0.4,30,-4.0,-6.0,3.0,1.0,4.0,2.0,6.0,4.0,8.0
19,15,0.0,0,1,1,0.7272727272727273,0.19047619047619047,1.4,4.6,-0.7894795965216528,4.0,-2.0,-1.0365508084580304,8.0,-6.0,0,0.2,34,-4.0,-7.0,2.0,0.0,3.0,1.0,4.0,2.0,6.0
20,15,0.0,0,1,1,0.6818181818181818,0.19047619047619047,0.8,3.2,0.2135246453721957,2.0,-2.0,-1.0872044698015448,6.0,-5.0,0,0.0,33,-3.0,-7.0,1.0,0.0,2.0,0.0,3.0,1.0,4.0
21,15,0.0,0,1,1,0.6818181818181818,0.19047619047619047,0.6,2.2,0.6175483551795391,1.0,1.0,-0.8547979747033371,4.0,-1.0,1,0.2,32,-1.0,-5.0,1.0,1.0,1.0,0.0,2.0,0.0,3.0
22,15,0.0,0,1,1,0.6818181818181818,0.19047619047619047,0.6,1.8,0.6175483551795391,1.0,3.0,0.21352464537219712,3.0,3.0,2,0.4,33,0.0,-2.0,2.0,1.0,1.0,1.0,1.0,0.0,2.0
23,15,0.0,0,1,1,0.6363636363636364,0.19047619047619047,0.6,1.6,-0.9263225327693086,1.0,4.0,0.6175483551795482,2.0,5.0,0,0.4,35,0.0,-1.0,2.0,1.0,2.0,1.0,1.0,1.0,1.0
24,15,0.0,0,1,1,0.5909090909090909,0.19047619047619047,0.6,1.8,-0.9263225327693086,1.0,4.0,1.281147872233183,3.0,8.0,0,0.4,35,0.0,1.0,3.0,0.0,2.0,1.0,2.0,1.0,1.0
25,15,0.0,0,1,1,0.5454545454545454,0.19047619047619047,0.4,2.4,-0.617548355179539,1.0,2.0,1.29014006213847,4.0,10.0,0,0.4,33,-1.0,3.0,4.0,0.0,3.0,0.0,2.0,1.0,2.0
26,15,0.0,0,1,1,0.5,0.19047619047619047,0.2,2.8,-0.3654879952631131,1.0,0.0,0.2135246453721972,4.0,7.0,0,0.2,36,-1.0,2.0,3.0,0.0,4.0,0.0,3.0,0.0,2.0
27,15,0.0,0,1,1,0.5,0.23809523809523808,0.2,3.0,1.4619519810524546,1.0,0.0,0.0,4.0,3.0,0,0.0,37,0.0,1.0,3.0,0.0,3.0,0.0,4.0,0.0,3.0
28,15,0.0,0,1,1,0.5,0.2857142857142857,0.4,3.4,0.9263225327693092,1.0,1.0,0.9263225327693193,4.0,3.0,0,0.0,35,1.0,2.0,4.0,1.0,3.0,0.0,3.0,0.0,4.0
29,15,0.0,0,1,1,0.5,0.3333333333333333,0.8,3.8,1.2811478722331748,2.0,2.0,1.2811478722331806,5.0,1.0,0,0.0,34,2.0,2.0,2.5,1.0,4.0,1.0,3.0,0.0,3.0
30,15,0.0,0,1,1,0.5,0.38095238095238093,1.2,4.2,0.8540985814887833,2.0,3.0,1.282196962055004,6.0,-1.0,0,0.0,36,2.0,2.0,3.0,2.0,5.0,1.0,4.0,1.0,3.0
31,15,0.0,0,1,1,0.5,0.42857142857142855,1.8,4.8,1.2811478722331748,3.0,4.0,0.8547979747033361,6.0,1.0,0,0.0,37,3.0,3.0,2.0,2.0,6.0,2.0,5.0,1.0,4.0
32,15,0.0,0,1,1,0.45454545454545453,0.42857142857142855,2.4,5.4,1.2901400621384655,4.0,3.0,0.6033624235442406,6.0,2.0,0,0.0,38,3.0,3.0,1.5,3.0,6.0,2.0,6.0,2.0,5.0
33,15,0.0,0,1,1,0.45454545454545453,0.42857142857142855,3.0,5.8,0.9090909090909091,4.0,2.0,0.3654879952631152,6.0,0.0,1,0.2,39,3.0,2.0,1.5,4.0,6.0,3.0,6.0,2.0,6.0
34,15,0.0,0,1,1,0.45454545454545453,0.42857142857142855,3.4,6.0,0.6033624235442401,4.0,0.0,0.0,6.0,-1.0,2,0.4,39,2.0,1.0,1.5,4.0,6.0,4.0,6.0,3.0,6.0
35,15,0.0,0,1,1,0.5,0.42857142857142855,3.6,6.2,-0.9263225327693091,4.0,-1.0,1.4619519810524544,7.0,-1.0,0,0.4,39,1.0,1.0,2.3333333333333335,4.0,6.0,4.0,6.0,4.0,6.0
36,15,0.0,0,1,1,0.5,0.38095238095238093,3.4,6.4,-1.4078456549365597,4.0,-4.0,0.9263225327693089,7.0,-2.0,0,0.4,39,-1.0,1.0,3.5,3.0,7.0,4.0,6.0,4.0,6.0
37,15,0.0,0,1,1,0.5,0.3333333333333333,3.0,6.4,-0.9090909090909091,4.0,-5.0,-0.6175483551795402,7.0,-3.0,0,0.4,40,-2.0,0.0,3.0,2.0,7.0,3.0,7.0,4.0,6.0
38,15,0.0,0,1,1,0.5,0.2857142857142857,2.4,6.0,-1.1288725543711575,4.0,-6.0,-1.5097246595860256,7.0,-4.0,0,0.2,39,-3.0,-2.0,4.0,2.0,6.0,2.0,7.0,3.0,7.0
39,15,0.0,0,1,1,0.5,0.23809523809523808,1.8,5.4,-0.8540985814887835,3.0,-5.0,-1.2522238631916074,7.0,-4.0,0,0.0,39,-3.0,-3.0,3.0,1.0,4.0,2.0,6.0,2.0,7.0
40,15,1.0,0,1,1,0.5,0.19047619047619047,1.2,4.6,-1.281147872233175,2.0,-4.0,-0.8348159087944047,7.0,-5.0,0,0.0,41,-3.0,-4.0,3.0,1.0,3.0,1.0,4.0,2.0,6.0
41,15,1.0,0,1,1,0.5,0.14285714285714285,1.0,4.2,0.0,2.0,0.0,0.5698653164688897,6.0,-3.0,0,0.0,42,-1.0,-2.0,5.0,0.0,3.0,1.0,3.0,1.0,4.0
42,15,1.0,0,1,1,0.5,0.09523809523809523,1.0,4.0,1.2389934309929544,2.0,2.0,0.9090909090909094,5.0,-1.0,0,0.0,42,0.0,-1.0,2.5,1.0,5.0,0.0,3.0,1.0,3.0
43,15,1.0,0,1,1,0.5,0.047619047619047616,1.6,4.4,1.484620180412552,4.0,6.0,1.1098465130725126,6.0,4.0,0,0.0,42,3.0,2.0,1.5,2.0,5.0,1.0,5.0,0.0,3.0
44,15,1.0,0,1,1,0.5,0.047619047619047616,2.2,5.0,0.9529585854544506,4.0,6.0,0.7548623297930125,6.0,6.0,1,0.2,42,3.0,3.0,1.5,4.0,6.0,2.0,5.0,1.0,5.0
45,15,1.0,0,1,1,0.5,0.047619047619047616,3.0,5.6,0.6604088253131132,4.0,7.0,0.6175483551795384,6.0,7.0,2,0.4,41,4.0,3.0,1.5,4.0,6.0,4.0,6.0,2.0,5.0
46,15,1.0,0,1,1,0.5,0.047619047619047616,3.6,5.8,0.40224161569616007,4.0,4.0,0.36548799526311243,6.0,3.0,3,0.6,41,3.0,1.0,1.5,4.0,6.0,4.0,6.0,4.0,6.0
47,15,1.0,0,1,1,0.5,0.047619047619047616,4.0,6.0,0.0,4.0,2.0,0.0,6.0,2.0,4,0.8,41,2.0,1.0,1.5,4.0,6.0,4.0,6.0,4.0,6.0
48,15,1.0,0,1,1,0.5,0.047619047619047616,4.0,6.0,0.0,4.0,-3.0,0.0,6.0,-2.0,5,1.0,42,0.0,0.0,1.5,4.0,6.0,4.0,6.0,4.0,6.0
49,15,1.0,0,1,1,0.5,0.047619047619047616,4.0,6.0,0.0,4.0,-3.0,0.0,6.0,-3.0,6,1.0,42,0.0,0.0,1.5,4.0,6.0,4.0,6.0,4.0,6.0
50,15,1.0,0,1,1,0.5,0.047619047619047616,4.0,6.0,0.0,4.0,-4.0,0.0,6.0,-3.0,7,1.0,42,0.0,0.0,1.5,4.0,6.0,4.0,6.0,4.0,6.0
51,15,1.0,0,1,1,0.5,0.047619047619047616,4.0,6.0,0.0,4.0,-3.0,0.0,6.0,-1.0,8,1.0,42,0.0,0.0,1.5,4.0,6.0,4.0,6.0,4.0,6.0
52,15,1.0,0,1,1,0.5,0.047619047619047616,4.0,6.0,0.0,4.0,-2.0,0.0,6.0,-1.0,9,1.0,42,0.0,0.0,1.5,4.0,6.0,4.0,6.0,4.0,6.0
53,15,1.0,0,1,1,0.5,0.047619047619047616,4.0,6.0,0.0,4.0,0.0,0.0,6.0,0.0,10,1.0,42,0.0,0.0,1.5,4.0,6.0,4.0,6.0,4.0,6.0
54,15,1.0,0,1,1,0.5,0.047619047619047616,4.0,6.0,0.0,4.0,0.0,0.0,6.0,0.0,11,1.0,43,0.0,0.0,1.5,4.0,6.0,4.0,6.0,4.0,6.0
55,15,1.0,0,1,1,0.5,0.047619047619047616,4.0,6.0,0.0,4.0,0.0,0.0,6.0,0.0,12,1.0,43,0.0,0.0,1.5,4.0,6.0,4.0,6.0,4.0,6.0
56,15,1.0,0,1,1,0.5,0.047619047619047616,4.0,6.0,0.0,4.0,0.0,0.0,6.0,0.0,13,1.0,43,0.0,0.0,1.5,4.0,6.0,4.0,6.0,4.0,6.0
57,15,1.0,0,1,1,0.5,0.047619047619047616,4.0,6.0,0.0,4.0,0.0,0.0,6.0,0.0,14,1.0,43,0.0,0.0,1.5,4.0,6.0,4.0,6.0,4.0,6.0
58,15,1.0,0,1,1,0.5,0.047619047619047616,4.0,6.0,0.0,4.0,0.0,0.0,6.0,0.0,15,1.0,43,0.0,0.0,1.5,4.0,6.0,4.0,6.0,4.0,6.0
59,15,1.0,0,1,1,0.5,0.047619047619047616,4.0,6.0,0.0,4.0,0.0,0.0,6.0,0.0,16,1.0,43,0.0,0.0,1.5,4.0,6.0,4.0,6.0,4.0,6.0
60,15,1.0,0,1,1,0.5,0.047619047619047616,4.0,6.0,0.0,4.0,0.0,0.0,6.0,0.0,17,1.0,43,0.0,0.0,1.5,4.0,6.0,4.0,6.0,4.0,6.0
61,15,1.0,0,1,1,0.5,0.047619047619047616,4.0,6.0,0.0,4.0,0.0,0.0,6.0,0.0,18,1.0,43,0.0,0.0,1.5,4.0,6.0,4.0,6.0,4.0,6.0
62,15,1.0,0,1,1,0.5,0.047619047619047616,4.0,6.0,0.0,4.0,0.0,0.0,6.0,0.0,19,1.0,43,0.0,0.0,1.5,4.0,6.0,4.0,6.0,4.0,6.0
63,15,1.0,0,1,1,0.5,0.047619047619047616,4.0,6.0,0.0,4.0,0.0,0.0,6.0,0.0,20,1.0,43,0.0,0.0,1.5,4.0,6.0,4.0,6.0,4.0,6.0
64,15,1.0,0,1,1,0.5,0.047619047619047616,4.0,6.0,0.0,4.0,0.0,0.0,6.0,0.0,21,1.0,43,0.0,0.0,1.5,4.0,6.0,4.0,6.0,4.0,6.0
65,15,1.0,0,1,1,0.5,0.047619047619047616,4.0,6.0,0.0,4.0,0.0,0.0,6.0,0.0,22,1.0,43,0.0,0.0,1.5,4.0,6.0,4.0,6.0,4.0,6.0
66,15,1.0,0,1,1,0.5,0.047619047619047616,4.0,6.0,0.0,4.0,0.0,0.0,6.0,0.0,23,1.0,43,0.0,0.0,1.5,4.0,6.0,4.0,6.0,4.0,6.0
67,15,1.0,0,1,1,0.5,0.047619047619047616,4.0,6.0,0.0,4.0,0.0,0.0,6.0,0.0,24,1.0,43,0.0,0.0,1.5,4.0,6.0,4.0,6.0,4.0,6.0
68,15,1.0,0,1,1,0.5,0.047619047619047616,4.0,6.0,0.0,4.0,0.0,0.0,6.0,0.0,25,1.0,43,0.0,0.0,1.5,4.0,6.0,4.0,6.0,4.0,6.0
69,15,1.0,0,1,1,0.5,0.047619047619047616,4.0,6.0,0.0,4.0,0.0,0.0,6.0,0.0,26,1.0,43,0.0,0.0,1.5,4.0,6.0,4.0,6.0,4.0,6.0
70,15,1.0,0,1,1,0.5,0.047619047619047616,4.0,6.0,0.0,4.0,0.0,0.0,6.0,0.0,27,1.0,43,0.0,0.0,1.5,4.0,6.0,4.0,6.0,4.0,6.0
71,15,1.0,0,1,1,0.5,0.047619047619047616,4.0,6.0,0.0,4.0,0.0,0.0,6.0,0.0,28,1.0,43,0.0,0.0,1.5,4.0,6.0,4.0,6.0,4.0,6.0
72,15,1.0,0,1,1,0.5,0.047619047619047616,4.0,6.0,0.0,4.0,0.0,0.0,6.0,0.0,29,1.0,43,0.0,0.0,1.5,4.0,6.0,4.0,6.0,4.0,6.0
73,15,1.0,0,1,1,0.5,0.047619047619047616,4.0,6.0,0.0,4.0,0.0,0.0,6.0,0.0,30,1.0,43,0.0,0.0,1.5,4.0,6.0,4.0,6.0,4.0,6.0
74,15,1.0,0,1,1,0.5,0.047619047619047616,4.0,6.0,0.0,4.0,0.0,0.0,6.0,0.0,31,1.0,43,0.0,0.0,1.5,4.0,6.0,4.0,6.0,4.0,6.0
75,15,1.0,0,1,1,0.5,0.047619047619047616,4.0,6.0,0.0,4.0,0.0,0.0,6.0,0.0,32,1.0,43,0.0,0.0,1.5,4.0,6.0,4.0,6.0,4.0,6.0
76,15,1.0,0,1,1,0.5,0.047619047619047616,4.0,6.0,0.0,4.0,0.0,0.0,6.0,0.0,33,1.0,43,0.0,0.0,1.5,4.0,6.0,4.0,6.0,4.0,6.0
77,15,1.0,0,1,1,0.5,0.047619047619047616,4.0,6.0,0.0,4.0,0.0,0.0,6.0,0.0,34,1.0,43,0.0,0.0,1.5,4.0,6.0,4.0,6.0,4.0,6.0
78,15,1.0,0,1,1,0.5,0.047619047619047616,4.0,6.0,0.0,4.0,0.0,0.0,6.0,0.0,35,1.0,43,0.0,0.0,1.5,4.0,6.0,4.0,6.0,4.0,6.0
79,15,1.0,0,1,1,0.5,0.047619047619047616,4.0,6.0,0.0,4.0,0.0,0.0,6.0,0.0,36,1.0,43,0.0,0.0,1.5,4.0,6.0,4.0,6.0,4.0,6.0
80,15,1.0,0,1,1,0.5,0.047619047619047616,4.0,6.0,0.0,4.0,0.0,0.0,6.0,0.0,37,1.0,43,0.0,0.0,1.5,4.0,6.0,4.0,6.0,4.0,6.0
81,15,1.0,0,1,1,0.5,0.047619047619047616,4.0,6.0,0.0,4.0,0.0,0.0,6.0,0.0,38,1.0,43,0.0,0.0,1.5,4.0,6.0,4.0,6.0,4.0,6.0
82,15,1.0,0,1,1,0.5,0.047619047619047616,4.0,6.0,0.0,4.0,0.0,0.0,6.0,0.0,39,1.0,43,0.0,0.0,1.5,4.0,6.0,4.0,6.0,4.0,6.0
83,15,1.0,0,1,1,0.5,0.047619047619047616,4.0,6.0,0.0,4.0,0.0,0.0,6.0,0.0,40,1.0,43,0.0,0.0,1.5,4.0,6.0,4.0,6.0,4.0,6.0
84,15,1.0,0,1,1,0.5,0.047619047619047616,4.0,6.0,0.0,4.0,0.0,0.0,6.0,0.0,41,1.0,43,0.0,0.0,1.5,4.0,6.0,4.0,6.0,4.0,6.0
85,15,1.0,0,1,1,0.5,0.047619047619047616,4.0,6.0,0.0,4.0,0.0,0.0,6.0,0.0,42,1.0,43,0.0,0.0,1.5,4.0,6.0,4.0,6.0,4.0,6.0
86,15,1.0,0,1,1,0.5,0.047619047619047616,4.0,6.0,0.0,4.0,0.0,0.0,6.0,0.0,43,1.0,43,0.0,0.0,1.5,4.0,6.0,4.0,6.0,4.0,6.0
87,15,1.0,0,1,1,0.5,0.047619047619047616,4.0,6.0,0.0,4.0,0.0,0.0,6.0,0.0,44,1.0,43,0.0,0.0,1.5,4.0,6.0,4.0,6.0,4.0,6.0
88,15,1.0,0,1,1,0.5,0.047619047619047616,4.0,6.0,0.0,4.0,0.0,0.0,6.0,0.0,45,1.0,43,0.0,0.0,1.5,4.0,6.0,4.0,6.0,4.0,6.0
89,15,1.0,0,1,1,0.5,0.047619047619047616,4.0,6.0,0.0,4.0,0.0,0.0,6.0,0.0,46,1.0,43,0.0,0.0,1.5,4.0,6.0,4.0,6.0,4.0,6.0
90,15,1.0,0,1,1,0.5,0.047619047619047616,4.0,6.0,0.0,4.0,0.0,0.0,6.0,0.0,47,1.0,43,0.0,0.0,1.5,4.0,6.0,4.0,6.0,4.0,6.0
91,15,1.0,0,1,1,0.5,0.047619047619047616,4.0,6.0,0.0,4.0,0.0,0.0,6.0,0.0,48,1.0,43,0.0,0.0,1.5,4.0,6.0,4.0,6.0,4.0,6.0
92,15,1.0,0,1,1,0.5,0.047619047619047616,4.0,6.0,0.0,4.0,0.0,0.0,6.0,0.0,49,1.0,43,0.0,0.0,1.5,4.0,6.0,4.0,6.0,4.0,6.0
93,15,1.0,0,1,1,0.5,0.047619047619047616,4.0,6.0,0.0,4.0,0.0,0.0,6.0,0.0,50,1.0,43,0.0,0.0,1.5,4.0,6.0,4.0,6.0,4.0,6.0
94,15,1.0,0,1,1,0.5,0.047619047619047616,4.0,6.0,0.0,4.0,0.0,0.0,6.0,0.0,51,1.0,43,0.0,0.0,1.5,4.0,6.0,4.0,6.0,4.0,6.0
95,15,1.0,0,1,1,0.5,0.047619047619047616,4.0,6.0,0.0,4.0,0.0,0.0,6.0,0.0,52,1.0,43,0.0,0.0,1.5,4.0,6.0,4.0,6.0,4.0,6.0
96,15,1.0,0,1,1,0.5,0.047619047619047616,4.0,6.0,0.0,4.0,0.0,0.0,6.0,0.0,53,1.0,43,0.0,0.0,1.5,4.0,6.0,4.0,6.0,4.0,6.0
97,15,1.0,0,1,1,0.5,0.047619047619047616,4.0,6.0,0.0,4.0,0.0,0.0,6.0,0.0,54,1.0,43,0.0,0.0,1.5,4.0,6.0,4.0,6.0,4.0,6.0
98,15,1.0,0,1,1,0.5,0.047619047619047616,4.0,6.0,0.0,4.0,0.0,0.0,6.0,0.0,55,1.0,43,0.0,0.0,1.5,4.0,6.0,4.0,6.0,4.0,6.0
99,15,1.0,0,1,1,0.5,0.047619047619047616,4.0,6.0,0.0,4.0,0.0,0.0,6.0,0.0,56,1.0,43,0.0,0.0,1.5,4.0,6.0,4.0,6.0,4.0,6.0
100,15,1.0,0,1,1,0.5,0.047619047619047616,4.0,6.0,0.0,4.0,0.0,0.0,6.0,0.0,57,1.0,43,0.0,0.0,1.5,4.0,6.0,4.0,6.0,4.0,6.0
101,15,1.0,0,1,1,0.5,0.047619047619047616,4.0,6.0,0.0,4.0,0.0,0.0,6.0,0.0,58,1.0,43,0.0,0.0,1.5,4.0,6.0,4.0,6.0,4.0,6.0
102,15,1.0,0,1,1,0.5,0.047619047619047616,4.0,6.0,0.0,4.0,0.0,0.0,6.0,0.0,59,1.0,43,0.0,0.0,1.5,4.0,6.0,4.0,6.0,4.0,6.0
103,15,1.0,0,1,1,0.5,0.047619047619047616,4.0,6.0,0.0,4.0,0.0,0.0,6.0,0.0,60,1.0,43,0.0,0.0,1.5,4.0,6.0,4.0,6.0,4.0,6.0
104,15,1.0,0,1,1,0.5,0.047619047619047616,4.0,6.0,0.0,4.0,0.0,0.0,6.0,0.0,61,1.0,43,0.0,0.0,1.5,4.0,6.0,4.0,6.0,4.0,6.0
105,15,1.0,0,1,1,0.5,0.047619047619047616,4.0,6.0,0.0,4.0,0.0,0.0,6.0,0.0,62,1.0,43,0.0,0.0,1.5,4.0,6.0,4.0,6.0,4.0,6.0
106,15,1.0,0,1,1,0.5,0.047619047619047616,4.0,6.0,0.0,4.0,0.0,0.0,6.0,0.0,63,1.0,43,0.0,0.0,1.5,4.0,6.0,4.0,6.0,4.0,6.0
107,15,1.0,0,1,1,0.5,0.047619047619047616,4.0,6.0,0.0,4.0,0.0,0.0,6.0,0.0,64,1.0,43,0.0,0.0,1.5,4.0,6.0,4.0,6.0,4.0,6.0
108,15,1.0,0,1,1,0.5,0.047619047619047616,4.0,6.0,0.0,4.0,0.0,0.0,6.0,0.0,65,1.0,43,0.0,0.0,1.5,4.0,6.0,4.0,6.0,4.0,6.0
109,15,1.0,0,1,1,0.5,0.047619047619047616,4.0,6.0,0.0,4.0,0.0,0.0,6.0,0.0,66,1.0,43,0.0,0.0,1.5,4.0,6.0,4.0,6.0,4.0,6.0
110,15,1.0,0,1,1,0.5,0.047619047619047616,4.0,6.0,0.0,4.0,0.0,0.0,6.0,0.0,67,1.0,43,0.0,0.0,1.5,4.0,6.0,4.0,6.0,4.0,6.0
111,15,1.0,0,1,1,0.5,0.047619047619047616,4.0,6.0,0.0,4.0,0.0,0.0,6.0,0.0,68,1.0,43,0.0,0.0,1.5,4.0,6.0,4.0,6.0,4.0,6.0
112,15,1.0,0,1,1,0.5,0.047619047619047616,4.0,6.0,0.0,4.0,0.0,0.0,6.0,0.0,69,1.0,43,0.0,0.0,1.5,4.0,6.0,4.0,6.0,4.0,6.0
113,15,1.0,0,1,1,0.5,0.047619047619047616,4.0,6.0,0.0,4.0,0.0,0.0,6.0,0.0,70,1.0,43,0.0,0.0,1.5,4.0,6.0,4.0,6.0,4.0,6.0
114,15,1.0,0,1,1,0.5,0.047619047619047616,4.0,6.0,0.0,4.0,0.0,0.0,6.0,0.0,71,1.0,43,0.0,0.0,1.5,4.0,6.0,4.0,6.0,4.0,6.0
115,15,1.0,0,1,1,0.5,0.047619047619047616,4.0,6.0,0.0,4.0,0.0,0.0,6.0,0.0,72,1.0,43,0.0,0.0,1.5,4.0,6.0,4.0,6.0,4.0,6.0
116,15,1.0,0,1,1,0.5,0.047619047619047616,4.0,6.0,0.0,4.0,0.0,0.0,6.0,0.0,73,1.0,43,0.0,0.0,1.5,4.0,6.0,4.0,6.0,4.0,6.0
117,15,1.0,0,1,1,0.5,0.047619047619047616,4.0,6.0,0.0,4.0,0.0,0.0,6.0,0.0,74,1.0,43,0.0,0.0,1.5,4.0,6.0,4.0,6.0,4.0,6.0
118,15,1.0,0,1,1,0.5,0.047619047619047616,4.0,6.0,0.0,4.0,0.0,0.0,6.0,0.0,75,1.0,43,0.0,0.0,1.5,4.0,6.0,4.0,6.0,4.0,6.0
119,15,1.0,0,1,1,0.5,0.047619047619047616,4.0,6.0,0.0,4.0,0.0,0.0,6.0,0.0,76,1.0,43,0.0,0.0,1.5,4.0,6.0,4.0,6.0,4.0,6.0
120,15,1.0,0,1,1,0.5,0.047619047619047616,4.0,6.0,0.0,4.0,0.0,0.0,6.0,0.0,77,1.0,43,0.0,0.0,1.5,4.0,6.0,4.0,6.0,4.0,6.0
121,15,1.0,0,1,1,0.5,0.047619047619047616,4.0,6.0,0.0,4.0,0.0,0.0,6.0,0.0,78,1.0,43,0.0,0.0,1.5,4.0,6.0,4.0,6.0,4.0,6.0
122,15,1.0,0,1,1,0.5,0.047619047619047616,4.0,6.0,0.0,4.0,0.0,0.0,6.0,0.0,79,1.0,43,0.0,0.0,1.5,4.0,6.0,4.0,6.0,4.0,6.0
1,16,0.0,1,0,1,0.7727272727272727,0.0,6.0,10.0,0.0,6.0,0.0,0.0,10.0,0.0,0,0.0,0,0.0,0.0,1.6666666666666667,0.0,0.0,0.0,0.0,0.0,0.0
2,16,0.0,1,0,1,0.7727272727272727,0.0,6.0,10.0,0.0,6.0,0.0,0.0,10.0,0.0,1,0.5,43,0.0,0.0,1.6666666666666667,6.0,10.0,0.0,0.0,0.0,0.0
3,16,0.0,1,0,1,0.7727272727272727,0.0,6.0,10.0,0.0,6.0,0.0,0.0,10.0,0.0,2,0.6666666666666666,43,0.0,0.0,1.6666666666666667,6.0,10.0,6.0,10.0,0.0,0.0
4,16,0.0,0,1,1,0.7727272727272727,0.0,6.0,10.0,0.0,6.0,0.0,0.0,10.0,0.0,3,0.75,43,0.0,0.0,1.6666666666666667,6.0,10.0,6.0,10.0,6.0,10.0
5,16,0.0,0,1,1,0.7727272727272727,0.0,6.0,10.0,0.0,6.0,0.0,0.0,10.0,0.0,4,0.8,43,0.0,0.0,1.6666666666666667,6.0,10.0,6.0,10.0,6.0,10.0
6,16,0.0,0,1,1,0.7727272727272727,0.0,5.8,10.0,-1.4619519810524544,6.0,0.0,0.0,10.0,0.0,5,1.0,25,-1.0,0.0,2.0,6.0,10.0,6.0,10.0,6.0,10.0
7,16,0.0,0,1,1,0.7727272727272727,0.0,5.4,10.0,-1.40784565493656,6.0,0.0,0.0,10.0,0.0,6,1.0,25,-2.0,0.0,2.5,5.0,10.0,6.0,10.0,6.0,10.0
8,16,0.0,0,1,1,0.7727272727272727,0.0,5.2,10.0,-0.21352464537219598,6.0,0.0,0.0,10.0,0.0,7,1.0,26,-1.0,0.0,2.0,4.0,10.0,5.0,10.0,6.0,10.0
9,16,0.0,0,1,1,0.7727272727272727,0.0,5.0,10.0,0.0,6.0,0.0,0.0,10.0,0.0,8,1.0,25,-1.0,0.0,2.0,5.0,10.0,4.0,10.0,5.0,10.0
10,16,0.0,0,1,1,0.7727272727272727,0.0,4.6,10.0,-0.9263225327693084,5.0,0.0,0.0,10.0,0.0,9,1.0,25,-2.0,0.0,2.5,5.0,10.0,5.0,10.0,4.0,10.0
11,16,0.0,0,1,1,0.7727272727272727,0.0,4.4,9.8,-0.6175483551795399,5.0,0.0,-1.461951981052455,10.0,-1.0,10,1.0,27,-1.0,-1.0,2.25,4.0,10.0,5.0,10.0,5.0,10.0
12,16,0.0,0,1,1,0.7727272727272727,0.0,4.4,9.4,-0.6175483551795399,5.0,2.0,-1.4078456549365599,10.0,-2.0,11,1.0,33,0.0,-2.0,2.0,4.0,9.0,4.0,10.0,5.0,10.0
13,16,0.0,0,1,1,0.7727272727272727,0.0,4.2,9.0,-0.36548799526311376,5.0,0.0,-0.9090909090909088,10.0,-2.0,12,1.0,30,-1.0,-2.0,2.0,4.0,8.0,4.0,9.0,4.0,10.0
14,16,0.0,0,1,1,0.7727272727272727,0.0,4.0,8.6,0.0,4.0,0.0,-0.6033624235442394,10.0,-2.0,13,1.0,25,-1.0,-2.0,2.0,4.0,8.0,4.0,8.0,4.0,9.0
15,16,0.0,0,1,1,0.7727272727272727,0.0,4.0,8.2,0.0,4.0,2.0,-0.36548799526311215,9.0,-2.0,14,1.0,28,0.0,-2.0,2.0,4.0,8.0,4.0,8.0,4.0,8.0
16,16,0.0,0,1,1,0.7727272727272727,0.0,4.0,8.0,0.0,4.0,1.0,0.0,8.0,0.0,15,1.0,28,0.0,-1.0,2.0,4.0,8.0,4.0,8.0,4.0,8.0
17,16,0.0,0,1,1,0.7727272727272727,0.0,4.0,8.0,0.0,4.0,0.0,0.0,8.0,2.0,16,1.0,28,0.0,0.0,2.0,4.0,8.0,4.0,8.0,4.0,8.0
18,16,0.0,0,1,1,0.7727272727272727,0.0,3.8,8.0,-1.4619519810524544,4.0,0.0,0.0,8.0,2.0,17,1.0,29,-1.0,0.0,2.6666666666666665,4.0,8.0,4.0,8.0,4.0,8.0
19,16,0.0,0,1,1,0.7727272727272727,0.0,3.6,8.0,-0.9263225327693094,4.0,0.0,0.0,8.0,2.0,18,1.0,33,-1.0,0.0,2.6666666666666665,3.0,8.0,4.0,8.0,4.0,8.0
20,16,0.0,0,1,1,0.7727272727272727,0.0,3.4,7.8,-0.6175483551795394,4.0,-1.0,-1.4619519810524544,8.0,1.0,19,1.0,32,-1.0,-1.0,2.3333333333333335,3.0,8.0,3.0,8.0,4.0,8.0
21,16,0.0,0,1,1,0.7727272727272727,0.0,3.2,7.6,-0.365487995263114,4.0,-1.0,-0.9263225327693089,8.0,0.0,20,1.0,32,-1.0,-1.0,2.3333333333333335,3.0,7.0,3.0,8.0,3.0,8.0
22,16,0.0,0,1,1,0.7727272727272727,0.0,3.0,7.4,0.0,3.0,-1.0,-0.6175483551795402,8.0,-1.0,21,1.0,33,-1.0,-1.0,2.3333333333333335,3.0,7.0,3.0,7.0,3.0,8.0
23,16,0.0,0,1,1,0.7727272727272727,0.0,3.0,7.2,0.0,3.0,1.0,-0.365487995263114,8.0,-1.0,22,1.0,34,0.0,-1.0,2.3333333333333335,3.0,7.0,3.0,7.0,3.0,7.0
24,16,0.0,0,1,1,0.7727272727272727,0.0,3.0,7.0,0.0,3.0,1.0,0.0,7.0,-1.0,23,1.0,34,0.0,-1.0,2.3333333333333335,3.0,7.0,3.0,7.0,3.0,7.0
25,16,0.0,0,1,1,0.7727272727272727,0.0,3.0,7.0,0.0,3.0,1.0,0.0,7.0,1.0,24,1.0,32,0.0,0.0,2.3333333333333335,3.0,7.0,3.0,7.0,3.0,7.0
26,16,0.0,0,1,1,0.7727272727272727,0.0,3.0,7.0,0.0,3.0,1.0,0.0,7.0,1.0,25,1.0,35,0.0,0.0,2.3333333333333335,3.0,7.0,3.0,7.0,3.0,7.0
27,16,0.0,0,1,1,0.7727272727272727,0.0,3.0,7.0,0.0,3.0,1.0,0.0,7.0,1.0,26,1.0,36,0.0,0.0,2.3333333333333335,3.0,7.0,3.0,7.0,3.0,7.0
28,16,0.0,0,1,1,0.7727272727272727,0.0,3.0,7.0,0.0,3.0,0.0,0.0,7.0,1.0,27,1.0,34,0.0,0.0,2.3333333333333335,3.0,7.0,3.0,7.0,3.0,7.0
29,16,0.0,0,1,1,0.7727272727272727,0.0,3.0,7.2,0.0,3.0,0.0,1.4619519810524544,8.0,2.0,28,1.0,33,0.0,1.0,2.6666666666666665,3.0,7.0,3.0,7.0,3.0,7.0
30,16,0.0,0,1,1,0.7727272727272727,0.0,3.0,7.4,0.0,3.0,0.0,0.9263225327693089,8.0,1.0,29,1.0,35,0.0,1.0,2.6666666666666665,3.0,8.0,3.0,7.0,3.0,7.0
31,16,0.0,0,1,1,0.7727272727272727,0.0,3.0,7.6,0.0,3.0,0.0,0.6175483551795402,8.0,1.0,30,1.0,36,0.0,1.0,2.6666666666666665,3.0,8.0,3.0,8.0,3.0,7.0
32,16,0.0,0,1,1,0.7727272727272727,0.0,3.0,7.6,0.0,3.0,0.0,-0.9263225327693089,8.0,0.0,31,1.0,37,0.0,0.0,2.3333333333333335,3.0,8.0,3.0,8.0,3.0,8.0
33,16,0.0,0,1,1,0.7727272727272727,0.0,3.0,7.6,0.0,3.0,0.0,-0.9263225327693089,8.0,0.0,32,1.0,39,0.0,0.0,2.3333333333333335,3.0,7.0,3.0,8.0,3.0,8.0
34,16,0.0,0,1,1,0.7727272727272727,0.0,3.0,7.4,0.0,3.0,0.0,-0.6175483551795402,8.0,-2.0,33,1.0,39,0.0,-1.0,2.3333333333333335,3.0,7.0,3.0,7.0,3.0,8.0
35,16,0.0,0,1,1,0.7727272727272727,0.0,3.0,7.2,0.0,3.0,0.0,-0.365487995263114,8.0,-2.0,34,1.0,38,0.0,-1.0,2.3333333333333335,3.0,7.0,3.0,7.0,3.0,7.0
36,16,0.0,0,1,1,0.7727272727272727,0.0,3.0,7.0,0.0,3.0,0.0,0.0,7.0,-2.0,35,1.0,38,0.0,-1.0,2.3333333333333335,3.0,7.0,3.0,7.0,3.0,7.0
37,16,0.0,0,1,1,0.7727272727272727,0.0,3.0,7.0,0.0,3.0,0.0,0.0,7.0,0.0,36,1.0,39,0.0,0.0,2.3333333333333335,3.0,7.0,3.0,7.0,3.0,7.0
38,16,0.0,0,1,1,0.7727272727272727,0.0,3.0,7.0,0.0,3.0,0.0,0.0,7.0,0.0,37,1.0,38,0.0,0.0,2.3333333333333335,3.0,7.0,3.0,7.0,3.0,7.0
39,16,0.0,0,1,1,0.7727272727272727,0.0,3.0,7.0,0.0,3.0,0.0,0.0,7.0,1.0,38,1.0,38,0.0,0.0,2.3333333333333335,3.0,7.0,3.0,7.0,3.0,7.0
40,16,0.0,0,1,1,0.7727272727272727,0.0,3.0,7.0,0.0,3.0,0.0,0.0,7.0,1.0,39,1.0,40,0.0,0.0,2.3333333333333335,3.0,7.0,3.0,7.0,3.0,7.0
41,16,0.0,0,1,1,0.7727272727272727,0.0,3.0,7.0,0.0,3.0,0.0,0.0,7.0,1.0,40,1.0,41,0.0,0.0,2.3333333333333335,3.0,7.0,3.0,7.0,3.0,7.0
42,16,0.0,0,1,1,0.7727272727272727,0.0,3.0,7.0,0.0,3.0,0.0,0.0,7.0,0.0,41,1.0,41,0.0,0.0,2.3333333333333335,3.0,7.0,3.0,7.0,3.0,7.0
43,16,0.0,0,1,1,0.7727272727272727,0.0,3.0,7.0,0.0,3.0,0.0,0.0,7.0,0.0,42,1.0,41,0.0,0.0,2.3333333333333335,3.0,7.0,3.0,7.0,3.0,7.0
44,16,0.0,0,1,1,0.7727272727272727,0.0,3.0,7.0,0.0,3.0,0.0,0.0,7.0,0.0,43,1.0,42,0.0,0.0,2.3333333333333335,3.0,7.0,3.0,7.0,3.0,7.0
45,16,0.0,0,1,1,0.7727272727272727,0.0,3.0,7.0,0.0,3.0,0.0,0.0,7.0,0.0,44,1.0,41,0.0,0.0,2.3333333333333335,3.0,7.0,3.0,7.0,3.0,7.0
46,16,0.0,0,1,1,0.7727272727272727,0.0,3.0,7.0,0.0,3.0,0.0,0.0,7.0,0.0,45,1.0,41,0.0,0.0,2.3333333333333335,3.0,7.0,3.0,7.0,3.0,7.0
47,16,0.0,0,1,1,0.7727272727272727,0.0,3.0,7.0,0.0,3.0,0.0,0.0,7.0,0.0,46,1.0,41,0.0,0.0,2.3333333333333335,3.0,7.0,3.0,7.0,3.0,7.0
48,16,0.0,0,1,1,0.7727272727272727,0.0,3.0,7.0,0.0,3.0,0.0,0.0,7.0,0.0,47,1.0,42,0.0,0.0,2.3333333333333335,3.0,7.0,3.0,7.0,3.0,7.0
49,16,0.0,0,1,1,0.7727272727272727,0.0,3.0,7.0,0.0,3.0,0.0,0.0,7.0,0.0,48,1.0,42,0.0,0.0,2.3333333333333335,3.0,7.0,3.0,7.0,3.0,7.0
50,16,0.0,0,1,1,0.7727272727272727,0.0,3.0,7.0,0.0,3.0,0.0,0.0,7.0,0.0,49,1.0,42,0.0,0.0,2.3333333333333335,3.0,7.0,3.0,7.0,3.0,7.0
51,16,0.0,0,1,1,0.7727272727272727,0.0,3.0,7.0,0.0,3.0,0.0,0.0,7.0,0.0,50,1.0,42,0.0,0.0,2.3333333333333335,3.0,7.0,3.0,7.0,3.0,7.0
52,16,0.0,0,1,1,0.7727272727272727,0.0,3.0,7.0,0.0,3.0,0.0,0.0,7.0,0.0,51,1.0,42,0.0,0.0,2.3333333333333335,3.0,7.0,3.0,7.0,3.0,7.0
53,16,0.0,0,1,1,0.7727272727272727,0.0,3.0,7.0,0.0,3.0,0.0,0.0,7.0,0.0,52,1.0,42,0.0,0.0,2.3333333333333335,3.0,7.0,3.0,7.0,3.0,7.0
54,16,0.0,0,1,1,0.7727272727272727,0.0,3.0,7.0,0.0,3.0,0.0,0.0,7.0,0.0,53,1.0,43,0.0,0.0,2.3333333333333335,3.0,7.0,3.0,7.0,3.0,7.0
55,16,0.0,0,1,1,0.7727272727272727,0.0,3.0,7.0,0.0,3.0,0.0,0.0,7.0,0.0,54,1.0,43,0.0,0.0,2.3333333333333335,3.0,7.0,3.0,7.0,3.0,7.0
56,16,0.0,0,1,1,0.7727272727272727,0.0,3.0,7.0,0.0,3.0,0.0,0.0,7.0,0.0,55,1.0,43,0.0,0.0,2.3333333333333335,3.0,7.0,3.0,7.0,3.0,7.0
57,16,0.0,0,1,1,0.7727272727272727,0.0,3.0,7.0,0.0,3.0,0.0,0.0,7.0,0.0,56,1.0,43,0.0,0.0,2.3333333333333335,3.0,7.0,3.0,7.0,3.0,7.0
58,16,0.0,0,1,1,0.7727272727272727,0.0,3.0,7.0,0.0,3.0,0.0,0.0,7.0,0.0,57,1.0,43,0.0,0.0,2.3333333333333335,3.0,7.0,3.0,7.0,3.0,7.0
59,16,0.0,0,1,1,0.7727272727272727,0.0,3.0,7.0,0.0,3.0,0.0,0.0,7.0,0.0,58,1.0,43,0.0,0.0,2.3333333333333335,3.0,7.0,3.0,7.0,3.0,7.0
60,16,0.0,0,1,1,0.7727272727272727,0.0,3.0,7.0,0.0,3.0,0.0,0.0,7.0,0.0,59,1.0,43,0.0,0.0,2.3333333333333335,3.0,7.0,3.0,7.0,3.0,7.0
61,16,0.0,0,1,1,0.7727272727272727,0.0,3.0,7.0,0.0,3.0,0.0,0.0,7.0,0.0,60,1.0,43,0.0,0.0,2.3333333333333335,3.0,7.0,3.0,7.0,3.0,7.0
62,16,0.0,0,1,1,0.7727272727272727,0.0,3.0,7.0,0.0,3.0,0.0,0.0,7.0,0.0,61,1.0,43,0.0,0.0,2.3333333333333335,3.0,7.0,3.0,7.0,3.0,7.0
63,16,0.0,0,1,1,0.7727272727272727,0.0,3.0,7.0,0.0,3.0,0.0,0.0,7.0,0.0,62,1.0,43,0.0,0.0,2.3333333333333335,3.0,7.0,3.0,7.0,3.0,7.0
64,16,0.0,0,1,1,0.7727272727272727,0.0,3.0,7.0,0.0,3.0,0.0,0.0,7.0,0.0,63,1.0,43,0.0,0.0,2.3333333333333335,3.0,7.0,3.0,7.0,3.0,7.0
65,16,0.0,0,1,1,0.7727272727272727,0.0,3.0,7.0,0.0,3.0,0.0,0.0,7.0,0.0,64,1.0,43,0.0,0.0,2.3333333333333335,3.0,7.0,3.0,7.0,3.0,7.0
66,16,0.0,0,1,1,0.7727272727272727,0.0,3.0,7.0,0.0,3.0,0.0,0.0,7.0,0.0,65,1.0,43,0.0,0.0,2.3333333333333335,3.0,7.0,3.0,7.0,3.0,7.0
67,16,0.0,0,1,1,0.7727272727272727,0.0,3.0,7.0,0.0,3.0,0.0,0.0,7.0,0.0,66,1.0,43,0.0,0.0,2.3333333333333335,3.0,7.0,3.0,7.0,3.0,7.0
68,16,0.0,0,1,1,0.7727272727272727,0.0,3.0,7.0,0.0,3.0,0.0,0.0,7.0,0.0,67,1.0,43,0.0,0.0,2.3333333333333335,3.0,7.0,3.0,7.0,3.0,7.0
69,16,0.0,0,1,1,0.7727272727272727,0.0,3.0,7.0,0.0,3.0,0.0,0.0,7.0,0.0,68,1.0,43,0.0,0.0,2.3333333333333335,3.0,7.0,3.0,7.0,3.0,7.0
70,16,0.0,0,1,1,0.7727272727272727,0.0,3.0,7.0,0.0,3.0,0.0,0.0,7.0,0.0,69,1.0,43,0.0,0.0,2.3333333333333335,3.0,7.0,3.0,7.0,3.0,7.0
71,16,0.0,0,1,1,0.7727272727272727,0.0,3.0,7.0,0.0,3.0,0.0,0.0,7.0,0.0,70,1.0,43,0.0,0.0,2.3333333333333335,3.0,7.0,3.0,7.0,3.0,7.0
72,16,0.0,0,1,1,0.7727272727272727,0.0,3.0,7.0,0.0,3.0,0.0,0.0,7.0,0.0,71,1.0,43,0.0,0.0,2.3333333333333335,3.0,7.0,3.0,7.0,3.0,7.0
73,16,0.0,0,1,1,0.7727272727272727,0.0,3.0,7.0,0.0,3.0,0.0,0.0,7.0,0.0,72,1.0,43,0.0,0.0,2.3333333333333335,3.0,7.0,3.0,7.0,3.0,7.0
74,16,0.0,0,1,1,0.7727272727272727,0.0,3.0,7.0,0.0,3.0,0.0,0.0,7.0,0.0,73,1.0,43,0.0,0.0,2.3333333333333335,3.0,7.0,3.0,7.0,3.0,7.0
75,16,0.0,0,1,1,0.7727272727272727,0.0,3.0,7.0,0.0,3.0,0.0,0.0,7.0,0.0,74,1.0,43,0.0,0.0,2.3333333333333335,3.0,7.0,3.0,7.0,3.0,7.0
76,16,0.0,0,1,1,0.7727272727272727,0.0,3.0,7.0,0.0,3.0,0.0,0.0,7.0,0.0,75,1.0,43,0.0,0.0,2.3333333333333335,3.0,7.0,3.0,7.0,3.0,7.0
77,16,0.0,0,1,1,0.7727272727272727,0.0,3.0,7.0,0.0,3.0,0.0,0.0,7.0,0.0,76,1.0,43,0.0,0.0,2.3333333333333335,3.0,7.0,3.0,7.0,3.0,7.0
78,16,0.0,0,1,1,0.7727272727272727,0.0,3.0,7.0,0.0,3.0,0.0,0.0,7.0,0.0,77,1.0,43,0.0,0.0,2.3333333333333335,3.0,7.0,3.0,7.0,3.0,7.0
79,16,0.0,0,1,1,0.7727272727272727,0.0,3.0,7.0,0.0,3.0,0.0,0.0,7.0,0.0,78,1.0,43,0.0,0.0,2.3333333333333335,3.0,7.0,3.0,7.0,3.0,7.0
80,16,0.0,0,1,1,0.7727272727272727,0.0,3.0,7.0,0.0,3.0,0.0,0.0,7.0,0.0,79,1.0,43,0.0,0.0,2.3333333333333335,3.0,7.0,3.0,7.0,3.0,7.0
81,16,0.0,0,1,1,0.7727272727272727,0.0,3.0,7.0,0.0,3.0,0.0,0.0,7.0,0.0,80,1.0,43,0.0,0.0,2.3333333333333335,3.0,7.0,3.0,7.0,3.0,7.0
82,16,0.0,0,1,1,0.7727272727272727,0.0,3.0,7.0,0.0,3.0,0.0,0.0,7.0,0.0,81,1.0,43,0.0,0.0,2.3333333333333335,3.0,7.0,3.0,7.0,3.0,7.0
83,16,0.0,0,1,1,0.7727272727272727,0.0,3.0,7.0,0.0,3.0,0.0,0.0,7.0,0.0,82,1.0,43,0.0,0.0,2.3333333333333335,3.0,7.0,3.0,7.0,3.0,7.0
84,16,0.0,0,1,1,0.7727272727272727,0.0,3.0,7.0,0.0,3.0,0.0,0.0,7.0,0.0,83,1.0,43,0.0,0.0,2.3333333333333335,3.0,7.0,3.0,7.0,3.0,7.0
85,16,0.0,0,1,1,0.7727272727272727,0.0,3.0,7.0,0.0,3.0,0.0,0.0,7.0,0.0,84,1.0,43,0.0,0.0,2.3333333333333335,3.0,7.0,3.0,7.0,3.0,7.0
86,16,0.0,0,1,1,0.7727272727272727,0.0,3.0,7.0,0.0,3.0,0.0,0.0,7.0,0.0,85,1.0,43,0.0,0.0,2.3333333333333335,3.0,7.0,3.0,7.0,3.0,7.0
87,16,0.0,0,1,1,0.7727272727272727,0.0,3.0,7.0,0.0,3.0,0.0,0.0,7.0,0.0,86,1.0,43,0.0,0.0,2.3333333333333335,3.0,7.0,3.0,7.0,3.0,7.0
88,16,0.0,0,1,1,0.7727272727272727,0.0,3.0,7.0,0.0,3.0,0.0,0.0,7.0,0.0,87,1.0,43,0.0,0.0,2.3333333333333335,3.0,7.0,3.0,7.0,3.0,7.0
89,16,0.0,0,1,1,0.7727272727272727,0.0,3.0,7.0,0.0,3.0,0.0,0.0,7.0,0.0,88,1.0,43,0.0,0.0,2.3333333333333335,3.0,7.0,3.0,7.0,3.0,7.0
90,16,0.0,0,1,1,0.7727272727272727,0.0,3.0,7.0,0.0,3.0,0.0,0.0,7.0,0.0,89,1.0,43,0.0,0.0,2.3333333333333335,3.0,7.0,3.0,7.0,3.0,7.0
91,16,0.0,0,1,1,0.7727272727272727,0.0,3.0,7.0,0.0,3.0,0.0,0.0,7.0,0.0,90,1.0,43,0.0,0.0,2.3333333333333335,3.0,7.0,3.0,7.0,3.0,7.0
92,16,0.0,0,1,1,0.7727272727272727,0.0,3.0,7.0,0.0,3.0,0.0,0.0,7.0,0.0,91,1.0,43,0.0,0.0,2.3333333333333335,3.0,7.0,3.0,7.0,3.0,7.0
93,16,0.0,0,1,1,0.7727272727272727,0.0,3.0,7.0,0.0,3.0,0.0,0.0,7.0,0.0,92,1.0,43,0.0,0.0,2.3333333333333335,3.0,7.0,3.0,7.0,3.0,7.0
94,16,0.0,0,1,1,0.7727272727272727,0.0,3.0,7.0,0.0,3.0,0.0,0.0,7.0,0.0,93,1.0,43,0.0,0.0,2.3333333333333335,3.0,7.0,3.0,7.0,3.0,7.0
95,16,0.0,0,1,1,0.7727272727272727,0.0,3.0,7.0,0.0,3.0,0.0,0.0,7.0,0.0,94,1.0,43,0.0,0.0,2.3333333333333335,3.0,7.0,3.0,7.0,3.0,7.0
96,16,0.0,0,1,1,0.7727272727272727,0.0,3.0,7.0,0.0,3.0,0.0,0.0,7.0,0.0,95,1.0,43,0.0,0.0,2.3333333333333335,3.0,7.0,3.0,7.0,3.0,7.0
97,16,0.0,0,1,1,0.7727272727272727,0.0,3.0,7.0,0.0,3.0,0.0,0.0,7.0,0.0,96,1.0,43,0.0,0.0,2.3333333333333335,3.0,7.0,3.0,7.0,3.0,7.0
98,16,0.0,0,1,1,0.7727272727272727,0.0,3.0,7.0,0.0,3.0,0.0,0.0,7.0,0.0,97,1.0,43,0.0,0.0,2.3333333333333335,3.0,7.0,3.0,7.0,3.0,7.0
99,16,0.0,0,1,1,0.7727272727272727,0.0,3.0,7.0,0.0,3.0,0.0,0.0,7.0,0.0,98,1.0,43,0.0,0.0,2.3333333333333335,3.0,7.0,3.0,7.0,3.0,7.0
100,16,0.0,0,1,1,0.7727272727272727,0.0,3.0,7.0,0.0,3.0,0.0,0.0,7.0,0.0,99,1.0,43,0.0,0.0,2.3333333333333335,3.0,7.0,3.0,7.0,3.0,7.0
101,16,0.0,0,1,1,0.7727272727272727,0.0,3.0,7.0,0.0,3.0,0.0,0.0,7.0,0.0,100,1.0,43,0.0,0.0,2.3333333333333335,3.0,7.0,3.0,7.0,3.0,7.0
102,16,0.0,0,1,1,0.7727272727272727,0.0,3.0,7.0,0.0,3.0,0.0,0.0,7.0,0.0,101,1.0,43,0.0,0.0,2.3333333333333335,3.0,7.0,3.0,7.0,3.0,7.0
103,16,0.0,0,1,1,0.7727272727272727,0.0,3.0,7.0,0.0,3.0,0.0,0.0,7.0,0.0,102,1.0,43,0.0,0.0,2.3333333333333335,3.0,7.0,3.0,7.0,3.0,7.0
104,16,0.0,0,1,1,0.7727272727272727,0.0,3.0,7.0,0.0,3.0,0.0,0.0,7.0,0.0,103,1.0,43,0.0,0.0,2.3333333333333335,3.0,7.0,3.0,7.0,3.0,7.0
105,16,0.0,0,1,1,0.7727272727272727,0.0,3.0,7.0,0.0,3.0,0.0,0.0,7.0,0.0,104,1.0,43,0.0,0.0,2.3333333333333335,3.0,7.0,3.0,7.0,3.0,7.0
106,16,0.0,0,1,1,0.7727272727272727,0.0,3.0,7.0,0.0,3.0,0.0,0.0,7.0,0.0,105,1.0,43,0.0,0.0,2.3333333333333335,3.0,7.0,3.0,7.0,3.0,7.0
107,16,0.0,0,1,1,0.7727272727272727,0.0,3.0,7.0,0.0,3.0,0.0,0.0,7.0,0.0,106,1.0,43,0.0,0.0,2.3333333333333335,3.0,7.0,3.0,7.0,3.0,7.0
108,16,0.0,0,1,1,0.7727272727272727,0.0,3.0,7.0,0.0,3.0,0.0,0.0,7.0,0.0,107,1.0,43,0.0,0.0,2.3333333333333335,3.0,7.0,3.0,7.0,3.0,7.0
109,16,0.0,0,1,1,0.7727272727272727,0.0,3.0,7.0,0.0,3.0,0.0,0.0,7.0,0.0,108,1.0,43,0.0,0.0,2.3333333333333335,3.0,7.0,3.0,7.0,3.0,7.0
110,16,0.0,0,1,1,0.7727272727272727,0.0,3.0,7.0,0.0,3.0,0.0,0.0,7.0,0.0,109,1.0,43,0.0,0.0,2.3333333333333335,3.0,7.0,3.0,7.0,3.0,7.0
111,16,0.0,0,1,1,0.7727272727272727,0.0,3.0,7.0,0.0,3.0,0.0,0.0,7.0,0.0,110,1.0,43,0.0,0.0,2.3333333333333335,3.0,7.0,3.0,7.0,3.0,7.0
112,16,0.0,0,1,1,0.7727272727272727,0.0,3.0,7.0,0.0,3.0,0.0,0.0,7.0,0.0,111,1.0,43,0.0,0.0,2.3333333333333335,3.0,7.0,3.0,7.0,3.0,7.0
113,16,0.0,0,1,1,0.7727272727272727,0.0,3.0,7.0,0.0,3.0,0.0,0.0,7.0,0.0,112,1.0,43,0.0,0.0,2.3333333333333335,3.0,7.0,3.0,7.0,3.0,7.0
114,16,0.0,0,1,1,0.7727272727272727,0.0,3.0,7.0,0.0,3.0,0.0,0.0,7.0,0.0,113,1.0,43,0.0,0.0,2.3333333333333335,3.0,7.0,3.0,7.0,3.0,7.0
115,16,0.0,0,1,1,0.7727272727272727,0.0,3.0,7.0,0.0,3.0,0.0,0.0,7.0,0.0,114,1.0,43,0.0,0.0,2.3333333333333335,3.0,7.0,3.0,7.0,3.0,7.0
116,16,0.0,0,1,1,0.7727272727272727,0.0,3.0,7.0,0.0,3.0,0.0,0.0,7.0,0.0,115,1.0,43,0.0,0.0,2.3333333333333335,3.0,7.0,3.0,7.0,3.0,7.0
117,16,0.0,0,1,1,0.7727272727272727,0.0,3.0,7.0,0.0,3.0,0.0,0.0,7.0,0.0,116,1.0,43,0.0,0.0,2.3333333333333335,3.0,7.0,3.0,7.0,3.0,7.0
118,16,0.0,0,1,1,0.7727272727272727,0.0,3.0,7.0,0.0,3.0,0.0,0.0,7.0,0.0,117,1.0,43,0.0,0.0,2.3333333333333335,3.0,7.0,3.0,7.0,3.0,7.0
119,16,0.0,0,1,1,0.7727272727272727,0.0,3.0,7.0,0.0,3.0,0.0,0.0,7.0,0.0,118,1.0,43,0.0,0.0,2.3333333333333335,3.0,7.0,3.0,7.0,3.0,7.0
120,16,0.0,0,1,1,0.7727272727272727,0.0,3.0,7.0,0.0,3.0,0.0,0.0,7.0,0.0,119,1.0,43,0.0,0.0,2.3333333333333335,3.0,7.0,3.0,7.0,3.0,7.0
121,16,0.0,0,1,1,0.7727272727272727,0.0,3.0,7.0,0.0,3.0,0.0,0.0,7.0,0.0,120,1.0,43,0.0,0.0,2.3333333333333335,3.0,7.0,3.0,7.0,3.0,7.0
122,16,0.0,0,1,1,0.7727272727272727,0.0,3.0,7.0,0.0,3.0,0.0,0.0,7.0,0.0,121,1.0,43,0.0,0.0,2.3333333333333335,3.0,7.0,3.0,7.0,3.0,7.0
1,17,1.0,1,0,1,0.8181818181818182,0.0,6.0,9.0,0.0,6.0,0.0,0.0,9.0,0.0,0,0.0,0,0.0,0.0,1.5,0.0,0.0,0.0,0.0,0.0,0.0
2,17,1.0,1,0,1,0.8181818181818182,0.0,6.0,9.0,0.0,6.0,0.0,0.0,9.0,0.0,1,0.5,43,0.0,0.0,1.5,6.0,9.0,0.0,0.0,0.0,0.0
3,17,1.0,1,0,1,0.8181818181818182,0.0,6.0,9.0,0.0,6.0,0.0,0.0,9.0,0.0,2,0.6666666666666666,43,0.0,0.0,1.5,6.0,9.0,6.0,9.0,0.0,0.0
4,17,1.0,0,1,1,0.8181818181818182,0.0,6.0,9.0,0.0,6.0,0.0,0.0,9.0,0.0,3,0.75,43,0.0,0.0,1.5,6.0,9.0,6.0,9.0,6.0,9.0
5,17,1.0,0,1,1,0.8181818181818182,0.0,6.0,9.0,0.0,6.0,0.0,0.0,9.0,0.0,4,0.8,43,0.0,0.0,1.5,6.0,9.0,6.0,9.0,6.0,9.0
6,17,1.0,0,1,1,0.8181818181818182,0.0,5.8,9.0,-1.4619519810524544,6.0,0.0,0.0,9.0,0.0,5,1.0,25,-1.0,0.0,1.8,6.0,9.0,6.0,9.0,6.0,9.0
7,17,1.0,0,1,1,0.8181818181818182,0.0,5.6,8.8,-0.9263225327693089,6.0,0.0,-1.461951981052455,9.0,0.0,6,1.0,25,-1.0,-1.0,1.6,5.0,9.0,6.0,9.0,6.0,9.0
8,17,1.0,0,1,1,0.8181818181818182,0.0,5.4,8.8,-0.6175483551795402,6.0,0.0,0.36548799526311215,9.0,0.0,7,1.0,26,-1.0,0.0,1.8,5.0,8.0,5.0,9.0,6.0,9.0
9,17,1.0,0,1,1,0.8181818181818182,0.0,5.2,8.8,-0.365487995263114,6.0,0.0,0.36548799526311215,9.0,0.0,8,1.0,25,-1.0,0.0,1.8,5.0,9.0,5.0,8.0,5.0,9.0
10,17,1.0,0,1,1,0.8181818181818182,0.0,5.0,8.6,0.0,5.0,0.0,-0.9263225327693084,9.0,0.0,9,1.0,25,-1.0,-1.0,1.6,5.0,9.0,5.0,9.0,5.0,8.0
11,17,1.0,0,1,1,0.8181818181818182,0.0,5.0,8.2,0.0,5.0,1.0,-1.2811478722331742,9.0,-2.0,10,1.0,27,0.0,-2.0,1.4,5.0,8.0,5.0,9.0,5.0,9.0
12,17,1.0,0,1,1,0.8181818181818182,0.0,5.0,8.0,0.0,5.0,1.0,-0.9090909090909092,9.0,0.0,11,1.0,33,0.0,-1.0,1.4,5.0,7.0,5.0,8.0,5.0,9.0
13,17,1.0,0,1,1,0.8181818181818182,0.0,5.0,7.6,0.0,5.0,1.0,-0.6033624235442396,9.0,-2.0,12,1.0,30,0.0,-2.0,1.4,5.0,7.0,5.0,7.0,5.0,8.0
14,17,1.0,0,1,1,0.8181818181818182,0.0,5.0,7.2,0.0,5.0,1.0,-0.36548799526311415,8.0,-2.0,13,1.0,25,0.0,-2.0,1.4,5.0,7.0,5.0,7.0,5.0,7.0
15,17,1.0,0,1,1,0.8181818181818182,0.0,5.0,7.0,0.0,5.0,1.0,0.0,7.0,0.0,14,1.0,28,0.0,-1.0,1.4,5.0,7.0,5.0,7.0,5.0,7.0
16,17,1.0,0,1,1,0.8181818181818182,0.0,5.0,7.0,0.0,5.0,0.0,0.0,7.0,2.0,15,1.0,28,0.0,0.0,1.4,5.0,7.0,5.0,7.0,5.0,7.0
17,17,1.0,0,1,1,0.8181818181818182,0.0,4.8,7.0,-1.4619519810524544,5.0,-1.0,0.0,7.0,1.0,16,1.0,28,-1.0,0.0,1.75,5.0,7.0,5.0,7.0,5.0,7.0
18,17,1.0,0,1,1,0.8181818181818182,0.0,4.6,7.0,-0.9263225327693089,5.0,-1.0,0.0,7.0,2.0,17,1.0,29,-1.0,0.0,1.75,4.0,7.0,5.0,7.0,5.0,7.0
19,17,1.0,0,1,1,0.8181818181818182,0.0,4.4,6.8,-0.6175483551795402,5.0,-1.0,-1.4619519810524544,7.0,1.0,18,1.0,33,-1.0,-1.0,1.5,4.0,7.0,4.0,7.0,5.0,7.0
20,17,1.0,0,1,1,0.8181818181818182,0.0,4.2,6.6,-0.365487995263114,5.0,-1.0,-0.9263225327693089,7.0,0.0,19,1.0,32,-1.0,-1.0,1.5,4.0,6.0,4.0,7.0,4.0,7.0
21,17,1.0,0,1,1,0.8181818181818182,0.0,4.0,6.4,0.0,4.0,-1.0,-0.6175483551795402,7.0,-1.0,20,1.0,32,-1.0,-1.0,1.5,4.0,6.0,4.0,6.0,4.0,7.0
22,17,1.0,0,1,1,0.8181818181818182,0.0,4.0,6.2,0.0,4.0,1.0,-0.365487995263114,7.0,-1.0,21,1.0,33,0.0,-1.0,1.5,4.0,6.0,4.0,6.0,4.0,6.0
23,17,1.0,0,1,1,0.8181818181818182,0.0,4.0,6.0,0.0,4.0,1.0,0.0,6.0,-1.0,22,1.0,34,0.0,-1.0,1.5,4.0,6.0,4.0,6.0,4.0,6.0
24,17,1.0,0,1,1,0.8181818181818182,0.0,4.0,6.0,0.0,4.0,1.0,0.0,6.0,1.0,23,1.0,34,0.0,0.0,1.5,4.0,6.0,4.0,6.0,4.0,6.0
25,17,1.0,0,1,1,0.8181818181818182,0.0,4.0,6.0,0.0,4.0,1.0,0.0,6.0,1.0,24,1.0,32,0.0,0.0,1.5,4.0,6.0,4.0,6.0,4.0,6.0
26,17,1.0,0,1,1,0.8181818181818182,0.0,4.0,6.2,0.0,4.0,1.0,1.4619519810524544,7.0,2.0,25,1.0,35,0.0,1.0,1.75,4.0,6.0,4.0,6.0,4.0,6.0
27,17,1.0,0,1,1,0.8181818181818182,0.0,4.0,6.4,0.0,4.0,0.0,0.9263225327693089,7.0,2.0,26,1.0,36,0.0,1.0,1.75,4.0,7.0,4.0,6.0,4.0,6.0
28,17,1.0,0,1,1,0.8181818181818182,0.0,4.0,6.6,0.0,4.0,0.0,0.6175483551795402,7.0,2.0,27,1.0,34,0.0,1.0,1.75,4.0,7.0,4.0,7.0,4.0,6.0
29,17,1.0,0,1,1,0.8181818181818182,0.0,4.0,6.8,0.0,4.0,0.0,0.365487995263114,7.0,1.0,28,1.0,33,0.0,1.0,1.75,4.0,7.0,4.0,7.0,4.0,7.0
30,17,1.0,0,1,1,0.8181818181818182,0.0,4.0,7.0,0.0,4.0,0.0,0.0,7.0,1.0,29,1.0,35,0.0,1.0,1.75,4.0,7.0,4.0,7.0,4.0,7.0
31,17,1.0,0,1,1,0.8181818181818182,0.0,4.0,6.8,0.0,4.0,0.0,-1.4619519810524544,7.0,-2.0,30,1.0,36,0.0,-1.0,1.5,4.0,7.0,4.0,7.0,4.0,7.0
32,17,1.0,0,1,1,0.8181818181818182,0.0,4.0,6.6,0.0,4.0,0.0,-0.9263225327693089,7.0,-2.0,31,1.0,37,0.0,-1.0,1.5,4.0,6.0,4.0,7.0,4.0,7.0
33,17,1.0,0,1,1,0.8181818181818182,0.0,4.0,6.4,0.0,4.0,0.0,-0.6175483551795402,7.0,-2.0,32,1.0,39,0.0,-1.0,1.5,4.0,6.0,4.0,6.0,4.0,7.0
34,17,1.0,0,1,1,0.8181818181818182,0.0,4.0,6.2,0.0,4.0,0.0,-0.365487995263114,7.0,-2.0,33,1.0,39,0.0,-1.0,1.5,4.0,6.0,4.0,6.0,4.0,6.0
35,17,1.0,0,1,1,0.8181818181818182,0.0,4.0,6.0,0.0,4.0,0.0,0.0,6.0,-2.0,34,1.0,38,0.0,-1.0,1.5,4.0,6.0,4.0,6.0,4.0,6.0
36,17,1.0,0,1,1,0.8181818181818182,0.0,4.0,6.0,0.0,4.0,0.0,0.0,6.0,1.0,35,1.0,38,0.0,0.0,1.5,4.0,6.0,4.0,6.0,4.0,6.0
37,17,1.0,0,1,1,0.8181818181818182,0.0,4.0,6.0,0.0,4.0,0.0,0.0,6.0,1.0,36,1.0,39,0.0,0.0,1.5,4.0,6.0,4.0,6.0,4.0,6.0
38,17,1.0,0,1,1,0.8181818181818182,0.0,4.0,6.0,0.0,4.0,0.0,0.0,6.0,1.0,37,1.0,38,0.0,0.0,1.5,4.0,6.0,4.0,6.0,4.0,6.0
39,17,1.0,0,1,1,0.8181818181818182,0.0,4.0,6.0,0.0,4.0,0.0,0.0,6.0,1.0,38,1.0,38,0.0,0.0,1.5,4.0,6.0,4.0,6.0,4.0,6.0
40,17,1.0,0,1,1,0.8181818181818182,0.0,4.0,6.0,0.0,4.0,0.0,0.0,6.0,1.0,39,1.0,40,0.0,0.0,1.5,4.0,6.0,4.0,6.0,4.0,6.0
41,17,1.0,0,1,1,0.8181818181818182,0.0,4.0,6.0,0.0,4.0,0.0,0.0,6.0,0.0,40,1.0,41,0.0,0.0,1.5,4.0,6.0,4.0,6.0,4.0,6.0
42,17,1.0,0,1,1,0.8181818181818182,0.0,4.0,6.0,0.0,4.0,0.0,0.0,6.0,0.0,41,1.0,41,0.0,0.0,1.5,4.0,6.0,4.0,6.0,4.0,6.0
43,17,1.0,0,1,1,0.8181818181818182,0.0,4.0,6.0,0.0,4.0,0.0,0.0,6.0,0.0,42,1.0,41,0.0,0.0,1.5,4.0,6.0,4.0,6.0,4.0,6.0
44,17,1.0,0,1,1,0.8181818181818182,0.0,4.0,6.0,0.0,4.0,0.0,0.0,6.0,0.0,43,1.0,42,0.0,0.0,1.5,4.0,6.0,4.0,6.0,4.0,6.0
45,17,1.0,0,1,1,0.8181818181818182,0.0,4.0,6.0,0.0,4.0,0.0,0.0,6.0,0.0,44,1.0,41,0.0,0.0,1.5,4.0,6.0,4.0,6.0,4.0,6.0
46,17,1.0,0,1,1,0.8181818181818182,0.0,4.0,6.0,0.0,4.0,0.0,0.0,6.0,0.0,45,1.0,41,0.0,0.0,1.5,4.0,6.0,4.0,6.0,4.0,6.0
47,17,1.0,0,1,1,0.8181818181818182,0.0,4.0,6.0,0.0,4.0,0.0,0.0,6.0,0.0,46,1.0,41,0.0,0.0,1.5,4.0,6.0,4.0,6.0,4.0,6.0
48,17,1.0,0,1,1,0.8181818181818182,0.0,4.0,6.0,0.0,4.0,0.0,0.0,6.0,0.0,47,1.0,42,0.0,0.0,1.5,4.0,6.0,4.0,6.0,4.0,6.0
49,17,1.0,0,1,1,0.8181818181818182,0.0,4.0,6.0,0.0,4.0,0.0,0.0,6.0,0.0,48,1.0,42,0.0,0.0,1.5,4.0,6.0,4.0,6.0,4.0,6.0
50,17,1.0,0,1,1,0.8181818181818182,0.0,4.0,6.0,0.0,4.0,0.0,0.0,6.0,0.0,49,1.0,42,0.0,0.0,1.5,4.0,6.0,4.0,6.0,4.0,6.0
51,17,1.0,0,1,1,0.8181818181818182,0.0,4.0,6.0,0.0,4.0,0.0,0.0,6.0,0.0,50,1.0,42,0.0,0.0,1.5,4.0,6.0,4.0,6.0,4.0,6.0
52,17,1.0,0,1,1,0.8181818181818182,0.0,4.0,6.0,0.0,4.0,0.0,0.0,6.0,0.0,51,1.0,42,0.0,0.0,1.5,4.0,6.0,4.0,6.0,4.0,6.0
53,17,1.0,0,1,1,0.8181818181818182,0.0,4.0,6.0,0.0,4.0,0.0,0.0,6.0,0.0,52,1.0,42,0.0,0.0,1.5,4.0,6.0,4.0,6.0,4.0,6.0
54,17,1.0,0,1,1,0.8181818181818182,0.0,4.0,6.0,0.0,4.0,0.0,0.0,6.0,0.0,53,1.0,43,0.0,0.0,1.5,4.0,6.0,4.0,6.0,4.0,6.0
55,17,1.0,0,1,1,0.8181818181818182,0.0,4.0,6.0,0.0,4.0,0.0,0.0,6.0,0.0,54,1.0,43,0.0,0.0,1.5,4.0,6.0,4.0,6.0,4.0,6.0
56,17,1.0,0,1,1,0.8181818181818182,0.0,4.0,6.0,0.0,4.0,0.0,0.0,6.0,0.0,55,1.0,43,0.0,0.0,1.5,4.0,6.0,4.0,6.0,4.0,6.0
57,17,1.0,0,1,1,0.8181818181818182,0.0,4.0,6.0,0.0,4.0,0.0,0.0,6.0,0.0,56,1.0,43,0.0,0.0,1.5,4.0,6.0,4.0,6.0,4.0,6.0
58,17,1.0,0,1,1,0.8181818181818182,0.0,4.0,6.0,0.0,4.0,0.0,0.0,6.0,0.0,57,1.0,43,0.0,0.0,1.5,4.0,6.0,4.0,6.0,4.0,6.0
59,17,1.0,0,1,1,0.8181818181818182,0.0,4.0,6.0,0.0,4.0,0.0,0.0,6.0,0.0,58,1.0,43,0.0,0.0,1.5,4.0,6.0,4.0,6.0,4.0,6.0
60,17,1.0,0,1,1,0.8181818181818182,0.0,4.0,6.0,0.0,4.0,0.0,0.0,6.0,0.0,59,1.0,43,0.0,0.0,1.5,4.0,6.0,4.0,6.0,4.0,6.0
61,17,1.0,0,1,1,0.8181818181818182,0.0,4.0,6.0,0.0,4.0,0.0,0.0,6.0,0.0,60,1.0,43,0.0,0.0,1.5,4.0,6.0,4.0,6.0,4.0,6.0
62,17,1.0,0,1,1,0.8181818181818182,0.0,4.0,6.0,0.0,4.0,0.0,0.0,6.0,0.0,61,1.0,43,0.0,0.0,1.5,4.0,6.0,4.0,6.0,4.0,6.0
63,17,1.0,0,1,1,0.8181818181818182,0.0,4.0,6.0,0.0,4.0,0.0,0.0,6.0,0.0,62,1.0,43,0.0,0.0,1.5,4.0,6.0,4.0,6.0,4.0,6.0
64,17,1.0,0,1,1,0.8181818181818182,0.0,4.0,6.0,0.0,4.0,0.0,0.0,6.0,0.0,63,1.0,43,0.0,0.0,1.5,4.0,6.0,4.0,6.0,4.0,6.0
65,17,1.0,0,1,1,0.8181818181818182,0.0,4.0,6.0,0.0,4.0,0.0,0.0,6.0,0.0,64,1.0,43,0.0,0.0,1.5,4.0,6.0,4.0,6.0,4.0,6.0
66,17,1.0,0,1,1,0.8181818181818182,0.0,4.0,6.0,0.0,4.0,0.0,0.0,6.0,0.0,65,1.0,43,0.0,0.0,1.5,4.0,6.0,4.0,6.0,4.0,6.0
67,17,1.0,0,1,1,0.8181818181818182,0.0,4.0,6.0,0.0,4.0,0.0,0.0,6.0,0.0,66,1.0,43,0.0,0.0,1.5,4.0,6.0,4.0,6.0,4.0,6.0
68,17,1.0,0,1,1,0.8181818181818182,0.0,4.0,6.0,0.0,4.0,0.0,0.0,6.0,0.0,67,1.0,43,0.0,0.0,1.5,4.0,6.0,4.0,6.0,4.0,6.0
69,17,1.0,0,1,1,0.8181818181818182,0.0,4.0,6.0,0.0,4.0,0.0,0.0,6.0,0.0,68,1.0,43,0.0,0.0,1.5,4.0,6.0,4.0,6.0,4.0,6.0
70,17,1.0,0,1,1,0.8181818181818182,0.0,4.0,6.0,0.0,4.0,0.0,0.0,6.0,0.0,69,1.0,43,0.0,0.0,1.5,4.0,6.0,4.0,6.0,4.0,6.0
71,17,1.0,0,1,1,0.8181818181818182,0.0,4.0,6.0,0.0,4.0,0.0,0.0,6.0,0.0,70,1.0,43,0.0,0.0,1.5,4.0,6.0,4.0,6.0,4.0,6.0
72,17,1.0,0,1,1,0.8181818181818182,0.0,4.0,6.0,0.0,4.0,0.0,0.0,6.0,0.0,71,1.0,43,0.0,0.0,1.5,4.0,6.0,4.0,6.0,4.0,6.0
73,17,1.0,0,1,1,0.8181818181818182,0.0,4.0,6.0,0.0,4.0,0.0,0.0,6.0,0.0,72,1.0,43,0.0,0.0,1.5,4.0,6.0,4.0,6.0,4.0,6.0
74,17,1.0,0,1,1,0.8181818181818182,0.0,4.0,6.0,0.0,4.0,0.0,0.0,6.0,0.0,73,1.0,43,0.0,0.0,1.5,4.0,6.0,4.0,6.0,4.0,6.0
75,17,1.0,0,1,1,0.8181818181818182,0.0,4.0,6.0,0.0,4.0,0.0,0.0,6.0,0.0,74,1.0,43,0.0,0.0,1.5,4.0,6.0,4.0,6.0,4.0,6.0
76,17,1.0,0,1,1,0.8181818181818182,0.0,4.0,6.0,0.0,4.0,0.0,0.0,6.0,0.0,75,1.0,43,0.0,0.0,1.5,4.0,6.0,4.0,6.0,4.0,6.0
77,17,1.0,0,1,1,0.8181818181818182,0.0,4.0,6.0,0.0,4.0,0.0,0.0,6.0,0.0,76,1.0,43,0.0,0.0,1.5,4.0,6.0,4.0,6.0,4.0,6.0
78,17,1.0,0,1,1,0.8181818181818182,0.0,4.0,6.0,0.0,4.0,0.0,0.0,6.0,0.0,77,1.0,43,0.0,0.0,1.5,4.0,6.0,4.0,6.0,4.0,6.0
79,17,1.0,0,1,1,0.8181818181818182,0.0,4.0,6.0,0.0,4.0,0.0,0.0,6.0,0.0,78,1.0,43,0.0,0.0,1.5,4.0,6.0,4.0,6.0,4.0,6.0
80,17,1.0,0,1,1,0.8181818181818182,0.0,4.0,6.0,0.0,4.0,0.0,0.0,6.0,0.0,79,1.0,43,0.0,0.0,1.5,4.0,6.0,4.0,6.0,4.0,6.0
81,17,1.0,0,1,1,0.8181818181818182,0.0,4.0,6.0,0.0,4.0,0.0,0.0,6.0,0.0,80,1.0,43,0.0,0.0,1.5,4.0,6.0,4.0,6.0,4.0,6.0
82,17,1.0,0,1,1,0.8181818181818182,0.0,4.0,6.0,0.0,4.0,0.0,0.0,6.0,0.0,81,1.0,43,0.0,0.0,1.5,4.0,6.0,4.0,6.0,4.0,6.0
83,17,1.0,0,1,1,0.8181818181818182,0.0,4.0,6.0,0.0,4.0,0.0,0.0,6.0,0.0,82,1.0,43,0.0,0.0,1.5,4.0,6.0,4.0,6.0,4.0,6.0
84,17,1.0,0,1,1,0.8181818181818182,0.0,4.0,6.0,0.0,4.0,0.0,0.0,6.0,0.0,83,1.0,43,0.0,0.0,1.5,4.0,6.0,4.0,6.0,4.0,6.0
85,17,1.0,0,1,1,0.8181818181818182,0.0,4.0,6.0,0.0,4.0,0.0,0.0,6.0,0.0,84,1.0,43,0.0,0.0,1.5,4.0,6.0,4.0,6.0,4.0,6.0
86,17,1.0,0,1,1,0.8181818181818182,0.0,4.0,6.0,0.0,4.0,0.0,0.0,6.0,0.0,85,1.0,43,0.0,0.0,1.5,4.0,6.0,4.0,6.0,4.0,6.0
87,17,1.0,0,1,1,0.8181818181818182,0.0,4.0,6.0,0.0,4.0,0.0,0.0,6.0,0.0,86,1.0,43,0.0,0.0,1.5,4.0,6.0,4.0,6.0,4.0,6.0
88,17,1.0,0,1,1,0.8181818181818182,0.0,4.0,6.0,0.0,4.0,0.0,0.0,6.0,0.0,87,1.0,43,0.0,0.0,1.5,4.0,6.0,4.0,6.0,4.0,6.0
89,17,1.0,0,1,1,0.8181818181818182,0.0,4.0,6.0,0.0,4.0,0.0,0.0,6.0,0.0,88,1.0,43,0.0,0.0,1.5,4.0,6.0,4.0,6.0,4.0,6.0
90,17,1.0,0,1,1,0.8181818181818182,0.0,4.0,6.0,0.0,4.0,0.0,0.0,6.0,0.0,89,1.0,43,0.0,0.0,1.5,4.0,6.0,4.0,6.0,4.0,6.0
91,17,1.0,0,1,1,0.8181818181818182,0.0,4.0,6.0,0.0,4.0,0.0,0.0,6.0,0.0,90,1.0,43,0.0,0.0,1.5,4.0,6.0,4.0,6.0,4.0,6.0
92,17,1.0,0,1,1,0.8181818181818182,0.0,4.0,6.0,0.0,4.0,0.0,0.0,6.0,0.0,91,1.0,43,0.0,0.0,1.5,4.0,6.0,4.0,6.0,4.0,6.0
93,17,1.0,0,1,1,0.8181818181818182,0.0,4.0,6.0,0.0,4.0,0.0,0.0,6.0,0.0,92,1.0,43,0.0,0.0,1.5,4.0,6.0,4.0,6.0,4.0,6.0
94,17,1.0,0,1,1,0.8181818181818182,0.0,4.0,6.0,0.0,4.0,0.0,0.0,6.0,0.0,93,1.0,43,0.0,0.0,1.5,4.0,6.0,4.0,6.0,4.0,6.0
95,17,1.0,0,1,1,0.8181818181818182,0.0,4.0,6.0,0.0,4.0,0.0,0.0,6.0,0.0,94,1.0,43,0.0,0.0,1.5,4.0,6.0,4.0,6.0,4.0,6.0
96,17,1.0,0,1,1,0.8181818181818182,0.0,4.0,6.0,0.0,4.0,0.0,0.0,6.0,0.0,95,1.0,43,0.0,0.0,1.5,4.0,6.0,4.0,6.0,4.0,6.0
97,17,1.0,0,1,1,0.8181818181818182,0.0,4.0,6.0,0.0,4.0,0.0,0.0,6.0,0.0,96,1.0,43,0.0,0.0,1.5,4.0,6.0,4.0,6.0,4.0,6.0
98,17,1.0,0,1,1,0.8181818181818182,0.0,4.0,6.0,0.0,4.0,0.0,0.0,6.0,0.0,97,1.0,43,0.0,0.0,1.5,4.0,6.0,4.0,6.0,4.0,6.0
99,17,1.0,0,1,1,0.8181818181818182,0.0,4.0,6.0,0.0,4.0,0.0,0.0,6.0,0.0,98,1.0,43,0.0,0.0,1.5,4.0,6.0,4.0,6.0,4.0,6.0
100,17,1.0,0,1,1,0.8181818181818182,0.0,4.0,6.0,0.0,4.0,0.0,0.0,6.0,0.0,99,1.0,43,0.0,0.0,1.5,4.0,6.0,4.0,6.0,4.0,6.0
101,17,1.0,0,1,1,0.8181818181818182,0.0,4.0,6.0,0.0,4.0,0.0,0.0,6.0,0.0,100,1.0,43,0.0,0.0,1.5,4.0,6.0,4.0,6.0,4.0,6.0
102,17,1.0,0,1,1,0.8181818181818182,0.0,4.0,6.0,0.0,4.0,0.0,0.0,6.0,0.0,101,1.0,43,0.0,0.0,1.5,4.0,6.0,4.0,6.0,4.0,6.0
103,17,1.0,0,1,1,0.8181818181818182,0.0,4.0,6.0,0.0,4.0,0.0,0.0,6.0,0.0,102,1.0,43,0.0,0.0,1.5,4.0,6.0,4.0,6.0,4.0,6.0
104,17,1.0,0,1,1,0.8181818181818182,0.0,4.0,6.0,0.0,4.0,0.0,0.0,6.0,0.0,103,1.0,43,0.0,0.0,1.5,4.0,6.0,4.0,6.0,4.0,6.0
105,17,1.0,0,1,1,0.8181818181818182,0.0,4.0,6.0,0.0,4.0,0.0,0.0,6.0,0.0,104,1.0,43,0.0,0.0,1.5,4.0,6.0,4.0,6.0,4.0,6.0
106,17,1.0,0,1,1,0.8181818181818182,0.0,4.0,6.0,0.0,4.0,0.0,0.0,6.0,0.0,105,1.0,43,0.0,0.0,1.5,4.0,6.0,4.0,6.0,4.0,6.0
107,17,1.0,0,1,1,0.8181818181818182,0.0,4.0,6.0,0.0,4.0,0.0,0.0,6.0,0.0,106,1.0,43,0.0,0.0,1.5,4.0,6.0,4.0,6.0,4.0,6.0
108,17,1.0,0,1,1,0.8181818181818182,0.0,4.0,6.0,0.0,4.0,0.0,0.0,6.0,0.0,107,1.0,43,0.0,0.0,1.5,4.0,6.0,4.0,6.0,4.0,6.0
109,17,1.0,0,1,1,0.8181818181818182,0.0,4.0,6.0,0.0,4.0,0.0,0.0,6.0,0.0,108,1.0,43,0.0,0.0,1.5,4.0,6.0,4.0,6.0,4.0,6.0
110,17,1.0,0,1,1,0.8181818181818182,0.0,4.0,6.0,0.0,4.0,0.0,0.0,6.0,0.0,109,1.0,43,0.0,0.0,1.5,4.0,6.0,4.0,6.0,4.0,6.0
111,17,1.0,0,1,1,0.8181818181818182,0.0,4.0,6.0,0.0,4.0,0.0,0.0,6.0,0.0,110,1.0,43,0.0,0.0,1.5,4.0,6.0,4.0,6.0,4.0,6.0
112,17,1.0,0,1,1,0.8181818181818182,0.0,4.0,6.0,0.0,4.0,0.0,0.0,6.0,0.0,111,1.0,43,0.0,0.0,1.5,4.0,6.0,4.0,6.0,4.0,6.0
113,17,1.0,0,1,1,0.8181818181818182,0.0,4.0,6.0,0.0,4.0,0.0,0.0,6.0,0.0,112,1.0,43,0.0,0.0,1.5,4.0,6.0,4.0,6.0,4.0,6.0
114,17,1.0,0,1,1,0.8181818181818182,0.0,4.0,6.0,0.0,4.0,0.0,0.0,6.0,0.0,113,1.0,43,0.0,0.0,1.5,4.0,6.0,4.0,6.0,4.0,6.0
115,17,1.0,0,1,1,0.8181818181818182,0.0,4.0,6.0,0.0,4.0,0.0,0.0,6.0,0.0,114,1.0,43,0.0,0.0,1.5,4.0,6.0,4.0,6.0,4.0,6.0
116,17,1.0,0,1,1,0.8181818181818182,0.0,4.0,6.0,0.0,4.0,0.0,0.0,6.0,0.0,115,1.0,43,0.0,0.0,1.5,4.0,6.0,4.0,6.0,4.0,6.0
117,17,1.0,0,1,1,0.8181818181818182,0.0,4.0,6.0,0.0,4.0,0.0,0.0,6.0,0.0,116,1.0,43,0.0,0.0,1.5,4.0,6.0,4.0,6.0,4.0,6.0
118,17,1.0,0,1,1,0.8181818181818182,0.0,4.0,6.0,0.0,4.0,0.0,0.0,6.0,0.0,117,1.0,43,0.0,0.0,1.5,4.0,6.0,4.0,6.0,4.0,6.0
119,17,1.0,0,1,1,0.8181818181818182,0.0,4.0,6.0,0.0,4.0,0.0,0.0,6.0,0.0,118,1.0,43,0.0,0.0,1.5,4.0,6.0,4.0,6.0,4.0,6.0
120,17,1.0,0,1,1,0.8181818181818182,0.0,4.0,6.0,0.0,4.0,0.0,0.0,6.0,0.0,119,1.0,43,0.0,0.0,1.5,4.0,6.0,4.0,6.0,4.0,6.0
121,17,1.0,0,1,1,0.8181818181818182,0.0,4.0,6.0,0.0,4.0,0.0,0.0,6.0,0.0,120,1.0,43,0.0,0.0,1.5,4.0,6.0,4.0,6.0,4.0,6.0
122,17,1.0,0,1,1,0.8181818181818182,0.0,4.0,6.0,0.0,4.0,0.0,0.0,6.0,0.0,121,1.0,43,0.0,0.0,1.5,4.0,6.0,4.0,6.0,4.0,6.0
1,18,0.0,1,0,1,0.8636363636363636,0.0,6.0,8.0,0.0,6.0,0.0,0.0,8.0,0.0,0,0.0,0,0.0,0.0,1.3333333333333333,0.0,0.0,0.0,0.0,0.0,0.0
2,18,0.0,1,0,1,0.8636363636363636,0.0,6.0,8.0,0.0,6.0,0.0,0.0,8.0,0.0,1,0.5,43,0.0,0.0,1.3333333333333333,6.0,8.0,0.0,0.0,0.0,0.0
3,18,0.0,1,0,1,0.8636363636363636,0.0,6.0,8.0,0.0,6.0,0.0,0.0,8.0,0.0,2,0.6666666666666666,43,0.0,0.0,1.3333333333333333,6.0,8.0,6.0,8.0,0.0,0.0
4,18,0.0,0,1,1,0.8636363636363636,0.0,6.0,8.0,0.0,6.0,0.0,0.0,8.0,0.0,3,0.75,43,0.0,0.0,1.3333333333333333,6.0,8.0,6.0,8.0,6.0,8.0
5,18,0.0,0,1,1,0.8636363636363636,0.0,6.0,8.0,0.0,6.0,0.0,0.0,8.0,0.0,4,0.8,43,0.0,0.0,1.3333333333333333,6.0,8.0,6.0,8.0,6.0,8.0
6,18,0.0,0,1,1,0.8636363636363636,0.0,6.0,7.8,0.0,6.0,0.0,-1.4619519810524544,8.0,0.0,5,1.0,25,0.0,-1.0,1.1666666666666667,6.0,8.0,6.0,8.0,6.0,8.0
7,18,0.0,0,1,1,0.8636363636363636,0.0,6.0,7.4,0.0,6.0,0.0,-1.40784565493656,8.0,0.0,6,1.0,25,0.0,-2.0,1.0,6.0,7.0,6.0,8.0,6.0,8.0
8,18,0.0,0,1,1,0.8636363636363636,0.0,6.0,7.2,0.0,6.0,0.0,-0.21352464537219598,8.0,0.0,7,1.0,26,0.0,-1.0,1.1666666666666667,6.0,6.0,6.0,7.0,6.0,8.0
9,18,0.0,0,1,1,0.8636363636363636,0.0,6.0,7.0,0.0,6.0,0.0,0.0,8.0,0.0,8,1.0,25,0.0,-1.0,1.1666666666666667,6.0,7.0,6.0,6.0,6.0,7.0
10,18,0.0,0,1,1,0.8636363636363636,0.0,6.0,6.6,0.0,6.0,0.0,-0.9263225327693084,7.0,0.0,9,1.0,25,0.0,-2.0,1.0,6.0,7.0,6.0,7.0,6.0,6.0
11,18,0.0,0,1,1,0.8636363636363636,0.0,6.0,6.4,0.0,6.0,0.0,-0.6175483551795399,7.0,0.0,10,1.0,27,0.0,-1.0,1.0,6.0,6.0,6.0,7.0,6.0,7.0
12,18,0.0,0,1,1,0.8636363636363636,0.0,6.0,6.4,0.0,6.0,0.0,-0.6175483551795399,7.0,2.0,11,1.0,33,0.0,0.0,1.0,6.0,6.0,6.0,6.0,6.0,7.0
13,18,0.0,0,1,1,0.8636363636363636,0.0,6.0,6.2,0.0,6.0,0.0,-0.36548799526311376,7.0,0.0,12,1.0,30,0.0,-1.0,1.0,6.0,6.0,6.0,6.0,6.0,6.0
14,18,0.0,0,1,1,0.8636363636363636,0.0,6.0,6.0,0.0,6.0,0.0,0.0,6.0,0.0,13,1.0,25,0.0,-1.0,1.0,6.0,6.0,6.0,6.0,6.0,6.0
15,18,0.0,0,1,1,0.8636363636363636,0.0,6.0,6.0,0.0,6.0,0.0,0.0,6.0,2.0,14,1.0,28,0.0,0.0,1.0,6.0,6.0,6.0,6.0,6.0,6.0
16,18,0.0,0,1,1,0.8636363636363636,0.0,5.8,6.0,-1.4619519810524544,6.0,-1.0,0.0,6.0,1.0,15,1.0,28,-1.0,0.0,1.2,6.0,6.0,6.0,6.0,6.0,6.0
17,18,0.0,0,1,1,0.8636363636363636,0.0,5.6,6.0,-0.9263225327693089,6.0,-1.0,0.0,6.0,0.0,16,1.0,28,-1.0,0.0,1.2,5.0,6.0,6.0,6.0,6.0,6.0
18,18,0.0,0,1,1,0.8636363636363636,0.0,5.4,5.8,-0.6175483551795402,6.0,-1.0,-1.4619519810524544,6.0,0.0,17,1.0,29,-1.0,-1.0,1.0,5.0,6.0,5.0,6.0,6.0,6.0
19,18,0.0,0,1,1,0.8636363636363636,0.0,5.2,5.6,-0.365487995263114,6.0,-1.0,-0.9263225327693089,6.0,0.0,18,1.0,33,-1.0,-1.0,1.0,5.0,5.0,5.0,6.0,5.0,6.0
20,18,0.0,0,1,1,0.8636363636363636,0.0,5.0,5.4,0.0,5.0,-1.0,-0.6175483551795402,6.0,-1.0,19,1.0,32,-1.0,-1.0,1.0,5.0,5.0,5.0,5.0,5.0,6.0
21,18,0.0,0,1,1,0.8636363636363636,0.0,5.0,5.2,0.0,5.0,1.0,-0.365487995263114,6.0,-1.0,20,1.0,32,0.0,-1.0,1.0,5.0,5.0,5.0,5.0,5.0,5.0
22,18,0.0,0,1,1,0.8636363636363636,0.0,5.0,5.0,0.0,5.0,1.0,0.0,5.0,-1.0,21,1.0,33,0.0,-1.0,1.0,5.0,5.0,5.0,5.0,5.0,5.0
23,18,0.0,0,1,1,0.8636363636363636,0.0,5.0,5.0,0.0,5.0,1.0,0.0,5.0,1.0,22,1.0,34,0.0,0.0,1.0,5.0,5.0,5.0,5.0,5.0,5.0
24,18,1.0,0,1,1,0.8636363636363636,0.0,5.0,5.0,0.0,5.0,1.0,0.0,5.0,1.0,23,1.0,34,0.0,0.0,1.0,5.0,5.0,5.0,5.0,5.0,5.0
25,18,1.0,0,1,1,0.8636363636363636,0.0,5.0,5.2,0.0,5.0,1.0,1.4619519810524544,6.0,2.0,24,1.0,32,0.0,1.0,1.2,5.0,5.0,5.0,5.0,5.0,5.0
26,18,1.0,0,1,1,0.8636363636363636,0.0,5.0,5.4,0.0,5.0,0.0,0.9263225327693089,6.0,2.0,25,1.0,35,0.0,1.0,1.2,5.0,6.0,5.0,5.0,5.0,5.0
27,18,1.0,0,1,1,0.8636363636363636,0.0,5.0,5.6,0.0,5.0,0.0,0.6175483551795402,6.0,2.0,26,1.0,36,0.0,1.0,1.2,5.0,6.0,5.0,6.0,5.0,5.0
28,18,1.0,0,1,1,0.8636363636363636,0.0,5.0,5.8,0.0,5.0,0.0,0.365487995263114,6.0,1.0,27,1.0,34,0.0,1.0,1.2,5.0,6.0,5.0,6.0,5.0,6.0
29,18,1.0,0,1,1,0.8636363636363636,0.0,5.0,6.0,0.0,5.0,0.0,0.0,6.0,1.0,28,1.0,33,0.0,1.0,1.2,5.0,6.0,5.0,6.0,5.0,6.0
30,18,1.0,0,1,1,0.8636363636363636,0.0,5.0,5.8,0.0,5.0,0.0,-1.4619519810524544,6.0,-2.0,29,1.0,35,0.0,-1.0,1.0,5.0,6.0,5.0,6.0,5.0,6.0
31,18,1.0,0,1,1,0.8636363636363636,0.0,5.0,5.6,0.0,5.0,0.0,-0.9263225327693089,6.0,-2.0,30,1.0,36,0.0,-1.0,1.0,5.0,5.0,5.0,6.0,5.0,6.0
32,18,1.0,0,1,1,0.8636363636363636,0.0,5.0,5.4,0.0,5.0,0.0,-0.6175483551795402,6.0,-2.0,31,1.0,37,0.0,-1.0,1.0,5.0,5.0,5.0,5.0,5.0,6.0
33,18,1.0,0,1,1,0.8636363636363636,0.0,5.0,5.2,0.0,5.0,0.0,-0.365487995263114,6.0,-2.0,32,1.0,39,0.0,-1.0,1.0,5.0,5.0,5.0,5.0,5.0,5.0
34,18,1.0,0,1,1,0.8636363636363636,0.0,5.0,5.0,0.0,5.0,0.0,0.0,5.0,-2.0,33,1.0,39,0.0,-1.0,1.0,5.0,5.0,5.0,5.0,5.0,5.0
35,18,1.0,0,1,1,0.8636363636363636,0.0,5.0,5.0,0.0,5.0,0.0,0.0,5.0,1.0,34,1.0,38,0.0,0.0,1.0,5.0,5.0,5.0,5.0,5.0,5.0
36,18,1.0,0,1,1,0.8636363636363636,0.0,5.0,5.0,0.0,5.0,0.0,0.0,5.0,1.0,35,1.0,38,0.0,0.0,1.0,5.0,5.0,5.0,5.0,5.0,5.0
37,18,1.0,0,1,1,0.8636363636363636,0.0,5.0,5.0,0.0,5.0,0.0,0.0,5.0,1.0,36,1.0,39,0.0,0.0,1.0,5.0,5.0,5.0,5.0,5.0,5.0
38,18,1.0,0,1,1,0.8636363636363636,0.0,5.0,5.0,0.0,5.0,0.0,0.0,5.0,1.0,37,1.0,38,0.0,0.0,1.0,5.0,5.0,5.0,5.0,5.0,5.0
39,18,1.0,0,1,1,0.8636363636363636,0.0,5.0,5.0,0.0,5.0,0.0,0.0,5.0,1.0,38,1.0,38,0.0,0.0,1.0,5.0,5.0,5.0,5.0,5.0,5.0
40,18,1.0,0,1,1,0.8636363636363636,0.0,5.0,5.0,0.0,5.0,0.0,0.0,5.0,0.0,39,1.0,40,0.0,0.0,1.0,5.0,5.0,5.0,5.0,5.0,5.0
41,18,1.0,0,1,1,0.8636363636363636,0.0,5.0,5.0,0.0,5.0,0.0,0.0,5.0,0.0,40,1.0,41,0.0,0.0,1.0,5.0,5.0,5.0,5.0,5.0,5.0
42,18,1.0,0,1,1,0.8636363636363636,0.0,5.0,5.0,0.0,5.0,0.0,0.0,5.0,0.0,41,1.0,41,0.0,0.0,1.0,5.0,5.0,5.0,5.0,5.0,5.0
43,18,1.0,0,1,1,0.8636363636363636,0.0,5.0,5.0,0.0,5.0,0.0,0.0,5.0,0.0,42,1.0,41,0.0,0.0,1.0,5.0,5.0,5.0,5.0,5.0,5.0
44,18,1.0,0,1,1,0.8636363636363636,0.0,5.0,5.0,0.0,5.0,0.0,0.0,5.0,0.0,43,1.0,42,0.0,0.0,1.0,5.0,5.0,5.0,5.0,5.0,5.0
45,18,1.0,0,1,1,0.8636363636363636,0.0,5.0,5.0,0.0,5.0,0.0,0.0,5.0,0.0,44,1.0,41,0.0,0.0,1.0,5.0,5.0,5.0,5.0,5.0,5.0
46,18,1.0,0,1,1,0.8636363636363636,0.0,5.0,5.0,0.0,5.0,0.0,0.0,5.0,0.0,45,1.0,41,0.0,0.0,1.0,5.0,5.0,5.0,5.0,5.0,5.0
47,18,1.0,0,1,1,0.8636363636363636,0.0,5.0,5.0,0.0,5.0,0.0,0.0,5.0,0.0,46,1.0,41,0.0,0.0,1.0,5.0,5.0,5.0,5.0,5.0,5.0
48,18,1.0,0,1,1,0.8636363636363636,0.0,5.0,5.0,0.0,5.0,0.0,0.0,5.0,0.0,47,1.0,42,0.0,0.0,1.0,5.0,5.0,5.0,5.0,5.0,5.0
49,18,1.0,0,1,1,0.8636363636363636,0.0,5.0,5.0,0.0,5.0,0.0,0.0,5.0,0.0,48,1.0,42,0.0,0.0,1.0,5.0,5.0,5.0,5.0,5.0,5.0
50,18,1.0,0,1,1,0.8636363636363636,0.0,5.0,5.0,0.0,5.0,0.0,0.0,5.0,0.0,49,1.0,42,0.0,0.0,1.0,5.0,5.0,5.0,5.0,5.0,5.0
51,18,1.0,0,1,1,0.8636363636363636,0.0,5.0,5.0,0.0,5.0,0.0,0.0,5.0,0.0,50,1.0,42,0.0,0.0,1.0,5.0,5.0,5.0,5.0,5.0,5.0
52,18,1.0,0,1,1,0.8636363636363636,0.0,5.0,5.0,0.0,5.0,0.0,0.0,5.0,0.0,51,1.0,42,0.0,0.0,1.0,5.0,5.0,5.0,5.0,5.0,5.0
53,18,1.0,0,1,1,0.8636363636363636,0.0,5.0,5.0,0.0,5.0,0.0,0.0,5.0,0.0,52,1.0,42,0.0,0.0,1.0,5.0,5.0,5.0,5.0,5.0,5.0
54,18,1.0,0,1,1,0.8636363636363636,0.0,5.0,5.0,0.0,5.0,0.0,0.0,5.0,0.0,53,1.0,43,0.0,0.0,1.0,5.0,5.0,5.0,5.0,5.0,5.0
55,18,1.0,0,1,1,0.8636363636363636,0.0,5.0,5.0,0.0,5.0,0.0,0.0,5.0,0.0,54,1.0,43,0.0,0.0,1.0,5.0,5.0,5.0,5.0,5.0,5.0
56,18,1.0,0,1,1,0.8636363636363636,0.0,5.0,5.0,0.0,5.0,0.0,0.0,5.0,0.0,55,1.0,43,0.0,0.0,1.0,5.0,5.0,5.0,5.0,5.0,5.0
57,18,1.0,0,1,1,0.8636363636363636,0.0,5.0,5.0,0.0,5.0,0.0,0.0,5.0,0.0,56,1.0,43,0.0,0.0,1.0,5.0,5.0,5.0,5.0,5.0,5.0
58,18,1.0,0,1,1,0.8636363636363636,0.0,5.0,5.0,0.0,5.0,0.0,0.0,5.0,0.0,57,1.0,43,0.0,0.0,1.0,5.0,5.0,5.0,5.0,5.0,5.0
59,18,1.0,0,1,1,0.8636363636363636,0.0,5.0,5.0,0.0,5.0,0.0,0.0,5.0,0.0,58,1.0,43,0.0,0.0,1.0,5.0,5.0,5.0,5.0,5.0,5.0
60,18,1.0,0,1,1,0.8636363636363636,0.0,5.0,5.0,0.0,5.0,0.0,0.0,5.0,0.0,59,1.0,43,0.0,0.0,1.0,5.0,5.0,5.0,5.0,5.0,5.0
61,18,1.0,0,1,1,0.8636363636363636,0.0,5.0,5.0,0.0,5.0,0.0,0.0,5.0,0.0,60,1.0,43,0.0,0.0,1.0,5.0,5.0,5.0,5.0,5.0,5.0
62,18,1.0,0,1,1,0.8636363636363636,0.0,5.0,5.0,0.0,5.0,0.0,0.0,5.0,0.0,61,1.0,43,0.0,0.0,1.0,5.0,5.0,5.0,5.0,5.0,5.0
63,18,1.0,0,1,1,0.8636363636363636,0.0,5.0,5.0,0.0,5.0,0.0,0.0,5.0,0.0,62,1.0,43,0.0,0.0,1.0,5.0,5.0,5.0,5.0,5.0,5.0
64,18,1.0,0,1,1,0.8636363636363636,0.0,5.0,5.0,0.0,5.0,0.0,0.0,5.0,0.0,63,1.0,43,0.0,0.0,1.0,5.0,5.0,5.0,5.0,5.0,5.0
65,18,1.0,0,1,1,0.8636363636363636,0.0,5.0,5.0,0.0,5.0,0.0,0.0,5.0,0.0,64,1.0,43,0.0,0.0,1.0,5.0,5.0,5.0,5.0,5.0,5.0
66,18,1.0,0,1,1,0.8636363636363636,0.0,5.0,5.0,0.0,5.0,0.0,0.0,5.0,0.0,65,1.0,43,0.0,0.0,1.0,5.0,5.0,5.0,5.0,5.0,5.0
67,18,1.0,0,1,1,0.8636363636363636,0.0,5.0,5.0,0.0,5.0,0.0,0.0,5.0,0.0,66,1.0,43,0.0,0.0,1.0,5.0,5.0,5.0,5.0,5.0,5.0
68,18,1.0,0,1,1,0.8636363636363636,0.0,5.0,5.0,0.0,5.0,0.0,0.0,5.0,0.0,67,1.0,43,0.0,0.0,1.0,5.0,5.0,5.0,5.0,5.0,5.0
69,18,1.0,0,1,1,0.8636363636363636,0.0,5.0,5.0,0.0,5.0,0.0,0.0,5.0,0.0,68,1.0,43,0.0,0.0,1.0,5.0,5.0,5.0,5.0,5.0,5.0
70,18,1.0,0,1,1,0.8636363636363636,0.0,5.0,5.0,0.0,5.0,0.0,0.0,5.0,0.0,69,1.0,43,0.0,0.0,1.0,5.0,5.0,5.0,5.0,5.0,5.0
71,18,1.0,0,1,1,0.8636363636363636,0.0,5.0,5.0,0.0,5.0,0.0,0.0,5.0,0.0,70,1.0,43,0.0,0.0,1.0,5.0,5.0,5.0,5.0,5.0,5.0
72,18,1.0,0,1,1,0.8636363636363636,0.0,5.0,5.0,0.0,5.0,0.0,0.0,5.0,0.0,71,1.0,43,0.0,0.0,1.0,5.0,5.0,5.0,5.0,5.0,5.0
73,18,1.0,0,1,1,0.8636363636363636,0.0,5.0,5.0,0.0,5.0,0.0,0.0,5.0,0.0,72,1.0,43,0.0,0.0,1.0,5.0,5.0,5.0,5.0,5.0,5.0
74,18,1.0,0,1,1,0.8636363636363636,0.0,5.0,5.0,0.0,5.0,0.0,0.0,5.0,0.0,73,1.0,43,0.0,0.0,1.0,5.0,5.0,5.0,5.0,5.0,5.0
75,18,1.0,0,1,1,0.8636363636363636,0.0,5.0,5.0,0.0,5.0,0.0,0.0,5.0,0.0,74,1.0,43,0.0,0.0,1.0,5.0,5.0,5.0,5.0,5.0,5.0
76,18,1.0,0,1,1,0.8636363636363636,0.0,5.0,5.0,0.0,5.0,0.0,0.0,5.0,0.0,75,1.0,43,0.0,0.0,1.0,5.0,5.0,5.0,5.0,5.0,5.0
77,18,1.0,0,1,1,0.8636363636363636,0.0,5.0,5.0,0.0,5.0,0.0,0.0,5.0,0.0,76,1.0,43,0.0,0.0,1.0,5.0,5.0,5.0,5.0,5.0,5.0
78,18,1.0,0,1,1,0.8636363636363636,0.0,5.0,5.0,0.0,5.0,0.0,0.0,5.0,0.0,77,1.0,43,0.0,0.0,1.0,5.0,5.0,5.0,5.0,5.0,5.0
79,18,1.0,0,1,1,0.8636363636363636,0.0,5.0,5.0,0.0,5.0,0.0,0.0,5.0,0.0,78,1.0,43,0.0,0.0,1.0,5.0,5.0,5.0,5.0,5.0,5.0
80,18,1.0,0,1,1,0.8636363636363636,0.0,5.0,5.0,0.0,5.0,0.0,0.0,5.0,0.0,79,1.0,43,0.0,0.0,1.0,5.0,5.0,5.0,5.0,5.0,5.0
81,18,1.0,0,1,1,0.8636363636363636,0.0,5.0,5.0,0.0,5.0,0.0,0.0,5.0,0.0,80,1.0,43,0.0,0.0,1.0,5.0,5.0,5.0,5.0,5.0,5.0
82,18,1.0,0,1,1,0.8636363636363636,0.0,5.0,5.0,0.0,5.0,0.0,0.0,5.0,0.0,81,1.0,43,0.0,0.0,1.0,5.0,5.0,5.0,5.0,5.0,5.0
83,18,1.0,0,1,1,0.8636363636363636,0.0,5.0,5.0,0.0,5.0,0.0,0.0,5.0,0.0,82,1.0,43,0.0,0.0,1.0,5.0,5.0,5.0,5.0,5.0,5.0
84,18,1.0,0,1,1,0.8636363636363636,0.0,5.0,5.0,0.0,5.0,0.0,0.0,5.0,0.0,83,1.0,43,0.0,0.0,1.0,5.0,5.0,5.0,5.0,5.0,5.0
85,18,1.0,0,1,1,0.8636363636363636,0.0,5.0,5.0,0.0,5.0,0.0,0.0,5.0,0.0,84,1.0,43,0.0,0.0,1.0,5.0,5.0,5.0,5.0,5.0,5.0
86,18,1.0,0,1,1,0.8636363636363636,0.0,5.0,5.0,0.0,5.0,0.0,0.0,5.0,0.0,85,1.0,43,0.0,0.0,1.0,5.0,5.0,5.0,5.0,5.0,5.0
87,18,1.0,0,1,1,0.8636363636363636,0.0,5.0,5.0,0.0,5.0,0.0,0.0,5.0,0.0,86,1.0,43,0.0,0.0,1.0,5.0,5.0,5.0,5.0,5.0,5.0
88,18,1.0,0,1,1,0.8636363636363636,0.0,5.0,5.0,0.0,5.0,0.0,0.0,5.0,0.0,87,1.0,43,0.0,0.0,1.0,5.0,5.0,5.0,5.0,5.0,5.0
89,18,1.0,0,1,1,0.8636363636363636,0.0,5.0,5.0,0.0,5.0,0.0,0.0,5.0,0.0,88,1.0,43,0.0,0.0,1.0,5.0,5.0,5.0,5.0,5.0,5.0
90,18,1.0,0,1,1,0.8636363636363636,0.0,5.0,5.0,0.0,5.0,0.0,0.0,5.0,0.0,89,1.0,43,0.0,0.0,1.0,5.0,5.0,5.0,5.0,5.0,5.0
91,18,1.0,0,1,1,0.8636363636363636,0.0,5.0,5.0,0.0,5.0,0.0,0.0,5.0,0.0,90,1.0,43,0.0,0.0,1.0,5.0,5.0,5.0,5.0,5.0,5.0
92,18,1.0,0,1,1,0.8636363636363636,0.0,5.0,5.0,0.0,5.0,0.0,0.0,5.0,0.0,91,1.0,43,0.0,0.0,1.0,5.0,5.0,5.0,5.0,5.0,5.0
93,18,1.0,0,1,1,0.8636363636363636,0.0,5.0,5.0,0.0,5.0,0.0,0.0,5.0,0.0,92,1.0,43,0.0,0.0,1.0,5.0,5.0,5.0,5.0,5.0,5.0
94,18,1.0,0,1,1,0.8636363636363636,0.0,5.0,5.0,0.0,5.0,0.0,0.0,5.0,0.0,93,1.0,43,0.0,0.0,1.0,5.0,5.0,5.0,5.0,5.0,5.0
95,18,1.0,0,1,1,0.8636363636363636,0.0,5.0,5.0,0.0,5.0,0.0,0.0,5.0,0.0,94,1.0,43,0.0,0.0,1.0,5.0,5.0,5.0,5.0,5.0,5.0
96,18,1.0,0,1,1,0.8636363636363636,0.0,5.0,5.0,0.0,5.0,0.0,0.0,5.0,0.0,95,1.0,43,0.0,0.0,1.0,5.0,5.0,5.0,5.0,5.0,5.0
97,18,1.0,0,1,1,0.8636363636363636,0.0,5.0,5.0,0.0,5.0,0.0,0.0,5.0,0.0,96,1.0,43,0.0,0.0,1.0,5.0,5.0,5.0,5.0,5.0,5.0
98,18,1.0,0,1,1,0.8636363636363636,0.0,5.0,5.0,0.0,5.0,0.0,0.0,5.0,0.0,97,1.0,43,0.0,0.0,1.0,5.0,5.0,5.0,5.0,5.0,5.0
99,18,1.0,0,1,1,0.8636363636363636,0.0,5.0,5.0,0.0,5.0,0.0,0.0,5.0,0.0,98,1.0,43,0.0,0.0,1.0,5.0,5.0,5.0,5.0,5.0,5.0
100,18,1.0,0,1,1,0.8636363636363636,0.0,5.0,5.0,0.0,5.0,0.0,0.0,5.0,0.0,99,1.0,43,0.0,0.0,1.0,5.0,5.0,5.0,5.0,5.0,5.0
101,18,1.0,0,1,1,0.8636363636363636,0.0,5.0,5.0,0.0,5.0,0.0,0.0,5.0,0.0,100,1.0,43,0.0,0.0,1.0,5.0,5.0,5.0,5.0,5.0,5.0
102,18,1.0,0,1,1,0.8636363636363636,0.0,5.0,5.0,0.0,5.0,0.0,0.0,5.0,0.0,101,1.0,43,0.0,0.0,1.0,5.0,5.0,5.0,5.0,5.0,5.0
103,18,1.0,0,1,1,0.8636363636363636,0.0,5.0,5.0,0.0,5.0,0.0,0.0,5.0,0.0,102,1.0,43,0.0,0.0,1.0,5.0,5.0,5.0,5.0,5.0,5.0
104,18,1.0,0,1,1,0.8636363636363636,0.0,5.0,5.0,0.0,5.0,0.0,0.0,5.0,0.0,103,1.0,43,0.0,0.0,1.0,5.0,5.0,5.0,5.0,5.0,5.0
105,18,1.0,0,1,1,0.8636363636363636,0.0,5.0,5.0,0.0,5.0,0.0,0.0,5.0,0.0,104,1.0,43,0.0,0.0,1.0,5.0,5.0,5.0,5.0,5.0,5.0
106,18,1.0,0,1,1,0.8636363636363636,0.0,5.0,5.0,0.0,5.0,0.0,0.0,5.0,0.0,105,1.0,43,0.0,0.0,1.0,5.0,5.0,5.0,5.0,5.0,5.0
107,18,1.0,0,1,1,0.8636363636363636,0.0,5.0,5.0,0.0,5.0,0.0,0.0,5.0,0.0,106,1.0,43,0.0,0.0,1.0,5.0,5.0,5.0,5.0,5.0,5.0
108,18,1.0,0,1,1,0.8636363636363636,0.0,5.0,5.0,0.0,5.0,0.0,0.0,5.0,0.0,107,1.0,43,0.0,0.0,1.0,5.0,5.0,5.0,5.0,5.0,5.0
109,18,1.0,0,1,1,0.8636363636363636,0.0,5.0,5.0,0.0,5.0,0.0,0.0,5.0,0.0,108,1.0,43,0.0,0.0,1.0,5.0,5.0,5.0,5.0,5.0,5.0
110,18,1.0,0,1,1,0.8636363636363636,0.0,5.0,5.0,0.0,5.0,0.0,0.0,5.0,0.0,109,1.0,43,0.0,0.0,1.0,5.0,5.0,5.0,5.0,5.0,5.0
111,18,1.0,0,1,1,0.8636363636363636,0.0,5.0,5.0,0.0,5.0,0.0,0.0,5.0,0.0,110,1.0,43,0.0,0.0,1.0,5.0,5.0,5.0,5.0,5.0,5.0
112,18,1.0,0,1,1,0.8636363636363636,0.0,5.0,5.0,0.0,5.0,0.0,0.0,5.0,0.0,111,1.0,43,0.0,0.0,1.0,5.0,5.0,5.0,5.0,5.0,5.0
113,18,1.0,0,1,1,0.8636363636363636,0.0,5.0,5.0,0.0,5.0,0.0,0.0,5.0,0.0,112,1.0,43,0.0,0.0,1.0,5.0,5.0,5.0,5.0,5.0,5.0
114,18,1.0,0,1,1,0.8636363636363636,0.0,5.0,5.0,0.0,5.0,0.0,0.0,5.0,0.0,113,1.0,43,0.0,0.0,1.0,5.0,5.0,5.0,5.0,5.0,5.0
115,18,1.0,0,1,1,0.8636363636363636,0.0,5.0,5.0,0.0,5.0,0.0,0.0,5.0,0.0,114,1.0,43,0.0,0.0,1.0,5.0,5.0,5.0,5.0,5.0,5.0
116,18,1.0,0,1,1,0.8636363636363636,0.0,5.0,5.0,0.0,5.0,0.0,0.0,5.0,0.0,115,1.0,43,0.0,0.0,1.0,5.0,5.0,5.0,5.0,5.0,5.0
117,18,1.0,0,1,1,0.8636363636363636,0.0,5.0,5.0,0.0,5.0,0.0,0.0,5.0,0.0,116,1.0,43,0.0,0.0,1.0,5.0,5.0,5.0,5.0,5.0,5.0
118,18,1.0,0,1,1,0.8636363636363636,0.0,5.0,5.0,0.0,5.0,0.0,0.0,5.0,0.0,117,1.0,43,0.0,0.0,1.0,5.0,5.0,5.0,5.0,5.0,5.0
119,18,1.0,0,1,1,0.8636363636363636,0.0,5.0,5.0,0.0,5.0,0.0,0.0,5.0,0.0,118,1.0,43,0.0,0.0,1.0,5.0,5.0,5.0,5.0,5.0,5.0
120,18,1.0,0,1,1,0.8636363636363636,0.0,5.0,5.0,0.0,5.0,0.0,0.0,5.0,0.0,119,1.0,43,0.0,0.0,1.0,5.0,5.0,5.0,5.0,5.0,5.0
121,18,1.0,0,1,1,0.8636363636363636,0.0,5.0,5.0,0.0,5.0,0.0,0.0,5.0,0.0,120,1.0,43,0.0,0.0,1.0,5.0,5.0,5.0,5.0,5.0,5.0
122,18,1.0,0,1,1,0.8636363636363636,0.0,5.0,5.0,0.0,5.0,0.0,0.0,5.0,0.0,121,1.0,43,0.0,0.0,1.0,5.0,5.0,5.0,5.0,5.0,5.0
1,19,1.0,1,0,1,0.9090909090909091,0.0,5.0,7.0,0.0,5.0,0.0,0.0,7.0,0.0,0,0.0,0,0.0,0.0,1.4,0.0,0.0,0.0,0.0,0.0,0.0
2,19,1.0,1,0,1,0.9090909090909091,0.0,5.0,7.0,0.0,5.0,0.0,0.0,7.0,0.0,1,0.5,43,0.0,0.0,1.4,5.0,7.0,0.0,0.0,0.0,0.0
3,19,1.0,1,0,1,0.9090909090909091,0.0,5.0,7.0,0.0,5.0,0.0,0.0,7.0,0.0,2,0.6666666666666666,43,0.0,0.0,1.4,5.0,7.0,5.0,7.0,0.0,0.0
4,19,1.0,0,1,1,0.9090909090909091,0.0,5.0,7.0,0.0,5.0,0.0,0.0,7.0,0.0,3,0.75,43,0.0,0.0,1.4,5.0,7.0,5.0,7.0,5.0,7.0
5,19,1.0,0,1,1,0.9090909090909091,0.0,5.0,7.0,0.0,5.0,0.0,0.0,7.0,0.0,4,0.8,43,0.0,0.0,1.4,5.0,7.0,5.0,7.0,5.0,7.0
6,19,1.0,0,1,1,0.9090909090909091,0.0,5.0,6.8,0.0,5.0,0.0,-1.4619519810524544,7.0,0.0,5,1.0,25,0.0,-1.0,1.2,5.0,7.0,5.0,7.0,5.0,7.0
7,19,1.0,0,1,1,0.9090909090909091,0.0,5.0,6.6,0.0,5.0,0.0,-0.9263225327693089,7.0,0.0,6,1.0,25,0.0,-1.0,1.2,5.0,6.0,5.0,7.0,5.0,7.0
8,19,1.0,0,1,1,0.9090909090909091,0.0,5.0,6.4,0.0,5.0,0.0,-0.6175483551795402,7.0,0.0,7,1.0,26,0.0,-1.0,1.2,5.0,6.0,5.0,6.0,5.0,7.0
9,19,1.0,0,1,1,0.9090909090909091,0.0,5.0,6.2,0.0,5.0,0.0,-0.365487995263114,7.0,0.0,8,1.0,25,0.0,-1.0,1.2,5.0,6.0,5.0,6.0,5.0,6.0
10,19,1.0,0,1,1,0.9090909090909091,0.0,5.0,6.0,0.0,5.0,0.0,0.0,6.0,0.0,9,1.0,25,0.0,-1.0,1.2,5.0,6.0,5.0,6.0,5.0,6.0
11,19,1.0,0,1,1,0.9090909090909091,0.0,5.0,6.0,0.0,5.0,0.0,0.0,6.0,1.0,10,1.0,27,0.0,0.0,1.2,5.0,6.0,5.0,6.0,5.0,6.0
12,19,1.0,0,1,1,0.9090909090909091,0.0,5.0,6.0,0.0,5.0,0.0,0.0,6.0,1.0,11,1.0,33,0.0,0.0,1.2,5.0,6.0,5.0,6.0,5.0,6.0
13,19,1.0,0,1,1,0.9090909090909091,0.0,5.0,6.0,0.0,5.0,0.0,0.0,6.0,1.0,12,1.0,30,0.0,0.0,1.2,5.0,6.0,5.0,6.0,5.0,6.0
14,19,1.0,0,1,1,0.9090909090909091,0.0,5.0,6.0,0.0,5.0,0.0,0.0,6.0,1.0,13,1.0,25,0.0,0.0,1.2,5.0,6.0,5.0,6.0,5.0,6.0
15,19,1.0,0,1,1,0.9090909090909091,0.0,5.0,6.0,0.0,5.0,0.0,0.0,6.0,1.0,14,1.0,28,0.0,0.0,1.2,5.0,6.0,5.0,6.0,5.0,6.0
16,19,1.0,0,1,1,0.9090909090909091,0.0,5.0,6.0,0.0,5.0,0.0,0.0,6.0,0.0,15,1.0,28,0.0,0.0,1.2,5.0,6.0,5.0,6.0,5.0,6.0
17,19,1.0,0,1,1,0.9090909090909091,0.0,5.0,5.8,0.0,5.0,0.0,-1.4619519810524544,6.0,-1.0,16,1.0,28,0.0,-1.0,1.0,5.0,6.0,5.0,6.0,5.0,6.0
18,19,1.0,0,1,1,0.9090909090909091,0.0,5.0,5.6,0.0,5.0,0.0,-0.9263225327693089,6.0,-1.0,17,1.0,29,0.0,-1.0,1.0,5.0,5.0,5.0,6.0,5.0,6.0
19,19,1.0,0,1,1,0.9090909090909091,0.0,5.0,5.4,0.0,5.0,0.0,-0.6175483551795402,6.0,-1.0,18,1.0,33,0.0,-1.0,1.0,5.0,5.0,5.0,5.0,5.0,6.0
20,19,1.0,0,1,1,0.9090909090909091,0.0,5.0,5.2,0.0,5.0,0.0,-0.365487995263114,6.0,-1.0,19,1.0,32,0.0,-1.0,1.0,5.0,5.0,5.0,5.0,5.0,5.0
21,19,1.0,0,1,1,0.9090909090909091,0.0,5.0,5.0,0.0,5.0,0.0,0.0,5.0,-1.0,20,1.0,32,0.0,-1.0,1.0,5.0,5.0,5.0,5.0,5.0,5.0
22,19,1.0,0,1,1,0.9090909090909091,0.0,5.0,5.0,0.0,5.0,0.0,0.0,5.0,1.0,21,1.0,33,0.0,0.0,1.0,5.0,5.0,5.0,5.0,5.0,5.0
23,19,1.0,0,1,1,0.9090909090909091,0.0,5.0,5.0,0.0,5.0,0.0,0.0,5.0,1.0,22,1.0,34,0.0,0.0,1.0,5.0,5.0,5.0,5.0,5.0,5.0
24,19,1.0,0,1,1,0.9090909090909091,0.0,5.0,5.0,0.0,5.0,0.0,0.0,5.0,1.0,23,1.0,34,0.0,0.0,1.0,5.0,5.0,5.0,5.0,5.0,5.0
25,19,1.0,0,1,1,0.9090909090909091,0.0,5.0,5.0,0.0,5.0,0.0,0.0,5.0,1.0,24,1.0,32,0.0,0.0,1.0,5.0,5.0,5.0,5.0,5.0,5.0
26,19,1.0,0,1,1,0.9090909090909091,0.0,5.0,5.2,0.0,5.0,0.0,1.4619519810524544,6.0,2.0,25,1.0,35,0.0,1.0,1.2,5.0,5.0,5.0,5.0,5.0,5.0
27,19,1.0,0,1,1,0.9090909090909091,0.0,5.0,5.4,0.0,5.0,0.0,0.9263225327693089,6.0,1.0,26,1.0,36,0.0,1.0,1.2,5.0,6.0,5.0,5.0,5.0,5.0
28,19,1.0,0,1,1,0.9090909090909091,0.0,5.0,5.6,0.0,5.0,0.0,0.6175483551795402,6.0,1.0,27,1.0,34,0.0,1.0,1.2,5.0,6.0,5.0,6.0,5.0,5.0
29,19,1.0,0,1,1,0.9090909090909091,0.0,5.0,5.6,0.0,5.0,0.0,-0.9263225327693089,6.0,0.0,28,1.0,33,0.0,0.0,1.0,5.0,6.0,5.0,6.0,5.0,6.0
30,19,1.0,0,1,1,0.9090909090909091,0.0,5.0,5.6,0.0,5.0,0.0,-0.9263225327693089,6.0,0.0,29,1.0,35,0.0,0.0,1.0,5.0,5.0,5.0,6.0,5.0,6.0
31,19,1.0,0,1,1,0.9090909090909091,0.0,5.0,5.4,0.0,5.0,0.0,-0.6175483551795402,6.0,-2.0,30,1.0,36,0.0,-1.0,1.0,5.0,5.0,5.0,5.0,5.0,6.0
32,19,1.0,0,1,1,0.9090909090909091,0.0,5.0,5.2,0.0,5.0,0.0,-0.365487995263114,6.0,-2.0,31,1.0,37,0.0,-1.0,1.0,5.0,5.0,5.0,5.0,5.0,5.0
33,19,1.0,0,1,1,0.9090909090909091,0.0,5.0,5.0,0.0,5.0,0.0,0.0,5.0,-2.0,32,1.0,39,0.0,-1.0,1.0,5.0,5.0,5.0,5.0,5.0,5.0
34,19,1.0,0,1,1,0.9090909090909091,0.0,5.0,5.0,0.0,5.0,0.0,0.0,5.0,0.0,33,1.0,39,0.0,0.0,1.0,5.0,5.0,5.0,5.0,5.0,5.0
35,19,1.0,0,1,1,0.9090909090909091,0.0,5.0,5.0,0.0,5.0,0.0,0.0,5.0,0.0,34,1.0,38,0.0,0.0,1.0,5.0,5.0,5.0,5.0,5.0,5.0
36,19,1.0,0,1,1,0.9090909090909091,0.0,5.0,5.0,0.0,5.0,0.0,0.0,5.0,1.0,35,1.0,38,0.0,0.0,1.0,5.0,5.0,5.0,5.0,5.0,5.0
37,19,1.0,0,1,1,0.9090909090909091,0.0,5.0,5.0,0.0,5.0,0.0,0.0,5.0,1.0,36,1.0,39,0.0,0.0,1.0,5.0,5.0,5.0,5.0,5.0,5.0
38,19,1.0,0,1,1,0.9090909090909091,0.0,5.0,5.0,0.0,5.0,0.0,0.0,5.0,1.0,37,1.0,38,0.0,0.0,1.0,5.0,5.0,5.0,5.0,5.0,5.0
39,19,1.0,0,1,1,0.9090909090909091,0.0,5.0,5.0,0.0,5.0,0.0,0.0,5.0,0.0,38,1.0,38,0.0,0.0,1.0,5.0,5.0,5.0,5.0,5.0,5.0
40,19,1.0,0,1,1,0.9090909090909091,0.0,5.0,5.0,0.0,5.0,0.0,0.0,5.0,0.0,39,1.0,40,0.0,0.0,1.0,5.0,5.0,5.0,5.0,5.0,5.0
41,19,1.0,0,1,1,0.9090909090909091,0.0,5.0,5.0,0.0,5.0,0.0,0.0,5.0,0.0,40,1.0,41,0.0,0.0,1.0,5.0,5.0,5.0,5.0,5.0,5.0
42,19,1.0,0,1,1,0.9090909090909091,0.0,5.0,5.0,0.0,5.0,0.0,0.0,5.0,0.0,41,1.0,41,0.0,0.0,1.0,5.0,5.0,5.0,5.0,5.0,5.0
43,19,1.0,0,1,1,0.9090909090909091,0.0,5.0,5.0,0.0,5.0,0.0,0.0,5.0,0.0,42,1.0,41,0.0,0.0,1.0,5.0,5.0,5.0,5.0,5.0,5.0
44,19,1.0,0,1,1,0.9090909090909091,0.0,5.0,5.0,0.0,5.0,0.0,0.0,5.0,0.0,43,1.0,42,0.0,0.0,1.0,5.0,5.0,5.0,5.0,5.0,5.0
45,19,1.0,0,1,1,0.9090909090909091,0.0,5.0,5.0,0.0,5.0,0.0,0.0,5.0,0.0,44,1.0,41,0.0,0.0,1.0,5.0,5.0,5.0,5.0,5.0,5.0
46,19,1.0,0,1,1,0.9090909090909091,0.0,5.0,5.0,0.0,5.0,0.0,0.0,5.0,0.0,45,1.0,41,0.0,0.0,1.0,5.0,5.0,5.0,5.0,5.0,5.0
47,19,1.0,0,1,1,0.9090909090909091,0.0,5.0,5.0,0.0,5.0,0.0,0.0,5.0,0.0,46,1.0,41,0.0,0.0,1.0,5.0,5.0,5.0,5.0,5.0,5.0
48,19,1.0,0,1,1,0.9090909090909091,0.0,5.0,5.0,0.0,5.0,0.0,0.0,5.0,0.0,47,1.0,42,0.0,0.0,1.0,5.0,5.0,5.0,5.0,5.0,5.0
49,19,1.0,0,1,1,0.9090909090909091,0.0,5.0,5.0,0.0,5.0,0.0,0.0,5.0,0.0,48,1.0,42,0.0,0.0,1.0,5.0,5.0,5.0,5.0,5.0,5.0
50,19,1.0,0,1,1,0.9090909090909091,0.0,5.0,5.0,0.0,5.0,0.0,0.0,5.0,0.0,49,1.0,42,0.0,0.0,1.0,5.0,5.0,5.0,5.0,5.0,5.0
51,19,1.0,0,1,1,0.9090909090909091,0.0,5.0,5.0,0.0,5.0,0.0,0.0,5.0,0.0,50,1.0,42,0.0,0.0,1.0,5.0,5.0,5.0,5.0,5.0,5.0
52,19,1.0,0,1,1,0.9090909090909091,0.0,5.0,5.0,0.0,5.0,0.0,0.0,5.0,0.0,51,1.0,42,0.0,0.0,1.0,5.0,5.0,5.0,5.0,5.0,5.0
53,19,1.0,0,1,1,0.9090909090909091,0.0,5.0,5.0,0.0,5.0,0.0,0.0,5.0,0.0,52,1.0,42,0.0,0.0,1.0,5.0,5.0,5.0,5.0,5.0,5.0
54,19,1.0,0,1,1,0.9090909090909091,0.0,5.0,5.0,0.0,5.0,0.0,0.0,5.0,0.0,53,1.0,43,0.0,0.0,1.0,5.0,5.0,5.0,5.0,5.0,5.0
55,19,1.0,0,1,1,0.9090909090909091,0.0,5.0,5.0,0.0,5.0,0.0,0.0,5.0,0.0,54,1.0,43,0.0,0.0,1.0,5.0,5.0,5.0,5.0,5.0,5.0
56,19,1.0,0,1,1,0.9090909090909091,0.0,5.0,5.0,0.0,5.0,0.0,0.0,5.0,0.0,55,1.0,43,0.0,0.0,1.0,5.0,5.0,5.0,5.0,5.0,5.0
57,19,1.0,0,1,1,0.9090909090909091,0.0,5.0,5.0,0.0,5.0,0.0,0.0,5.0,0.0,56,1.0,43,0.0,0.0,1.0,5.0,5.0,5.0,5.0,5.0,5.0
58,19,1.0,0,1,1,0.9090909090909091,0.0,5.0,5.0,0.0,5.0,0.0,0.0,5.0,0.0,57,1.0,43,0.0,0.0,1.0,5.0,5.0,5.0,5.0,5.0,5.0
59,19,1.0,0,1,1,0.9090909090909091,0.0,5.0,5.0,0.0,5.0,0.0,0.0,5.0,0.0,58,1.0,43,0.0,0.0,1.0,5.0,5.0,5.0,5.0,5.0,5.0
60,19,1.0,0,1,1,0.9090909090909091,0.0,5.0,5.0,0.0,5.0,0.0,0.0,5.0,0.0,59,1.0,43,0.0,0.0,1.0,5.0,5.0,5.0,5.0,5.0,5.0
61,19,1.0,0,1,1,0.9090909090909091,0.0,5.0,5.0,0.0,5.0,0.0,0.0,5.0,0.0,60,1.0,43,0.0,0.0,1.0,5.0,5.0,5.0,5.0,5.0,5.0
62,19,1.0,0,1,1,0.9090909090909091,0.0,5.0,5.0,0.0,5.0,0.0,0.0,5.0,0.0,61,1.0,43,0.0,0.0,1.0,5.0,5.0,5.0,5.0,5.0,5.0
63,19,1.0,0,1,1,0.9090909090909091,0.0,5.0,5.0,0.0,5.0,0.0,0.0,5.0,0.0,62,1.0,43,0.0,0.0,1.0,5.0,5.0,5.0,5.0,5.0,5.0
64,19,1.0,0,1,1,0.9090909090909091,0.0,5.0,5.0,0.0,5.0,0.0,0.0,5.0,0.0,63,1.0,43,0.0,0.0,1.0,5.0,5.0,5.0,5.0,5.0,5.0
65,19,1.0,0,1,1,0.9090909090909091,0.0,5.0,5.0,0.0,5.0,0.0,0.0,5.0,0.0,64,1.0,43,0.0,0.0,1.0,5.0,5.0,5.0,5.0,5.0,5.0
66,19,1.0,0,1,1,0.9090909090909091,0.0,5.0,5.0,0.0,5.0,0.0,0.0,5.0,0.0,65,1.0,43,0.0,0.0,1.0,5.0,5.0,5.0,5.0,5.0,5.0
67,19,1.0,0,1,1,0.9090909090909091,0.0,5.0,5.0,0.0,5.0,0.0,0.0,5.0,0.0,66,1.0,43,0.0,0.0,1.0,5.0,5.0,5.0,5.0,5.0,5.0
68,19,1.0,0,1,1,0.9090909090909091,0.0,5.0,5.0,0.0,5.0,0.0,0.0,5.0,0.0,67,1.0,43,0.0,0.0,1.0,5.0,5.0,5.0,5.0,5.0,5.0
69,19,1.0,0,1,1,0.9090909090909091,0.0,5.0,5.0,0.0,5.0,0.0,0.0,5.0,0.0,68,1.0,43,0.0,0.0,1.0,5.0,5.0,5.0,5.0,5.0,5.0
70,19,1.0,0,1,1,0.9090909090909091,0.0,5.0,5.0,0.0,5.0,0.0,0.0,5.0,0.0,69,1.0,43,0.0,0.0,1.0,5.0,5.0,5.0,5.0,5.0,5.0
71,19,1.0,0,1,1,0.9090909090909091,0.0,5.0,5.0,0.0,5.0,0.0,0.0,5.0,0.0,70,1.0,43,0.0,0.0,1.0,5.0,5.0,5.0,5.0,5.0,5.0
72,19,1.0,0,1,1,0.9090909090909091,0.0,5.0,5.0,0.0,5.0,0.0,0.0,5.0,0.0,71,1.0,43,0.0,0.0,1.0,5.0,5.0,5.0,5.0,5.0,5.0
73,19,1.0,0,1,1,0.9090909090909091,0.0,5.0,5.0,0.0,5.0,0.0,0.0,5.0,0.0,72,1.0,43,0.0,0.0,1.0,5.0,5.0,5.0,5.0,5.0,5.0
74,19,1.0,0,1,1,0.9090909090909091,0.0,5.0,5.0,0.0,5.0,0.0,0.0,5.0,0.0,73,1.0,43,0.0,0.0,1.0,5.0,5.0,5.0,5.0,5.0,5.0
75,19,1.0,0,1,1,0.9090909090909091,0.0,5.0,5.0,0.0,5.0,0.0,0.0,5.0,0.0,74,1.0,43,0.0,0.0,1.0,5.0,5.0,5.0,5.0,5.0,5.0
76,19,1.0,0,1,1,0.9090909090909091,0.0,5.0,5.0,0.0,5.0,0.0,0.0,5.0,0.0,75,1.0,43,0.0,0.0,1.0,5.0,5.0,5.0,5.0,5.0,5.0
77,19,1.0,0,1,1,0.9090909090909091,0.0,5.0,5.0,0.0,5.0,0.0,0.0,5.0,0.0,76,1.0,43,0.0,0.0,1.0,5.0,5.0,5.0,5.0,5.0,5.0
78,19,1.0,0,1,1,0.9090909090909091,0.0,5.0,5.0,0.0,5.0,0.0,0.0,5.0,0.0,77,1.0,43,0.0,0.0,1.0,5.0,5.0,5.0,5.0,5.0,5.0
79,19,1.0,0,1,1,0.9090909090909091,0.0,5.0,5.0,0.0,5.0,0.0,0.0,5.0,0.0,78,1.0,43,0.0,0.0,1.0,5.0,5.0,5.0,5.0,5.0,5.0
80,19,1.0,0,1,1,0.9090909090909091,0.0,5.0,5.0,0.0,5.0,0.0,0.0,5.0,0.0,79,1.0,43,0.0,0.0,1.0,5.0,5.0,5.0,5.0,5.0,5.0
81,19,1.0,0,1,1,0.9090909090909091,0.0,5.0,5.0,0.0,5.0,0.0,0.0,5.0,0.0,80,1.0,43,0.0,0.0,1.0,5.0,5.0,5.0,5.0,5.0,5.0
82,19,1.0,0,1,1,0.9090909090909091,0.0,5.0,5.0,0.0,5.0,0.0,0.0,5.0,0.0,81,1.0,43,0.0,0.0,1.0,5.0,5.0,5.0,5.0,5.0,5.0
83,19,1.0,0,1,1,0.9090909090909091,0.0,5.0,5.0,0.0,5.0,0.0,0.0,5.0,0.0,82,1.0,43,0.0,0.0,1.0,5.0,5.0,5.0,5.0,5.0,5.0
84,19,1.0,0,1,1,0.9090909090909091,0.0,5.0,5.0,0.0,5.0,0.0,0.0,5.0,0.0,83,1.0,43,0.0,0.0,1.0,5.0,5.0,5.0,5.0,5.0,5.0
85,19,1.0,0,1,1,0.9090909090909091,0.0,5.0,5.0,0.0,5.0,0.0,0.0,5.0,0.0,84,1.0,43,0.0,0.0,1.0,5.0,5.0,5.0,5.0,5.0,5.0
86,19,1.0,0,1,1,0.9090909090909091,0.0,5.0,5.0,0.0,5.0,0.0,0.0,5.0,0.0,85,1.0,43,0.0,0.0,1.0,5.0,5.0,5.0,5.0,5.0,5.0
87,19,1.0,0,1,1,0.9090909090909091,0.0,5.0,5.0,0.0,5.0,0.0,0.0,5.0,0.0,86,1.0,43,0.0,0.0,1.0,5.0,5.0,5.0,5.0,5.0,5.0
88,19,1.0,0,1,1,0.9090909090909091,0.0,5.0,5.0,0.0,5.0,0.0,0.0,5.0,0.0,87,1.0,43,0.0,0.0,1.0,5.0,5.0,5.0,5.0,5.0,5.0
89,19,1.0,0,1,1,0.9090909090909091,0.0,5.0,5.0,0.0,5.0,0.0,0.0,5.0,0.0,88,1.0,43,0.0,0.0,1.0,5.0,5.0,5.0,5.0,5.0,5.0
90,19,1.0,0,1,1,0.9090909090909091,0.0,5.0,5.0,0.0,5.0,0.0,0.0,5.0,0.0,89,1.0,43,0.0,0.0,1.0,5.0,5.0,5.0,5.0,5.0,5.0
91,19,1.0,0,1,1,0.9090909090909091,0.0,5.0,5.0,0.0,5.0,0.0,0.0,5.0,0.0,90,1.0,43,0.0,0.0,1.0,5.0,5.0,5.0,5.0,5.0,5.0
92,19,1.0,0,1,1,0.9090909090909091,0.0,5.0,5.0,0.0,5.0,0.0,0.0,5.0,0.0,91,1.0,43,0.0,0.0,1.0,5.0,5.0,5.0,5.0,5.0,5.0
93,19,1.0,0,1,1,0.9090909090909091,0.0,5.0,5.0,0.0,5.0,0.0,0.0,5.0,0.0,92,1.0,43,0.0,0.0,1.0,5.0,5.0,5.0,5.0,5.0,5.0
94,19,1.0,0,1,1,0.9090909090909091,0.0,5.0,5.0,0.0,5.0,0.0,0.0,5.0,0.0,93,1.0,43,0.0,0.0,1.0,5.0,5.0,5.0,5.0,5.0,5.0
95,19,1.0,0,1,1,0.9090909090909091,0.0,5.0,5.0,0.0,5.0,0.0,0.0,5.0,0.0,94,1.0,43,0.0,0.0,1.0,5.0,5.0,5.0,5.0,5.0,5.0
96,19,1.0,0,1,1,0.9090909090909091,0.0,5.0,5.0,0.0,5.0,0.0,0.0,5.0,0.0,95,1.0,43,0.0,0.0,1.0,5.0,5.0,5.0,5.0,5.0,5.0
97,19,1.0,0,1,1,0.9090909090909091,0.0,5.0,5.0,0.0,5.0,0.0,0.0,5.0,0.0,96,1.0,43,0.0,0.0,1.0,5.0,5.0,5.0,5.0,5.0,5.0
98,19,1.0,0,1,1,0.9090909090909091,0.0,5.0,5.0,0.0,5.0,0.0,0.0,5.0,0.0,97,1.0,43,0.0,0.0,1.0,5.0,5.0,5.0,5.0,5.0,5.0
99,19,1.0,0,1,1,0.9090909090909091,0.0,5.0,5.0,0.0,5.0,0.0,0.0,5.0,0.0,98,1.0,43,0.0,0.0,1.0,5.0,5.0,5.0,5.0,5.0,5.0
100,19,1.0,0,1,1,0.9090909090909091,0.0,5.0,5.0,0.0,5.0,0.0,0.0,5.0,0.0,99,1.0,43,0.0,0.0,1.0,5.0,5.0,5.0,5.0,5.0,5.0
101,19,1.0,0,1,1,0.9090909090909091,0.0,5.0,5.0,0.0,5.0,0.0,0.0,5.0,0.0,100,1.0,43,0.0,0.0,1.0,5.0,5.0,5.0,5.0,5.0,5.0
102,19,1.0,0,1,1,0.9090909090909091,0.0,5.0,5.0,0.0,5.0,0.0,0.0,5.0,0.0,101,1.0,43,0.0,0.0,1.0,5.0,5.0,5.0,5.0,5.0,5.0
103,19,1.0,0,1,1,0.9090909090909091,0.0,5.0,5.0,0.0,5.0,0.0,0.0,5.0,0.0,102,1.0,43,0.0,0.0,1.0,5.0,5.0,5.0,5.0,5.0,5.0
104,19,1.0,0,1,1,0.9090909090909091,0.0,5.0,5.0,0.0,5.0,0.0,0.0,5.0,0.0,103,1.0,43,0.0,0.0,1.0,5.0,5.0,5.0,5.0,5.0,5.0
105,19,1.0,0,1,1,0.9090909090909091,0.0,5.0,5.0,0.0,5.0,0.0,0.0,5.0,0.0,104,1.0,43,0.0,0.0,1.0,5.0,5.0,5.0,5.0,5.0,5.0
106,19,1.0,0,1,1,0.9090909090909091,0.0,5.0,5.0,0.0,5.0,0.0,0.0,5.0,0.0,105,1.0,43,0.0,0.0,1.0,5.0,5.0,5.0,5.0,5.0,5.0
107,19,1.0,0,1,1,0.9090909090909091,0.0,5.0,5.0,0.0,5.0,0.0,0.0,5.0,0.0,106,1.0,43,0.0,0.0,1.0,5.0,5.0,5.0,5.0,5.0,5.0
108,19,1.0,0,1,1,0.9090909090909091,0.0,5.0,5.0,0.0,5.0,0.0,0.0,5.0,0.0,107,1.0,43,0.0,0.0,1.0,5.0,5.0,5.0,5.0,5.0,5.0
109,19,1.0,0,1,1,0.9090909090909091,0.0,5.0,5.0,0.0,5.0,0.0,0.0,5.0,0.0,108,1.0,43,0.0,0.0,1.0,5.0,5.0,5.0,5.0,5.0,5.0
110,19,1.0,0,1,1,0.9090909090909091,0.0,5.0,5.0,0.0,5.0,0.0,0.0,5.0,0.0,109,1.0,43,0.0,0.0,1.0,5.0,5.0,5.0,5.0,5.0,5.0
111,19,1.0,0,1,1,0.9090909090909091,0.0,5.0,5.0,0.0,5.0,0.0,0.0,5.0,0.0,110,1.0,43,0.0,0.0,1.0,5.0,5.0,5.0,5.0,5.0,5.0
112,19,1.0,0,1,1,0.9090909090909091,0.0,5.0,5.0,0.0,5.0,0.0,0.0,5.0,0.0,111,1.0,43,0.0,0.0,1.0,5.0,5.0,5.0,5.0,5.0,5.0
113,19,1.0,0,1,1,0.9090909090909091,0.0,5.0,5.0,0.0,5.0,0.0,0.0,5.0,0.0,112,1.0,43,0.0,0.0,1.0,5.0,5.0,5.0,5.0,5.0,5.0
114,19,1.0,0,1,1,0.9090909090909091,0.0,5.0,5.0,0.0,5.0,0.0,0.0,5.0,0.0,113,1.0,43,0.0,0.0,1.0,5.0,5.0,5.0,5.0,5.0,5.0
115,19,1.0,0,1,1,0.9090909090909091,0.0,5.0,5.0,0.0,5.0,0.0,0.0,5.0,0.0,114,1.0,43,0.0,0.0,1.0,5.0,5.0,5.0,5.0,5.0,5.0
116,19,1.0,0,1,1,0.9090909090909091,0.0,5.0,5.0,0.0,5.0,0.0,0.0,5.0,0.0,115,1.0,43,0.0,0.0,1.0,5.0,5.0,5.0,5.0,5.0,5.0
117,19,1.0,0,1,1,0.9090909090909091,0.0,5.0,5.0,0.0,5.0,0.0,0.0,5.0,0.0,116,1.0,43,0.0,0.0,1.0,5.0,5.0,5.0,5.0,5.0,5.0
118,19,1.0,0,1,1,0.9090909090909091,0.0,5.0,5.0,0.0,5.0,0.0,0.0,5.0,0.0,117,1.0,43,0.0,0.0,1.0,5.0,5.0,5.0,5.0,5.0,5.0
119,19,1.0,0,1,1,0.9090909090909091,0.0,5.0,5.0,0.0,5.0,0.0,0.0,5.0,0.0,118,1.0,43,0.0,0.0,1.0,5.0,5.0,5.0,5.0,5.0,5.0
120,19,1.0,0,1,1,0.9090909090909091,0.0,5.0,5.0,0.0,5.0,0.0,0.0,5.0,0.0,119,1.0,43,0.0,0.0,1.0,5.0,5.0,5.0,5.0,5.0,5.0
121,19,1.0,0,1,1,0.9090909090909091,0.0,5.0,5.0,0.0,5.0,0.0,0.0,5.0,0.0,120,1.0,43,0.0,0.0,1.0,5.0,5.0,5.0,5.0,5.0,5.0
122,19,1.0,0,1,1,0.9090909090909091,0.0,5.0,5.0,0.0,5.0,0.0,0.0,5.0,0.0,121,1.0,43,0.0,0.0,1.0,5.0,5.0,5.0,5.0,5.0,5.0
1,20,0.0,1,0,1,0.9545454545454546,0.0,4.0,6.0,0.0,4.0,0.0,0.0,6.0,0.0,0,0.0,0,0.0,0.0,1.5,0.0,0.0,0.0,0.0,0.0,0.0
2,20,0.0,1,0,1,0.9545454545454546,0.0,4.0,6.0,0.0,4.0,0.0,0.0,6.0,0.0,1,0.5,43,0.0,0.0,1.5,4.0,6.0,0.0,0.0,0.0,0.0
3,20,0.0,1,0,1,0.9545454545454546,0.0,4.0,6.0,0.0,4.0,0.0,0.0,6.0,0.0,2,0.6666666666666666,43,0.0,0.0,1.5,4.0,6.0,4.0,6.0,0.0,0.0
4,20,0.0,0,1,1,0.9545454545454546,0.0,4.0,6.0,0.0,4.0,0.0,0.0,6.0,0.0,3,0.75,43,0.0,0.0,1.5,4.0,6.0,4.0,6.0,4.0,6.0
5,20,0.0,0,1,1,0.9545454545454546,0.0,4.0,6.0,0.0,4.0,0.0,0.0,6.0,0.0,4,0.8,43,0.0,0.0,1.5,4.0,6.0,4.0,6.0,4.0,6.0
6,20,0.0,0,1,1,0.9545454545454546,0.0,4.0,6.0,0.0,4.0,0.0,0.0,6.0,0.0,5,1.0,25,0.0,0.0,1.5,4.0,6.0,4.0,6.0,4.0,6.0
7,20,0.0,0,1,1,0.9545454545454546,0.0,4.0,6.0,0.0,4.0,0.0,0.0,6.0,0.0,6,1.0,25,0.0,0.0,1.5,4.0,6.0,4.0,6.0,4.0,6.0
8,20,0.0,0,1,1,0.9545454545454546,0.0,4.0,6.0,0.0,4.0,0.0,0.0,6.0,0.0,7,1.0,26,0.0,0.0,1.5,4.0,6.0,4.0,6.0,4.0,6.0
9,20,0.0,0,1,1,0.9545454545454546,0.0,4.0,6.0,0.0,4.0,0.0,0.0,6.0,0.0,8,1.0,25,0.0,0.0,1.5,4.0,6.0,4.0,6.0,4.0,6.0
10,20,0.0,0,1,1,0.9545454545454546,0.0,4.0,6.0,0.0,4.0,0.0,0.0,6.0,0.0,9,1.0,25,0.0,0.0,1.5,4.0,6.0,4.0,6.0,4.0,6.0
11,20,0.0,0,1,1,0.9545454545454546,0.0,4.0,6.0,0.0,4.0,0.0,0.0,6.0,0.0,10,1.0,27,0.0,0.0,1.5,4.0,6.0,4.0,6.0,4.0,6.0
12,20,0.0,0,1,1,0.9545454545454546,0.0,4.0,6.0,0.0,4.0,0.0,0.0,6.0,0.0,11,1.0,33,0.0,0.0,1.5,4.0,6.0,4.0,6.0,4.0,6.0
13,20,0.0,0,1,1,0.9545454545454546,0.0,4.0,6.0,0.0,4.0,0.0,0.0,6.0,0.0,12,1.0,30,0.0,0.0,1.5,4.0,6.0,4.0,6.0,4.0,6.0
14,20,0.0,0,1,1,0.9545454545454546,0.0,4.0,6.0,0.0,4.0,0.0,0.0,6.0,0.0,13,1.0,25,0.0,0.0,1.5,4.0,6.0,4.0,6.0,4.0,6.0
15,20,0.0,0,1,1,0.9545454545454546,0.0,4.0,6.0,0.0,4.0,0.0,0.0,6.0,0.0,14,1.0,28,0.0,0.0,1.5,4.0,6.0,4.0,6.0,4.0,6.0
16,20,0.0,0,1,1,0.9545454545454546,0.0,4.0,5.8,0.0,4.0,0.0,-1.4619519810524544,6.0,-1.0,15,1.0,28,0.0,-1.0,1.25,4.0,6.0,4.0,6.0,4.0,6.0
17,20,0.0,0,1,1,0.9545454545454546,0.0,4.0,5.6,0.0,4.0,0.0,-0.9263225327693089,6.0,-1.0,16,1.0,28,0.0,-1.0,1.25,4.0,5.0,4.0,6.0,4.0,6.0
18,20,0.0,0,1,1,0.9545454545454546,0.0,4.0,5.4,0.0,4.0,0.0,-0.6175483551795402,6.0,-1.0,17,1.0,29,0.0,-1.0,1.25,4.0,5.0,4.0,5.0,4.0,6.0
19,20,0.0,0,1,1,0.9545454545454546,0.0,4.0,5.2,0.0,4.0,0.0,-0.365487995263114,6.0,-1.0,18,1.0,33,0.0,-1.0,1.25,4.0,5.0,4.0,5.0,4.0,5.0
20,20,0.0,0,1,1,0.9545454545454546,0.0,4.0,5.0,0.0,4.0,0.0,0.0,5.0,-1.0,19,1.0,32,0.0,-1.0,1.25,4.0,5.0,4.0,5.0,4.0,5.0
21,20,0.0,0,1,1,0.9545454545454546,0.0,4.0,5.0,0.0,4.0,0.0,0.0,5.0,1.0,20,1.0,32,0.0,0.0,1.25,4.0,5.0,4.0,5.0,4.0,5.0
22,20,0.0,0,1,1,0.9545454545454546,0.0,4.0,5.0,0.0,4.0,0.0,0.0,5.0,1.0,21,1.0,33,0.0,0.0,1.25,4.0,5.0,4.0,5.0,4.0,5.0
23,20,0.0,0,1,1,0.9545454545454546,0.0,4.0,5.0,0.0,4.0,0.0,0.0,5.0,1.0,22,1.0,34,0.0,0.0,1.25,4.0,5.0,4.0,5.0,4.0,5.0
24,20,0.0,0,1,1,0.9545454545454546,0.0,4.0,5.0,0.0,4.0,0.0,0.0,5.0,1.0,23,1.0,34,0.0,0.0,1.25,4.0,5.0,4.0,5.0,4.0,5.0
25,20,0.0,0,1,1,0.9545454545454546,0.0,4.0,5.0,0.0,4.0,0.0,0.0,5.0,1.0,24,1.0,32,0.0,0.0,1.25,4.0,5.0,4.0,5.0,4.0,5.0
26,20,0.0,0,1,1,0.9545454545454546,0.0,4.0,5.0,0.0,4.0,0.0,0.0,5.0,0.0,25,1.0,35,0.0,0.0,1.25,4.0,5.0,4.0,5.0,4.0,5.0
27,20,0.0,0,1,1,0.9545454545454546,0.0,4.0,5.0,0.0,4.0,0.0,0.0,5.0,0.0,26,1.0,36,0.0,0.0,1.25,4.0,5.0,4.0,5.0,4.0,5.0
28,20,0.0,0,1,1,0.9545454545454546,0.0,4.0,5.0,0.0,4.0,0.0,0.0,5.0,0.0,27,1.0,34,0.0,0.0,1.25,4.0,5.0,4.0,5.0,4.0,5.0
29,20,0.0,0,1,1,0.9545454545454546,0.0,4.0,5.0,0.0,4.0,0.0,0.0,5.0,0.0,28,1.0,33,0.0,0.0,1.25,4.0,5.0,4.0,5.0,4.0,5.0
30,20,0.0,0,1,1,0.9545454545454546,0.0,4.0,5.0,0.0,4.0,0.0,0.0,5.0,0.0,29,1.0,35,0.0,0.0,1.25,4.0,5.0,4.0,5.0,4.0,5.0
31,20,0.0,0,1,1,0.9545454545454546,0.0,4.0,5.0,0.0,4.0,0.0,0.0,5.0,0.0,30,1.0,36,0.0,0.0,1.25,4.0,5.0,4.0,5.0,4.0,5.0
32,20,0.0,0,1,1,0.9545454545454546,0.0,4.0,5.0,0.0,4.0,0.0,0.0,5.0,0.0,31,1.0,37,0.0,0.0,1.25,4.0,5.0,4.0,5.0,4.0,5.0
33,20,0.0,0,1,1,0.9545454545454546,0.0,4.0,5.0,0.0,4.0,0.0,0.0,5.0,0.0,32,1.0,39,0.0,0.0,1.25,4.0,5.0,4.0,5.0,4.0,5.0
34,20,0.0,0,1,1,0.9545454545454546,0.0,4.0,5.0,0.0,4.0,0.0,0.0,5.0,0.0,33,1.0,39,0.0,0.0,1.25,4.0,5.0,4.0,5.0,4.0,5.0
35,20,0.0,0,1,1,0.9545454545454546,0.0,4.0,5.0,0.0,4.0,0.0,0.0,5.0,0.0,34,1.0,38,0.0,0.0,1.25,4.0,5.0,4.0,5.0,4.0,5.0
36,20,0.0,0,1,1,0.9545454545454546,0.0,4.0,5.0,0.0,4.0,0.0,0.0,5.0,0.0,35,1.0,38,0.0,0.0,1.25,4.0,5.0,4.0,5.0,4.0,5.0
37,20,0.0,0,1,1,0.9545454545454546,0.0,4.0,5.0,0.0,4.0,0.0,0.0,5.0,0.0,36,1.0,39,0.0,0.0,1.25,4.0,5.0,4.0,5.0,4.0,5.0
38,20,0.0,0,1,1,0.9545454545454546,0.0,4.0,5.0,0.0,4.0,0.0,0.0,5.0,0.0,37,1.0,38,0.0,0.0,1.25,4.0,5.0,4.0,5.0,4.0,5.0
39,20,0.0,0,1,1,0.9545454545454546,0.0,4.0,5.0,0.0,4.0,0.0,0.0,5.0,0.0,38,1.0,38,0.0,0.0,1.25,4.0,5.0,4.0,5.0,4.0,5.0
40,20,0.0,0,1,1,0.9545454545454546,0.0,4.0,5.0,0.0,4.0,0.0,0.0,5.0,0.0,39,1.0,40,0.0,0.0,1.25,4.0,5.0,4.0,5.0,4.0,5.0
41,20,0.0,0,1,1,0.9545454545454546,0.0,4.0,5.0,0.0,4.0,0.0,0.0,5.0,0.0,40,1.0,41,0.0,0.0,1.25,4.0,5.0,4.0,5.0,4.0,5.0
42,20,0.0,0,1,1,0.9545454545454546,0.0,4.0,5.0,0.0,4.0,0.0,0.0,5.0,0.0,41,1.0,41,0.0,0.0,1.25,4.0,5.0,4.0,5.0,4.0,5.0
43,20,0.0,0,1,1,0.9545454545454546,0.0,4.0,5.0,0.0,4.0,0.0,0.0,5.0,0.0,42,1.0,41,0.0,0.0,1.25,4.0,5.0,4.0,5.0,4.0,5.0
44,20,0.0,0,1,1,0.9545454545454546,0.0,4.0,5.0,0.0,4.0,0.0,0.0,5.0,0.0,43,1.0,42,0.0,0.0,1.25,4.0,5.0,4.0,5.0,4.0,5.0
45,20,0.0,0,1,1,0.9545454545454546,0.0,4.0,5.0,0.0,4.0,0.0,0.0,5.0,0.0,44,1.0,41,0.0,0.0,1.25,4.0,5.0,4.0,5.0,4.0,5.0
46,20,0.0,0,1,1,0.9545454545454546,0.0,4.0,5.0,0.0,4.0,0.0,0.0,5.0,0.0,45,1.0,41,0.0,0.0,1.25,4.0,5.0,4.0,5.0,4.0,5.0
47,20,0.0,0,1,1,0.9545454545454546,0.0,4.0,5.0,0.0,4.0,0.0,0.0,5.0,0.0,46,1.0,41,0.0,0.0,1.25,4.0,5.0,4.0,5.0,4.0,5.0
48,20,0.0,0,1,1,0.9545454545454546,0.0,4.0,5.0,0.0,4.0,0.0,0.0,5.0,0.0,47,1.0,42,0.0,0.0,1.25,4.0,5.0,4.0,5.0,4.0,5.0
49,20,0.0,0,1,1,0.9545454545454546,0.0,4.0,5.0,0.0,4.0,0.0,0.0,5.0,0.0,48,1.0,42,0.0,0.0,1.25,4.0,5.0,4.0,5.0,4.0,5.0
50,20,0.0,0,1,1,0.9545454545454546,0.0,4.0,5.0,0.0,4.0,0.0,0.0,5.0,0.0,49,1.0,42,0.0,0.0,1.25,4.0,5.0,4.0,5.0,4.0,5.0
51,20,0.0,0,1,1,0.9545454545454546,0.0,4.0,5.0,0.0,4.0,0.0,0.0,5.0,0.0,50,1.0,42,0.0,0.0,1.25,4.0,5.0,4.0,5.0,4.0,5.0
52,20,0.0,0,1,1,0.9545454545454546,0.0,4.0,5.0,0.0,4.0,0.0,0.0,5.0,0.0,51,1.0,42,0.0,0.0,1.25,4.0,5.0,4.0,5.0,4.0,5.0
53,20,0.0,0,1,1,0.9545454545454546,0.0,4.0,5.0,0.0,4.0,0.0,0.0,5.0,0.0,52,1.0,42,0.0,0.0,1.25,4.0,5.0,4.0,5.0,4.0,5.0
54,20,0.0,0,1,1,0.9545454545454546,0.0,4.0,5.0,0.0,4.0,0.0,0.0,5.0,0.0,53,1.0,43,0.0,0.0,1.25,4.0,5.0,4.0,5.0,4.0,5.0
55,20,0.0,0,1,1,0.9545454545454546,0.0,4.0,5.0,0.0,4.0,0.0,0.0,5.0,0.0,54,1.0,43,0.0,0.0,1.25,4.0,5.0,4.0,5.0,4.0,5.0
56,20,0.0,0,1,1,0.9545454545454546,0.0,4.0,5.0,0.0,4.0,0.0,0.0,5.0,0.0,55,1.0,43,0.0,0.0,1.25,4.0,5.0,4.0,5.0,4.0,5.0
57,20,0.0,0,1,1,0.9545454545454546,0.0,4.0,5.0,0.0,4.0,0.0,0.0,5.0,0.0,56,1.0,43,0.0,0.0,1.25,4.0,5.0,4.0,5.0,4.0,5.0
58,20,0.0,0,1,1,0.9545454545454546,0.0,4.0,5.0,0.0,4.0,0.0,0.0,5.0,0.0,57,1.0,43,0.0,0.0,1.25,4.0,5.0,4.0,5.0,4.0,5.0
59,20,0.0,0,1,1,0.9545454545454546,0.0,4.0,5.0,0.0,4.0,0.0,0.0,5.0,0.0,58,1.0,43,0.0,0.0,1.25,4.0,5.0,4.0,5.0,4.0,5.0
60,20,0.0,0,1,1,0.9545454545454546,0.0,4.0,5.0,0.0,4.0,0.0,0.0,5.0,0.0,59,1.0,43,0.0,0.0,1.25,4.0,5.0,4.0,5.0,4.0,5.0
61,20,0.0,0,1,1,0.9545454545454546,0.0,4.0,5.0,0.0,4.0,0.0,0.0,5.0,0.0,60,1.0,43,0.0,0.0,1.25,4.0,5.0,4.0,5.0,4.0,5.0
62,20,0.0,0,1,1,0.9545454545454546,0.0,4.0,5.0,0.0,4.0,0.0,0.0,5.0,0.0,61,1.0,43,0.0,0.0,1.25,4.0,5.0,4.0,5.0,4.0,5.0
63,20,0.0,0,1,1,0.9545454545454546,0.0,4.0,5.0,0.0,4.0,0.0,0.0,5.0,0.0,62,1.0,43,0.0,0.0,1.25,4.0,5.0,4.0,5.0,4.0,5.0
64,20,0.0,0,1,1,0.9545454545454546,0.0,4.0,5.0,0.0,4.0,0.0,0.0,5.0,0.0,63,1.0,43,0.0,0.0,1.25,4.0,5.0,4.0,5.0,4.0,5.0
65,20,0.0,0,1,1,0.9545454545454546,0.0,4.0,5.0,0.0,4.0,0.0,0.0,5.0,0.0,64,1.0,43,0.0,0.0,1.25,4.0,5.0,4.0,5.0,4.0,5.0
66,20,0.0,0,1,1,0.9545454545454546,0.0,4.0,5.0,0.0,4.0,0.0,0.0,5.0,0.0,65,1.0,43,0.0,0.0,1.25,4.0,5.0,4.0,5.0,4.0,5.0
67,20,0.0,0,1,1,0.9545454545454546,0.0,4.0,5.0,0.0,4.0,0.0,0.0,5.0,0.0,66,1.0,43,0.0,0.0,1.25,4.0,5.0,4.0,5.0,4.0,5.0
68,20,0.0,0,1,1,0.9545454545454546,0.0,4.0,5.0,0.0,4.0,0.0,0.0,5.0,0.0,67,1.0,43,0.0,0.0,1.25,4.0,5.0,4.0,5.0,4.0,5.0
69,20,0.0,0,1,1,0.9545454545454546,0.0,4.0,5.0,0.0,4.0,0.0,0.0,5.0,0.0,68,1.0,43,0.0,0.0,1.25,4.0,5.0,4.0,5.0,4.0,5.0
70,20,0.0,0,1,1,0.9545454545454546,0.0,4.0,5.0,0.0,4.0,0.0,0.0,5.0,0.0,69,1.0,43,0.0,0.0,1.25,4.0,5.0,4.0,5.0,4.0,5.0
71,20,0.0,0,1,1,0.9545454545454546,0.0,4.0,5.0,0.0,4.0,0.0,0.0,5.0,0.0,70,1.0,43,0.0,0.0,1.25,4.0,5.0,4.0,5.0,4.0,5.0
72,20,0.0,0,1,1,0.9545454545454546,0.0,4.0,5.0,0.0,4.0,0.0,0.0,5.0,0.0,71,1.0,43,0.0,0.0,1.25,4.0,5.0,4.0,5.0,4.0,5.0
73,20,0.0,0,1,1,0.9545454545454546,0.0,4.0,5.0,0.0,4.0,0.0,0.0,5.0,0.0,72,1.0,43,0.0,0.0,1.25,4.0,5.0,4.0,5.0,4.0,5.0
74,20,0.0,0,1,1,0.9545454545454546,0.0,4.0,5.0,0.0,4.0,0.0,0.0,5.0,0.0,73,1.0,43,0.0,0.0,1.25,4.0,5.0,4.0,5.0,4.0,5.0
75,20,0.0,0,1,1,0.9545454545454546,0.0,4.0,5.0,0.0,4.0,0.0,0.0,5.0,0.0,74,1.0,43,0.0,0.0,1.25,4.0,5.0,4.0,5.0,4.0,5.0
76,20,0.0,0,1,1,0.9545454545454546,0.0,4.0,5.0,0.0,4.0,0.0,0.0,5.0,0.0,75,1.0,43,0.0,0.0,1.25,4.0,5.0,4.0,5.0,4.0,5.0
77,20,0.0,0,1,1,0.9545454545454546,0.0,4.0,5.0,0.0,4.0,0.0,0.0,5.0,0.0,76,1.0,43,0.0,0.0,1.25,4.0,5.0,4.0,5.0,4.0,5.0
78,20,0.0,0,1,1,0.9545454545454546,0.0,4.0,5.0,0.0,4.0,0.0,0.0,5.0,0.0,77,1.0,43,0.0,0.0,1.25,4.0,5.0,4.0,5.0,4.0,5.0
79,20,0.0,0,1,1,0.9545454545454546,0.0,4.0,5.0,0.0,4.0,0.0,0.0,5.0,0.0,78,1.0,43,0.0,0.0,1.25,4.0,5.0,4.0,5.0,4.0,5.0
80,20,0.0,0,1,1,0.9545454545454546,0.0,4.0,5.0,0.0,4.0,0.0,0.0,5.0,0.0,79,1.0,43,0.0,0.0,1.25,4.0,5.0,4.0,5.0,4.0,5.0
81,20,0.0,0,1,1,0.9545454545454546,0.0,4.0,5.0,0.0,4.0,0.0,0.0,5.0,0.0,80,1.0,43,0.0,0.0,1.25,4.0,5.0,4.0,5.0,4.0,5.0
82,20,0.0,0,1,1,0.9545454545454546,0.0,4.0,5.0,0.0,4.0,0.0,0.0,5.0,0.0,81,1.0,43,0.0,0.0,1.25,4.0,5.0,4.0,5.0,4.0,5.0
83,20,0.0,0,1,1,0.9545454545454546,0.0,4.0,5.0,0.0,4.0,0.0,0.0,5.0,0.0,82,1.0,43,0.0,0.0,1.25,4.0,5.0,4.0,5.0,4.0,5.0
84,20,0.0,0,1,1,0.9545454545454546,0.0,4.0,5.0,0.0,4.0,0.0,0.0,5.0,0.0,83,1.0,43,0.0,0.0,1.25,4.0,5.0,4.0,5.0,4.0,5.0
85,20,0.0,0,1,1,0.9545454545454546,0.0,4.0,5.0,0.0,4.0,0.0,0.0,5.0,0.0,84,1.0,43,0.0,0.0,1.25,4.0,5.0,4.0,5.0,4.0,5.0
86,20,0.0,0,1,1,0.9545454545454546,0.0,4.0,5.0,0.0,4.0,0.0,0.0,5.0,0.0,85,1.0,43,0.0,0.0,1.25,4.0,5.0,4.0,5.0,4.0,5.0
87,20,0.0,0,1,1,0.9545454545454546,0.0,4.0,5.0,0.0,4.0,0.0,0.0,5.0,0.0,86,1.0,43,0.0,0.0,1.25,4.0,5.0,4.0,5.0,4.0,5.0
88,20,0.0,0,1,1,0.9545454545454546,0.0,4.0,5.0,0.0,4.0,0.0,0.0,5.0,0.0,87,1.0,43,0.0,0.0,1.25,4.0,5.0,4.0,5.0,4.0,5.0
89,20,0.0,0,1,1,0.9545454545454546,0.0,4.0,5.0,0.0,4.0,0.0,0.0,5.0,0.0,88,1.0,43,0.0,0.0,1.25,4.0,5.0,4.0,5.0,4.0,5.0
90,20,0.0,0,1,1,0.9545454545454546,0.0,4.0,5.0,0.0,4.0,0.0,0.0,5.0,0.0,89,1.0,43,0.0,0.0,1.25,4.0,5.0,4.0,5.0,4.0,5.0
91,20,0.0,0,1,1,0.9545454545454546,0.0,4.0,5.0,0.0,4.0,0.0,0.0,5.0,0.0,90,1.0,43,0.0,0.0,1.25,4.0,5.0,4.0,5.0,4.0,5.0
92,20,0.0,0,1,1,0.9545454545454546,0.0,4.0,5.0,0.0,4.0,0.0,0.0,5.0,0.0,91,1.0,43,0.0,0.0,1.25,4.0,5.0,4.0,5.0,4.0,5.0
93,20,0.0,0,1,1,0.9545454545454546,0.0,4.0,5.0,0.0,4.0,0.0,0.0,5.0,0.0,92,1.0,43,0.0,0.0,1.25,4.0,5.0,4.0,5.0,4.0,5.0
94,20,0.0,0,1,1,0.9545454545454546,0.0,4.0,5.0,0.0,4.0,0.0,0.0,5.0,0.0,93,1.0,43,0.0,0.0,1.25,4.0,5.0,4.0,5.0,4.0,5.0
95,20,0.0,0,1,1,0.9545454545454546,0.0,4.0,5.0,0.0,4.0,0.0,0.0,5.0,0.0,94,1.0,43,0.0,0.0,1.25,4.0,5.0,4.0,5.0,4.0,5.0
96,20,0.0,0,1,1,0.9545454545454546,0.0,4.0,5.0,0.0,4.0,0.0,0.0,5.0,0.0,95,1.0,43,0.0,0.0,1.25,4.0,5.0,4.0,5.0,4.0,5.0
97,20,0.0,0,1,1,0.9545454545454546,0.0,4.0,5.0,0.0,4.0,0.0,0.0,5.0,0.0,96,1.0,43,0.0,0.0,1.25,4.0,5.0,4.0,5.0,4.0,5.0
98,20,0.0,0,1,1,0.9545454545454546,0.0,4.0,5.0,0.0,4.0,0.0,0.0,5.0,0.0,97,1.0,43,0.0,0.0,1.25,4.0,5.0,4.0,5.0,4.0,5.0
99,20,0.0,0,1,1,0.9545454545454546,0.0,4.0,5.0,0.0,4.0,0.0,0.0,5.0,0.0,98,1.0,43,0.0,0.0,1.25,4.0,5.0,4.0,5.0,4.0,5.0
100,20,0.0,0,1,1,0.9545454545454546,0.0,4.0,5.0,0.0,4.0,0.0,0.0,5.0,0.0,99,1.0,43,0.0,0.0,1.25,4.0,5.0,4.0,5.0,4.0,5.0
101,20,0.0,0,1,1,0.9545454545454546,0.0,4.0,5.0,0.0,4.0,0.0,0.0,5.0,0.0,100,1.0,43,0.0,0.0,1.25,4.0,5.0,4.0,5.0,4.0,5.0
102,20,0.0,0,1,1,0.9545454545454546,0.0,4.0,5.0,0.0,4.0,0.0,0.0,5.0,0.0,101,1.0,43,0.0,0.0,1.25,4.0,5.0,4.0,5.0,4.0,5.0
103,20,0.0,0,1,1,0.9545454545454546,0.0,4.0,5.0,0.0,4.0,0.0,0.0,5.0,0.0,102,1.0,43,0.0,0.0,1.25,4.0,5.0,4.0,5.0,4.0,5.0
104,20,0.0,0,1,1,0.9545454545454546,0.0,4.0,5.0,0.0,4.0,0.0,0.0,5.0,0.0,103,1.0,43,0.0,0.0,1.25,4.0,5.0,4.0,5.0,4.0,5.0
105,20,0.0,0,1,1,0.9545454545454546,0.0,4.0,5.0,0.0,4.0,0.0,0.0,5.0,0.0,104,1.0,43,0.0,0.0,1.25,4.0,5.0,4.0,5.0,4.0,5.0
106,20,0.0,0,1,1,0.9545454545454546,0.0,4.0,5.0,0.0,4.0,0.0,0.0,5.0,0.0,105,1.0,43,0.0,0.0,1.25,4.0,5.0,4.0,5.0,4.0,5.0
107,20,0.0,0,1,1,0.9545454545454546,0.0,4.0,5.0,0.0,4.0,0.0,0.0,5.0,0.0,106,1.0,43,0.0,0.0,1.25,4.0,5.0,4.0,5.0,4.0,5.0
108,20,0.0,0,1,1,0.9545454545454546,0.0,4.0,5.0,0.0,4.0,0.0,0.0,5.0,0.0,107,1.0,43,0.0,0.0,1.25,4.0,5.0,4.0,5.0,4.0,5.0
109,20,0.0,0,1,1,0.9545454545454546,0.0,4.0,5.0,0.0,4.0,0.0,0.0,5.0,0.0,108,1.0,43,0.0,0.0,1.25,4.0,5.0,4.0,5.0,4.0,5.0
110,20,0.0,0,1,1,0.9545454545454546,0.0,4.0,5.0,0.0,4.0,0.0,0.0,5.0,0.0,109,1.0,43,0.0,0.0,1.25,4.0,5.0,4.0,5.0,4.0,5.0
111,20,0.0,0,1,1,0.9545454545454546,0.0,4.0,5.0,0.0,4.0,0.0,0.0,5.0,0.0,110,1.0,43,0.0,0.0,1.25,4.0,5.0,4.0,5.0,4.0,5.0
112,20,0.0,0,1,1,0.9545454545454546,0.0,4.0,5.0,0.0,4.0,0.0,0.0,5.0,0.0,111,1.0,43,0.0,0.0,1.25,4.0,5.0,4.0,5.0,4.0,5.0
113,20,0.0,0,1,1,0.9545454545454546,0.0,4.0,5.0,0.0,4.0,0.0,0.0,5.0,0.0,112,1.0,43,0.0,0.0,1.25,4.0,5.0,4.0,5.0,4.0,5.0
114,20,0.0,0,1,1,0.9545454545454546,0.0,4.0,5.0,0.0,4.0,0.0,0.0,5.0,0.0,113,1.0,43,0.0,0.0,1.25,4.0,5.0,4.0,5.0,4.0,5.0
115,20,0.0,0,1,1,0.9545454545454546,0.0,4.0,5.0,0.0,4.0,0.0,0.0,5.0,0.0,114,1.0,43,0.0,0.0,1.25,4.0,5.0,4.0,5.0,4.0,5.0
116,20,0.0,0,1,1,0.9545454545454546,0.0,4.0,5.0,0.0,4.0,0.0,0.0,5.0,0.0,115,1.0,43,0.0,0.0,1.25,4.0,5.0,4.0,5.0,4.0,5.0
117,20,0.0,0,1,1,0.9545454545454546,0.0,4.0,5.0,0.0,4.0,0.0,0.0,5.0,0.0,116,1.0,43,0.0,0.0,1.25,4.0,5.0,4.0,5.0,4.0,5.0
118,20,0.0,0,1,1,0.9545454545454546,0.0,4.0,5.0,0.0,4.0,0.0,0.0,5.0,0.0,117,1.0,43,0.0,0.0,1.25,4.0,5.0,4.0,5.0,4.0,5.0
119,20,0.0,0,1,1,0.9545454545454546,0.0,4.0,5.0,0.0,4.0,0.0,0.0,5.0,0.0,118,1.0,43,0.0,0.0,1.25,4.0,5.0,4.0,5.0,4.0,5.0
120,20,0.0,0,1,1,0.9545454545454546,0.0,4.0,5.0,0.0,4.0,0.0,0.0,5.0,0.0,119,1.0,43,0.0,0.0,1.25,4.0,5.0,4.0,5.0,4.0,5.0
121,20,0.0,0,1,1,0.9545454545454546,0.0,4.0,5.0,0.0,4.0,0.0,0.0,5.0,0.0,120,1.0,43,0.0,0.0,1.25,4.0,5.0,4.0,5.0,4.0,5.0
122,20,0.0,0,1,1,0.9545454545454546,0.0,4.0,5.0,0.0,4.0,0.0,0.0,5.0,0.0,121,1.0,43,0.0,0.0,1.25,4.0,5.0,4.0,5.0,4.0,5.0
1,21,1.0,1,0,1,1.0,0.0,3.0,5.0,0.0,3.0,0.0,0.0,5.0,0.0,0,0.0,0,0.0,0.0,1.6666666666666667,0.0,0.0,0.0,0.0,0.0,0.0
2,21,1.0,1,0,1,1.0,0.0,3.0,5.0,0.0,3.0,0.0,0.0,5.0,0.0,1,0.5,43,0.0,0.0,1.6666666666666667,3.0,5.0,0.0,0.0,0.0,0.0
3,21,1.0,1,0,1,1.0,0.0,3.0,5.0,0.0,3.0,0.0,0.0,5.0,0.0,2,0.6666666666666666,43,0.0,0.0,1.6666666666666667,3.0,5.0,3.0,5.0,0.0,0.0
4,21,1.0,0,1,1,1.0,0.0,3.0,5.0,0.0,3.0,0.0,0.0,5.0,0.0,3,0.75,43,0.0,0.0,1.6666666666666667,3.0,5.0,3.0,5.0,3.0,5.0
5,21,1.0,0,1,1,1.0,0.0,3.0,5.0,0.0,3.0,0.0,0.0,5.0,0.0,4,0.8,43,0.0,0.0,1.6666666666666667,3.0,5.0,3.0,5.0,3.0,5.0
6,21,1.0,0,1,1,1.0,0.0,3.0,5.0,0.0,3.0,0.0,0.0,5.0,0.0,5,1.0,25,0.0,0.0,1.6666666666666667,3.0,5.0,3.0,5.0,3.0,5.0
7,21,1.0,0,1,1,1.0,0.0,3.0,5.0,0.0,3.0,0.0,0.0,5.0,0.0,6,1.0,25,0.0,0.0,1.6666666666666667,3.0,5.0,3.0,5.0,3.0,5.0
8,21,1.0,0,1,1,1.0,0.0,3.0,5.0,0.0,3.0,0.0,0.0,5.0,0.0,7,1.0,26,0.0,0.0,1.6666666666666667,3.0,5.0,3.0,5.0,3.0,5.0
9,21,1.0,0,1,1,1.0,0.0,3.0,5.0,0.0,3.0,0.0,0.0,5.0,0.0,8,1.0,25,0.0,0.0,1.6666666666666667,3.0,5.0,3.0,5.0,3.0,5.0
10,21,1.0,0,1,1,1.0,0.0,3.0,5.0,0.0,3.0,0.0,0.0,5.0,0.0,9,1.0,25,0.0,0.0,1.6666666666666667,3.0,5.0,3.0,5.0,3.0,5.0
11,21,1.0,0,1,1,1.0,0.0,3.0,5.0,0.0,3.0,0.0,0.0,5.0,0.0,10,1.0,27,0.0,0.0,1.6666666666666667,3.0,5.0,3.0,5.0,3.0,5.0
12,21,1.0,0,1,1,1.0,0.0,3.0,5.0,0.0,3.0,0.0,0.0,5.0,0.0,11,1.0,33,0.0,0.0,1.6666666666666667,3.0,5.0,3.0,5.0,3.0,5.0
13,21,1.0,0,1,1,1.0,0.0,3.0,5.0,0.0,3.0,0.0,0.0,5.0,0.0,12,1.0,30,0.0,0.0,1.6666666666666667,3.0,5.0,3.0,5.0,3.0,5.0
14,21,1.0,0,1,1,1.0,0.0,3.0,5.0,0.0,3.0,0.0,0.0,5.0,0.0,13,1.0,25,0.0,0.0,1.6666666666666667,3.0,5.0,3.0,5.0,3.0,5.0
15,21,1.0,0,1,1,1.0,0.0,3.0,5.0,0.0,3.0,0.0,0.0,5.0,0.0,14,1.0,28,0.0,0.0,1.6666666666666667,3.0,5.0,3.0,5.0,3.0,5.0
16,21,1.0,0,1,1,1.0,0.0,3.0,5.0,0.0,3.0,0.0,0.0,5.0,0.0,15,1.0,28,0.0,0.0,1.6666666666666667,3.0,5.0,3.0,5.0,3.0,5.0
17,21,1.0,0,1,1,1.0,0.0,3.0,5.0,0.0,3.0,0.0,0.0,5.0,0.0,16,1.0,28,0.0,0.0,1.6666666666666667,3.0,5.0,3.0,5.0,3.0,5.0
18,21,1.0,0,1,1,1.0,0.0,3.0,5.0,0.0,3.0,0.0,0.0,5.0,0.0,17,1.0,29,0.0,0.0,1.6666666666666667,3.0,5.0,3.0,5.0,3.0,5.0
19,21,1.0,0,1,1,1.0,0.0,3.0,5.0,0.0,3.0,0.0,0.0,5.0,0.0,18,1.0,33,0.0,0.0,1.6666666666666667,3.0,5.0,3.0,5.0,3.0,5.0
20,21,1.0,0,1,1,1.0,0.0,3.0,5.0,0.0,3.0,0.0,0.0,5.0,0.0,19,1.0,32,0.0,0.0,1.6666666666666667,3.0,5.0,3.0,5.0,3.0,5.0
21,21,1.0,0,1,1,1.0,0.0,3.0,5.0,0.0,3.0,0.0,0.0,5.0,0.0,20,1.0,32,0.0,0.0,1.6666666666666667,3.0,5.0,3.0,5.0,3.0,5.0
22,21,1.0,0,1,1,1.0,0.0,3.0,5.0,0.0,3.0,0.0,0.0,5.0,0.0,21,1.0,33,0.0,0.0,1.6666666666666667,3.0,5.0,3.0,5.0,3.0,5.0
23,21,1.0,0,1,1,1.0,0.0,3.0,5.0,0.0,3.0,0.0,0.0,5.0,0.0,22,1.0,34,0.0,0.0,1.6666666666666667,3.0,5.0,3.0,5.0,3.0,5.0
24,21,1.0,0,1,1,1.0,0.0,3.0,5.0,0.0,3.0,0.0,0.0,5.0,0.0,23,1.0,34,0.0,0.0,1.6666666666666667,3.0,5.0,3.0,5.0,3.0,5.0
25,21,1.0,0,1,1,1.0,0.0,3.0,5.0,0.0,3.0,0.0,0.0,5.0,0.0,24,1.0,32,0.0,0.0,1.6666666666666667,3.0,5.0,3.0,5.0,3.0,5.0
26,21,1.0,0,1,1,1.0,0.0,3.0,5.0,0.0,3.0,0.0,0.0,5.0,0.0,25,1.0,35,0.0,0.0,1.6666666666666667,3.0,5.0,3.0,5.0,3.0,5.0
27,21,1.0,0,1,1,1.0,0.0,3.0,5.0,0.0,3.0,0.0,0.0,5.0,0.0,26,1.0,36,0.0,0.0,1.6666666666666667,3.0,5.0,3.0,5.0,3.0,5.0
28,21,1.0,0,1,1,1.0,0.0,3.0,5.0,0.0,3.0,0.0,0.0,5.0,0.0,27,1.0,34,0.0,0.0,1.6666666666666667,3.0,5.0,3.0,5.0,3.0,5.0
29,21,1.0,0,1,1,1.0,0.0,3.0,5.0,0.0,3.0,0.0,0.0,5.0,0.0,28,1.0,33,0.0,0.0,1.6666666666666667,3.0,5.0,3.0,5.0,3.0,5.0
30,21,1.0,0,1,1,1.0,0.0,3.0,5.0,0.0,3.0,0.0,0.0,5.0,0.0,29,1.0,35,0.0,0.0,1.6666666666666667,3.0,5.0,3.0,5.0,3.0,5.0
31,21,1.0,0,1,1,1.0,0.0,3.0,5.0,0.0,3.0,0.0,0.0,5.0,0.0,30,1.0,36,0.0,0.0,1.6666666666666667,3.0,5.0,3.0,5.0,3.0,5.0
32,21,1.0,0,1,1,1.0,0.0,3.0,5.0,0.0,3.0,0.0,0.0,5.0,0.0,31,1.0,37,0.0,0.0,1.6666666666666667,3.0,5.0,3.0,5.0,3.0,5.0
33,21,1.0,0,1,1,1.0,0.0,3.0,5.0,0.0,3.0,0.0,0.0,5.0,0.0,32,1.0,39,0.0,0.0,1.6666666666666667,3.0,5.0,3.0,5.0,3.0,5.0
34,21,1.0,0,1,1,1.0,0.0,3.0,5.0,0.0,3.0,0.0,0.0,5.0,0.0,33,1.0,39,0.0,0.0,1.6666666666666667,3.0,5.0,3.0,5.0,3.0,5.0
35,21,1.0,0,1,1,1.0,0.0,3.0,5.0,0.0,3.0,0.0,0.0,5.0,0.0,34,1.0,38,0.0,0.0,1.6666666666666667,3.0,5.0,3.0,5.0,3.0,5.0
36,21,1.0,0,1,1,1.0,0.0,3.0,5.0,0.0,3.0,0.0,0.0,5.0,0.0,35,1.0,38,0.0,0.0,1.6666666666666667,3.0,5.0,3.0,5.0,3.0,5.0
37,21,1.0,0,1,1,1.0,0.0,3.0,5.0,0.0,3.0,0.0,0.0,5.0,0.0,36,1.0,39,0.0,0.0,1.6666666666666667,3.0,5.0,3.0,5.0,3.0,5.0
38,21,1.0,0,1,1,1.0,0.0,3.0,5.0,0.0,3.0,0.0,0.0,5.0,0.0,37,1.0,38,0.0,0.0,1.6666666666666667,3.0,5.0,3.0,5.0,3.0,5.0
39,21,1.0,0,1,1,1.0,0.0,3.0,5.0,0.0,3.0,0.0,0.0,5.0,0.0,38,1.0,38,0.0,0.0,1.6666666666666667,3.0,5.0,3.0,5.0,3.0,5.0
40,21,1.0,0,1,1,1.0,0.0,3.0,5.0,0.0,3.0,0.0,0.0,5.0,0.0,39,1.0,40,0.0,0.0,1.6666666666666667,3.0,5.0,3.0,5.0,3.0,5.0
41,21,1.0,0,1,1,1.0,0.0,3.0,5.0,0.0,3.0,0.0,0.0,5.0,0.0,40,1.0,41,0.0,0.0,1.6666666666666667,3.0,5.0,3.0,5.0,3.0,5.0
42,21,1.0,0,1,1,1.0,0.0,3.0,5.0,0.0,3.0,0.0,0.0,5.0,0.0,41,1.0,41,0.0,0.0,1.6666666666666667,3.0,5.0,3.0,5.0,3.0,5.0
43,21,1.0,0,1,1,1.0,0.0,3.0,5.0,0.0,3.0,0.0,0.0,5.0,0.0,42,1.0,41,0.0,0.0,1.6666666666666667,3.0,5.0,3.0,5.0,3.0,5.0
44,21,1.0,0,1,1,1.0,0.0,3.0,5.0,0.0,3.0,0.0,0.0,5.0,0.0,43,1.0,42,0.0,0.0,1.6666666666666667,3.0,5.0,3.0,5.0,3.0,5.0
45,21,1.0,0,1,1,1.0,0.0,3.0,5.0,0.0,3.0,0.0,0.0,5.0,0.0,44,1.0,41,0.0,0.0,1.6666666666666667,3.0,5.0,3.0,5.0,3.0,5.0
46,21,1.0,0,1,1,1.0,0.0,3.0,5.0,0.0,3.0,0.0,0.0,5.0,0.0,45,1.0,41,0.0,0.0,1.6666666666666667,3.0,5.0,3.0,5.0,3.0,5.0
47,21,1.0,0,1,1,1.0,0.0,3.0,5.0,0.0,3.0,0.0,0.0,5.0,0.0,46,1.0,41,0.0,0.0,1.6666666666666667,3.0,5.0,3.0,5.0,3.0,5.0
48,21,1.0,0,1,1,1.0,0.0,3.0,5.0,0.0,3.0,0.0,0.0,5.0,0.0,47,1.0,42,0.0,0.0,1.6666666666666667,3.0,5.0,3.0,5.0,3.0,5.0
49,21,1.0,0,1,1,1.0,0.0,3.0,5.0,0.0,3.0,0.0,0.0,5.0,0.0,48,1.0,42,0.0,0.0,1.6666666666666667,3.0,5.0,3.0,5.0,3.0,5.0
50,21,1.0,0,1,1,1.0,0.0,3.0,5.0,0.0,3.0,0.0,0.0,5.0,0.0,49,1.0,42,0.0,0.0,1.6666666666666667,3.0,5.0,3.0,5.0,3.0,5.0
51,21,1.0,0,1,1,1.0,0.0,3.0,5.0,0.0,3.0,0.0,0.0,5.0,0.0,50,1.0,42,0.0,0.0,1.6666666666666667,3.0,5.0,3.0,5.0,3.0,5.0
52,21,1.0,0,1,1,1.0,0.0,3.0,5.0,0.0,3.0,0.0,0.0,5.0,0.0,51,1.0,42,0.0,0.0,1.6666666666666667,3.0,5.0,3.0,5.0,3.0,5.0
53,21,1.0,0,1,1,1.0,0.0,3.0,5.0,0.0,3.0,0.0,0.0,5.0,0.0,52,1.0,42,0.0,0.0,1.6666666666666667,3.0,5.0,3.0,5.0,3.0,5.0
54,21,1.0,0,1,1,1.0,0.0,3.0,5.0,0.0,3.0,0.0,0.0,5.0,0.0,53,1.0,43,0.0,0.0,1.6666666666666667,3.0,5.0,3.0,5.0,3.0,5.0
55,21,1.0,0,1,1,1.0,0.0,3.0,5.0,0.0,3.0,0.0,0.0,5.0,0.0,54,1.0,43,0.0,0.0,1.6666666666666667,3.0,5.0,3.0,5.0,3.0,5.0
56,21,1.0,0,1,1,1.0,0.0,3.0,5.0,0.0,3.0,0.0,0.0,5.0,0.0,55,1.0,43,0.0,0.0,1.6666666666666667,3.0,5.0,3.0,5.0,3.0,5.0
57,21,1.0,0,1,1,1.0,0.0,3.0,5.0,0.0,3.0,0.0,0.0,5.0,0.0,56,1.0,43,0.0,0.0,1.6666666666666667,3.0,5.0,3.0,5.0,3.0,5.0
58,21,1.0,0,1,1,1.0,0.0,3.0,5.0,0.0,3.0,0.0,0.0,5.0,0.0,57,1.0,43,0.0,0.0,1.6666666666666667,3.0,5.0,3.0,5.0,3.0,5.0
59,21,1.0,0,1,1,1.0,0.0,3.0,5.0,0.0,3.0,0.0,0.0,5.0,0.0,58,1.0,43,0.0,0.0,1.6666666666666667,3.0,5.0,3.0,5.0,3.0,5.0
60,21,1.0,0,1,1,1.0,0.0,3.0,5.0,0.0,3.0,0.0,0.0,5.0,0.0,59,1.0,43,0.0,0.0,1.6666666666666667,3.0,5.0,3.0,5.0,3.0,5.0
61,21,1.0,0,1,1,1.0,0.0,3.0,5.0,0.0,3.0,0.0,0.0,5.0,0.0,60,1.0,43,0.0,0.0,1.6666666666666667,3.0,5.0,3.0,5.0,3.0,5.0
62,21,1.0,0,1,1,1.0,0.0,3.0,5.0,0.0,3.0,0.0,0.0,5.0,0.0,61,1.0,43,0.0,0.0,1.6666666666666667,3.0,5.0,3.0,5.0,3.0,5.0
63,21,1.0,0,1,1,1.0,0.0,3.0,5.0,0.0,3.0,0.0,0.0,5.0,0.0,62,1.0,43,0.0,0.0,1.6666666666666667,3.0,5.0,3.0,5.0,3.0,5.0
64,21,1.0,0,1,1,1.0,0.0,3.0,5.0,0.0,3.0,0.0,0.0,5.0,0.0,63,1.0,43,0.0,0.0,1.6666666666666667,3.0,5.0,3.0,5.0,3.0,5.0
65,21,1.0,0,1,1,1.0,0.0,3.0,5.0,0.0,3.0,0.0,0.0,5.0,0.0,64,1.0,43,0.0,0.0,1.6666666666666667,3.0,5.0,3.0,5.0,3.0,5.0
66,21,1.0,0,1,1,1.0,0.0,3.0,5.0,0.0,3.0,0.0,0.0,5.0,0.0,65,1.0,43,0.0,0.0,1.6666666666666667,3.0,5.0,3.0,5.0,3.0,5.0
67,21,1.0,0,1,1,1.0,0.0,3.0,5.0,0.0,3.0,0.0,0.0,5.0,0.0,66,1.0,43,0.0,0.0,1.6666666666666667,3.0,5.0,3.0,5.0,3.0,5.0
68,21,1.0,0,1,1,1.0,0.0,3.0,5.0,0.0,3.0,0.0,0.0,5.0,0.0,67,1.0,43,0.0,0.0,1.6666666666666667,3.0,5.0,3.0,5.0,3.0,5.0
69,21,1.0,0,1,1,1.0,0.0,3.0,5.0,0.0,3.0,0.0,0.0,5.0,0.0,68,1.0,43,0.0,0.0,1.6666666666666667,3.0,5.0,3.0,5.0,3.0,5.0
70,21,1.0,0,1,1,1.0,0.0,3.0,5.0,0.0,3.0,0.0,0.0,5.0,0.0,69,1.0,43,0.0,0.0,1.6666666666666667,3.0,5.0,3.0,5.0,3.0,5.0
71,21,1.0,0,1,1,1.0,0.0,3.0,5.0,0.0,3.0,0.0,0.0,5.0,0.0,70,1.0,43,0.0,0.0,1.6666666666666667,3.0,5.0,3.0,5.0,3.0,5.0
72,21,1.0,0,1,1,1.0,0.0,3.0,5.0,0.0,3.0,0.0,0.0,5.0,0.0,71,1.0,43,0.0,0.0,1.6666666666666667,3.0,5.0,3.0,5.0,3.0,5.0
73,21,1.0,0,1,1,1.0,0.0,3.0,5.0,0.0,3.0,0.0,0.0,5.0,0.0,72,1.0,43,0.0,0.0,1.6666666666666667,3.0,5.0,3.0,5.0,3.0,5.0
74,21,1.0,0,1,1,1.0,0.0,3.0,5.0,0.0,3.0,0.0,0.0,5.0,0.0,73,1.0,43,0.0,0.0,1.6666666666666667,3.0,5.0,3.0,5.0,3.0,5.0
75,21,1.0,0,1,1,1.0,0.0,3.0,5.0,0.0,3.0,0.0,0.0,5.0,0.0,74,1.0,43,0.0,0.0,1.6666666666666667,3.0,5.0,3.0,5.0,3.0,5.0
76,21,1.0,0,1,1,1.0,0.0,3.0,5.0,0.0,3.0,0.0,0.0,5.0,0.0,75,1.0,43,0.0,0.0,1.6666666666666667,3.0,5.0,3.0,5.0,3.0,5.0
77,21,1.0,0,1,1,1.0,0.0,3.0,5.0,0.0,3.0,0.0,0.0,5.0,0.0,76,1.0,43,0.0,0.0,1.6666666666666667,3.0,5.0,3.0,5.0,3.0,5.0
78,21,1.0,0,1,1,1.0,0.0,3.0,5.0,0.0,3.0,0.0,0.0,5.0,0.0,77,1.0,43,0.0,0.0,1.6666666666666667,3.0,5.0,3.0,5.0,3.0,5.0
79,21,1.0,0,1,1,1.0,0.0,3.0,5.0,0.0,3.0,0.0,0.0,5.0,0.0,78,1.0,43,0.0,0.0,1.6666666666666667,3.0,5.0,3.0,5.0,3.0,5.0
80,21,1.0,0,1,1,1.0,0.0,3.0,5.0,0.0,3.0,0.0,0.0,5.0,0.0,79,1.0,43,0.0,0.0,1.6666666666666667,3.0,5.0,3.0,5.0,3.0,5.0
81,21,1.0,0,1,1,1.0,0.0,3.0,5.0,0.0,3.0,0.0,0.0,5.0,0.0,80,1.0,43,0.0,0.0,1.6666666666666667,3.0,5.0,3.0,5.0,3.0,5.0
82,21,1.0,0,1,1,1.0,0.0,3.0,5.0,0.0,3.0,0.0,0.0,5.0,0.0,81,1.0,43,0.0,0.0,1.6666666666666667,3.0,5.0,3.0,5.0,3.0,5.0
83,21,1.0,0,1,1,1.0,0.0,3.0,5.0,0.0,3.0,0.0,0.0,5.0,0.0,82,1.0,43,0.0,0.0,1.6666666666666667,3.0,5.0,3.0,5.0,3.0,5.0
84,21,1.0,0,1,1,1.0,0.0,3.0,5.0,0.0,3.0,0.0,0.0,5.0,0.0,83,1.0,43,0.0,0.0,1.6666666666666667,3.0,5.0,3.0,5.0,3.0,5.0
85,21,1.0,0,1,1,1.0,0.0,3.0,5.0,0.0,3.0,0.0,0.0,5.0,0.0,84,1.0,43,0.0,0.0,1.6666666666666667,3.0,5.0,3.0,5.0,3.0,5.0
86,21,1.0,0,1,1,1.0,0.0,3.0,5.0,0.0,3.0,0.0,0.0,5.0,0.0,85,1.0,43,0.0,0.0,1.6666666666666667,3.0,5.0,3.0,5.0,3.0,5.0
87,21,1.0,0,1,1,1.0,0.0,3.0,5.0,0.0,3.0,0.0,0.0,5.0,0.0,86,1.0,43,0.0,0.0,1.6666666666666667,3.0,5.0,3.0,5.0,3.0,5.0
88,21,1.0,0,1,1,1.0,0.0,3.0,5.0,0.0,3.0,0.0,0.0,5.0,0.0,87,1.0,43,0.0,0.0,1.6666666666666667,3.0,5.0,3.0,5.0,3.0,5.0
89,21,1.0,0,1,1,1.0,0.0,3.0,5.0,0.0,3.0,0.0,0.0,5.0,0.0,88,1.0,43,0.0,0.0,1.6666666666666667,3.0,5.0,3.0,5.0,3.0,5.0
90,21,1.0,0,1,1,1.0,0.0,3.0,5.0,0.0,3.0,0.0,0.0,5.0,0.0,89,1.0,43,0.0,0.0,1.6666666666666667,3.0,5.0,3.0,5.0,3.0,5.0
91,21,1.0,0,1,1,1.0,0.0,3.0,5.0,0.0,3.0,0.0,0.0,5.0,0.0,90,1.0,43,0.0,0.0,1.6666666666666667,3.0,5.0,3.0,5.0,3.0,5.0
92,21,1.0,0,1,1,1.0,0.0,3.0,5.0,0.0,3.0,0.0,0.0,5.0,0.0,91,1.0,43,0.0,0.0,1.6666666666666667,3.0,5.0,3.0,5.0,3.0,5.0
93,21,1.0,0,1,1,1.0,0.0,3.0,5.0,0.0,3.0,0.0,0.0,5.0,0.0,92,1.0,43,0.0,0.0,1.6666666666666667,3.0,5.0,3.0,5.0,3.0,5.0
94,21,1.0,0,1,1,1.0,0.0,3.0,5.0,0.0,3.0,0.0,0.0,5.0,0.0,93,1.0,43,0.0,0.0,1.6666666666666667,3.0,5.0,3.0,5.0,3.0,5.0
95,21,1.0,0,1,1,1.0,0.0,3.0,5.0,0.0,3.0,0.0,0.0,5.0,0.0,94,1.0,43,0.0,0.0,1.6666666666666667,3.0,5.0,3.0,5.0,3.0,5.0
96,21,1.0,0,1,1,1.0,0.0,3.0,5.0,0.0,3.0,0.0,0.0,5.0,0.0,95,1.0,43,0.0,0.0,1.6666666666666667,3.0,5.0,3.0,5.0,3.0,5.0
97,21,1.0,0,1,1,1.0,0.0,3.0,5.0,0.0,3.0,0.0,0.0,5.0,0.0,96,1.0,43,0.0,0.0,1.6666666666666667,3.0,5.0,3.0,5.0,3.0,5.0
98,21,1.0,0,1,1,1.0,0.0,3.0,5.0,0.0,3.0,0.0,0.0,5.0,0.0,97,1.0,43,0.0,0.0,1.6666666666666667,3.0,5.0,3.0,5.0,3.0,5.0
99,21,1.0,0,1,1,1.0,0.0,3.0,5.0,0.0,3.0,0.0,0.0,5.0,0.0,98,1.0,43,0.0,0.0,1.6666666666666667,3.0,5.0,3.0,5.0,3.0,5.0
100,21,1.0,0,1,1,1.0,0.0,3.0,5.0,0.0,3.0,0.0,0.0,5.0,0.0,99,1.0,43,0.0,0.0,1.6666666666666667,3.0,5.0,3.0,5.0,3.0,5.0
101,21,1.0,0,1,1,1.0,0.0,3.0,5.0,0.0,3.0,0.0,0.0,5.0,0.0,100,1.0,43,0.0,0.0,1.6666666666666667,3.0,5.0,3.0,5.0,3.0,5.0
102,21,1.0,0,1,1,1.0,0.0,3.0,5.0,0.0,3.0,0.0,0.0,5.0,0.0,101,1.0,43,0.0,0.0,1.6666666666666667,3.0,5.0,3.0,5.0,3.0,5.0
103,21,1.0,0,1,1,1.0,0.0,3.0,5.0,0.0,3.0,0.0,0.0,5.0,0.0,102,1.0,43,0.0,0.0,1.6666666666666667,3.0,5.0,3.0,5.0,3.0,5.0
104,21,1.0,0,1,1,1.0,0.0,3.0,5.0,0.0,3.0,0.0,0.0,5.0,0.0,103,1.0,43,0.0,0.0,1.6666666666666667,3.0,5.0,3.0,5.0,3.0,5.0
105,21,1.0,0,1,1,1.0,0.0,3.0,5.0,0.0,3.0,0.0,0.0,5.0,0.0,104,1.0,43,0.0,0.0,1.6666666666666667,3.0,5.0,3.0,5.0,3.0,5.0
106,21,1.0,0,1,1,1.0,0.0,3.0,5.0,0.0,3.0,0.0,0.0,5.0,0.0,105,1.0,43,0.0,0.0,1.6666666666666667,3.0,5.0,3.0,5.0,3.0,5.0
107,21,1.0,0,1,1,1.0,0.0,3.0,5.0,0.0,3.0,0.0,0.0,5.0,0.0,106,1.0,43,0.0,0.0,1.6666666666666667,3.0,5.0,3.0,5.0,3.0,5.0
108,21,1.0,0,1,1,1.0,0.0,3.0,5.0,0.0,3.0,0.0,0.0,5.0,0.0,107,1.0,43,0.0,0.0,1.6666666666666667,3.0,5.0,3.0,5.0,3.0,5.0
109,21,1.0,0,1,1,1.0,0.0,3.0,5.0,0.0,3.0,0.0,0.0,5.0,0.0,108,1.0,43,0.0,0.0,1.6666666666666667,3.0,5.0,3.0,5.0,3.0,5.0
110,21,1.0,0,1,1,1.0,0.0,3.0,5.0,0.0,3.0,0.0,0.0,5.0,0.0,109,1.0,43,0.0,0.0,1.6666666666666667,3.0,5.0,3.0,5.0,3.0,5.0
111,21,1.0,0,1,1,1.0,0.0,3.0,5.0,0.0,3.0,0.0,0.0,5.0,0.0,110,1.0,43,0.0,0.0,1.6666666666666667,3.0,5.0,3.0,5.0,3.0,5.0
112,21,1.0,0,1,1,1.0,0.0,3.0,5.0,0.0,3.0,0.0,0.0,5.0,0.0,111,1.0,43,0.0,0.0,1.6666666666666667,3.0,5.0,3.0,5.0,3.0,5.0
113,21,1.0,0,1,1,1.0,0.0,3.0,5.0,0.0,3.0,0.0,0.0,5.0,0.0,112,1.0,43,0.0,0.0,1.6666666666666667,3.0,5.0,3.0,5.0,3.0,5.0
114,21,1.0,0,1,1,1.0,0.0,3.0,5.0,0.0,3.0,0.0,0.0,5.0,0.0,113,1.0,43,0.0,0.0,1.6666666666666667,3.0,5.0,3.0,5.0,3.0,5.0
115,21,1.0,0,1,1,1.0,0.0,3.0,5.0,0.0,3.0,0.0,0.0,5.0,0.0,114,1.0,43,0.0,0.0,1.6666666666666667,3.0,5.0,3.0,5.0,3.0,5.0
116,21,1.0,0,1,1,1.0,0.0,3.0,5.0,0.0,3.0,0.0,0.0,5.0,0.0,115,1.0,43,0.0,0.0,1.6666666666666667,3.0,5.0,3.0,5.0,3.0,5.0
117,21,1.0,0,1,1,1.0,0.0,3.0,5.0,0.0,3.0,0.0,0.0,5.0,0.0,116,1.0,43,0.0,0.0,1.6666666666666667,3.0,5.0,3.0,5.0,3.0,5.0
118,21,1.0,0,1,1,1.0,0.0,3.0,5.0,0.0,3.0,0.0,0.0,5.0,0.0,117,1.0,43,0.0,0.0,1.6666666666666667,3.0,5.0,3.0,5.0,3.0,5.0
119,21,1.0,0,1,1,1.0,0.0,3.0,5.0,0.0,3.0,0.0,0.0,5.0,0.0,118,1.0,43,0.0,0.0,1.6666666666666667,3.0,5.0,3.0,5.0,3.0,5.0
120,21,1.0,0,1,1,1.0,0.0,3.0,5.0,0.0,3.0,0.0,0.0,5.0,0.0,119,1.0,43,0.0,0.0,1.6666666666666667,3.0,5.0,3.0,5.0,3.0,5.0
121,21,1.0,0,1,1,1.0,0.0,3.0,5.0,0.0,3.0,0.0,0.0,5.0,0.0,120,1.0,43,0.0,0.0,1.6666666666666667,3.0,5.0,3.0,5.0,3.0,5.0
122,21,1.0,0,1,1,1.0,0.0,3.0,5.0,0.0,3.0,0.0,0.0,5.0,0.0,121,1.0,43,0.0,0.0,1.6666666666666667,3.0,5.0,3.0,5.0,3.0,5.0
1,22,0.0,1,0,1,0.045454545454545456,1.0,3.0,5.0,0.0,3.0,0.0,0.0,5.0,0.0,0,0.0,0,0.0,0.0,1.6666666666666667,0.0,0.0,0.0,0.0,0.0,0.0
2,22,0.0,1,0,1,0.045454545454545456,1.0,3.0,5.0,0.0,3.0,0.0,0.0,5.0,0.0,1,0.5,43,0.0,0.0,1.6666666666666667,3.0,5.0,0.0,0.0,0.0,0.0
3,22,0.0,1,0,1,0.045454545454545456,1.0,3.0,5.0,0.0,3.0,0.0,0.0,5.0,0.0,2,0.6666666666666666,43,0.0,0.0,1.6666666666666667,3.0,5.0,3.0,5.0,0.0,0.0
4,22,0.0,0,1,1,0.045454545454545456,1.0,3.0,5.0,0.0,3.0,0.0,0.0,5.0,0.0,3,0.75,43,0.0,0.0,1.6666666666666667,3.0,5.0,3.0,5.0,3.0,5.0
5,22,0.0,0,1,1,0.045454545454545456,1.0,3.0,5.0,0.0,3.0,0.0,0.0,5.0,0.0,4,0.8,43,0.0,0.0,1.6666666666666667,3.0,5.0,3.0,5.0,3.0,5.0
6,22,0.0,0,1,1,0.045454545454545456,0.9523809523809523,2.8,4.8,-1.4619519810524544,3.0,0.0,-1.4619519810524544,5.0,0.0,0,0.8,26,-1.0,-1.0,2.0,3.0,5.0,3.0,5.0,3.0,5.0
7,22,0.0,0,1,1,0.045454545454545456,0.9047619047619048,2.4,4.6,-1.4078456549365599,3.0,0.0,-0.9263225327693089,5.0,0.0,0,0.6,26,-2.0,-1.0,4.0,2.0,4.0,3.0,5.0,3.0,5.0
8,22,0.0,0,1,1,0.045454545454545456,0.8571428571428571,2.0,4.0,-0.9090909090909092,3.0,0.0,-1.5097246595860256,5.0,0.0,0,0.4,27,-2.0,-3.0,2.0,1.0,4.0,2.0,4.0,3.0,5.0
9,22,0.0,0,1,1,0.045454545454545456,0.8095238095238095,1.6,3.2,-0.6033624235442401,3.0,0.0,-1.2620702154401844,5.0,0.0,0,0.2,26,-2.0,-4.0,1.0,1.0,2.0,1.0,4.0,2.0,4.0
10,22,0.0,0,1,1,0.09090909090909091,0.8095238095238095,1.2,3.0,-0.3654879952631136,2.0,0.0,0.660408825313113,4.0,0.0,0,0.0,26,-2.0,-1.0,4.0,1.0,1.0,1.0,2.0,1.0,4.0
11,22,0.0,0,1,1,0.13636363636363635,0.8095238095238095,1.2,3.2,1.4619519810524546,2.0,1.0,1.032602903541969,5.0,2.0,0,0.0,28,0.0,1.0,2.5,1.0,4.0,1.0,1.0,1.0,2.0
12,22,0.0,0,1,1,0.13636363636363635,0.8095238095238095,1.4,3.4,0.9263225327693093,2.0,3.0,0.8348159087944049,5.0,2.0,1,0.2,33,1.0,1.0,2.5,2.0,5.0,1.0,4.0,1.0,1.0
13,22,0.0,0,1,1,0.13636363636363635,0.8095238095238095,1.4,4.0,-0.6175483551795393,2.0,2.0,0.5458363904912633,5.0,6.0,2,0.4,30,0.0,3.0,5.0,2.0,5.0,2.0,5.0,1.0,4.0
14,22,0.0,0,1,1,0.13636363636363635,0.7619047619047619,1.4,4.6,-0.6175483551795393,2.0,2.0,-0.9263225327693088,5.0,7.0,0,0.4,26,0.0,3.0,4.0,1.0,5.0,2.0,5.0,2.0,5.0
15,22,0.0,0,1,1,0.13636363636363635,0.7142857142857143,1.6,4.4,0.6175483551795393,2.0,3.0,-1.40784565493656,5.0,0.0,0,0.4,29,1.0,-1.0,1.5,1.0,4.0,1.0,5.0,2.0,5.0
16,22,0.0,0,1,1,0.13636363636363635,0.6666666666666666,1.6,4.0,0.6175483551795393,2.0,0.0,-0.9090909090909091,5.0,-3.0,0,0.4,29,0.0,-2.0,1.5,2.0,3.0,1.0,4.0,1.0,5.0
17,22,0.0,0,1,1,0.18181818181818182,0.6666666666666666,1.6,4.0,0.6175483551795393,2.0,-1.0,0.9090909090909091,5.0,-1.0,0,0.2,29,0.0,0.0,2.5,2.0,3.0,2.0,3.0,1.0,4.0
18,22,0.0,0,1,1,0.22727272727272727,0.6666666666666666,2.0,4.2,1.238993430992954,3.0,2.0,1.2821969620550018,6.0,-2.0,0,0.0,30,2.0,1.0,2.0,2.0,5.0,2.0,3.0,2.0,3.0
19,22,0.0,0,1,1,0.2727272727272727,0.6666666666666666,2.8,4.6,1.5671296202894471,5.0,4.0,0.8660284385739888,6.0,-1.0,0,0.0,34,4.0,2.0,1.2,3.0,6.0,2.0,5.0,2.0,3.0
20,22,0.0,0,1,1,0.2727272727272727,0.6190476190476191,3.0,5.2,0.0,5.0,0.0,0.5698653164688896,6.0,4.0,0,0.0,33,1.0,3.0,2.0,5.0,6.0,3.0,6.0,2.0,5.0
21,22,1.0,0,1,1,0.2727272727272727,0.5714285714285714,3.0,5.6,-0.7548623297930127,5.0,0.0,-0.9263225327693084,6.0,4.0,0,0.0,33,0.0,2.0,2.5,3.0,6.0,5.0,6.0,3.0,6.0
22,22,1.0,0,1,1,0.2727272727272727,0.5238095238095238,3.0,5.4,-0.7548623297930127,5.0,0.0,-1.4078456549365599,6.0,-1.0,0,0.0,34,0.0,-1.0,2.0,2.0,5.0,3.0,6.0,5.0,6.0
23,22,1.0,0,1,1,0.2727272727272727,0.47619047619047616,2.8,4.8,-0.5698653164688896,5.0,-3.0,-1.2821969620550018,6.0,-4.0,0,0.0,35,-1.0,-3.0,1.5,2.0,4.0,2.0,5.0,3.0,6.0
24,22,1.0,0,1,1,0.2727272727272727,0.42857142857142855,2.2,4.6,-0.36548799526311393,3.0,-7.0,0.3225350155346166,6.0,-3.0,0,0.0,35,-3.0,-1.0,2.5,2.0,3.0,2.0,4.0,2.0,5.0
25,22,1.0,0,1,1,0.2727272727272727,0.42857142857142855,2.4,4.4,1.6089664627846398,4.0,0.0,0.6033624235442394,5.0,-4.0,1,0.2,32,1.0,-1.0,1.25,2.0,5.0,2.0,3.0,2.0,4.0
26,22,1.0,0,1,1,0.2727272727272727,0.42857142857142855,2.8,4.4,1.003810200010419,4.0,2.0,0.6033624235442394,5.0,-2.0,2,0.4,35,2.0,0.0,1.25,4.0,5.0,2.0,5.0,2.0,3.0
27,22,1.0,0,1,1,0.2727272727272727,0.42857142857142855,3.2,4.6,0.6692068000069458,4.0,2.0,0.40224161569616024,5.0,2.0,3,0.6,36,2.0,1.0,1.25,4.0,5.0,4.0,5.0,2.0,5.0
28,22,1.0,0,1,1,0.2727272727272727,0.42857142857142855,3.4,5.0,-0.40224161569615985,4.0,2.0,0.0,5.0,5.0,4,0.8,34,1.0,2.0,1.6666666666666667,4.0,5.0,4.0,5.0,4.0,5.0
29,22,1.0,0,1,1,0.2727272727272727,0.42857142857142855,3.6,5.4,-0.9263225327693091,4.0,4.0,1.6089664627846396,7.0,3.0,5,1.0,33,1.0,2.0,2.3333333333333335,3.0,5.0,4.0,5.0,4.0,5.0
30,22,1.0,0,1,1,0.2727272727272727,0.42857142857142855,3.4,5.6,-0.6175483551795392,4.0,-2.0,0.40224161569616035,7.0,2.0,6,1.0,35,-1.0,1.0,2.0,3.0,7.0,3.0,5.0,4.0,5.0
31,22,1.0,0,1,1,0.2727272727272727,0.42857142857142855,3.4,6.0,0.9263225327693091,4.0,-2.0,0.9090909090909092,7.0,2.0,7,1.0,36,0.0,2.0,1.75,3.0,6.0,3.0,7.0,3.0,5.0
32,22,1.0,0,1,1,0.2727272727272727,0.42857142857142855,3.4,6.2,0.9263225327693091,4.0,-2.0,-0.213524645372196,7.0,0.0,8,1.0,37,0.0,1.0,1.5,4.0,7.0,3.0,6.0,3.0,7.0
33,22,1.0,0,1,1,0.2727272727272727,0.42857142857142855,3.6,6.4,0.6175483551795392,4.0,0.0,-0.6175483551795401,7.0,-1.0,9,1.0,39,1.0,1.0,1.5,4.0,6.0,4.0,7.0,3.0,6.0
34,22,1.0,0,1,1,0.2727272727272727,0.42857142857142855,3.8,6.2,0.3654879952631139,4.0,0.0,-0.36548799526311393,7.0,-3.0,10,1.0,39,1.0,-1.0,1.5,4.0,6.0,4.0,6.0,4.0,7.0
35,22,1.0,0,1,1,0.2727272727272727,0.42857142857142855,4.0,6.2,0.0,4.0,2.0,-0.36548799526311393,7.0,-1.0,11,1.0,38,1.0,0.0,1.5,4.0,6.0,4.0,6.0,4.0,6.0
36,22,1.0,0,1,1,0.2727272727272727,0.42857142857142855,4.0,5.8,0.0,4.0,0.0,-1.4619519810524544,6.0,-4.0,12,1.0,38,0.0,-2.0,1.25,4.0,6.0,4.0,6.0,4.0,6.0
37,22,1.0,0,1,1,0.2727272727272727,0.42857142857142855,4.0,5.6,0.0,4.0,0.0,-0.9263225327693089,6.0,-2.0,13,1.0,39,0.0,-1.0,1.25,4.0,5.0,4.0,6.0,4.0,6.0
38,22,1.0,0,1,1,0.2727272727272727,0.42857142857142855,4.0,5.4,0.0,4.0,-1.0,-0.6175483551795402,6.0,-2.0,14,1.0,38,0.0,-1.0,1.25,4.0,5.0,4.0,5.0,4.0,6.0
39,22,1.0,0,1,1,0.2727272727272727,0.42857142857142855,4.0,5.2,0.0,4.0,-1.0,-0.365487995263114,6.0,0.0,15,1.0,38,0.0,-1.0,1.25,4.0,5.0,4.0,5.0,4.0,5.0
40,22,1.0,0,1,1,0.2727272727272727,0.42857142857142855,4.0,5.2,0.0,4.0,-1.0,1.4619519810524544,6.0,0.0,16,1.0,40,0.0,0.0,1.5,4.0,5.0,4.0,5.0,4.0,5.0
41,22,1.0,0,1,1,0.2727272727272727,0.42857142857142855,4.0,5.4,0.0,4.0,0.0,0.9263225327693089,6.0,3.0,17,1.0,41,0.0,1.0,1.5,4.0,6.0,4.0,5.0,4.0,5.0
42,22,1.0,0,1,1,0.2727272727272727,0.42857142857142855,4.0,5.6,0.0,4.0,0.0,0.6175483551795402,6.0,2.0,18,1.0,41,0.0,1.0,1.5,4.0,6.0,4.0,6.0,4.0,5.0
43,22,1.0,0,1,1,0.2727272727272727,0.42857142857142855,4.0,5.6,0.0,4.0,0.0,-0.9263225327693089,6.0,1.0,19,1.0,41,0.0,0.0,1.25,4.0,6.0,4.0,6.0,4.0,6.0
44,22,1.0,0,1,1,0.2727272727272727,0.42857142857142855,4.0,5.6,0.0,4.0,0.0,-0.9263225327693089,6.0,1.0,20,1.0,42,0.0,0.0,1.25,4.0,5.0,4.0,6.0,4.0,6.0
45,22,1.0,0,1,1,0.2727272727272727,0.42857142857142855,4.0,5.4,0.0,4.0,0.0,-0.6175483551795402,6.0,-1.0,21,1.0,41,0.0,-1.0,1.25,4.0,5.0,4.0,5.0,4.0,6.0
46,22,1.0,0,1,1,0.2727272727272727,0.42857142857142855,4.0,5.2,0.0,4.0,0.0,-0.365487995263114,6.0,-2.0,22,1.0,41,0.0,-1.0,1.25,4.0,5.0,4.0,5.0,4.0,5.0
47,22,1.0,0,1,1,0.2727272727272727,0.42857142857142855,4.0,5.0,0.0,4.0,0.0,0.0,5.0,-2.0,23,1.0,41,0.0,-1.0,1.25,4.0,5.0,4.0,5.0,4.0,5.0
48,22,1.0,0,1,1,0.2727272727272727,0.42857142857142855,4.0,5.0,0.0,4.0,0.0,0.0,5.0,0.0,24,1.0,42,0.0,0.0,1.25,4.0,5.0,4.0,5.0,4.0,5.0
49,22,1.0,0,1,1,0.2727272727272727,0.42857142857142855,4.0,5.0,0.0,4.0,0.0,0.0,5.0,0.0,25,1.0,42,0.0,0.0,1.25,4.0,5.0,4.0,5.0,4.0,5.0
50,22,1.0,0,1,1,0.2727272727272727,0.42857142857142855,4.0,5.0,0.0,4.0,0.0,0.0,5.0,1.0,26,1.0,42,0.0,0.0,1.25,4.0,5.0,4.0,5.0,4.0,5.0
51,22,1.0,0,1,1,0.2727272727272727,0.42857142857142855,4.0,5.0,0.0,4.0,0.0,0.0,5.0,1.0,27,1.0,42,0.0,0.0,1.25,4.0,5.0,4.0,5.0,4.0,5.0
52,22,1.0,0,1,1,0.2727272727272727,0.42857142857142855,4.0,5.0,0.0,4.0,0.0,0.0,5.0,1.0,28,1.0,42,0.0,0.0,1.25,4.0,5.0,4.0,5.0,4.0,5.0
53,22,1.0,0,1,1,0.2727272727272727,0.42857142857142855,4.0,5.0,0.0,4.0,0.0,0.0,5.0,0.0,29,1.0,42,0.0,0.0,1.25,4.0,5.0,4.0,5.0,4.0,5.0
54,22,1.0,0,1,1,0.2727272727272727,0.42857142857142855,4.0,5.0,0.0,4.0,0.0,0.0,5.0,0.0,30,1.0,43,0.0,0.0,1.25,4.0,5.0,4.0,5.0,4.0,5.0
55,22,1.0,0,1,1,0.2727272727272727,0.42857142857142855,4.0,5.0,0.0,4.0,0.0,0.0,5.0,0.0,31,1.0,43,0.0,0.0,1.25,4.0,5.0,4.0,5.0,4.0,5.0
56,22,1.0,0,1,1,0.2727272727272727,0.42857142857142855,4.0,5.0,0.0,4.0,0.0,0.0,5.0,0.0,32,1.0,43,0.0,0.0,1.25,4.0,5.0,4.0,5.0,4.0,5.0
57,22,1.0,0,1,1,0.2727272727272727,0.42857142857142855,4.0,5.0,0.0,4.0,0.0,0.0,5.0,0.0,33,1.0,43,0.0,0.0,1.25,4.0,5.0,4.0,5.0,4.0,5.0
58,22,1.0,0,1,1,0.2727272727272727,0.42857142857142855,4.0,5.0,0.0,4.0,0.0,0.0,5.0,0.0,34,1.0,43,0.0,0.0,1.25,4.0,5.0,4.0,5.0,4.0,5.0
59,22,1.0,0,1,1,0.2727272727272727,0.42857142857142855,4.0,5.0,0.0,4.0,0.0,0.0,5.0,0.0,35,1.0,43,0.0,0.0,1.25,4.0,5.0,4.0,5.0,4.0,5.0
60,22,1.0,0,1,1,0.2727272727272727,0.42857142857142855,4.0,5.0,0.0,4.0,0.0,0.0,5.0,0.0,36,1.0,43,0.0,0.0,1.25,4.0,5.0,4.0,5.0,4.0,5.0
61,22,1.0,0,1,1,0.2727272727272727,0.42857142857142855,4.0,5.0,0.0,4.0,0.0,0.0,5.0,0.0,37,1.0,43,0.0,0.0,1.25,4.0,5.0,4.0,5.0,4.0,5.0
62,22,1.0,0,1,1,0.2727272727272727,0.42857142857142855,4.0,5.0,0.0,4.0,0.0,0.0,5.0,0.0,38,1.0,43,0.0,0.0,1.25,4.0,5.0,4.0,5.0,4.0,5.0
63,22,1.0,0,1,1,0.2727272727272727,0.42857142857142855,4.0,5.0,0.0,4.0,0.0,0.0,5.0,0.0,39,1.0,43,0.0,0.0,1.25,4.0,5.0,4.0,5.0,4.0,5.0
64,22,1.0,0,1,1,0.2727272727272727,0.42857142857142855,4.0,5.0,0.0,4.0,0.0,0.0,5.0,0.0,40,1.0,43,0.0,0.0,1.25,4.0,5.0,4.0,5.0,4.0,5.0
65,22,1.0,0,1,1,0.2727272727272727,0.42857142857142855,4.0,5.0,0.0,4.0,0.0,0.0,5.0,0.0,41,1.0,43,0.0,0.0,1.25,4.0,5.0,4.0,5.0,4.0,5.0
66,22,1.0,0,1,1,0.2727272727272727,0.42857142857142855,4.0,5.0,0.0,4.0,0.0,0.0,5.0,0.0,42,1.0,43,0.0,0.0,1.25,4.0,5.0,4.0,5.0,4.0,5.0
67,22,1.0,0,1,1,0.2727272727272727,0.42857142857142855,4.0,5.0,0.0,4.0,0.0,0.0,5.0,0.0,43,1.0,43,0.0,0.0,1.25,4.0,5.0,4.0,5.0,4.0,5.0
68,22,1.0,0,1,1,0.2727272727272727,0.42857142857142855,4.0,5.0,0.0,4.0,0.0,0.0,5.0,0.0,44,1.0,43,0.0,0.0,1.25,4.0,5.0,4.0,5.0,4.0,5.0
69,22,1.0,0,1,1,0.2727272727272727,0.42857142857142855,4.0,5.0,0.0,4.0,0.0,0.0,5.0,0.0,45,1.0,43,0.0,0.0,1.25,4.0,5.0,4.0,5.0,4.0,5.0
70,22,1.0,0,1,1,0.2727272727272727,0.42857142857142855,4.0,5.0,0.0,4.0,0.0,0.0,5.0,0.0,46,1.0,43,0.0,0.0,1.25,4.0,5.0,4.0,5.0,4.0,5.0
71,22,1.0,0,1,1,0.2727272727272727,0.42857142857142855,4.0,5.0,0.0,4.0,0.0,0.0,5.0,0.0,47,1.0,43,0.0,0.0,1.25,4.0,5.0,4.0,5.0,4.0,5.0
72,22,1.0,0,1,1,0.2727272727272727,0.42857142857142855,4.0,5.0,0.0,4.0,0.0,0.0,5.0,0.0,48,1.0,43,0.0,0.0,1.25,4.0,5.0,4.0,5.0,4.0,5.0
73,22,1.0,0,1,1,0.2727272727272727,0.42857142857142855,4.0,5.0,0.0,4.0,0.0,0.0,5.0,0.0,49,1.0,43,0.0,0.0,1.25,4.0,5.0,4.0,5.0,4.0,5.0
74,22,1.0,0,1,1,0.2727272727272727,0.42857142857142855,4.0,5.0,0.0,4.0,0.0,0.0,5.0,0.0,50,1.0,43,0.0,0.0,1.25,4.0,5.0,4.0,5.0,4.0,5.0
75,22,1.0,0,1,1,0.2727272727272727,0.42857142857142855,4.0,5.0,0.0,4.0,0.0,0.0,5.0,0.0,51,1.0,43,0.0,0.0,1.25,4.0,5.0,4.0,5.0,4.0,5.0
76,22,1.0,0,1,1,0.2727272727272727,0.42857142857142855,4.0,5.0,0.0,4.0,0.0,0.0,5.0,0.0,52,1.0,43,0.0,0.0,1.25,4.0,5.0,4.0,5.0,4.0,5.0
77,22,1.0,0,1,1,0.2727272727272727,0.42857142857142855,4.0,5.0,0.0,4.0,0.0,0.0,5.0,0.0,53,1.0,43,0.0,0.0,1.25,4.0,5.0,4.0,5.0,4.0,5.0
78,22,1.0,0,1,1,0.2727272727272727,0.42857142857142855,4.0,5.0,0.0,4.0,0.0,0.0,5.0,0.0,54,1.0,43,0.0,0.0,1.25,4.0,5.0,4.0,5.0,4.0,5.0
79,22,1.0,0,1,1,0.2727272727272727,0.42857142857142855,4.0,5.0,0.0,4.0,0.0,0.0,5.0,0.0,55,1.0,43,0.0,0.0,1.25,4.0,5.0,4.0,5.0,4.0,5.0
80,22,1.0,0,1,1,0.2727272727272727,0.42857142857142855,4.0,5.0,0.0,4.0,0.0,0.0,5.0,0.0,56,1.0,43,0.0,0.0,1.25,4.0,5.0,4.0,5.0,4.0,5.0
81,22,1.0,0,1,1,0.2727272727272727,0.42857142857142855,4.0,5.0,0.0,4.0,0.0,0.0,5.0,0.0,57,1.0,43,0.0,0.0,1.25,4.0,5.0,4.0,5.0,4.0,5.0
82,22,1.0,0,1,1,0.2727272727272727,0.42857142857142855,4.0,5.0,0.0,4.0,0.0,0.0,5.0,0.0,58,1.0,43,0.0,0.0,1.25,4.0,5.0,4.0,5.0,4.0,5.0
83,22,1.0,0,1,1,0.2727272727272727,0.42857142857142855,4.0,5.0,0.0,4.0,0.0,0.0,5.0,0.0,59,1.0,43,0.0,0.0,1.25,4.0,5.0,4.0,5.0,4.0,5.0
84,22,1.0,0,1,1,0.2727272727272727,0.42857142857142855,4.0,5.0,0.0,4.0,0.0,0.0,5.0,0.0,60,1.0,43,0.0,0.0,1.25,4.0,5.0,4.0,5.0,4.0,5.0
85,22,1.0,0,1,1,0.2727272727272727,0.42857142857142855,4.0,5.0,0.0,4.0,0.0,0.0,5.0,0.0,61,1.0,43,0.0,0.0,1.25,4.0,5.0,4.0,5.0,4.0,5.0
86,22,1.0,0,1,1,0.2727272727272727,0.42857142857142855,4.0,5.0,0.0,4.0,0.0,0.0,5.0,0.0,62,1.0,43,0.0,0.0,1.25,4.0,5.0,4.0,5.0,4.0,5.0
87,22,1.0,0,1,1,0.2727272727272727,0.42857142857142855,4.0,5.0,0.0,4.0,0.0,0.0,5.0,0.0,63,1.0,43,0.0,0.0,1.25,4.0,5.0,4.0,5.0,4.0,5.0
88,22,1.0,0,1,1,0.2727272727272727,0.42857142857142855,4.0,5.0,0.0,4.0,0.0,0.0,5.0,0.0,64,1.0,43,0.0,0.0,1.25,4.0,5.0,4.0,5.0,4.0,5.0
89,22,1.0,0,1,1,0.2727272727272727,0.42857142857142855,4.0,5.0,0.0,4.0,0.0,0.0,5.0,0.0,65,1.0,43,0.0,0.0,1.25,4.0,5.0,4.0,5.0,4.0,5.0
90,22,1.0,0,1,1,0.2727272727272727,0.42857142857142855,4.0,5.0,0.0,4.0,0.0,0.0,5.0,0.0,66,1.0,43,0.0,0.0,1.25,4.0,5.0,4.0,5.0,4.0,5.0
91,22,1.0,0,1,1,0.2727272727272727,0.42857142857142855,4.0,5.0,0.0,4.0,0.0,0.0,5.0,0.0,67,1.0,43,0.0,0.0,1.25,4.0,5.0,4.0,5.0,4.0,5.0
92,22,1.0,0,1,1,0.2727272727272727,0.42857142857142855,4.0,5.0,0.0,4.0,0.0,0.0,5.0,0.0,68,1.0,43,0.0,0.0,1.25,4.0,5.0,4.0,5.0,4.0,5.0
93,22,1.0,0,1,1,0.2727272727272727,0.42857142857142855,4.0,5.0,0.0,4.0,0.0,0.0,5.0,0.0,69,1.0,43,0.0,0.0,1.25,4.0,5.0,4.0,5.0,4.0,5.0
94,22,1.0,0,1,1,0.2727272727272727,0.42857142857142855,4.0,5.0,0.0,4.0,0.0,0.0,5.0,0.0,70,1.0,43,0.0,0.0,1.25,4.0,5.0,4.0,5.0,4.0,5.0
95,22,1.0,0,1,1,0.2727272727272727,0.42857142857142855,4.0,5.0,0.0,4.0,0.0,0.0,5.0,0.0,71,1.0,43,0.0,0.0,1.25,4.0,5.0,4.0,5.0,4.0,5.0
96,22,1.0,0,1,1,0.2727272727272727,0.42857142857142855,4.0,5.0,0.0,4.0,0.0,0.0,5.0,0.0,72,1.0,43,0.0,0.0,1.25,4.0,5.0,4.0,5.0,4.0,5.0
97,22,1.0,0,1,1,0.2727272727272727,0.42857142857142855,4.0,5.0,0.0,4.0,0.0,0.0,5.0,0.0,73,1.0,43,0.0,0.0,1.25,4.0,5.0,4.0,5.0,4.0,5.0
98,22,1.0,0,1,1,0.2727272727272727,0.42857142857142855,4.0,5.0,0.0,4.0,0.0,0.0,5.0,0.0,74,1.0,43,0.0,0.0,1.25,4.0,5.0,4.0,5.0,4.0,5.0
99,22,1.0,0,1,1,0.2727272727272727,0.42857142857142855,4.0,5.0,0.0,4.0,0.0,0.0,5.0,0.0,75,1.0,43,0.0,0.0,1.25,4.0,5.0,4.0,5.0,4.0,5.0
100,22,1.0,0,1,1,0.2727272727272727,0.42857142857142855,4.0,5.0,0.0,4.0,0.0,0.0,5.0,0.0,76,1.0,43,0.0,0.0,1.25,4.0,5.0,4.0,5.0,4.0,5.0
101,22,1.0,0,1,1,0.2727272727272727,0.42857142857142855,4.0,5.0,0.0,4.0,0.0,0.0,5.0,0.0,77,1.0,43,0.0,0.0,1.25,4.0,5.0,4.0,5.0,4.0,5.0
102,22,1.0,0,1,1,0.2727272727272727,0.42857142857142855,4.0,5.0,0.0,4.0,0.0,0.0,5.0,0.0,78,1.0,43,0.0,0.0,1.25,4.0,5.0,4.0,5.0,4.0,5.0
103,22,1.0,0,1,1,0.2727272727272727,0.42857142857142855,4.0,5.0,0.0,4.0,0.0,0.0,5.0,0.0,79,1.0,43,0.0,0.0,1.25,4.0,5.0,4.0,5.0,4.0,5.0
104,22,1.0,0,1,1,0.2727272727272727,0.42857142857142855,4.0,5.0,0.0,4.0,0.0,0.0,5.0,0.0,80,1.0,43,0.0,0.0,1.25,4.0,5.0,4.0,5.0,4.0,5.0
105,22,1.0,0,1,1,0.2727272727272727,0.42857142857142855,4.0,5.0,0.0,4.0,0.0,0.0,5.0,0.0,81,1.0,43,0.0,0.0,1.25,4.0,5.0,4.0,5.0,4.0,5.0
106,22,1.0,0,1,1,0.2727272727272727,0.42857142857142855,4.0,5.0,0.0,4.0,0.0,0.0,5.0,0.0,82,1.0,43,0.0,0.0,1.25,4.0,5.0,4.0,5.0,4.0,5.0
107,22,1.0,0,1,1,0.2727272727272727,0.42857142857142855,4.0,5.0,0.0,4.0,0.0,0.0,5.0,0.0,83,1.0,43,0.0,0.0,1.25,4.0,5.0,4.0,5.0,4.0,5.0
108,22,1.0,0,1,1,0.2727272727272727,0.42857142857142855,4.0,5.0,0.0,4.0,0.0,0.0,5.0,0.0,84,1.0,43,0.0,0.0,1.25,4.0,5.0,4.0,5.0,4.0,5.0
109,22,1.0,0,1,1,0.2727272727272727,0.42857142857142855,4.0,5.0,0.0,4.0,0.0,0.0,5.0,0.0,85,1.0,43,0.0,0.0,1.25,4.0,5.0,4.0,5.0,4.0,5.0
110,22,1.0,0,1,1,0.2727272727272727,0.42857142857142855,4.0,5.0,0.0,4.0,0.0,0.0,5.0,0.0,86,1.0,43,0.0,0.0,1.25,4.0,5.0,4.0,5.0,4.0,5.0
111,22,1.0,0,1,1,0.2727272727272727,0.42857142857142855,4.0,5.0,0.0,4.0,0.0,0.0,5.0,0.0,87,1.0,43,0.0,0.0,1.25,4.0,5.0,4.0,5.0,4.0,5.0
112,22,1.0,0,1,1,0.2727272727272727,0.42857142857142855,4.0,5.0,0.0,4.0,0.0,0.0,5.0,0.0,88,1.0,43,0.0,0.0,1.25,4.0,5.0,4.0,5.0,4.0,5.0
113,22,1.0,0,1,1,0.2727272727272727,0.42857142857142855,4.0,5.0,0.0,4.0,0.0,0.0,5.0,0.0,89,1.0,43,0.0,0.0,1.25,4.0,5.0,4.0,5.0,4.0,5.0
114,22,1.0,0,1,1,0.2727272727272727,0.42857142857142855,4.0,5.0,0.0,4.0,0.0,0.0,5.0,0.0,90,1.0,43,0.0,0.0,1.25,4.0,5.0,4.0,5.0,4.0,5.0
115,22,1.0,0,1,1,0.2727272727272727,0.42857142857142855,4.0,5.0,0.0,4.0,0.0,0.0,5.0,0.0,91,1.0,43,0.0,0.0,1.25,4.0,5.0,4.0,5.0,4.0,5.0
116,22,1.0,0,1,1,0.2727272727272727,0.42857142857142855,4.0,5.0,0.0,4.0,0.0,0.0,5.0,0.0,92,1.0,43,0.0,0.0,1.25,4.0,5.0,4.0,5.0,4.0,5.0
117,22,1.0,0,1,1,0.2727272727272727,0.42857142857142855,4.0,5.0,0.0,4.0,0.0,0.0,5.0,0.0,93,1.0,43,0.0,0.0,1.25,4.0,5.0,4.0,5.0,4.0,5.0
118,22,1.0,0,1,1,0.2727272727272727,0.42857142857142855,4.0,5.0,0.0,4.0,0.0,0.0,5.0,0.0,94,1.0,43,0.0,0.0,1.25,4.0,5.0,4.0,5.0,4.0,5.0
119,22,1.0,0,1,1,0.2727272727272727,0.42857142857142855,4.0,5.0,0.0,4.0,0.0,0.0,5.0,0.0,95,1.0,43,0.0,0.0,1.25,4.0,5.0,4.0,5.0,4.0,5.0
120,22,1.0,0,1,1,0.2727272727272727,0.42857142857142855,4.0,5.0,0.0,4.0,0.0,0.0,5.0,0.0,96,1.0,43,0.0,0.0,1.25,4.0,5.0,4.0,5.0,4.0,5.0
121,22,1.0,0,1,1,0.2727272727272727,0.42857142857142855,4.0,5.0,0.0,4.0,0.0,0.0,5.0,0.0,97,1.0,43,0.0,0.0,1.25,4.0,5.0,4.0,5.0,4.0,5.0
122,22,1.0,0,1,1,0.2727272727272727,0.42857142857142855,4.0,5.0,0.0,4.0,0.0,0.0,5.0,0.0,98,1.0,43,0.0,0.0,1.25,4.0,5.0,4.0,5.0,4.0,5.0
1,23,0.0,1,0,1,0.09090909090909091,1.0,4.0,6.0,0.0,4.0,0.0,0.0,6.0,0.0,0,0.0,0,0.0,0.0,1.5,0.0,0.0,0.0,0.0,0.0,0.0
2,23,0.0,1,0,1,0.09090909090909091,1.0,4.0,6.0,0.0,4.0,0.0,0.0,6.0,0.0,1,0.5,43,0.0,0.0,1.5,4.0,6.0,0.0,0.0,0.0,0.0
3,23,0.0,1,0,1,0.09090909090909091,1.0,4.0,6.0,0.0,4.0,0.0,0.0,6.0,0.0,2,0.6666666666666666,43,0.0,0.0,1.5,4.0,6.0,4.0,6.0,0.0,0.0
4,23,0.0,0,1,1,0.09090909090909091,1.0,4.0,6.0,0.0,4.0,0.0,0.0,6.0,0.0,3,0.75,43,0.0,0.0,1.5,4.0,6.0,4.0,6.0,4.0,6.0
5,23,0.0,0,1,1,0.09090909090909091,1.0,4.0,6.0,0.0,4.0,0.0,0.0,6.0,0.0,4,0.8,43,0.0,0.0,1.5,4.0,6.0,4.0,6.0,4.0,6.0
6,23,0.0,0,1,1,0.09090909090909091,0.9523809523809523,4.0,6.0,0.0,4.0,0.0,0.0,6.0,0.0,0,0.8,26,0.0,0.0,1.5,4.0,6.0,4.0,6.0,4.0,6.0
7,23,0.0,0,1,1,0.09090909090909091,0.9047619047619048,3.8,5.8,-1.4619519810524544,4.0,0.0,-1.4619519810524544,6.0,0.0,0,0.6,26,-1.0,-1.0,1.6666666666666667,4.0,6.0,4.0,6.0,4.0,6.0
8,23,0.0,0,1,1,0.09090909090909091,0.8571428571428571,3.2,5.6,-1.5671296202894471,4.0,0.0,-0.9263225327693089,6.0,0.0,0,0.4,27,-3.0,-1.0,5.0,3.0,5.0,4.0,6.0,4.0,6.0
9,23,0.0,0,1,1,0.09090909090909091,0.8095238095238095,2.6,5.2,-0.9897467869417014,4.0,0.0,-1.281147872233175,6.0,0.0,0,0.2,26,-3.0,-2.0,4.0,1.0,5.0,3.0,5.0,4.0,6.0
10,23,0.0,0,1,1,0.13636363636363635,0.8095238095238095,2.2,5.2,-0.14246632911722254,4.0,0.0,0.854098581488783,6.0,0.0,0,0.0,26,-2.0,0.0,3.0,1.0,4.0,1.0,5.0,3.0,5.0
11,23,0.0,0,1,1,0.18181818181818182,0.8095238095238095,1.8,5.2,0.2135246453721957,3.0,-2.0,0.854098581488783,6.0,0.0,0,0.0,28,-2.0,0.0,3.0,2.0,6.0,1.0,4.0,1.0,5.0
12,23,0.0,0,1,1,0.22727272727272727,0.8095238095238095,1.8,5.6,1.2811478722331746,3.0,1.0,1.1288725543711577,7.0,3.0,0,0.0,34,0.0,2.0,2.3333333333333335,2.0,6.0,2.0,6.0,1.0,4.0
13,23,0.0,0,1,1,0.22727272727272727,0.8095238095238095,2.2,5.8,0.854098581488783,3.0,5.0,0.16730170000173664,7.0,2.0,1,0.2,30,2.0,1.0,2.0,3.0,7.0,2.0,6.0,2.0,6.0
14,23,0.0,0,1,1,0.22727272727272727,0.8095238095238095,2.4,6.2,-0.6175483551795394,3.0,4.0,-0.36548799526311365,7.0,4.0,2,0.4,25,1.0,2.0,3.0,3.0,6.0,3.0,7.0,2.0,6.0
15,23,0.0,0,1,1,0.22727272727272727,0.7619047619047619,2.4,6.2,-0.6175483551795394,3.0,2.0,-0.36548799526311365,7.0,0.0,0,0.4,29,0.0,0.0,3.0,2.0,6.0,3.0,6.0,3.0,7.0
16,23,0.0,0,1,1,0.22727272727272727,0.7142857142857143,2.6,6.2,0.6175483551795394,3.0,3.0,-0.36548799526311365,7.0,0.0,0,0.4,29,1.0,0.0,2.0,2.0,6.0,2.0,6.0,3.0,6.0
17,23,0.0,0,1,1,0.22727272727272727,0.6666666666666666,2.6,6.0,0.6175483551795394,3.0,0.0,0.0,6.0,-3.0,0,0.4,29,0.0,-1.0,2.0,3.0,6.0,2.0,6.0,2.0,6.0
18,23,0.0,0,1,1,0.2727272727272727,0.6666666666666666,3.0,6.0,1.5097246595860256,5.0,0.0,0.0,6.0,-1.0,0,0.2,30,2.0,0.0,1.2,3.0,6.0,3.0,6.0,2.0,6.0
19,23,0.0,0,1,1,0.2727272727272727,0.6190476190476191,3.2,6.0,-0.16730170000173666,5.0,0.0,0.0,6.0,-2.0,0,0.0,34,1.0,0.0,2.0,5.0,6.0,3.0,6.0,3.0,6.0
20,23,0.0,0,1,1,0.2727272727272727,0.5714285714285714,3.2,5.8,-1.0038102000104192,5.0,0.0,-1.4619519810524544,6.0,-1.0,0,0.0,33,0.0,-1.0,2.5,3.0,6.0,5.0,6.0,3.0,6.0
21,23,1.0,0,1,1,0.2727272727272727,0.5238095238095238,3.0,5.4,-0.7548623297930128,5.0,-2.0,-1.40784565493656,6.0,-2.0,0,0.0,33,-1.0,-2.0,2.0,2.0,5.0,3.0,6.0,5.0,6.0
22,23,1.0,0,1,1,0.2727272727272727,0.47619047619047616,2.8,5.0,-0.5698653164688896,5.0,-1.0,-0.9090909090909091,6.0,-1.0,0,0.0,34,-1.0,-2.0,2.0,2.0,4.0,2.0,5.0,3.0,6.0
23,23,1.0,0,1,1,0.2727272727272727,0.42857142857142855,2.2,4.8,-0.3654879952631141,3.0,-5.0,0.213524645372196,6.0,-1.0,0,0.0,35,-3.0,-1.0,2.5,2.0,4.0,2.0,4.0,2.0,5.0
24,23,1.0,0,1,1,0.3181818181818182,0.42857142857142855,2.4,4.8,1.6089664627846398,4.0,0.0,1.281147872233175,6.0,0.0,0,0.0,35,1.0,0.0,1.5,2.0,5.0,2.0,4.0,2.0,4.0
25,23,1.0,0,1,1,0.3181818181818182,0.42857142857142855,2.8,5.0,1.003810200010419,4.0,2.0,0.9090909090909091,6.0,2.0,1,0.2,32,2.0,1.0,1.5,4.0,6.0,2.0,5.0,2.0,4.0
26,23,1.0,0,1,1,0.3181818181818182,0.42857142857142855,3.2,5.4,0.6692068000069458,4.0,3.0,0.6033624235442395,6.0,4.0,2,0.4,35,2.0,2.0,1.5,4.0,6.0,4.0,6.0,2.0,5.0
27,23,1.0,0,1,1,0.3181818181818182,0.42857142857142855,3.6,5.8,0.40224161569615985,4.0,3.0,0.3654879952631141,6.0,4.0,3,0.6,36,2.0,2.0,1.5,4.0,6.0,4.0,6.0,4.0,6.0
28,23,1.0,0,1,1,0.3181818181818182,0.42857142857142855,4.0,6.0,0.0,4.0,5.0,0.0,6.0,2.0,4,0.8,34,2.0,1.0,1.5,4.0,6.0,4.0,6.0,4.0,6.0
29,23,1.0,0,1,1,0.3181818181818182,0.42857142857142855,4.0,5.8,0.0,4.0,-1.0,-1.4619519810524544,6.0,-1.0,5,1.0,33,0.0,-1.0,1.25,4.0,6.0,4.0,6.0,4.0,6.0
30,23,1.0,0,1,1,0.3181818181818182,0.42857142857142855,4.0,6.2,0.0,4.0,-2.0,1.5057153000156285,8.0,1.0,6,1.0,35,0.0,2.0,2.0,4.0,5.0,4.0,6.0,4.0,6.0
31,23,1.0,0,1,1,0.3181818181818182,0.42857142857142855,4.0,6.4,0.0,4.0,-2.0,0.48380252330192436,8.0,-1.0,7,1.0,36,0.0,1.0,1.75,4.0,8.0,4.0,5.0,4.0,6.0
32,23,1.0,0,1,1,0.3181818181818182,0.42857142857142855,4.2,6.6,1.4619519810524544,5.0,-1.0,0.3225350155346167,8.0,-1.0,8,1.0,37,1.0,1.0,1.4,4.0,7.0,4.0,8.0,4.0,5.0
33,23,1.0,0,1,1,0.3181818181818182,0.42857142857142855,4.4,6.8,0.9263225327693089,5.0,-1.0,0.16730170000173666,8.0,0.0,9,1.0,39,1.0,1.0,1.4,5.0,7.0,4.0,7.0,4.0,8.0
34,23,1.0,0,1,1,0.3181818181818182,0.42857142857142855,4.6,7.2,0.6175483551795402,5.0,1.0,-0.36548799526311393,8.0,3.0,10,1.0,39,1.0,2.0,1.4,5.0,7.0,5.0,7.0,4.0,7.0
35,23,1.0,0,1,1,0.3181818181818182,0.42857142857142855,4.6,7.0,-0.9263225327693089,5.0,0.0,0.0,7.0,-3.0,11,1.0,38,0.0,-1.0,1.75,5.0,7.0,5.0,7.0,5.0,7.0
36,23,1.0,0,1,1,0.3181818181818182,0.42857142857142855,4.6,7.0,-0.9263225327693089,5.0,0.0,0.0,7.0,-1.0,12,1.0,38,0.0,0.0,1.75,4.0,7.0,5.0,7.0,5.0,7.0
37,23,1.0,0,1,1,0.3181818181818182,0.42857142857142855,4.4,6.8,-0.6175483551795402,5.0,-2.0,-1.4619519810524544,7.0,-2.0,13,1.0,39,-1.0,-1.0,1.5,4.0,7.0,4.0,7.0,5.0,7.0
38,23,1.0,0,1,1,0.3181818181818182,0.42857142857142855,4.2,6.6,-0.365487995263114,5.0,-2.0,-0.9263225327693089,7.0,-2.0,14,1.0,38,-1.0,-1.0,1.5,4.0,6.0,4.0,7.0,4.0,7.0
39,23,1.0,0,1,1,0.3181818181818182,0.42857142857142855,4.0,6.6,0.0,4.0,-2.0,0.6175483551795402,7.0,-2.0,15,1.0,38,-1.0,0.0,1.75,4.0,6.0,4.0,6.0,4.0,7.0
40,23,1.0,0,1,1,0.3181818181818182,0.42857142857142855,4.0,6.6,0.0,4.0,0.0,0.6175483551795402,7.0,1.0,16,1.0,40,0.0,0.0,1.75,4.0,7.0,4.0,6.0,4.0,6.0
41,23,1.0,0,1,1,0.3181818181818182,0.42857142857142855,4.0,6.6,0.0,4.0,0.0,0.6175483551795402,7.0,0.0,17,1.0,41,0.0,0.0,1.75,4.0,7.0,4.0,7.0,4.0,6.0
42,23,1.0,0,1,1,0.3181818181818182,0.42857142857142855,4.0,6.8,0.0,4.0,1.0,0.365487995263114,7.0,2.0,18,1.0,41,0.0,1.0,1.75,4.0,7.0,4.0,7.0,4.0,7.0
43,23,1.0,0,1,1,0.3181818181818182,0.42857142857142855,4.0,7.0,0.0,4.0,1.0,0.0,7.0,2.0,19,1.0,41,0.0,1.0,1.75,4.0,7.0,4.0,7.0,4.0,7.0
44,23,1.0,0,1,1,0.3181818181818182,0.42857142857142855,4.0,6.8,0.0,4.0,1.0,-1.4619519810524544,7.0,-1.0,20,1.0,42,0.0,-1.0,1.5,4.0,7.0,4.0,7.0,4.0,7.0
45,23,1.0,0,1,1,0.3181818181818182,0.42857142857142855,4.0,6.6,0.0,4.0,0.0,-0.9263225327693089,7.0,-1.0,21,1.0,41,0.0,-1.0,1.5,4.0,6.0,4.0,7.0,4.0,7.0
46,23,1.0,0,1,1,0.3181818181818182,0.42857142857142855,4.0,6.4,0.0,4.0,0.0,-0.6175483551795402,7.0,-1.0,22,1.0,41,0.0,-1.0,1.5,4.0,6.0,4.0,6.0,4.0,7.0
47,23,1.0,0,1,1,0.3181818181818182,0.42857142857142855,4.0,6.2,0.0,4.0,0.0,-0.365487995263114,7.0,-2.0,23,1.0,41,0.0,-1.0,1.5,4.0,6.0,4.0,6.0,4.0,6.0
48,23,1.0,0,1,1,0.3181818181818182,0.42857142857142855,4.0,6.0,0.0,4.0,0.0,0.0,6.0,-2.0,24,1.0,42,0.0,-1.0,1.5,4.0,6.0,4.0,6.0,4.0,6.0
49,23,1.0,0,1,1,0.3181818181818182,0.42857142857142855,4.0,6.0,0.0,4.0,0.0,0.0,6.0,1.0,25,1.0,42,0.0,0.0,1.5,4.0,6.0,4.0,6.0,4.0,6.0
50,23,1.0,0,1,1,0.3181818181818182,0.42857142857142855,4.0,6.0,0.0,4.0,0.0,0.0,6.0,1.0,26,1.0,42,0.0,0.0,1.5,4.0,6.0,4.0,6.0,4.0,6.0
51,23,1.0,0,1,1,0.3181818181818182,0.42857142857142855,4.0,6.0,0.0,4.0,0.0,0.0,6.0,1.0,27,1.0,42,0.0,0.0,1.5,4.0,6.0,4.0,6.0,4.0,6.0
52,23,1.0,0,1,1,0.3181818181818182,0.42857142857142855,4.0,6.0,0.0,4.0,0.0,0.0,6.0,1.0,28,1.0,42,0.0,0.0,1.5,4.0,6.0,4.0,6.0,4.0,6.0
53,23,1.0,0,1,1,0.3181818181818182,0.42857142857142855,4.0,6.0,0.0,4.0,0.0,0.0,6.0,1.0,29,1.0,42,0.0,0.0,1.5,4.0,6.0,4.0,6.0,4.0,6.0
54,23,1.0,0,1,1,0.3181818181818182,0.42857142857142855,4.0,6.0,0.0,4.0,0.0,0.0,6.0,0.0,30,1.0,43,0.0,0.0,1.5,4.0,6.0,4.0,6.0,4.0,6.0
55,23,1.0,0,1,1,0.3181818181818182,0.42857142857142855,4.0,6.0,0.0,4.0,0.0,0.0,6.0,0.0,31,1.0,43,0.0,0.0,1.5,4.0,6.0,4.0,6.0,4.0,6.0
56,23,1.0,0,1,1,0.3181818181818182,0.42857142857142855,4.0,6.0,0.0,4.0,0.0,0.0,6.0,0.0,32,1.0,43,0.0,0.0,1.5,4.0,6.0,4.0,6.0,4.0,6.0
57,23,1.0,0,1,1,0.3181818181818182,0.42857142857142855,4.0,6.0,0.0,4.0,0.0,0.0,6.0,0.0,33,1.0,43,0.0,0.0,1.5,4.0,6.0,4.0,6.0,4.0,6.0
58,23,1.0,0,1,1,0.3181818181818182,0.42857142857142855,4.0,6.0,0.0,4.0,0.0,0.0,6.0,0.0,34,1.0,43,0.0,0.0,1.5,4.0,6.0,4.0,6.0,4.0,6.0
59,23,1.0,0,1,1,0.3181818181818182,0.42857142857142855,4.0,6.0,0.0,4.0,0.0,0.0,6.0,0.0,35,1.0,43,0.0,0.0,1.5,4.0,6.0,4.0,6.0,4.0,6.0
60,23,1.0,0,1,1,0.3181818181818182,0.42857142857142855,4.0,6.0,0.0,4.0,0.0,0.0,6.0,0.0,36,1.0,43,0.0,0.0,1.5,4.0,6.0,4.0,6.0,4.0,6.0
61,23,1.0,0,1,1,0.3181818181818182,0.42857142857142855,4.0,6.0,0.0,4.0,0.0,0.0,6.0,0.0,37,1.0,43,0.0,0.0,1.5,4.0,6.0,4.0,6.0,4.0,6.0
62,23,1.0,0,1,1,0.3181818181818182,0.42857142857142855,4.0,6.0,0.0,4.0,0.0,0.0,6.0,0.0,38,1.0,43,0.0,0.0,1.5,4.0,6.0,4.0,6.0,4.0,6.0
63,23,1.0,0,1,1,0.3181818181818182,0.42857142857142855,4.0,6.0,0.0,4.0,0.0,0.0,6.0,0.0,39,1.0,43,0.0,0.0,1.5,4.0,6.0,4.0,6.0,4.0,6.0
64,23,1.0,0,1,1,0.3181818181818182,0.42857142857142855,4.0,6.0,0.0,4.0,0.0,0.0,6.0,0.0,40,1.0,43,0.0,0.0,1.5,4.0,6.0,4.0,6.0,4.0,6.0
65,23,1.0,0,1,1,0.3181818181818182,0.42857142857142855,4.0,6.0,0.0,4.0,0.0,0.0,6.0,0.0,41,1.0,43,0.0,0.0,1.5,4.0,6.0,4.0,6.0,4.0,6.0
66,23,1.0,0,1,1,0.3181818181818182,0.42857142857142855,4.0,6.0,0.0,4.0,0.0,0.0,6.0,0.0,42,1.0,43,0.0,0.0,1.5,4.0,6.0,4.0,6.0,4.0,6.0
67,23,1.0,0,1,1,0.3181818181818182,0.42857142857142855,4.0,6.0,0.0,4.0,0.0,0.0,6.0,0.0,43,1.0,43,0.0,0.0,1.5,4.0,6.0,4.0,6.0,4.0,6.0
68,23,1.0,0,1,1,0.3181818181818182,0.42857142857142855,4.0,6.0,0.0,4.0,0.0,0.0,6.0,0.0,44,1.0,43,0.0,0.0,1.5,4.0,6.0,4.0,6.0,4.0,6.0
69,23,1.0,0,1,1,0.3181818181818182,0.42857142857142855,4.0,6.0,0.0,4.0,0.0,0.0,6.0,0.0,45,1.0,43,0.0,0.0,1.5,4.0,6.0,4.0,6.0,4.0,6.0
70,23,1.0,0,1,1,0.3181818181818182,0.42857142857142855,4.0,6.0,0.0,4.0,0.0,0.0,6.0,0.0,46,1.0,43,0.0,0.0,1.5,4.0,6.0,4.0,6.0,4.0,6.0
71,23,1.0,0,1,1,0.3181818181818182,0.42857142857142855,4.0,6.0,0.0,4.0,0.0,0.0,6.0,0.0,47,1.0,43,0.0,0.0,1.5,4.0,6.0,4.0,6.0,4.0,6.0
72,23,1.0,0,1,1,0.3181818181818182,0.42857142857142855,4.0,6.0,0.0,4.0,0.0,0.0,6.0,0.0,48,1.0,43,0.0,0.0,1.5,4.0,6.0,4.0,6.0,4.0,6.0
73,23,1.0,0,1,1,0.3181818181818182,0.42857142857142855,4.0,6.0,0.0,4.0,0.0,0.0,6.0,0.0,49,1.0,43,0.0,0.0,1.5,4.0,6.0,4.0,6.0,4.0,6.0
74,23,1.0,0,1,1,0.3181818181818182,0.42857142857142855,4.0,6.0,0.0,4.0,0.0,0.0,6.0,0.0,50,1.0,43,0.0,0.0,1.5,4.0,6.0,4.0,6.0,4.0,6.0
75,23,1.0,0,1,1,0.3181818181818182,0.42857142857142855,4.0,6.0,0.0,4.0,0.0,0.0,6.0,0.0,51,1.0,43,0.0,0.0,1.5,4.0,6.0,4.0,6.0,4.0,6.0
76,23,1.0,0,1,1,0.3181818181818182,0.42857142857142855,4.0,6.0,0.0,4.0,0.0,0.0,6.0,0.0,52,1.0,43,0.0,0.0,1.5,4.0,6.0,4.0,6.0,4.0,6.0
77,23,1.0,0,1,1,0.3181818181818182,0.42857142857142855,4.0,6.0,0.0,4.0,0.0,0.0,6.0,0.0,53,1.0,43,0.0,0.0,1.5,4.0,6.0,4.0,6.0,4.0,6.0
78,23,1.0,0,1,1,0.3181818181818182,0.42857142857142855,4.0,6.0,0.0,4.0,0.0,0.0,6.0,0.0,54,1.0,43,0.0,0.0,1.5,4.0,6.0,4.0,6.0,4.0,6.0
79,23,1.0,0,1,1,0.3181818181818182,0.42857142857142855,4.0,6.0,0.0,4.0,0.0,0.0,6.0,0.0,55,1.0,43,0.0,0.0,1.5,4.0,6.0,4.0,6.0,4.0,6.0
80,23,1.0,0,1,1,0.3181818181818182,0.42857142857142855,4.0,6.0,0.0,4.0,0.0,0.0,6.0,0.0,56,1.0,43,0.0,0.0,1.5,4.0,6.0,4.0,6.0,4.0,6.0
81,23,1.0,0,1,1,0.3181818181818182,0.42857142857142855,4.0,6.0,0.0,4.0,0.0,0.0,6.0,0.0,57,1.0,43,0.0,0.0,1.5,4.0,6.0,4.0,6.0,4.0,6.0
82,23,1.0,0,1,1,0.3181818181818182,0.42857142857142855,4.0,6.0,0.0,4.0,0.0,0.0,6.0,0.0,58,1.0,43,0.0,0.0,1.5,4.0,6.0,4.0,6.0,4.0,6.0
83,23,1.0,0,1,1,0.3181818181818182,0.42857142857142855,4.0,6.0,0.0,4.0,0.0,0.0,6.0,0.0,59,1.0,43,0.0,0.0,1.5,4.0,6.0,4.0,6.0,4.0,6.0
84,23,1.0,0,1,1,0.3181818181818182,0.42857142857142855,4.0,6.0,0.0,4.0,0.0,0.0,6.0,0.0,60,1.0,43,0.0,0.0,1.5,4.0,6.0,4.0,6.0,4.0,6.0
85,23,1.0,0,1,1,0.3181818181818182,0.42857142857142855,4.0,6.0,0.0,4.0,0.0,0.0,6.0,0.0,61,1.0,43,0.0,0.0,1.5,4.0,6.0,4.0,6.0,4.0,6.0
86,23,1.0,0,1,1,0.3181818181818182,0.42857142857142855,4.0,6.0,0.0,4.0,0.0,0.0,6.0,0.0,62,1.0,43,0.0,0.0,1.5,4.0,6.0,4.0,6.0,4.0,6.0
87,23,1.0,0,1,1,0.3181818181818182,0.42857142857142855,4.0,6.0,0.0,4.0,0.0,0.0,6.0,0.0,63,1.0,43,0.0,0.0,1.5,4.0,6.0,4.0,6.0,4.0,6.0
88,23,1.0,0,1,1,0.3181818181818182,0.42857142857142855,4.0,6.0,0.0,4.0,0.0,0.0,6.0,0.0,64,1.0,43,0.0,0.0,1.5,4.0,6.0,4.0,6.0,4.0,6.0
89,23,1.0,0,1,1,0.3181818181818182,0.42857142857142855,4.0,6.0,0.0,4.0,0.0,0.0,6.0,0.0,65,1.0,43,0.0,0.0,1.5,4.0,6.0,4.0,6.0,4.0,6.0
90,23,1.0,0,1,1,0.3181818181818182,0.42857142857142855,4.0,6.0,0.0,4.0,0.0,0.0,6.0,0.0,66,1.0,43,0.0,0.0,1.5,4.0,6.0,4.0,6.0,4.0,6.0
91,23,1.0,0,1,1,0.3181818181818182,0.42857142857142855,4.0,6.0,0.0,4.0,0.0,0.0,6.0,0.0,67,1.0,43,0.0,0.0,1.5,4.0,6.0,4.0,6.0,4.0,6.0
92,23,1.0,0,1,1,0.3181818181818182,0.42857142857142855,4.0,6.0,0.0,4.0,0.0,0.0,6.0,0.0,68,1.0,43,0.0,0.0,1.5,4.0,6.0,4.0,6.0,4.0,6.0
93,23,1.0,0,1,1,0.3181818181818182,0.42857142857142855,4.0,6.0,0.0,4.0,0.0,0.0,6.0,0.0,69,1.0,43,0.0,0.0,1.5,4.0,6.0,4.0,6.0,4.0,6.0
94,23,1.0,0,1,1,0.3181818181818182,0.42857142857142855,4.0,6.0,0.0,4.0,0.0,0.0,6.0,0.0,70,1.0,43,0.0,0.0,1.5,4.0,6.0,4.0,6.0,4.0,6.0
95,23,1.0,0,1,1,0.3181818181818182,0.42857142857142855,4.0,6.0,0.0,4.0,0.0,0.0,6.0,0.0,71,1.0,43,0.0,0.0,1.5,4.0,6.0,4.0,6.0,4.0,6.0
96,23,1.0,0,1,1,0.3181818181818182,0.42857142857142855,4.0,6.0,0.0,4.0,0.0,0.0,6.0,0.0,72,1.0,43,0.0,0.0,1.5,4.0,6.0,4.0,6.0,4.0,6.0
97,23,1.0,0,1,1,0.3181818181818182,0.42857142857142855,4.0,6.0,0.0,4.0,0.0,0.0,6.0,0.0,73,1.0,43,0.0,0.0,1.5,4.0,6.0,4.0,6.0,4.0,6.0
98,23,1.0,0,1,1,0.3181818181818182,0.42857142857142855,4.0,6.0,0.0,4.0,0.0,0.0,6.0,0.0,74,1.0,43,0.0,0.0,1.5,4.0,6.0,4.0,6.0,4.0,6.0
99,23,1.0,0,1,1,0.3181818181818182,0.42857142857142855,4.0,6.0,0.0,4.0,0.0,0.0,6.0,0.0,75,1.0,43,0.0,0.0,1.5,4.0,6.0,4.0,6.0,4.0,6.0
100,23,1.0,0,1,1,0.3181818181818182,0.42857142857142855,4.0,6.0,0.0,4.0,0.0,0.0,6.0,0.0,76,1.0,43,0.0,0.0,1.5,4.0,6.0,4.0,6.0,4.0,6.0
101,23,1.0,0,1,1,0.3181818181818182,0.42857142857142855,4.0,6.0,0.0,4.0,0.0,0.0,6.0,0.0,77,1.0,43,0.0,0.0,1.5,4.0,6.0,4.0,6.0,4.0,6.0
102,23,1.0,0,1,1,0.3181818181818182,0.42857142857142855,4.0,6.0,0.0,4.0,0.0,0.0,6.0,0.0,78,1.0,43,0.0,0.0,1.5,4.0,6.0,4.0,6.0,4.0,6.0
103,23,1.0,0,1,1,0.3181818181818182,0.42857142857142855,4.0,6.0,0.0,4.0,0.0,0.0,6.0,0.0,79,1.0,43,0.0,0.0,1.5,4.0,6.0,4.0,6.0,4.0,6.0
104,23,1.0,0,1,1,0.3181818181818182,0.42857142857142855,4.0,6.0,0.0,4.0,0.0,0.0,6.0,0.0,80,1.0,43,0.0,0.0,1.5,4.0,6.0,4.0,6.0,4.0,6.0
105,23,1.0,0,1,1,0.3181818181818182,0.42857142857142855,4.0,6.0,0.0,4.0,0.0,0.0,6.0,0.0,81,1.0,43,0.0,0.0,1.5,4.0,6.0,4.0,6.0,4.0,6.0
106,23,1.0,0,1,1,0.3181818181818182,0.42857142857142855,4.0,6.0,0.0,4.0,0.0,0.0,6.0,0.0,82,1.0,43,0.0,0.0,1.5,4.0,6.0,4.0,6.0,4.0,6.0
107,23,1.0,0,1,1,0.3181818181818182,0.42857142857142855,4.0,6.0,0.0,4.0,0.0,0.0,6.0,0.0,83,1.0,43,0.0,0.0,1.5,4.0,6.0,4.0,6.0,4.0,6.0
108,23,1.0,0,1,1,0.3181818181818182,0.42857142857142855,4.0,6.0,0.0,4.0,0.0,0.0,6.0,0.0,84,1.0,43,0.0,0.0,1.5,4.0,6.0,4.0,6.0,4.0,6.0
109,23,1.0,0,1,1,0.3181818181818182,0.42857142857142855,4.0,6.0,0.0,4.0,0.0,0.0,6.0,0.0,85,1.0,43,0.0,0.0,1.5,4.0,6.0,4.0,6.0,4.0,6.0
110,23,1.0,0,1,1,0.3181818181818182,0.42857142857142855,4.0,6.0,0.0,4.0,0.0,0.0,6.0,0.0,86,1.0,43,0.0,0.0,1.5,4.0,6.0,4.0,6.0,4.0,6.0
111,23,1.0,0,1,1,0.3181818181818182,0.42857142857142855,4.0,6.0,0.0,4.0,0.0,0.0,6.0,0.0,87,1.0,43,0.0,0.0,1.5,4.0,6.0,4.0,6.0,4.0,6.0
112,23,1.0,0,1,1,0.3181818181818182,0.42857142857142855,4.0,6.0,0.0,4.0,0.0,0.0,6.0,0.0,88,1.0,43,0.0,0.0,1.5,4.0,6.0,4.0,6.0,4.0,6.0
113,23,1.0,0,1,1,0.3181818181818182,0.42857142857142855,4.0,6.0,0.0,4.0,0.0,0.0,6.0,0.0,89,1.0,43,0.0,0.0,1.5,4.0,6.0,4.0,6.0,4.0,6.0
114,23,1.0,0,1,1,0.3181818181818182,0.42857142857142855,4.0,6.0,0.0,4.0,0.0,0.0,6.0,0.0,90,1.0,43,0.0,0.0,1.5,4.0,6.0,4.0,6.0,4.0,6.0
115,23,1.0,0,1,1,0.3181818181818182,0.42857142857142855,4.0,6.0,0.0,4.0,0.0,0.0,6.0,0.0,91,1.0,43,0.0,0.0,1.5,4.0,6.0,4.0,6.0,4.0,6.0
116,23,1.0,0,1,1,0.3181818181818182,0.42857142857142855,4.0,6.0,0.0,4.0,0.0,0.0,6.0,0.0,92,1.0,43,0.0,0.0,1.5,4.0,6.0,4.0,6.0,4.0,6.0
117,23,1.0,0,1,1,0.3181818181818182,0.42857142857142855,4.0,6.0,0.0,4.0,0.0,0.0,6.0,0.0,93,1.0,43,0.0,0.0,1.5,4.0,6.0,4.0,6.0,4.0,6.0
118,23,1.0,0,1,1,0.3181818181818182,0.42857142857142855,4.0,6.0,0.0,4.0,0.0,0.0,6.0,0.0,94,1.0,43,0.0,0.0,1.5,4.0,6.0,4.0,6.0,4.0,6.0
119,23,1.0,0,1,1,0.3181818181818182,0.42857142857142855,4.0,6.0,0.0,4.0,0.0,0.0,6.0,0.0,95,1.0,43,0.0,0.0,1.5,4.0,6.0,4.0,6.0,4.0,6.0
120,23,1.0,0,1,1,0.3181818181818182,0.42857142857142855,4.0,6.0,0.0,4.0,0.0,0.0,6.0,0.0,96,1.0,43,0.0,0.0,1.5,4.0,6.0,4.0,6.0,4.0,6.0
121,23,1.0,0,1,1,0.3181818181818182,0.42857142857142855,4.0,6.0,0.0,4.0,0.0,0.0,6.0,0.0,97,1.0,43,0.0,0.0,1.5,4.0,6.0,4.0,6.0,4.0,6.0
122,23,1.0,0,1,1,0.3181818181818182,0.42857142857142855,4.0,6.0,0.0,4.0,0.0,0.0,6.0,0.0,98,1.0,43,0.0,0.0,1.5,4.0,6.0,4.0,6.0,4.0,6.0
1,24,0.0,1,0,1,0.13636363636363635,1.0,5.0,7.0,0.0,5.0,0.0,0.0,7.0,0.0,0,0.0,0,0.0,0.0,1.4,0.0,0.0,0.0,0.0,0.0,0.0
2,24,0.0,1,0,1,0.13636363636363635,1.0,5.0,7.0,0.0,5.0,0.0,0.0,7.0,0.0,1,0.5,43,0.0,0.0,1.4,5.0,7.0,0.0,0.0,0.0,0.0
3,24,0.0,1,0,1,0.13636363636363635,1.0,5.0,7.0,0.0,5.0,0.0,0.0,7.0,0.0,2,0.6666666666666666,43,0.0,0.0,1.4,5.0,7.0,5.0,7.0,0.0,0.0
4,24,0.0,0,1,1,0.13636363636363635,1.0,5.0,7.0,0.0,5.0,0.0,0.0,7.0,0.0,3,0.75,43,0.0,0.0,1.4,5.0,7.0,5.0,7.0,5.0,7.0
5,24,0.0,0,1,1,0.13636363636363635,1.0,5.0,7.0,0.0,5.0,0.0,0.0,7.0,0.0,4,0.8,43,0.0,0.0,1.4,5.0,7.0,5.0,7.0,5.0,7.0
6,24,0.0,0,1,1,0.13636363636363635,1.0,5.0,7.0,0.0,5.0,0.0,0.0,7.0,0.0,5,1.0,25,0.0,0.0,1.4,5.0,7.0,5.0,7.0,5.0,7.0
7,24,0.0,0,1,1,0.13636363636363635,1.0,4.6,6.8,-1.6089664627846396,5.0,0.0,-1.4619519810524544,7.0,0.0,6,1.0,25,-2.0,-1.0,2.0,5.0,7.0,5.0,7.0,5.0,7.0
8,24,0.0,0,1,1,0.13636363636363635,1.0,4.0,6.4,-1.3208176506262261,5.0,0.0,-1.40784565493656,7.0,0.0,7,1.0,26,-3.0,-2.0,2.5,3.0,6.0,5.0,7.0,5.0,7.0
9,24,0.0,0,1,1,0.13636363636363635,1.0,3.4,5.6,-0.8660284385739887,5.0,0.0,-1.4661763935402121,7.0,0.0,8,1.0,25,-3.0,-4.0,1.5,2.0,5.0,3.0,6.0,5.0,7.0
10,24,0.0,0,1,1,0.13636363636363635,1.0,2.8,5.0,-0.5698653164688896,5.0,0.0,-0.5948348715197549,7.0,0.0,9,1.0,25,-3.0,-3.0,2.0,2.0,3.0,2.0,5.0,3.0,6.0
11,24,0.0,0,1,1,0.13636363636363635,1.0,2.2,4.4,-0.3654879952631143,3.0,-3.0,-0.3225350155346167,6.0,-3.0,10,1.0,27,-3.0,-3.0,2.0,2.0,4.0,2.0,3.0,2.0,5.0
12,24,0.0,0,1,1,0.13636363636363635,1.0,2.0,3.8,0.0,2.0,1.0,-0.8540985814887833,5.0,-2.0,11,1.0,33,-1.0,-3.0,1.5,2.0,4.0,2.0,4.0,2.0,3.0
13,24,0.0,0,1,1,0.13636363636363635,1.0,2.0,3.4,0.0,2.0,3.0,-0.6175483551795397,4.0,0.0,12,1.0,30,0.0,-2.0,1.5,2.0,3.0,2.0,4.0,2.0,4.0
14,24,0.0,0,1,1,0.13636363636363635,1.0,1.8,3.4,-1.4619519810524546,2.0,2.0,-0.6175483551795397,4.0,4.0,13,1.0,25,-1.0,0.0,3.0,2.0,3.0,2.0,3.0,2.0,4.0
15,24,0.0,0,1,1,0.13636363636363635,1.0,1.6,3.0,-0.9263225327693093,2.0,2.0,-1.2389934309929547,4.0,1.0,14,1.0,28,-1.0,-2.0,2.0,1.0,3.0,2.0,3.0,2.0,3.0
16,24,0.0,0,1,1,0.13636363636363635,1.0,1.4,2.4,-0.6175483551795393,2.0,2.0,-1.40784565493656,3.0,0.0,15,1.0,28,-1.0,-3.0,1.0,1.0,2.0,1.0,3.0,2.0,3.0
17,24,0.0,0,1,1,0.13636363636363635,1.0,1.2,2.0,-0.36548799526311354,2.0,0.0,-0.9090909090909092,3.0,1.0,16,1.0,28,-1.0,-2.0,1.0,1.0,1.0,1.0,2.0,1.0,3.0
18,24,0.0,0,1,1,0.13636363636363635,1.0,1.0,1.6,0.0,1.0,-1.0,-0.6033624235442402,3.0,0.0,17,1.0,29,-1.0,-2.0,1.0,1.0,1.0,1.0,1.0,1.0,2.0
19,24,0.0,0,1,1,0.13636363636363635,1.0,1.0,1.2,0.0,1.0,1.0,-0.36548799526311376,2.0,-2.0,18,1.0,33,0.0,-2.0,1.0,1.0,1.0,1.0,1.0,1.0,1.0
20,24,0.0,0,1,1,0.13636363636363635,1.0,1.0,1.0,0.0,1.0,1.0,0.0,1.0,1.0,19,1.0,32,0.0,-1.0,1.0,1.0,1.0,1.0,1.0,1.0,1.0
21,24,0.0,0,1,1,0.13636363636363635,1.0,1.0,1.0,0.0,1.0,1.0,0.0,1.0,3.0,20,1.0,32,0.0,0.0,1.0,1.0,1.0,1.0,1.0,1.0,1.0
22,24,0.0,0,1,1,0.13636363636363635,1.0,1.0,1.0,0.0,1.0,1.0,0.0,1.0,2.0,21,1.0,33,0.0,0.0,1.0,1.0,1.0,1.0,1.0,1.0,1.0
23,24,0.0,0,1,1,0.13636363636363635,1.0,1.0,1.0,0.0,1.0,1.0,0.0,1.0,2.0,22,1.0,34,0.0,0.0,1.0,1.0,1.0,1.0,1.0,1.0,1.0
24,24,0.0,0,1,1,0.13636363636363635,1.0,1.0,1.0,0.0,1.0,0.0,0.0,1.0,2.0,23,1.0,34,0.0,0.0,1.0,1.0,1.0,1.0,1.0,1.0,1.0
25,24,0.0,0,1,1,0.13636363636363635,1.0,1.0,1.0,0.0,1.0,0.0,0.0,1.0,1.0,24,1.0,32,0.0,0.0,1.0,1.0,1.0,1.0,1.0,1.0,1.0
26,24,0.0,0,1,1,0.13636363636363635,1.0,1.0,1.0,0.0,1.0,0.0,0.0,1.0,0.0,25,1.0,35,0.0,0.0,1.0,1.0,1.0,1.0,1.0,1.0,1.0
27,24,0.0,0,1,1,0.13636363636363635,1.0,1.0,1.0,0.0,1.0,0.0,0.0,1.0,0.0,26,1.0,36,0.0,0.0,1.0,1.0,1.0,1.0,1.0,1.0,1.0
28,24,0.0,0,1,1,0.13636363636363635,1.0,1.0,1.0,0.0,1.0,0.0,0.0,1.0,0.0,27,1.0,34,0.0,0.0,1.0,1.0,1.0,1.0,1.0,1.0,1.0
29,24,0.0,0,1,1,0.13636363636363635,1.0,1.0,1.0,0.0,1.0,0.0,0.0,1.0,0.0,28,1.0,33,0.0,0.0,1.0,1.0,1.0,1.0,1.0,1.0,1.0
30,24,0.0,0,1,1,0.13636363636363635,1.0,1.0,1.0,0.0,1.0,0.0,0.0,1.0,0.0,29,1.0,35,0.0,0.0,1.0,1.0,1.0,1.0,1.0,1.0,1.0
31,24,0.0,0,1,1,0.13636363636363635,1.0,1.0,1.0,0.0,1.0,0.0,0.0,1.0,0.0,30,1.0,36,0.0,0.0,1.0,1.0,1.0,1.0,1.0,1.0,1.0
32,24,0.0,0,1,1,0.13636363636363635,1.0,1.0,1.0,0.0,1.0,0.0,0.0,1.0,0.0,31,1.0,37,0.0,0.0,1.0,1.0,1.0,1.0,1.0,1.0,1.0
33,24,0.0,0,1,1,0.13636363636363635,1.0,1.0,1.0,0.0,1.0,0.0,0.0,1.0,0.0,32,1.0,39,0.0,0.0,1.0,1.0,1.0,1.0,1.0,1.0,1.0
34,24,0.0,0,1,1,0.13636363636363635,1.0,1.0,1.0,0.0,1.0,0.0,0.0,1.0,0.0,33,1.0,39,0.0,0.0,1.0,1.0,1.0,1.0,1.0,1.0,1.0
35,24,0.0,0,1,1,0.13636363636363635,1.0,1.0,1.0,0.0,1.0,0.0,0.0,1.0,0.0,34,1.0,38,0.0,0.0,1.0,1.0,1.0,1.0,1.0,1.0,1.0
36,24,0.0,0,1,1,0.13636363636363635,1.0,1.0,1.0,0.0,1.0,0.0,0.0,1.0,0.0,35,1.0,38,0.0,0.0,1.0,1.0,1.0,1.0,1.0,1.0,1.0
37,24,0.0,0,1,1,0.13636363636363635,1.0,1.0,1.0,0.0,1.0,0.0,0.0,1.0,0.0,36,1.0,39,0.0,0.0,1.0,1.0,1.0,1.0,1.0,1.0,1.0
38,24,0.0,0,1,1,0.13636363636363635,1.0,1.0,1.0,0.0,1.0,0.0,0.0,1.0,0.0,37,1.0,38,0.0,0.0,1.0,1.0,1.0,1.0,1.0,1.0,1.0
39,24,0.0,0,1,1,0.13636363636363635,1.0,1.0,1.0,0.0,1.0,0.0,0.0,1.0,0.0,38,1.0,38,0.0,0.0,1.0,1.0,1.0,1.0,1.0,1.0,1.0
40,24,0.0,0,1,1,0.13636363636363635,1.0,1.0,1.0,0.0,1.0,0.0,0.0,1.0,0.0,39,1.0,40,0.0,0.0,1.0,1.0,1.0,1.0,1.0,1.0,1.0
41,24,0.0,0,1,1,0.13636363636363635,1.0,1.0,1.0,0.0,1.0,0.0,0.0,1.0,0.0,40,1.0,41,0.0,0.0,1.0,1.0,1.0,1.0,1.0,1.0,1.0
42,24,0.0,0,1,1,0.13636363636363635,1.0,1.0,1.0,0.0,1.0,0.0,0.0,1.0,0.0,41,1.0,41,0.0,0.0,1.0,1.0,1.0,1.0,1.0,1.0,1.0
43,24,0.0,0,1,1,0.13636363636363635,1.0,1.0,1.0,0.0,1.0,0.0,0.0,1.0,0.0,42,1.0,41,0.0,0.0,1.0,1.0,1.0,1.0,1.0,1.0,1.0
44,24,0.0,0,1,1,0.13636363636363635,1.0,1.0,1.0,0.0,1.0,0.0,0.0,1.0,0.0,43,1.0,42,0.0,0.0,1.0,1.0,1.0,1.0,1.0,1.0,1.0
45,24,0.0,0,1,1,0.13636363636363635,1.0,1.0,1.0,0.0,1.0,0.0,0.0,1.0,0.0,44,1.0,41,0.0,0.0,1.0,1.0,1.0,1.0,1.0,1.0,1.0
46,24,0.0,0,1,1,0.13636363636363635,1.0,1.0,1.0,0.0,1.0,0.0,0.0,1.0,0.0,45,1.0,41,0.0,0.0,1.0,1.0,1.0,1.0,1.0,1.0,1.0
47,24,0.0,0,1,1,0.13636363636363635,1.0,1.0,1.0,0.0,1.0,0.0,0.0,1.0,0.0,46,1.0,41,0.0,0.0,1.0,1.0,1.0,1.0,1.0,1.0,1.0
48,24,0.0,0,1,1,0.13636363636363635,1.0,1.0,1.0,0.0,1.0,0.0,0.0,1.0,0.0,47,1.0,42,0.0,0.0,1.0,1.0,1.0,1.0,1.0,1.0,1.0
49,24,0.0,0,1,1,0.13636363636363635,1.0,1.0,1.0,0.0,1.0,0.0,0.0,1.0,0.0,48,1.0,42,0.0,0.0,1.0,1.0,1.0,1.0,1.0,1.0,1.0
50,24,0.0,0,1,1,0.13636363636363635,1.0,1.0,1.0,0.0,1.0,0.0,0.0,1.0,0.0,49,1.0,42,0.0,0.0,1.0,1.0,1.0,1.0,1.0,1.0,1.0
51,24,0.0,0,1,1,0.13636363636363635,1.0,1.0,1.0,0.0,1.0,0.0,0.0,1.0,0.0,50,1.0,42,0.0,0.0,1.0,1.0,1.0,1.0,1.0,1.0,1.0
52,24,0.0,0,1,1,0.13636363636363635,1.0,1.0,1.0,0.0,1.0,0.0,0.0,1.0,0.0,51,1.0,42,0.0,0.0,1.0,1.0,1.0,1.0,1.0,1.0,1.0
53,24,0.0,0,1,1,0.13636363636363635,1.0,1.0,1.0,0.0,1.0,0.0,0.0,1.0,0.0,52,1.0,42,0.0,0.0,1.0,1.0,1.0,1.0,1.0,1.0,1.0
54,24,0.0,0,1,1,0.13636363636363635,1.0,1.0,1.0,0.0,1.0,0.0,0.0,1.0,0.0,53,1.0,43,0.0,0.0,1.0,1.0,1.0,1.0,1.0,1.0,1.0
55,24,0.0,0,1,1,0.13636363636363635,1.0,1.0,1.0,0.0,1.0,0.0,0.0,1.0,0.0,54,1.0,43,0.0,0.0,1.0,1.0,1.0,1.0,1.0,1.0,1.0
56,24,0.0,0,1,1,0.13636363636363635,1.0,1.0,1.0,0.0,1.0,0.0,0.0,1.0,0.0,55,1.0,43,0.0,0.0,1.0,1.0,1.0,1.0,1.0,1.0,1.0
57,24,0.0,0,1,1,0.13636363636363635,1.0,1.0,1.0,0.0,1.0,0.0,0.0,1.0,0.0,56,1.0,43,0.0,0.0,1.0,1.0,1.0,1.0,1.0,1.0,1.0
58,24,0.0,0,1,1,0.13636363636363635,1.0,1.0,1.0,0.0,1.0,0.0,0.0,1.0,0.0,57,1.0,43,0.0,0.0,1.0,1.0,1.0,1.0,1.0,1.0,1.0
59,24,0.0,0,1,1,0.13636363636363635,1.0,1.0,1.0,0.0,1.0,0.0,0.0,1.0,0.0,58,1.0,43,0.0,0.0,1.0,1.0,1.0,1.0,1.0,1.0,1.0
60,24,0.0,0,1,1,0.13636363636363635,1.0,1.0,1.0,0.0,1.0,0.0,0.0,1.0,0.0,59,1.0,43,0.0,0.0,1.0,1.0,1.0,1.0,1.0,1.0,1.0
61,24,0.0,0,1,1,0.13636363636363635,1.0,1.0,1.0,0.0,1.0,0.0,0.0,1.0,0.0,60,1.0,43,0.0,0.0,1.0,1.0,1.0,1.0,1.0,1.0,1.0
62,24,0.0,0,1,1,0.13636363636363635,1.0,1.0,1.0,0.0,1.0,0.0,0.0,1.0,0.0,61,1.0,43,0.0,0.0,1.0,1.0,1.0,1.0,1.0,1.0,1.0
63,24,0.0,0,1,1,0.13636363636363635,1.0,1.0,1.0,0.0,1.0,0.0,0.0,1.0,0.0,62,1.0,43,0.0,0.0,1.0,1.0,1.0,1.0,1.0,1.0,1.0
64,24,0.0,0,1,1,0.13636363636363635,1.0,1.0,1.0,0.0,1.0,0.0,0.0,1.0,0.0,63,1.0,43,0.0,0.0,1.0,1.0,1.0,1.0,1.0,1.0,1.0
65,24,0.0,0,1,1,0.13636363636363635,1.0,1.0,1.0,0.0,1.0,0.0,0.0,1.0,0.0,64,1.0,43,0.0,0.0,1.0,1.0,1.0,1.0,1.0,1.0,1.0
66,24,0.0,0,1,1,0.13636363636363635,1.0,1.0,1.0,0.0,1.0,0.0,0.0,1.0,0.0,65,1.0,43,0.0,0.0,1.0,1.0,1.0,1.0,1.0,1.0,1.0
67,24,0.0,0,1,1,0.13636363636363635,1.0,1.0,1.0,0.0,1.0,0.0,0.0,1.0,0.0,66,1.0,43,0.0,0.0,1.0,1.0,1.0,1.0,1.0,1.0,1.0
68,24,0.0,0,1,1,0.13636363636363635,1.0,1.0,1.0,0.0,1.0,0.0,0.0,1.0,0.0,67,1.0,43,0.0,0.0,1.0,1.0,1.0,1.0,1.0,1.0,1.0
69,24,0.0,0,1,1,0.13636363636363635,1.0,1.0,1.0,0.0,1.0,0.0,0.0,1.0,0.0,68,1.0,43,0.0,0.0,1.0,1.0,1.0,1.0,1.0,1.0,1.0
70,24,0.0,0,1,1,0.13636363636363635,1.0,1.0,1.0,0.0,1.0,0.0,0.0,1.0,0.0,69,1.0,43,0.0,0.0,1.0,1.0,1.0,1.0,1.0,1.0,1.0
71,24,0.0,0,1,1,0.13636363636363635,1.0,1.0,1.0,0.0,1.0,0.0,0.0,1.0,0.0,70,1.0,43,0.0,0.0,1.0,1.0,1.0,1.0,1.0,1.0,1.0
72,24,0.0,0,1,1,0.13636363636363635,1.0,1.0,1.0,0.0,1.0,0.0,0.0,1.0,0.0,71,1.0,43,0.0,0.0,1.0,1.0,1.0,1.0,1.0,1.0,1.0
73,24,0.0,0,1,1,0.13636363636363635,1.0,1.0,1.0,0.0,1.0,0.0,0.0,1.0,0.0,72,1.0,43,0.0,0.0,1.0,1.0,1.0,1.0,1.0,1.0,1.0
74,24,0.0,0,1,1,0.13636363636363635,1.0,1.0,1.0,0.0,1.0,0.0,0.0,1.0,0.0,73,1.0,43,0.0,0.0,1.0,1.0,1.0,1.0,1.0,1.0,1.0
75,24,0.0,0,1,1,0.13636363636363635,1.0,1.0,1.0,0.0,1.0,0.0,0.0,1.0,0.0,74,1.0,43,0.0,0.0,1.0,1.0,1.0,1.0,1.0,1.0,1.0
76,24,0.0,0,1,1,0.13636363636363635,1.0,1.0,1.0,0.0,1.0,0.0,0.0,1.0,0.0,75,1.0,43,0.0,0.0,1.0,1.0,1.0,1.0,1.0,1.0,1.0
77,24,0.0,0,1,1,0.13636363636363635,1.0,1.0,1.0,0.0,1.0,0.0,0.0,1.0,0.0,76,1.0,43,0.0,0.0,1.0,1.0,1.0,1.0,1.0,1.0,1.0
78,24,0.0,0,1,1,0.13636363636363635,1.0,1.0,1.0,0.0,1.0,0.0,0.0,1.0,0.0,77,1.0,43,0.0,0.0,1.0,1.0,1.0,1.0,1.0,1.0,1.0
79,24,0.0,0,1,1,0.13636363636363635,1.0,1.0,1.0,0.0,1.0,0.0,0.0,1.0,0.0,78,1.0,43,0.0,0.0,1.0,1.0,1.0,1.0,1.0,1.0,1.0
80,24,0.0,0,1,1,0.13636363636363635,1.0,1.0,1.0,0.0,1.0,0.0,0.0,1.0,0.0,79,1.0,43,0.0,0.0,1.0,1.0,1.0,1.0,1.0,1.0,1.0
81,24,0.0,0,1,1,0.13636363636363635,1.0,1.0,1.0,0.0,1.0,0.0,0.0,1.0,0.0,80,1.0,43,0.0,0.0,1.0,1.0,1.0,1.0,1.0,1.0,1.0
82,24,0.0,0,1,1,0.13636363636363635,1.0,1.0,1.0,0.0,1.0,0.0,0.0,1.0,0.0,81,1.0,43,0.0,0.0,1.0,1.0,1.0,1.0,1.0,1.0,1.0
83,24,0.0,0,1,1,0.13636363636363635,1.0,1.0,1.0,0.0,1.0,0.0,0.0,1.0,0.0,82,1.0,43,0.0,0.0,1.0,1.0,1.0,1.0,1.0,1.0,1.0
84,24,0.0,0,1,1,0.13636363636363635,1.0,1.0,1.0,0.0,1.0,0.0,0.0,1.0,0.0,83,1.0,43,0.0,0.0,1.0,1.0,1.0,1.0,1.0,1.0,1.0
85,24,0.0,0,1,1,0.13636363636363635,1.0,1.0,1.0,0.0,1.0,0.0,0.0,1.0,0.0,84,1.0,43,0.0,0.0,1.0,1.0,1.0,1.0,1.0,1.0,1.0
86,24,0.0,0,1,1,0.13636363636363635,1.0,1.0,1.0,0.0,1.0,0.0,0.0,1.0,0.0,85,1.0,43,0.0,0.0,1.0,1.0,1.0,1.0,1.0,1.0,1.0
87,24,0.0,0,1,1,0.13636363636363635,1.0,1.0,1.0,0.0,1.0,0.0,0.0,1.0,0.0,86,1.0,43,0.0,0.0,1.0,1.0,1.0,1.0,1.0,1.0,1.0
88,24,0.0,0,1,1,0.13636363636363635,1.0,1.0,1.0,0.0,1.0,0.0,0.0,1.0,0.0,87,1.0,43,0.0,0.0,1.0,1.0,1.0,1.0,1.0,1.0,1.0
89,24,0.0,0,1,1,0.13636363636363635,1.0,1.0,1.0,0.0,1.0,0.0,0.0,1.0,0.0,88,1.0,43,0.0,0.0,1.0,1.0,1.0,1.0,1.0,1.0,1.0
90,24,0.0,0,1,1,0.13636363636363635,1.0,1.0,1.0,0.0,1.0,0.0,0.0,1.0,0.0,89,1.0,43,0.0,0.0,1.0,1.0,1.0,1.0,1.0,1.0,1.0
91,24,0.0,0,1,1,0.13636363636363635,1.0,1.0,1.0,0.0,1.0,0.0,0.0,1.0,0.0,90,1.0,43,0.0,0.0,1.0,1.0,1.0,1.0,1.0,1.0,1.0
92,24,0.0,0,1,1,0.13636363636363635,1.0,1.0,1.0,0.0,1.0,0.0,0.0,1.0,0.0,91,1.0,43,0.0,0.0,1.0,1.0,1.0,1.0,1.0,1.0,1.0
93,24,0.0,0,1,1,0.13636363636363635,1.0,1.0,1.0,0.0,1.0,0.0,0.0,1.0,0.0,92,1.0,43,0.0,0.0,1.0,1.0,1.0,1.0,1.0,1.0,1.0
94,24,0.0,0,1,1,0.13636363636363635,1.0,1.0,1.0,0.0,1.0,0.0,0.0,1.0,0.0,93,1.0,43,0.0,0.0,1.0,1.0,1.0,1.0,1.0,1.0,1.0
95,24,0.0,0,1,1,0.13636363636363635,1.0,1.0,1.0,0.0,1.0,0.0,0.0,1.0,0.0,94,1.0,43,0.0,0.0,1.0,1.0,1.0,1.0,1.0,1.0,1.0
96,24,0.0,0,1,1,0.13636363636363635,1.0,1.0,1.0,0.0,1.0,0.0,0.0,1.0,0.0,95,1.0,43,0.0,0.0,1.0,1.0,1.0,1.0,1.0,1.0,1.0
97,24,0.0,0,1,1,0.13636363636363635,1.0,1.0,1.0,0.0,1.0,0.0,0.0,1.0,0.0,96,1.0,43,0.0,0.0,1.0,1.0,1.0,1.0,1.0,1.0,1.0
98,24,0.0,0,1,1,0.13636363636363635,1.0,1.0,1.0,0.0,1.0,0.0,0.0,1.0,0.0,97,1.0,43,0.0,0.0,1.0,1.0,1.0,1.0,1.0,1.0,1.0
99,24,0.0,0,1,1,0.13636363636363635,1.0,1.0,1.0,0.0,1.0,0.0,0.0,1.0,0.0,98,1.0,43,0.0,0.0,1.0,1.0,1.0,1.0,1.0,1.0,1.0
100,24,0.0,0,1,1,0.13636363636363635,1.0,1.0,1.0,0.0,1.0,0.0,0.0,1.0,0.0,99,1.0,43,0.0,0.0,1.0,1.0,1.0,1.0,1.0,1.0,1.0
101,24,0.0,0,1,1,0.13636363636363635,1.0,1.0,1.0,0.0,1.0,0.0,0.0,1.0,0.0,100,1.0,43,0.0,0.0,1.0,1.0,1.0,1.0,1.0,1.0,1.0
102,24,0.0,0,1,1,0.13636363636363635,1.0,1.0,1.0,0.0,1.0,0.0,0.0,1.0,0.0,101,1.0,43,0.0,0.0,1.0,1.0,1.0,1.0,1.0,1.0,1.0
103,24,0.0,0,1,1,0.13636363636363635,1.0,1.0,1.0,0.0,1.0,0.0,0.0,1.0,0.0,102,1.0,43,0.0,0.0,1.0,1.0,1.0,1.0,1.0,1.0,1.0
104,24,0.0,0,1,1,0.13636363636363635,1.0,1.0,1.0,0.0,1.0,0.0,0.0,1.0,0.0,103,1.0,43,0.0,0.0,1.0,1.0,1.0,1.0,1.0,1.0,1.0
105,24,0.0,0,1,1,0.13636363636363635,1.0,1.0,1.0,0.0,1.0,0.0,0.0,1.0,0.0,104,1.0,43,0.0,0.0,1.0,1.0,1.0,1.0,1.0,1.0,1.0
106,24,0.0,0,1,1,0.13636363636363635,1.0,1.0,1.0,0.0,1.0,0.0,0.0,1.0,0.0,105,1.0,43,0.0,0.0,1.0,1.0,1.0,1.0,1.0,1.0,1.0
107,24,0.0,0,1,1,0.13636363636363635,1.0,1.0,1.0,0.0,1.0,0.0,0.0,1.0,0.0,106,1.0,43,0.0,0.0,1.0,1.0,1.0,1.0,1.0,1.0,1.0
108,24,0.0,0,1,1,0.13636363636363635,1.0,1.0,1.0,0.0,1.0,0.0,0.0,1.0,0.0,107,1.0,43,0.0,0.0,1.0,1.0,1.0,1.0,1.0,1.0,1.0
109,24,0.0,0,1,1,0.13636363636363635,1.0,1.0,1.0,0.0,1.0,0.0,0.0,1.0,0.0,108,1.0,43,0.0,0.0,1.0,1.0,1.0,1.0,1.0,1.0,1.0
110,24,0.0,0,1,1,0.13636363636363635,1.0,1.0,1.0,0.0,1.0,0.0,0.0,1.0,0.0,109,1.0,43,0.0,0.0,1.0,1.0,1.0,1.0,1.0,1.0,1.0
111,24,0.0,0,1,1,0.13636363636363635,1.0,1.0,1.0,0.0,1.0,0.0,0.0,1.0,0.0,110,1.0,43,0.0,0.0,1.0,1.0,1.0,1.0,1.0,1.0,1.0
112,24,0.0,0,1,1,0.13636363636363635,1.0,1.0,1.0,0.0,1.0,0.0,0.0,1.0,0.0,111,1.0,43,0.0,0.0,1.0,1.0,1.0,1.0,1.0,1.0,1.0
113,24,0.0,0,1,1,0.13636363636363635,1.0,1.0,1.0,0.0,1.0,0.0,0.0,1.0,0.0,112,1.0,43,0.0,0.0,1.0,1.0,1.0,1.0,1.0,1.0,1.0
114,24,0.0,0,1,1,0.13636363636363635,1.0,1.0,1.0,0.0,1.0,0.0,0.0,1.0,0.0,113,1.0,43,0.0,0.0,1.0,1.0,1.0,1.0,1.0,1.0,1.0
115,24,0.0,0,1,1,0.13636363636363635,1.0,1.0,1.0,0.0,1.0,0.0,0.0,1.0,0.0,114,1.0,43,0.0,0.0,1.0,1.0,1.0,1.0,1.0,1.0,1.0
116,24,0.0,0,1,1,0.13636363636363635,1.0,1.0,1.0,0.0,1.0,0.0,0.0,1.0,0.0,115,1.0,43,0.0,0.0,1.0,1.0,1.0,1.0,1.0,1.0,1.0
117,24,0.0,0,1,1,0.13636363636363635,1.0,1.0,1.0,0.0,1.0,0.0,0.0,1.0,0.0,116,1.0,43,0.0,0.0,1.0,1.0,1.0,1.0,1.0,1.0,1.0
118,24,0.0,0,1,1,0.13636363636363635,1.0,1.0,1.0,0.0,1.0,0.0,0.0,1.0,0.0,117,1.0,43,0.0,0.0,1.0,1.0,1.0,1.0,1.0,1.0,1.0
119,24,0.0,0,1,1,0.13636363636363635,1.0,1.0,1.0,0.0,1.0,0.0,0.0,1.0,0.0,118,1.0,43,0.0,0.0,1.0,1.0,1.0,1.0,1.0,1.0,1.0
120,24,0.0,0,1,1,0.13636363636363635,1.0,1.0,1.0,0.0,1.0,0.0,0.0,1.0,0.0,119,1.0,43,0.0,0.0,1.0,1.0,1.0,1.0,1.0,1.0,1.0
121,24,0.0,0,1,1,0.13636363636363635,1.0,1.0,1.0,0.0,1.0,0.0,0.0,1.0,0.0,120,1.0,43,0.0,0.0,1.0,1.0,1.0,1.0,1.0,1.0,1.0
122,24,0.0,0,1,1,0.13636363636363635,1.0,1.0,1.0,0.0,1.0,0.0,0.0,1.0,0.0,121,1.0,43,0.0,0.0,1.0,1.0,1.0,1.0,1.0,1.0,1.0
1,25,1.0,1,0,1,0.18181818181818182,1.0,6.0,8.0,0.0,6.0,0.0,0.0,8.0,0.0,0,0.0,0,0.0,0.0,1.3333333333333333,0.0,0.0,0.0,0.0,0.0,0.0
2,25,1.0,1,0,1,0.18181818181818182,1.0,6.0,8.0,0.0,6.0,0.0,0.0,8.0,0.0,1,0.5,43,0.0,0.0,1.3333333333333333,6.0,8.0,0.0,0.0,0.0,0.0
3,25,1.0,1,0,1,0.18181818181818182,1.0,6.0,8.0,0.0,6.0,0.0,0.0,8.0,0.0,2,0.6666666666666666,43,0.0,0.0,1.3333333333333333,6.0,8.0,6.0,8.0,0.0,0.0
4,25,1.0,0,1,1,0.18181818181818182,1.0,6.0,8.0,0.0,6.0,0.0,0.0,8.0,0.0,3,0.75,43,0.0,0.0,1.3333333333333333,6.0,8.0,6.0,8.0,6.0,8.0
5,25,1.0,0,1,1,0.18181818181818182,1.0,6.0,8.0,0.0,6.0,0.0,0.0,8.0,0.0,4,0.8,43,0.0,0.0,1.3333333333333333,6.0,8.0,6.0,8.0,6.0,8.0
6,25,1.0,0,1,1,0.18181818181818182,1.0,5.8,8.0,-1.4619519810524544,6.0,0.0,0.0,8.0,0.0,5,1.0,25,-1.0,0.0,1.6,6.0,8.0,6.0,8.0,6.0,8.0
7,25,1.0,0,1,1,0.18181818181818182,1.0,5.2,8.0,-1.5671296202894471,6.0,0.0,0.0,8.0,0.0,6,1.0,25,-3.0,0.0,2.6666666666666665,5.0,8.0,6.0,8.0,6.0,8.0
8,25,1.0,0,1,1,0.18181818181818182,1.0,4.4,7.6,-1.2522238631916074,6.0,0.0,-1.6089664627846396,8.0,0.0,7,1.0,26,-4.0,-2.0,3.0,3.0,8.0,5.0,8.0,6.0,8.0
9,25,1.0,0,1,1,0.18181818181818182,1.0,3.6,6.8,-0.8348159087944048,6.0,0.0,-1.4823800218180343,8.0,0.0,8,1.0,25,-4.0,-4.0,2.0,2.0,6.0,3.0,8.0,5.0,8.0
10,25,1.0,0,1,1,0.18181818181818182,1.0,2.8,6.0,-0.5698653164688896,5.0,0.0,-0.9523809523809526,8.0,0.0,9,1.0,25,-4.0,-4.0,2.0,2.0,4.0,2.0,6.0,3.0,8.0
11,25,1.0,0,1,1,0.18181818181818182,1.0,2.2,5.6,-0.36548799526311343,3.0,-2.0,0.22556559900618678,8.0,-2.0,10,1.0,27,-3.0,-2.0,3.0,2.0,4.0,2.0,4.0,2.0,6.0
12,25,1.0,0,1,1,0.18181818181818182,1.0,2.0,5.0,0.0,2.0,2.0,0.0,6.0,-3.0,11,1.0,33,-1.0,-3.0,2.5,2.0,6.0,2.0,4.0,2.0,4.0
13,25,1.0,0,1,1,0.18181818181818182,1.0,2.0,4.8,0.0,2.0,4.0,0.2135246453721962,6.0,1.0,12,1.0,30,0.0,-1.0,2.5,2.0,5.0,2.0,6.0,2.0,4.0
14,25,1.0,0,1,1,0.18181818181818182,1.0,2.0,4.8,0.0,2.0,4.0,-0.8540985814887839,6.0,4.0,13,1.0,25,0.0,0.0,2.0,2.0,5.0,2.0,5.0,2.0,6.0
15,25,1.0,0,1,1,0.18181818181818182,1.0,1.8,4.4,-1.4619519810524546,2.0,3.0,-1.4846201804125525,6.0,2.0,14,1.0,28,-1.0,-2.0,2.0,2.0,4.0,2.0,5.0,2.0,5.0
16,25,1.0,0,1,1,0.18181818181818182,1.0,1.6,3.6,-0.9263225327693093,2.0,2.0,-0.9897467869417016,5.0,-2.0,15,1.0,28,-1.0,-4.0,2.0,1.0,2.0,2.0,4.0,2.0,5.0
17,25,1.0,0,1,1,0.18181818181818182,1.0,1.4,2.8,-0.6175483551795393,2.0,0.0,-1.032602903541969,5.0,-1.0,16,1.0,28,-1.0,-4.0,1.0,1.0,2.0,1.0,2.0,2.0,4.0
18,25,1.0,0,1,1,0.18181818181818182,1.0,1.2,2.0,-0.36548799526311354,2.0,-1.0,-0.7548623297930129,4.0,-3.0,17,1.0,29,-1.0,-4.0,1.0,1.0,1.0,1.0,2.0,1.0,2.0
19,25,1.0,0,1,1,0.18181818181818182,1.0,1.0,1.4,0.0,1.0,-1.0,-0.6175483551795401,2.0,-3.0,18,1.0,33,-1.0,-3.0,1.0,1.0,1.0,1.0,1.0,1.0,2.0
20,25,1.0,0,1,1,0.18181818181818182,1.0,1.0,1.2,0.0,1.0,1.0,-0.36548799526311426,2.0,1.0,19,1.0,32,0.0,-1.0,1.0,1.0,1.0,1.0,1.0,1.0,1.0
21,25,1.0,0,1,1,0.18181818181818182,1.0,1.0,1.0,0.0,1.0,1.0,0.0,1.0,3.0,20,1.0,32,0.0,-1.0,1.0,1.0,1.0,1.0,1.0,1.0,1.0
22,25,1.0,0,1,1,0.18181818181818182,1.0,1.0,1.0,0.0,1.0,1.0,0.0,1.0,4.0,21,1.0,33,0.0,0.0,1.0,1.0,1.0,1.0,1.0,1.0,1.0
23,25,1.0,0,1,1,0.18181818181818182,1.0,1.0,1.0,0.0,1.0,1.0,0.0,1.0,4.0,22,1.0,34,0.0,0.0,1.0,1.0,1.0,1.0,1.0,1.0,1.0
24,25,1.0,0,1,1,0.18181818181818182,1.0,1.0,1.0,0.0,1.0,1.0,0.0,1.0,3.0,23,1.0,34,0.0,0.0,1.0,1.0,1.0,1.0,1.0,1.0,1.0
25,25,1.0,0,1,1,0.18181818181818182,1.0,1.0,1.0,0.0,1.0,0.0,0.0,1.0,1.0,24,1.0,32,0.0,0.0,1.0,1.0,1.0,1.0,1.0,1.0,1.0
26,25,1.0,0,1,1,0.18181818181818182,1.0,1.0,1.0,0.0,1.0,0.0,0.0,1.0,1.0,25,1.0,35,0.0,0.0,1.0,1.0,1.0,1.0,1.0,1.0,1.0
27,25,1.0,0,1,1,0.18181818181818182,1.0,1.0,1.0,0.0,1.0,0.0,0.0,1.0,0.0,26,1.0,36,0.0,0.0,1.0,1.0,1.0,1.0,1.0,1.0,1.0
28,25,1.0,0,1,1,0.18181818181818182,1.0,1.0,1.0,0.0,1.0,0.0,0.0,1.0,0.0,27,1.0,34,0.0,0.0,1.0,1.0,1.0,1.0,1.0,1.0,1.0
29,25,1.0,0,1,1,0.18181818181818182,1.0,1.0,1.0,0.0,1.0,0.0,0.0,1.0,0.0,28,1.0,33,0.0,0.0,1.0,1.0,1.0,1.0,1.0,1.0,1.0
30,25,1.0,0,1,1,0.18181818181818182,1.0,1.0,1.0,0.0,1.0,0.0,0.0,1.0,0.0,29,1.0,35,0.0,0.0,1.0,1.0,1.0,1.0,1.0,1.0,1.0
31,25,1.0,0,1,1,0.18181818181818182,1.0,1.0,1.0,0.0,1.0,0.0,0.0,1.0,0.0,30,1.0,36,0.0,0.0,1.0,1.0,1.0,1.0,1.0,1.0,1.0
32,25,1.0,0,1,1,0.18181818181818182,1.0,1.0,1.0,0.0,1.0,0.0,0.0,1.0,0.0,31,1.0,37,0.0,0.0,1.0,1.0,1.0,1.0,1.0,1.0,1.0
33,25,1.0,0,1,1,0.18181818181818182,1.0,1.0,1.0,0.0,1.0,0.0,0.0,1.0,0.0,32,1.0,39,0.0,0.0,1.0,1.0,1.0,1.0,1.0,1.0,1.0
34,25,1.0,0,1,1,0.18181818181818182,1.0,1.0,1.0,0.0,1.0,0.0,0.0,1.0,0.0,33,1.0,39,0.0,0.0,1.0,1.0,1.0,1.0,1.0,1.0,1.0
35,25,1.0,0,1,1,0.18181818181818182,1.0,1.0,1.0,0.0,1.0,0.0,0.0,1.0,0.0,34,1.0,38,0.0,0.0,1.0,1.0,1.0,1.0,1.0,1.0,1.0
36,25,1.0,0,1,1,0.18181818181818182,1.0,1.0,1.0,0.0,1.0,0.0,0.0,1.0,0.0,35,1.0,38,0.0,0.0,1.0,1.0,1.0,1.0,1.0,1.0,1.0
37,25,1.0,0,1,1,0.18181818181818182,1.0,1.0,1.0,0.0,1.0,0.0,0.0,1.0,0.0,36,1.0,39,0.0,0.0,1.0,1.0,1.0,1.0,1.0,1.0,1.0
38,25,1.0,0,1,1,0.18181818181818182,1.0,1.0,1.0,0.0,1.0,0.0,0.0,1.0,0.0,37,1.0,38,0.0,0.0,1.0,1.0,1.0,1.0,1.0,1.0,1.0
39,25,1.0,0,1,1,0.18181818181818182,1.0,1.0,1.0,0.0,1.0,0.0,0.0,1.0,0.0,38,1.0,38,0.0,0.0,1.0,1.0,1.0,1.0,1.0,1.0,1.0
40,25,1.0,0,1,1,0.18181818181818182,1.0,1.0,1.0,0.0,1.0,0.0,0.0,1.0,0.0,39,1.0,40,0.0,0.0,1.0,1.0,1.0,1.0,1.0,1.0,1.0
41,25,1.0,0,1,1,0.18181818181818182,1.0,1.0,1.0,0.0,1.0,0.0,0.0,1.0,0.0,40,1.0,41,0.0,0.0,1.0,1.0,1.0,1.0,1.0,1.0,1.0
42,25,1.0,0,1,1,0.18181818181818182,1.0,1.0,1.0,0.0,1.0,0.0,0.0,1.0,0.0,41,1.0,41,0.0,0.0,1.0,1.0,1.0,1.0,1.0,1.0,1.0
43,25,1.0,0,1,1,0.18181818181818182,1.0,1.0,1.0,0.0,1.0,0.0,0.0,1.0,0.0,42,1.0,41,0.0,0.0,1.0,1.0,1.0,1.0,1.0,1.0,1.0
44,25,1.0,0,1,1,0.18181818181818182,1.0,1.0,1.0,0.0,1.0,0.0,0.0,1.0,0.0,43,1.0,42,0.0,0.0,1.0,1.0,1.0,1.0,1.0,1.0,1.0
45,25,1.0,0,1,1,0.18181818181818182,1.0,1.0,1.0,0.0,1.0,0.0,0.0,1.0,0.0,44,1.0,41,0.0,0.0,1.0,1.0,1.0,1.0,1.0,1.0,1.0
46,25,1.0,0,1,1,0.18181818181818182,1.0,1.0,1.0,0.0,1.0,0.0,0.0,1.0,0.0,45,1.0,41,0.0,0.0,1.0,1.0,1.0,1.0,1.0,1.0,1.0
47,25,1.0,0,1,1,0.18181818181818182,1.0,1.0,1.0,0.0,1.0,0.0,0.0,1.0,0.0,46,1.0,41,0.0,0.0,1.0,1.0,1.0,1.0,1.0,1.0,1.0
48,25,1.0,0,1,1,0.18181818181818182,1.0,1.0,1.0,0.0,1.0,0.0,0.0,1.0,0.0,47,1.0,42,0.0,0.0,1.0,1.0,1.0,1.0,1.0,1.0,1.0
49,25,1.0,0,1,1,0.18181818181818182,1.0,1.0,1.0,0.0,1.0,0.0,0.0,1.0,0.0,48,1.0,42,0.0,0.0,1.0,1.0,1.0,1.0,1.0,1.0,1.0
50,25,1.0,0,1,1,0.18181818181818182,1.0,1.0,1.0,0.0,1.0,0.0,0.0,1.0,0.0,49,1.0,42,0.0,0.0,1.0,1.0,1.0,1.0,1.0,1.0,1.0
51,25,1.0,0,1,1,0.18181818181818182,1.0,1.0,1.0,0.0,1.0,0.0,0.0,1.0,0.0,50,1.0,42,0.0,0.0,1.0,1.0,1.0,1.0,1.0,1.0,1.0
52,25,1.0,0,1,1,0.18181818181818182,1.0,1.0,1.0,0.0,1.0,0.0,0.0,1.0,0.0,51,1.0,42,0.0,0.0,1.0,1.0,1.0,1.0,1.0,1.0,1.0
53,25,1.0,0,1,1,0.18181818181818182,1.0,1.0,1.0,0.0,1.0,0.0,0.0,1.0,0.0,52,1.0,42,0.0,0.0,1.0,1.0,1.0,1.0,1.0,1.0,1.0
54,25,1.0,0,1,1,0.18181818181818182,1.0,1.0,1.0,0.0,1.0,0.0,0.0,1.0,0.0,53,1.0,43,0.0,0.0,1.0,1.0,1.0,1.0,1.0,1.0,1.0
55,25,1.0,0,1,1,0.18181818181818182,1.0,1.0,1.0,0.0,1.0,0.0,0.0,1.0,0.0,54,1.0,43,0.0,0.0,1.0,1.0,1.0,1.0,1.0,1.0,1.0
56,25,1.0,0,1,1,0.18181818181818182,1.0,1.0,1.0,0.0,1.0,0.0,0.0,1.0,0.0,55,1.0,43,0.0,0.0,1.0,1.0,1.0,1.0,1.0,1.0,1.0
57,25,1.0,0,1,1,0.18181818181818182,1.0,1.0,1.0,0.0,1.0,0.0,0.0,1.0,0.0,56,1.0,43,0.0,0.0,1.0,1.0,1.0,1.0,1.0,1.0,1.0
58,25,1.0,0,1,1,0.18181818181818182,1.0,1.0,1.0,0.0,1.0,0.0,0.0,1.0,0.0,57,1.0,43,0.0,0.0,1.0,1.0,1.0,1.0,1.0,1.0,1.0
59,25,1.0,0,1,1,0.18181818181818182,1.0,1.0,1.0,0.0,1.0,0.0,0.0,1.0,0.0,58,1.0,43,0.0,0.0,1.0,1.0,1.0,1.0,1.0,1.0,1.0
60,25,1.0,0,1,1,0.18181818181818182,1.0,1.0,1.0,0.0,1.0,0.0,0.0,1.0,0.0,59,1.0,43,0.0,0.0,1.0,1.0,1.0,1.0,1.0,1.0,1.0
61,25,1.0,0,1,1,0.18181818181818182,1.0,1.0,1.0,0.0,1.0,0.0,0.0,1.0,0.0,60,1.0,43,0.0,0.0,1.0,1.0,1.0,1.0,1.0,1.0,1.0
62,25,1.0,0,1,1,0.18181818181818182,1.0,1.0,1.0,0.0,1.0,0.0,0.0,1.0,0.0,61,1.0,43,0.0,0.0,1.0,1.0,1.0,1.0,1.0,1.0,1.0
63,25,1.0,0,1,1,0.18181818181818182,1.0,1.0,1.0,0.0,1.0,0.0,0.0,1.0,0.0,62,1.0,43,0.0,0.0,1.0,1.0,1.0,1.0,1.0,1.0,1.0
64,25,1.0,0,1,1,0.18181818181818182,1.0,1.0,1.0,0.0,1.0,0.0,0.0,1.0,0.0,63,1.0,43,0.0,0.0,1.0,1.0,1.0,1.0,1.0,1.0,1.0
65,25,1.0,0,1,1,0.18181818181818182,1.0,1.0,1.0,0.0,1.0,0.0,0.0,1.0,0.0,64,1.0,43,0.0,0.0,1.0,1.0,1.0,1.0,1.0,1.0,1.0
66,25,1.0,0,1,1,0.18181818181818182,1.0,1.0,1.0,0.0,1.0,0.0,0.0,1.0,0.0,65,1.0,43,0.0,0.0,1.0,1.0,1.0,1.0,1.0,1.0,1.0
67,25,1.0,0,1,1,0.18181818181818182,1.0,1.0,1.0,0.0,1.0,0.0,0.0,1.0,0.0,66,1.0,43,0.0,0.0,1.0,1.0,1.0,1.0,1.0,1.0,1.0
68,25,1.0,0,1,1,0.18181818181818182,1.0,1.0,1.0,0.0,1.0,0.0,0.0,1.0,0.0,67,1.0,43,0.0,0.0,1.0,1.0,1.0,1.0,1.0,1.0,1.0
69,25,1.0,0,1,1,0.18181818181818182,1.0,1.0,1.0,0.0,1.0,0.0,0.0,1.0,0.0,68,1.0,43,0.0,0.0,1.0,1.0,1.0,1.0,1.0,1.0,1.0
70,25,1.0,0,1,1,0.18181818181818182,1.0,1.0,1.0,0.0,1.0,0.0,0.0,1.0,0.0,69,1.0,43,0.0,0.0,1.0,1.0,1.0,1.0,1.0,1.0,1.0
71,25,1.0,0,1,1,0.18181818181818182,1.0,1.0,1.0,0.0,1.0,0.0,0.0,1.0,0.0,70,1.0,43,0.0,0.0,1.0,1.0,1.0,1.0,1.0,1.0,1.0
72,25,1.0,0,1,1,0.18181818181818182,1.0,1.0,1.0,0.0,1.0,0.0,0.0,1.0,0.0,71,1.0,43,0.0,0.0,1.0,1.0,1.0,1.0,1.0,1.0,1.0
73,25,1.0,0,1,1,0.18181818181818182,1.0,1.0,1.0,0.0,1.0,0.0,0.0,1.0,0.0,72,1.0,43,0.0,0.0,1.0,1.0,1.0,1.0,1.0,1.0,1.0
74,25,1.0,0,1,1,0.18181818181818182,1.0,1.0,1.0,0.0,1.0,0.0,0.0,1.0,0.0,73,1.0,43,0.0,0.0,1.0,1.0,1.0,1.0,1.0,1.0,1.0
75,25,1.0,0,1,1,0.18181818181818182,1.0,1.0,1.0,0.0,1.0,0.0,0.0,1.0,0.0,74,1.0,43,0.0,0.0,1.0,1.0,1.0,1.0,1.0,1.0,1.0
76,25,1.0,0,1,1,0.18181818181818182,1.0,1.0,1.0,0.0,1.0,0.0,0.0,1.0,0.0,75,1.0,43,0.0,0.0,1.0,1.0,1.0,1.0,1.0,1.0,1.0
77,25,1.0,0,1,1,0.18181818181818182,1.0,1.0,1.0,0.0,1.0,0.0,0.0,1.0,0.0,76,1.0,43,0.0,0.0,1.0,1.0,1.0,1.0,1.0,1.0,1.0
78,25,1.0,0,1,1,0.18181818181818182,1.0,1.0,1.0,0.0,1.0,0.0,0.0,1.0,0.0,77,1.0,43,0.0,0.0,1.0,1.0,1.0,1.0,1.0,1.0,1.0
79,25,1.0,0,1,1,0.18181818181818182,1.0,1.0,1.0,0.0,1.0,0.0,0.0,1.0,0.0,78,1.0,43,0.0,0.0,1.0,1.0,1.0,1.0,1.0,1.0,1.0
80,25,1.0,0,1,1,0.18181818181818182,1.0,1.0,1.0,0.0,1.0,0.0,0.0,1.0,0.0,79,1.0,43,0.0,0.0,1.0,1.0,1.0,1.0,1.0,1.0,1.0
81,25,1.0,0,1,1,0.18181818181818182,1.0,1.0,1.0,0.0,1.0,0.0,0.0,1.0,0.0,80,1.0,43,0.0,0.0,1.0,1.0,1.0,1.0,1.0,1.0,1.0
82,25,1.0,0,1,1,0.18181818181818182,1.0,1.0,1.0,0.0,1.0,0.0,0.0,1.0,0.0,81,1.0,43,0.0,0.0,1.0,1.0,1.0,1.0,1.0,1.0,1.0
83,25,1.0,0,1,1,0.18181818181818182,1.0,1.0,1.0,0.0,1.0,0.0,0.0,1.0,0.0,82,1.0,43,0.0,0.0,1.0,1.0,1.0,1.0,1.0,1.0,1.0
84,25,1.0,0,1,1,0.18181818181818182,1.0,1.0,1.0,0.0,1.0,0.0,0.0,1.0,0.0,83,1.0,43,0.0,0.0,1.0,1.0,1.0,1.0,1.0,1.0,1.0
85,25,1.0,0,1,1,0.18181818181818182,1.0,1.0,1.0,0.0,1.0,0.0,0.0,1.0,0.0,84,1.0,43,0.0,0.0,1.0,1.0,1.0,1.0,1.0,1.0,1.0
86,25,1.0,0,1,1,0.18181818181818182,1.0,1.0,1.0,0.0,1.0,0.0,0.0,1.0,0.0,85,1.0,43,0.0,0.0,1.0,1.0,1.0,1.0,1.0,1.0,1.0
87,25,1.0,0,1,1,0.18181818181818182,1.0,1.0,1.0,0.0,1.0,0.0,0.0,1.0,0.0,86,1.0,43,0.0,0.0,1.0,1.0,1.0,1.0,1.0,1.0,1.0
88,25,1.0,0,1,1,0.18181818181818182,1.0,1.0,1.0,0.0,1.0,0.0,0.0,1.0,0.0,87,1.0,43,0.0,0.0,1.0,1.0,1.0,1.0,1.0,1.0,1.0
89,25,1.0,0,1,1,0.18181818181818182,1.0,1.0,1.0,0.0,1.0,0.0,0.0,1.0,0.0,88,1.0,43,0.0,0.0,1.0,1.0,1.0,1.0,1.0,1.0,1.0
90,25,1.0,0,1,1,0.18181818181818182,1.0,1.0,1.0,0.0,1.0,0.0,0.0,1.0,0.0,89,1.0,43,0.0,0.0,1.0,1.0,1.0,1.0,1.0,1.0,1.0
91,25,1.0,0,1,1,0.18181818181818182,1.0,1.0,1.0,0.0,1.0,0.0,0.0,1.0,0.0,90,1.0,43,0.0,0.0,1.0,1.0,1.0,1.0,1.0,1.0,1.0
92,25,1.0,0,1,1,0.18181818181818182,1.0,1.0,1.0,0.0,1.0,0.0,0.0,1.0,0.0,91,1.0,43,0.0,0.0,1.0,1.0,1.0,1.0,1.0,1.0,1.0
93,25,1.0,0,1,1,0.18181818181818182,1.0,1.0,1.0,0.0,1.0,0.0,0.0,1.0,0.0,92,1.0,43,0.0,0.0,1.0,1.0,1.0,1.0,1.0,1.0,1.0
94,25,1.0,0,1,1,0.18181818181818182,1.0,1.0,1.0,0.0,1.0,0.0,0.0,1.0,0.0,93,1.0,43,0.0,0.0,1.0,1.0,1.0,1.0,1.0,1.0,1.0
95,25,1.0,0,1,1,0.18181818181818182,1.0,1.0,1.0,0.0,1.0,0.0,0.0,1.0,0.0,94,1.0,43,0.0,0.0,1.0,1.0,1.0,1.0,1.0,1.0,1.0
96,25,1.0,0,1,1,0.18181818181818182,1.0,1.0,1.0,0.0,1.0,0.0,0.0,1.0,0.0,95,1.0,43,0.0,0.0,1.0,1.0,1.0,1.0,1.0,1.0,1.0
97,25,1.0,0,1,1,0.18181818181818182,1.0,1.0,1.0,0.0,1.0,0.0,0.0,1.0,0.0,96,1.0,43,0.0,0.0,1.0,1.0,1.0,1.0,1.0,1.0,1.0
98,25,1.0,0,1,1,0.18181818181818182,1.0,1.0,1.0,0.0,1.0,0.0,0.0,1.0,0.0,97,1.0,43,0.0,0.0,1.0,1.0,1.0,1.0,1.0,1.0,1.0
99,25,1.0,0,1,1,0.18181818181818182,1.0,1.0,1.0,0.0,1.0,0.0,0.0,1.0,0.0,98,1.0,43,0.0,0.0,1.0,1.0,1.0,1.0,1.0,1.0,1.0
100,25,1.0,0,1,1,0.18181818181818182,1.0,1.0,1.0,0.0,1.0,0.0,0.0,1.0,0.0,99,1.0,43,0.0,0.0,1.0,1.0,1.0,1.0,1.0,1.0,1.0
101,25,1.0,0,1,1,0.18181818181818182,1.0,1.0,1.0,0.0,1.0,0.0,0.0,1.0,0.0,100,1.0,43,0.0,0.0,1.0,1.0,1.0,1.0,1.0,1.0,1.0
102,25,1.0,0,1,1,0.18181818181818182,1.0,1.0,1.0,0.0,1.0,0.0,0.0,1.0,0.0,101,1.0,43,0.0,0.0,1.0,1.0,1.0,1.0,1.0,1.0,1.0
103,25,1.0,0,1,1,0.18181818181818182,1.0,1.0,1.0,0.0,1.0,0.0,0.0,1.0,0.0,102,1.0,43,0.0,0.0,1.0,1.0,1.0,1.0,1.0,1.0,1.0
104,25,1.0,0,1,1,0.18181818181818182,1.0,1.0,1.0,0.0,1.0,0.0,0.0,1.0,0.0,103,1.0,43,0.0,0.0,1.0,1.0,1.0,1.0,1.0,1.0,1.0
105,25,1.0,0,1,1,0.18181818181818182,1.0,1.0,1.0,0.0,1.0,0.0,0.0,1.0,0.0,104,1.0,43,0.0,0.0,1.0,1.0,1.0,1.0,1.0,1.0,1.0
106,25,1.0,0,1,1,0.18181818181818182,1.0,1.0,1.0,0.0,1.0,0.0,0.0,1.0,0.0,105,1.0,43,0.0,0.0,1.0,1.0,1.0,1.0,1.0,1.0,1.0
107,25,1.0,0,1,1,0.18181818181818182,1.0,1.0,1.0,0.0,1.0,0.0,0.0,1.0,0.0,106,1.0,43,0.0,0.0,1.0,1.0,1.0,1.0,1.0,1.0,1.0
108,25,1.0,0,1,1,0.18181818181818182,1.0,1.0,1.0,0.0,1.0,0.0,0.0,1.0,0.0,107,1.0,43,0.0,0.0,1.0,1.0,1.0,1.0,1.0,1.0,1.0
109,25,1.0,0,1,1,0.18181818181818182,1.0,1.0,1.0,0.0,1.0,0.0,0.0,1.0,0.0,108,1.0,43,0.0,0.0,1.0,1.0,1.0,1.0,1.0,1.0,1.0
110,25,1.0,0,1,1,0.18181818181818182,1.0,1.0,1.0,0.0,1.0,0.0,0.0,1.0,0.0,109,1.0,43,0.0,0.0,1.0,1.0,1.0,1.0,1.0,1.0,1.0
111,25,1.0,0,1,1,0.18181818181818182,1.0,1.0,1.0,0.0,1.0,0.0,0.0,1.0,0.0,110,1.0,43,0.0,0.0,1.0,1.0,1.0,1.0,1.0,1.0,1.0
112,25,1.0,0,1,1,0.18181818181818182,1.0,1.0,1.0,0.0,1.0,0.0,0.0,1.0,0.0,111,1.0,43,0.0,0.0,1.0,1.0,1.0,1.0,1.0,1.0,1.0
113,25,1.0,0,1,1,0.18181818181818182,1.0,1.0,1.0,0.0,1.0,0.0,0.0,1.0,0.0,112,1.0,43,0.0,0.0,1.0,1.0,1.0,1.0,1.0,1.0,1.0
114,25,1.0,0,1,1,0.18181818181818182,1.0,1.0,1.0,0.0,1.0,0.0,0.0,1.0,0.0,113,1.0,43,0.0,0.0,1.0,1.0,1.0,1.0,1.0,1.0,1.0
115,25,1.0,0,1,1,0.18181818181818182,1.0,1.0,1.0,0.0,1.0,0.0,0.0,1.0,0.0,114,1.0,43,0.0,0.0,1.0,1.0,1.0,1.0,1.0,1.0,1.0
116,25,1.0,0,1,1,0.18181818181818182,1.0,1.0,1.0,0.0,1.0,0.0,0.0,1.0,0.0,115,1.0,43,0.0,0.0,1.0,1.0,1.0,1.0,1.0,1.0,1.0
117,25,1.0,0,1,1,0.18181818181818182,1.0,1.0,1.0,0.0,1.0,0.0,0.0,1.0,0.0,116,1.0,43,0.0,0.0,1.0,1.0,1.0,1.0,1.0,1.0,1.0
118,25,1.0,0,1,1,0.18181818181818182,1.0,1.0,1.0,0.0,1.0,0.0,0.0,1.0,0.0,117,1.0,43,0.0,0.0,1.0,1.0,1.0,1.0,1.0,1.0,1.0
119,25,1.0,0,1,1,0.18181818181818182,1.0,1.0,1.0,0.0,1.0,0.0,0.0,1.0,0.0,118,1.0,43,0.0,0.0,1.0,1.0,1.0,1.0,1.0,1.0,1.0
120,25,1.0,0,1,1,0.18181818181818182,1.0,1.0,1.0,0.0,1.0,0.0,0.0,1.0,0.0,119,1.0,43,0.0,0.0,1.0,1.0,1.0,1.0,1.0,1.0,1.0
121,25,1.0,0,1,1,0.18181818181818182,1.0,1.0,1.0,0.0,1.0,0.0,0.0,1.0,0.0,120,1.0,43,0.0,0.0,1.0,1.0,1.0,1.0,1.0,1.0,1.0
122,25,1.0,0,1,1,0.18181818181818182,1.0,1.0,1.0,0.0,1.0,0.0,0.0,1.0,0.0,121,1.0,43,0.0,0.0,1.0,1.0,1.0,1.0,1.0,1.0,1.0
1,26,0.0,1,0,1,0.22727272727272727,1.0,6.0,9.0,0.0,6.0,0.0,0.0,9.0,0.0,0,0.0,0,0.0,0.0,1.5,0.0,0.0,0.0,0.0,0.0,0.0
2,26,0.0,1,0,1,0.22727272727272727,1.0,6.0,9.0,0.0,6.0,0.0,0.0,9.0,0.0,1,0.5,43,0.0,0.0,1.5,6.0,9.0,0.0,0.0,0.0,0.0
3,26,0.0,1,0,1,0.22727272727272727,1.0,6.0,9.0,0.0,6.0,0.0,0.0,9.0,0.0,2,0.6666666666666666,43,0.0,0.0,1.5,6.0,9.0,6.0,9.0,0.0,0.0
4,26,0.0,0,1,1,0.22727272727272727,1.0,6.0,9.0,0.0,6.0,0.0,0.0,9.0,0.0,3,0.75,43,0.0,0.0,1.5,6.0,9.0,6.0,9.0,6.0,9.0
5,26,0.0,0,1,1,0.22727272727272727,1.0,6.0,9.0,0.0,6.0,0.0,0.0,9.0,0.0,4,0.8,43,0.0,0.0,1.5,6.0,9.0,6.0,9.0,6.0,9.0
6,26,0.0,0,1,1,0.22727272727272727,0.9523809523809523,6.0,9.0,0.0,6.0,0.0,0.0,9.0,0.0,0,0.8,26,0.0,0.0,1.5,6.0,9.0,6.0,9.0,6.0,9.0
7,26,0.0,0,1,1,0.22727272727272727,0.9047619047619048,5.8,8.8,-1.4619519810524544,6.0,0.0,-1.461951981052455,9.0,0.0,0,0.6,26,-1.0,-1.0,1.6,6.0,9.0,6.0,9.0,6.0,9.0
8,26,0.0,0,1,1,0.2727272727272727,0.9047619047619048,5.2,8.6,-1.5671296202894471,6.0,0.0,-0.9263225327693084,9.0,0.0,0,0.4,27,-3.0,-1.0,2.6666666666666665,5.0,8.0,6.0,9.0,6.0,9.0
9,26,0.0,0,1,1,0.2727272727272727,0.8571428571428571,4.6,8.0,-0.9897467869417012,6.0,0.0,-1.5097246595860256,9.0,0.0,0,0.2,26,-3.0,-3.0,2.0,3.0,8.0,5.0,8.0,6.0,9.0
10,26,0.0,0,1,1,0.2727272727272727,0.8095238095238095,4.0,7.4,-0.6604088253131131,6.0,0.0,-0.971115698938449,9.0,0.0,0,0.0,26,-3.0,-3.0,2.0,3.0,6.0,3.0,8.0,5.0,8.0
11,26,0.0,0,1,1,0.22727272727272727,0.8095238095238095,3.4,7.0,-0.40224161569615996,5.0,-3.0,0.0,8.0,-2.0,0,0.0,28,-3.0,-2.0,2.3333333333333335,3.0,6.0,3.0,6.0,3.0,8.0
12,26,0.0,0,1,1,0.22727272727272727,0.7619047619047619,2.8,6.2,-1.4619519810524544,3.0,-2.0,-1.3895558604210463,8.0,-3.0,0,0.0,34,-3.0,-4.0,2.0,3.0,7.0,3.0,6.0,3.0,6.0
13,26,0.0,0,1,1,0.22727272727272727,0.7142857142857143,2.4,5.4,-1.4078456549365599,3.0,1.0,-0.9711156989384488,7.0,-3.0,0,0.0,31,-2.0,-4.0,4.0,2.0,4.0,3.0,7.0,3.0,6.0
14,26,0.0,0,1,1,0.22727272727272727,0.6666666666666666,2.2,5.0,-0.21352464537219606,3.0,2.0,-0.660408825313113,7.0,1.0,0,0.0,26,-1.0,-2.0,2.0,1.0,4.0,2.0,4.0,3.0,7.0
15,26,0.0,0,1,1,0.22727272727272727,0.6666666666666666,2.2,4.6,0.8540985814887833,3.0,3.0,-0.416192442402192,7.0,1.0,1,0.2,28,0.0,-2.0,1.3333333333333333,2.0,4.0,1.0,4.0,2.0,4.0
16,26,0.0,0,1,1,0.22727272727272727,0.6666666666666666,2.2,4.4,0.8540985814887833,3.0,3.0,1.6089664627846396,6.0,1.0,2,0.4,28,0.0,-1.0,2.0,3.0,4.0,2.0,4.0,1.0,4.0
17,26,0.0,0,1,1,0.2727272727272727,0.6666666666666666,2.8,4.8,1.3895558604210465,5.0,6.0,1.0038102000104192,6.0,6.0,0,0.4,29,3.0,2.0,1.2,3.0,6.0,3.0,4.0,2.0,4.0
18,26,0.0,0,1,1,0.2727272727272727,0.6190476190476191,3.2,5.2,-0.16730170000173664,5.0,4.0,0.6692068000069459,6.0,6.0,0,0.4,30,2.0,2.0,2.0,5.0,6.0,3.0,6.0,3.0,4.0
19,26,0.0,0,1,1,0.2727272727272727,0.5714285714285714,3.2,5.4,-1.003810200010419,5.0,1.0,-0.40224161569616035,6.0,3.0,0,0.4,34,0.0,1.0,2.5,3.0,6.0,5.0,6.0,3.0,6.0
20,26,0.0,0,1,1,0.2727272727272727,0.5238095238095238,3.0,5.2,-0.7548623297930127,5.0,-1.0,-1.5671296202894471,6.0,1.0,0,0.2,33,-1.0,-1.0,1.5,2.0,5.0,3.0,6.0,5.0,6.0
21,26,1.0,0,1,1,0.2727272727272727,0.47619047619047616,2.8,4.8,-0.5698653164688896,5.0,-1.0,-0.5698653164688896,6.0,-1.0,0,0.0,33,-1.0,-2.0,2.0,2.0,3.0,2.0,5.0,3.0,6.0
22,26,1.0,0,1,1,0.2727272727272727,0.42857142857142855,2.2,4.2,-0.36548799526311393,3.0,-6.0,-0.8547979747033349,6.0,-5.0,0,0.0,34,-3.0,-3.0,1.5,2.0,4.0,2.0,3.0,2.0,5.0
23,26,1.0,0,1,1,0.3181818181818182,0.42857142857142855,2.2,4.0,1.4619519810524544,3.0,-2.0,0.9090909090909092,5.0,-3.0,0,0.0,35,0.0,-1.0,1.6666666666666667,2.0,3.0,2.0,4.0,2.0,3.0
24,26,1.0,0,1,1,0.36363636363636365,0.42857142857142855,2.6,4.2,1.4078456549365599,4.0,2.0,1.2821969620550018,6.0,0.0,0,0.0,35,2.0,1.0,1.5,3.0,5.0,2.0,3.0,2.0,4.0
25,26,1.0,0,1,1,0.36363636363636365,0.42857142857142855,3.0,5.0,0.9090909090909092,4.0,3.0,1.1896697430395098,7.0,5.0,1,0.2,32,2.0,4.0,1.75,4.0,6.0,3.0,5.0,2.0,3.0
26,26,1.0,0,1,1,0.36363636363636365,0.42857142857142855,3.4,5.6,0.6033624235442401,4.0,3.0,0.789479596521653,7.0,5.0,2,0.4,35,2.0,3.0,1.75,4.0,7.0,4.0,6.0,3.0,5.0
27,26,1.0,0,1,1,0.36363636363636365,0.42857142857142855,3.8,6.4,0.365487995263114,4.0,5.0,0.6033624235442395,7.0,7.0,3,0.6,36,2.0,4.0,1.75,4.0,7.0,4.0,7.0,4.0,6.0
28,26,1.0,0,1,1,0.36363636363636365,0.42857142857142855,4.0,6.6,0.0,4.0,1.0,-0.9263225327693091,7.0,2.0,4,0.8,34,1.0,1.0,1.5,4.0,7.0,4.0,7.0,4.0,7.0
29,26,1.0,0,1,1,0.36363636363636365,0.42857142857142855,4.0,6.8,0.0,4.0,-2.0,0.3654879952631141,7.0,0.0,5,1.0,33,0.0,1.0,1.75,4.0,6.0,4.0,7.0,4.0,7.0
30,26,1.0,0,1,1,0.36363636363636365,0.42857142857142855,4.0,6.8,0.0,4.0,-2.0,0.3654879952631141,7.0,-4.0,6,1.0,35,0.0,0.0,1.75,4.0,7.0,4.0,6.0,4.0,7.0
31,26,1.0,0,1,1,0.36363636363636365,0.42857142857142855,4.2,7.0,1.4619519810524544,5.0,-1.0,1.2389934309929544,8.0,-2.0,7,1.0,36,1.0,1.0,1.6,4.0,7.0,4.0,7.0,4.0,6.0
32,26,1.0,0,1,1,0.36363636363636365,0.42857142857142855,4.4,7.2,0.9263225327693089,5.0,-1.0,0.8540985814887833,8.0,-3.0,8,1.0,37,1.0,1.0,1.6,5.0,8.0,4.0,7.0,4.0,7.0
33,26,1.0,0,1,1,0.36363636363636365,0.42857142857142855,4.6,7.6,0.6175483551795402,5.0,0.0,0.6175483551795403,8.0,1.0,9,1.0,39,1.0,2.0,1.6,5.0,8.0,5.0,8.0,4.0,7.0
34,26,1.0,0,1,1,0.36363636363636365,0.42857142857142855,4.8,7.8,0.365487995263114,5.0,1.0,0.3654879952631141,8.0,0.0,10,1.0,39,1.0,1.0,1.6,5.0,8.0,5.0,8.0,5.0,8.0
35,26,1.0,0,1,1,0.36363636363636365,0.42857142857142855,5.0,8.0,0.0,5.0,1.0,0.0,8.0,1.0,11,1.0,38,1.0,1.0,1.6,5.0,8.0,5.0,8.0,5.0,8.0
36,26,1.0,0,1,1,0.36363636363636365,0.42857142857142855,4.8,8.0,-1.4619519810524544,5.0,-2.0,0.0,8.0,-1.0,12,1.0,38,-1.0,0.0,2.0,5.0,8.0,5.0,8.0,5.0,8.0
37,26,1.0,0,1,1,0.36363636363636365,0.42857142857142855,4.6,8.0,-0.9263225327693089,5.0,-2.0,0.0,8.0,-1.0,13,1.0,39,-1.0,0.0,2.0,4.0,8.0,5.0,8.0,5.0,8.0
38,26,1.0,0,1,1,0.36363636363636365,0.42857142857142855,4.4,8.0,-0.6175483551795402,5.0,-2.0,0.0,8.0,-2.0,14,1.0,38,-1.0,0.0,2.0,4.0,8.0,4.0,8.0,5.0,8.0
39,26,1.0,0,1,1,0.36363636363636365,0.42857142857142855,4.2,8.2,-0.365487995263114,5.0,-2.0,1.461951981052455,9.0,0.0,15,1.0,38,-1.0,1.0,2.25,4.0,8.0,4.0,8.0,4.0,8.0
40,26,1.0,0,1,1,0.36363636363636365,0.42857142857142855,4.2,8.2,1.4619519810524544,5.0,-1.0,-0.36548799526311215,9.0,-1.0,16,1.0,40,0.0,0.0,1.6,4.0,9.0,4.0,8.0,4.0,8.0
41,26,1.0,0,1,1,0.36363636363636365,0.42857142857142855,4.4,8.2,0.9263225327693089,5.0,2.0,-0.36548799526311215,9.0,0.0,17,1.0,41,1.0,0.0,1.6,5.0,8.0,4.0,9.0,4.0,8.0
42,26,1.0,0,1,1,0.36363636363636365,0.42857142857142855,4.6,8.2,0.6175483551795402,5.0,2.0,-0.36548799526311215,9.0,0.0,18,1.0,41,1.0,0.0,1.6,5.0,8.0,5.0,8.0,4.0,9.0
43,26,1.0,0,1,1,0.36363636363636365,0.42857142857142855,4.6,8.2,-0.9263225327693089,5.0,1.0,-0.36548799526311215,9.0,0.0,19,1.0,41,0.0,0.0,2.0,5.0,8.0,5.0,8.0,5.0,8.0
44,26,1.0,0,1,1,0.36363636363636365,0.42857142857142855,4.6,8.0,-0.9263225327693089,5.0,1.0,0.0,8.0,-2.0,20,1.0,42,0.0,-1.0,2.0,4.0,8.0,5.0,8.0,5.0,8.0
45,26,1.0,0,1,1,0.36363636363636365,0.42857142857142855,4.4,7.8,-0.6175483551795402,5.0,-1.0,-1.4619519810524544,8.0,-1.0,21,1.0,41,-1.0,-1.0,1.75,4.0,8.0,4.0,8.0,5.0,8.0
46,26,1.0,0,1,1,0.36363636363636365,0.42857142857142855,4.2,7.6,-0.365487995263114,5.0,-2.0,-0.9263225327693089,8.0,-1.0,22,1.0,41,-1.0,-1.0,1.75,4.0,7.0,4.0,8.0,4.0,8.0
47,26,1.0,0,1,1,0.36363636363636365,0.42857142857142855,4.0,7.4,0.0,4.0,-2.0,-0.6175483551795402,8.0,-1.0,23,1.0,41,-1.0,-1.0,1.75,4.0,7.0,4.0,7.0,4.0,8.0
48,26,1.0,0,1,1,0.36363636363636365,0.42857142857142855,4.0,7.2,0.0,4.0,0.0,-0.365487995263114,8.0,-1.0,24,1.0,42,0.0,-1.0,1.75,4.0,7.0,4.0,7.0,4.0,7.0
49,26,1.0,0,1,1,0.36363636363636365,0.42857142857142855,4.0,7.0,0.0,4.0,0.0,0.0,7.0,0.0,25,1.0,42,0.0,-1.0,1.75,4.0,7.0,4.0,7.0,4.0,7.0
50,26,1.0,0,1,1,0.36363636363636365,0.42857142857142855,4.0,7.0,0.0,4.0,1.0,0.0,7.0,1.0,26,1.0,42,0.0,0.0,1.75,4.0,7.0,4.0,7.0,4.0,7.0
51,26,1.0,0,1,1,0.36363636363636365,0.42857142857142855,4.0,7.0,0.0,4.0,1.0,0.0,7.0,1.0,27,1.0,42,0.0,0.0,1.75,4.0,7.0,4.0,7.0,4.0,7.0
52,26,1.0,0,1,1,0.36363636363636365,0.42857142857142855,4.0,7.0,0.0,4.0,1.0,0.0,7.0,1.0,28,1.0,42,0.0,0.0,1.75,4.0,7.0,4.0,7.0,4.0,7.0
53,26,1.0,0,1,1,0.36363636363636365,0.42857142857142855,4.0,7.0,0.0,4.0,0.0,0.0,7.0,1.0,29,1.0,42,0.0,0.0,1.75,4.0,7.0,4.0,7.0,4.0,7.0
54,26,1.0,0,1,1,0.36363636363636365,0.42857142857142855,4.0,7.0,0.0,4.0,0.0,0.0,7.0,1.0,30,1.0,43,0.0,0.0,1.75,4.0,7.0,4.0,7.0,4.0,7.0
55,26,1.0,0,1,1,0.36363636363636365,0.42857142857142855,4.0,7.0,0.0,4.0,0.0,0.0,7.0,0.0,31,1.0,43,0.0,0.0,1.75,4.0,7.0,4.0,7.0,4.0,7.0
56,26,1.0,0,1,1,0.36363636363636365,0.42857142857142855,4.0,7.0,0.0,4.0,0.0,0.0,7.0,0.0,32,1.0,43,0.0,0.0,1.75,4.0,7.0,4.0,7.0,4.0,7.0
57,26,1.0,0,1,1,0.36363636363636365,0.42857142857142855,4.0,7.0,0.0,4.0,0.0,0.0,7.0,0.0,33,1.0,43,0.0,0.0,1.75,4.0,7.0,4.0,7.0,4.0,7.0
58,26,1.0,0,1,1,0.36363636363636365,0.42857142857142855,4.0,7.0,0.0,4.0,0.0,0.0,7.0,0.0,34,1.0,43,0.0,0.0,1.75,4.0,7.0,4.0,7.0,4.0,7.0
59,26,1.0,0,1,1,0.36363636363636365,0.42857142857142855,4.0,7.0,0.0,4.0,0.0,0.0,7.0,0.0,35,1.0,43,0.0,0.0,1.75,4.0,7.0,4.0,7.0,4.0,7.0
60,26,1.0,0,1,1,0.36363636363636365,0.42857142857142855,4.0,7.0,0.0,4.0,0.0,0.0,7.0,0.0,36,1.0,43,0.0,0.0,1.75,4.0,7.0,4.0,7.0,4.0,7.0
61,26,1.0,0,1,1,0.36363636363636365,0.42857142857142855,4.0,7.0,0.0,4.0,0.0,0.0,7.0,0.0,37,1.0,43,0.0,0.0,1.75,4.0,7.0,4.0,7.0,4.0,7.0
62,26,1.0,0,1,1,0.36363636363636365,0.42857142857142855,4.0,7.0,0.0,4.0,0.0,0.0,7.0,0.0,38,1.0,43,0.0,0.0,1.75,4.0,7.0,4.0,7.0,4.0,7.0
63,26,1.0,0,1,1,0.36363636363636365,0.42857142857142855,4.0,7.0,0.0,4.0,0.0,0.0,7.0,0.0,39,1.0,43,0.0,0.0,1.75,4.0,7.0,4.0,7.0,4.0,7.0
64,26,1.0,0,1,1,0.36363636363636365,0.42857142857142855,4.0,7.0,0.0,4.0,0.0,0.0,7.0,0.0,40,1.0,43,0.0,0.0,1.75,4.0,7.0,4.0,7.0,4.0,7.0
65,26,1.0,0,1,1,0.36363636363636365,0.42857142857142855,4.0,7.0,0.0,4.0,0.0,0.0,7.0,0.0,41,1.0,43,0.0,0.0,1.75,4.0,7.0,4.0,7.0,4.0,7.0
66,26,1.0,0,1,1,0.36363636363636365,0.42857142857142855,4.0,7.0,0.0,4.0,0.0,0.0,7.0,0.0,42,1.0,43,0.0,0.0,1.75,4.0,7.0,4.0,7.0,4.0,7.0
67,26,1.0,0,1,1,0.36363636363636365,0.42857142857142855,4.0,7.0,0.0,4.0,0.0,0.0,7.0,0.0,43,1.0,43,0.0,0.0,1.75,4.0,7.0,4.0,7.0,4.0,7.0
68,26,1.0,0,1,1,0.36363636363636365,0.42857142857142855,4.0,7.0,0.0,4.0,0.0,0.0,7.0,0.0,44,1.0,43,0.0,0.0,1.75,4.0,7.0,4.0,7.0,4.0,7.0
69,26,1.0,0,1,1,0.36363636363636365,0.42857142857142855,4.0,7.0,0.0,4.0,0.0,0.0,7.0,0.0,45,1.0,43,0.0,0.0,1.75,4.0,7.0,4.0,7.0,4.0,7.0
70,26,1.0,0,1,1,0.36363636363636365,0.42857142857142855,4.0,7.0,0.0,4.0,0.0,0.0,7.0,0.0,46,1.0,43,0.0,0.0,1.75,4.0,7.0,4.0,7.0,4.0,7.0
71,26,1.0,0,1,1,0.36363636363636365,0.42857142857142855,4.0,7.0,0.0,4.0,0.0,0.0,7.0,0.0,47,1.0,43,0.0,0.0,1.75,4.0,7.0,4.0,7.0,4.0,7.0
72,26,1.0,0,1,1,0.36363636363636365,0.42857142857142855,4.0,7.0,0.0,4.0,0.0,0.0,7.0,0.0,48,1.0,43,0.0,0.0,1.75,4.0,7.0,4.0,7.0,4.0,7.0
73,26,1.0,0,1,1,0.36363636363636365,0.42857142857142855,4.0,7.0,0.0,4.0,0.0,0.0,7.0,0.0,49,1.0,43,0.0,0.0,1.75,4.0,7.0,4.0,7.0,4.0,7.0
74,26,1.0,0,1,1,0.36363636363636365,0.42857142857142855,4.0,7.0,0.0,4.0,0.0,0.0,7.0,0.0,50,1.0,43,0.0,0.0,1.75,4.0,7.0,4.0,7.0,4.0,7.0
75,26,1.0,0,1,1,0.36363636363636365,0.42857142857142855,4.0,7.0,0.0,4.0,0.0,0.0,7.0,0.0,51,1.0,43,0.0,0.0,1.75,4.0,7.0,4.0,7.0,4.0,7.0
76,26,1.0,0,1,1,0.36363636363636365,0.42857142857142855,4.0,7.0,0.0,4.0,0.0,0.0,7.0,0.0,52,1.0,43,0.0,0.0,1.75,4.0,7.0,4.0,7.0,4.0,7.0
77,26,1.0,0,1,1,0.36363636363636365,0.42857142857142855,4.0,7.0,0.0,4.0,0.0,0.0,7.0,0.0,53,1.0,43,0.0,0.0,1.75,4.0,7.0,4.0,7.0,4.0,7.0
78,26,1.0,0,1,1,0.36363636363636365,0.42857142857142855,4.0,7.0,0.0,4.0,0.0,0.0,7.0,0.0,54,1.0,43,0.0,0.0,1.75,4.0,7.0,4.0,7.0,4.0,7.0
79,26,1.0,0,1,1,0.36363636363636365,0.42857142857142855,4.0,7.0,0.0,4.0,0.0,0.0,7.0,0.0,55,1.0,43,0.0,0.0,1.75,4.0,7.0,4.0,7.0,4.0,7.0
80,26,1.0,0,1,1,0.36363636363636365,0.42857142857142855,4.0,7.0,0.0,4.0,0.0,0.0,7.0,0.0,56,1.0,43,0.0,0.0,1.75,4.0,7.0,4.0,7.0,4.0,7.0
81,26,1.0,0,1,1,0.36363636363636365,0.42857142857142855,4.0,7.0,0.0,4.0,0.0,0.0,7.0,0.0,57,1.0,43,0.0,0.0,1.75,4.0,7.0,4.0,7.0,4.0,7.0
82,26,1.0,0,1,1,0.36363636363636365,0.42857142857142855,4.0,7.0,0.0,4.0,0.0,0.0,7.0,0.0,58,1.0,43,0.0,0.0,1.75,4.0,7.0,4.0,7.0,4.0,7.0
83,26,1.0,0,1,1,0.36363636363636365,0.42857142857142855,4.0,7.0,0.0,4.0,0.0,0.0,7.0,0.0,59,1.0,43,0.0,0.0,1.75,4.0,7.0,4.0,7.0,4.0,7.0
84,26,1.0,0,1,1,0.36363636363636365,0.42857142857142855,4.0,7.0,0.0,4.0,0.0,0.0,7.0,0.0,60,1.0,43,0.0,0.0,1.75,4.0,7.0,4.0,7.0,4.0,7.0
85,26,1.0,0,1,1,0.36363636363636365,0.42857142857142855,4.0,7.0,0.0,4.0,0.0,0.0,7.0,0.0,61,1.0,43,0.0,0.0,1.75,4.0,7.0,4.0,7.0,4.0,7.0
86,26,1.0,0,1,1,0.36363636363636365,0.42857142857142855,4.0,7.0,0.0,4.0,0.0,0.0,7.0,0.0,62,1.0,43,0.0,0.0,1.75,4.0,7.0,4.0,7.0,4.0,7.0
87,26,1.0,0,1,1,0.36363636363636365,0.42857142857142855,4.0,7.0,0.0,4.0,0.0,0.0,7.0,0.0,63,1.0,43,0.0,0.0,1.75,4.0,7.0,4.0,7.0,4.0,7.0
88,26,1.0,0,1,1,0.36363636363636365,0.42857142857142855,4.0,7.0,0.0,4.0,0.0,0.0,7.0,0.0,64,1.0,43,0.0,0.0,1.75,4.0,7.0,4.0,7.0,4.0,7.0
89,26,1.0,0,1,1,0.36363636363636365,0.42857142857142855,4.0,7.0,0.0,4.0,0.0,0.0,7.0,0.0,65,1.0,43,0.0,0.0,1.75,4.0,7.0,4.0,7.0,4.0,7.0
90,26,1.0,0,1,1,0.36363636363636365,0.42857142857142855,4.0,7.0,0.0,4.0,0.0,0.0,7.0,0.0,66,1.0,43,0.0,0.0,1.75,4.0,7.0,4.0,7.0,4.0,7.0
91,26,1.0,0,1,1,0.36363636363636365,0.42857142857142855,4.0,7.0,0.0,4.0,0.0,0.0,7.0,0.0,67,1.0,43,0.0,0.0,1.75,4.0,7.0,4.0,7.0,4.0,7.0
92,26,1.0,0,1,1,0.36363636363636365,0.42857142857142855,4.0,7.0,0.0,4.0,0.0,0.0,7.0,0.0,68,1.0,43,0.0,0.0,1.75,4.0,7.0,4.0,7.0,4.0,7.0
93,26,1.0,0,1,1,0.36363636363636365,0.42857142857142855,4.0,7.0,0.0,4.0,0.0,0.0,7.0,0.0,69,1.0,43,0.0,0.0,1.75,4.0,7.0,4.0,7.0,4.0,7.0
94,26,1.0,0,1,1,0.36363636363636365,0.42857142857142855,4.0,7.0,0.0,4.0,0.0,0.0,7.0,0.0,70,1.0,43,0.0,0.0,1.75,4.0,7.0,4.0,7.0,4.0,7.0
95,26,1.0,0,1,1,0.36363636363636365,0.42857142857142855,4.0,7.0,0.0,4.0,0.0,0.0,7.0,0.0,71,1.0,43,0.0,0.0,1.75,4.0,7.0,4.0,7.0,4.0,7.0
96,26,1.0,0,1,1,0.36363636363636365,0.42857142857142855,4.0,7.0,0.0,4.0,0.0,0.0,7.0,0.0,72,1.0,43,0.0,0.0,1.75,4.0,7.0,4.0,7.0,4.0,7.0
97,26,1.0,0,1,1,0.36363636363636365,0.42857142857142855,4.0,7.0,0.0,4.0,0.0,0.0,7.0,0.0,73,1.0,43,0.0,0.0,1.75,4.0,7.0,4.0,7.0,4.0,7.0
98,26,1.0,0,1,1,0.36363636363636365,0.42857142857142855,4.0,7.0,0.0,4.0,0.0,0.0,7.0,0.0,74,1.0,43,0.0,0.0,1.75,4.0,7.0,4.0,7.0,4.0,7.0
99,26,1.0,0,1,1,0.36363636363636365,0.42857142857142855,4.0,7.0,0.0,4.0,0.0,0.0,7.0,0.0,75,1.0,43,0.0,0.0,1.75,4.0,7.0,4.0,7.0,4.0,7.0
100,26,1.0,0,1,1,0.36363636363636365,0.42857142857142855,4.0,7.0,0.0,4.0,0.0,0.0,7.0,0.0,76,1.0,43,0.0,0.0,1.75,4.0,7.0,4.0,7.0,4.0,7.0
101,26,1.0,0,1,1,0.36363636363636365,0.42857142857142855,4.0,7.0,0.0,4.0,0.0,0.0,7.0,0.0,77,1.0,43,0.0,0.0,1.75,4.0,7.0,4.0,7.0,4.0,7.0
102,26,1.0,0,1,1,0.36363636363636365,0.42857142857142855,4.0,7.0,0.0,4.0,0.0,0.0,7.0,0.0,78,1.0,43,0.0,0.0,1.75,4.0,7.0,4.0,7.0,4.0,7.0
103,26,1.0,0,1,1,0.36363636363636365,0.42857142857142855,4.0,7.0,0.0,4.0,0.0,0.0,7.0,0.0,79,1.0,43,0.0,0.0,1.75,4.0,7.0,4.0,7.0,4.0,7.0
104,26,1.0,0,1,1,0.36363636363636365,0.42857142857142855,4.0,7.0,0.0,4.0,0.0,0.0,7.0,0.0,80,1.0,43,0.0,0.0,1.75,4.0,7.0,4.0,7.0,4.0,7.0
105,26,1.0,0,1,1,0.36363636363636365,0.42857142857142855,4.0,7.0,0.0,4.0,0.0,0.0,7.0,0.0,81,1.0,43,0.0,0.0,1.75,4.0,7.0,4.0,7.0,4.0,7.0
106,26,1.0,0,1,1,0.36363636363636365,0.42857142857142855,4.0,7.0,0.0,4.0,0.0,0.0,7.0,0.0,82,1.0,43,0.0,0.0,1.75,4.0,7.0,4.0,7.0,4.0,7.0
107,26,1.0,0,1,1,0.36363636363636365,0.42857142857142855,4.0,7.0,0.0,4.0,0.0,0.0,7.0,0.0,83,1.0,43,0.0,0.0,1.75,4.0,7.0,4.0,7.0,4.0,7.0
108,26,1.0,0,1,1,0.36363636363636365,0.42857142857142855,4.0,7.0,0.0,4.0,0.0,0.0,7.0,0.0,84,1.0,43,0.0,0.0,1.75,4.0,7.0,4.0,7.0,4.0,7.0
109,26,1.0,0,1,1,0.36363636363636365,0.42857142857142855,4.0,7.0,0.0,4.0,0.0,0.0,7.0,0.0,85,1.0,43,0.0,0.0,1.75,4.0,7.0,4.0,7.0,4.0,7.0
110,26,1.0,0,1,1,0.36363636363636365,0.42857142857142855,4.0,7.0,0.0,4.0,0.0,0.0,7.0,0.0,86,1.0,43,0.0,0.0,1.75,4.0,7.0,4.0,7.0,4.0,7.0
111,26,1.0,0,1,1,0.36363636363636365,0.42857142857142855,4.0,7.0,0.0,4.0,0.0,0.0,7.0,0.0,87,1.0,43,0.0,0.0,1.75,4.0,7.0,4.0,7.0,4.0,7.0
112,26,1.0,0,1,1,0.36363636363636365,0.42857142857142855,4.0,7.0,0.0,4.0,0.0,0.0,7.0,0.0,88,1.0,43,0.0,0.0,1.75,4.0,7.0,4.0,7.0,4.0,7.0
113,26,1.0,0,1,1,0.36363636363636365,0.42857142857142855,4.0,7.0,0.0,4.0,0.0,0.0,7.0,0.0,89,1.0,43,0.0,0.0,1.75,4.0,7.0,4.0,7.0,4.0,7.0
114,26,1.0,0,1,1,0.36363636363636365,0.42857142857142855,4.0,7.0,0.0,4.0,0.0,0.0,7.0,0.0,90,1.0,43,0.0,0.0,1.75,4.0,7.0,4.0,7.0,4.0,7.0
115,26,1.0,0,1,1,0.36363636363636365,0.42857142857142855,4.0,7.0,0.0,4.0,0.0,0.0,7.0,0.0,91,1.0,43,0.0,0.0,1.75,4.0,7.0,4.0,7.0,4.0,7.0
116,26,1.0,0,1,1,0.36363636363636365,0.42857142857142855,4.0,7.0,0.0,4.0,0.0,0.0,7.0,0.0,92,1.0,43,0.0,0.0,1.75,4.0,7.0,4.0,7.0,4.0,7.0
117,26,1.0,0,1,1,0.36363636363636365,0.42857142857142855,4.0,7.0,0.0,4.0,0.0,0.0,7.0,0.0,93,1.0,43,0.0,0.0,1.75,4.0,7.0,4.0,7.0,4.0,7.0
118,26,1.0,0,1,1,0.36363636363636365,0.42857142857142855,4.0,7.0,0.0,4.0,0.0,0.0,7.0,0.0,94,1.0,43,0.0,0.0,1.75,4.0,7.0,4.0,7.0,4.0,7.0
119,26,1.0,0,1,1,0.36363636363636365,0.42857142857142855,4.0,7.0,0.0,4.0,0.0,0.0,7.0,0.0,95,1.0,43,0.0,0.0,1.75,4.0,7.0,4.0,7.0,4.0,7.0
120,26,1.0,0,1,1,0.36363636363636365,0.42857142857142855,4.0,7.0,0.0,4.0,0.0,0.0,7.0,0.0,96,1.0,43,0.0,0.0,1.75,4.0,7.0,4.0,7.0,4.0,7.0
121,26,1.0,0,1,1,0.36363636363636365,0.42857142857142855,4.0,7.0,0.0,4.0,0.0,0.0,7.0,0.0,97,1.0,43,0.0,0.0,1.75,4.0,7.0,4.0,7.0,4.0,7.0
122,26,1.0,0,1,1,0.36363636363636365,0.42857142857142855,4.0,7.0,0.0,4.0,0.0,0.0,7.0,0.0,98,1.0,43,0.0,0.0,1.75,4.0,7.0,4.0,7.0,4.0,7.0
1,27,0.0,1,0,1,0.2727272727272727,1.0,6.0,10.0,0.0,6.0,0.0,0.0,10.0,0.0,0,0.0,0,0.0,0.0,1.6666666666666667,0.0,0.0,0.0,0.0,0.0,0.0
2,27,0.0,1,0,1,0.2727272727272727,1.0,6.0,10.0,0.0,6.0,0.0,0.0,10.0,0.0,1,0.5,43,0.0,0.0,1.6666666666666667,6.0,10.0,0.0,0.0,0.0,0.0
3,27,0.0,1,0,1,0.2727272727272727,1.0,6.0,10.0,0.0,6.0,0.0,0.0,10.0,0.0,2,0.6666666666666666,43,0.0,0.0,1.6666666666666667,6.0,10.0,6.0,10.0,0.0,0.0
4,27,0.0,0,1,1,0.2727272727272727,1.0,6.0,10.0,0.0,6.0,0.0,0.0,10.0,0.0,3,0.75,43,0.0,0.0,1.6666666666666667,6.0,10.0,6.0,10.0,6.0,10.0
5,27,0.0,0,1,1,0.2727272727272727,1.0,6.0,10.0,0.0,6.0,0.0,0.0,10.0,0.0,4,0.8,43,0.0,0.0,1.6666666666666667,6.0,10.0,6.0,10.0,6.0,10.0
6,27,0.0,0,1,1,0.2727272727272727,1.0,6.0,9.8,0.0,6.0,0.0,-1.461951981052455,10.0,0.0,5,1.0,25,0.0,-1.0,1.5,6.0,10.0,6.0,10.0,6.0,10.0
7,27,0.0,0,1,1,0.2727272727272727,1.0,6.0,9.2,0.0,6.0,0.0,-1.5671296202894465,10.0,0.0,6,1.0,25,0.0,-3.0,1.1666666666666667,6.0,9.0,6.0,10.0,6.0,10.0
8,27,0.0,0,1,1,0.2727272727272727,1.0,5.8,8.6,-1.4619519810524544,6.0,0.0,-0.9897467869417012,10.0,0.0,7,1.0,26,-1.0,-3.0,1.4,6.0,7.0,6.0,9.0,6.0,10.0
9,27,0.0,0,1,1,0.2727272727272727,1.0,5.4,8.0,-1.40784565493656,6.0,0.0,-0.6604088253131132,10.0,0.0,8,1.0,25,-2.0,-3.0,1.75,5.0,7.0,6.0,7.0,6.0,9.0
10,27,0.0,0,1,1,0.2727272727272727,1.0,4.8,7.2,-1.2821969620550018,6.0,0.0,-1.0038102000104194,9.0,0.0,9,1.0,25,-3.0,-4.0,2.0,4.0,7.0,5.0,7.0,6.0,7.0
11,27,0.0,0,1,1,0.2727272727272727,1.0,4.2,6.4,-0.8547979747033349,6.0,-3.0,-1.4078456549365606,7.0,-3.0,10,1.0,27,-3.0,-4.0,1.6666666666666667,3.0,6.0,4.0,7.0,5.0,7.0
12,27,0.0,0,1,1,0.2727272727272727,1.0,3.6,6.0,-0.6033624235442399,5.0,-3.0,-0.9090909090909092,7.0,1.0,11,1.0,33,-3.0,-2.0,1.6666666666666667,3.0,5.0,3.0,6.0,4.0,7.0
13,27,0.0,0,1,1,0.2727272727272727,1.0,3.2,5.6,-0.3654879952631137,4.0,-1.0,-0.6033624235442397,7.0,1.0,12,1.0,30,-2.0,-2.0,1.6666666666666667,3.0,5.0,3.0,5.0,3.0,6.0
14,27,1.0,0,1,1,0.2727272727272727,0.9523809523809523,2.6,5.0,-1.6089664627846398,3.0,-1.0,-1.238993430992955,6.0,0.0,0,0.8,26,-3.0,-3.0,4.0,3.0,5.0,3.0,5.0,3.0,5.0
15,27,1.0,0,1,1,0.2727272727272727,0.9047619047619048,2.0,4.8,-1.320817650626226,3.0,0.0,0.36548799526311443,5.0,3.0,0,0.6,29,-3.0,-1.0,5.0,1.0,4.0,3.0,5.0,3.0,5.0
16,27,1.0,0,1,1,0.2727272727272727,0.8571428571428571,1.6,5.0,-0.4161924424021924,3.0,1.0,1.238993430992955,6.0,5.0,0,0.4,29,-2.0,1.0,6.0,0.0,5.0,1.0,4.0,3.0,5.0
17,27,1.0,0,1,1,0.2727272727272727,0.8095238095238095,1.4,5.2,0.48380252330192464,3.0,2.0,0.8540985814887835,6.0,3.0,0,0.2,29,-1.0,1.0,3.0,1.0,6.0,0.0,5.0,1.0,4.0
18,27,1.0,0,1,1,0.2727272727272727,0.8095238095238095,1.2,5.4,0.8540985814887833,2.0,1.0,0.6033624235442397,6.0,3.0,1,0.2,29,-1.0,1.0,3.0,2.0,6.0,1.0,6.0,0.0,5.0
19,27,1.0,0,1,1,0.2727272727272727,0.8095238095238095,1.4,5.8,0.6033624235442401,2.0,4.0,0.3654879952631146,6.0,5.0,2,0.4,33,1.0,2.0,3.0,2.0,6.0,2.0,6.0,1.0,6.0
20,27,1.0,0,1,1,0.2727272727272727,0.8095238095238095,1.6,6.0,-0.9263225327693091,2.0,4.0,0.0,6.0,2.0,3,0.6,32,1.0,1.0,6.0,2.0,6.0,2.0,6.0,2.0,6.0
21,27,1.0,0,1,1,0.2727272727272727,0.8095238095238095,1.6,5.8,-0.9263225327693091,2.0,2.0,-1.4619519810524544,6.0,-2.0,4,0.8,32,0.0,-1.0,5.0,1.0,6.0,2.0,6.0,2.0,6.0
22,27,1.0,0,1,1,0.2727272727272727,0.8095238095238095,1.4,5.4,-0.6175483551795392,2.0,0.0,-1.40784565493656,6.0,-3.0,5,1.0,33,-1.0,-2.0,4.0,1.0,5.0,1.0,6.0,2.0,6.0
23,27,1.0,0,1,1,0.2727272727272727,0.8095238095238095,1.2,5.0,-0.36548799526311343,2.0,0.0,-0.9090909090909091,6.0,-3.0,6,1.0,34,-1.0,-2.0,4.0,1.0,4.0,1.0,5.0,1.0,6.0
24,27,1.0,0,1,1,0.2727272727272727,0.8095238095238095,1.0,4.6,0.0,1.0,-2.0,-0.6033624235442395,6.0,-4.0,7,1.0,34,-1.0,-2.0,4.0,1.0,4.0,1.0,4.0,1.0,5.0
25,27,1.0,0,1,1,0.2727272727272727,0.8095238095238095,1.2,4.2,1.4619519810524546,2.0,0.0,-0.3654879952631141,5.0,-3.0,8,1.0,32,1.0,-2.0,2.0,1.0,4.0,1.0,4.0,1.0,4.0
26,27,1.0,0,1,1,0.2727272727272727,0.8095238095238095,1.4,4.0,0.9263225327693093,2.0,1.0,0.0,4.0,0.0,9,1.0,35,1.0,-1.0,2.0,2.0,4.0,1.0,4.0,1.0,4.0
27,27,1.0,0,1,1,0.2727272727272727,0.8095238095238095,1.6,4.0,0.6175483551795393,2.0,2.0,0.0,4.0,2.0,10,1.0,36,1.0,0.0,2.0,2.0,4.0,2.0,4.0,1.0,4.0
28,27,1.0,0,1,1,0.2727272727272727,0.8095238095238095,1.8,4.2,0.36548799526311354,2.0,2.0,1.4619519810524544,5.0,3.0,11,1.0,34,1.0,1.0,2.5,2.0,4.0,2.0,4.0,2.0,4.0
29,27,1.0,0,1,1,0.2727272727272727,0.8095238095238095,2.0,4.4,0.0,2.0,2.0,0.9263225327693089,5.0,3.0,12,1.0,33,1.0,1.0,2.5,2.0,5.0,2.0,4.0,2.0,4.0
30,27,1.0,0,1,1,0.2727272727272727,0.8095238095238095,2.2,4.6,1.4619519810524544,3.0,0.0,0.6175483551795402,5.0,3.0,13,1.0,35,1.0,1.0,1.6666666666666667,2.0,5.0,2.0,5.0,2.0,4.0
31,27,1.0,0,1,1,0.2727272727272727,0.8095238095238095,2.4,5.0,0.9263225327693094,3.0,0.0,1.2389934309929542,6.0,3.0,14,1.0,36,1.0,2.0,2.0,3.0,5.0,2.0,5.0,2.0,5.0
32,27,1.0,0,1,1,0.2727272727272727,0.8095238095238095,2.6,5.2,0.6175483551795394,3.0,0.0,-0.365487995263114,6.0,1.0,15,1.0,37,1.0,1.0,1.6666666666666667,3.0,6.0,3.0,5.0,2.0,5.0
33,27,1.0,0,1,1,0.2727272727272727,0.8095238095238095,2.8,5.2,0.365487995263114,3.0,0.0,-0.365487995263114,6.0,-1.0,16,1.0,39,1.0,0.0,1.6666666666666667,3.0,5.0,3.0,6.0,3.0,5.0
34,27,1.0,0,1,1,0.2727272727272727,0.8095238095238095,3.0,5.2,0.0,3.0,0.0,-0.365487995263114,6.0,-1.0,17,1.0,39,1.0,0.0,1.6666666666666667,3.0,5.0,3.0,5.0,3.0,6.0
35,27,1.0,0,1,1,0.2727272727272727,0.8095238095238095,3.0,5.2,0.0,3.0,-1.0,-0.365487995263114,6.0,-1.0,18,1.0,38,0.0,0.0,1.6666666666666667,3.0,5.0,3.0,5.0,3.0,5.0
36,27,1.0,0,1,1,0.2727272727272727,0.8095238095238095,3.0,5.0,0.0,3.0,-1.0,0.0,5.0,-3.0,19,1.0,38,0.0,-1.0,1.6666666666666667,3.0,5.0,3.0,5.0,3.0,5.0
37,27,1.0,0,1,1,0.2727272727272727,0.8095238095238095,3.0,5.0,0.0,3.0,-1.0,0.0,5.0,-1.0,20,1.0,39,0.0,0.0,1.6666666666666667,3.0,5.0,3.0,5.0,3.0,5.0
38,27,1.0,0,1,1,0.2727272727272727,0.8095238095238095,3.0,5.0,0.0,3.0,-1.0,0.0,5.0,0.0,21,1.0,38,0.0,0.0,1.6666666666666667,3.0,5.0,3.0,5.0,3.0,5.0
39,27,1.0,0,1,1,0.2727272727272727,0.8095238095238095,3.0,5.0,0.0,3.0,-1.0,0.0,5.0,0.0,22,1.0,38,0.0,0.0,1.6666666666666667,3.0,5.0,3.0,5.0,3.0,5.0
40,27,1.0,0,1,1,0.2727272727272727,0.8095238095238095,3.0,5.0,0.0,3.0,0.0,0.0,5.0,0.0,23,1.0,40,0.0,0.0,1.6666666666666667,3.0,5.0,3.0,5.0,3.0,5.0
41,27,1.0,0,1,1,0.2727272727272727,0.8095238095238095,3.0,5.0,0.0,3.0,0.0,0.0,5.0,1.0,24,1.0,41,0.0,0.0,1.6666666666666667,3.0,5.0,3.0,5.0,3.0,5.0
42,27,1.0,0,1,1,0.2727272727272727,0.8095238095238095,3.0,5.0,0.0,3.0,0.0,0.0,5.0,0.0,25,1.0,41,0.0,0.0,1.6666666666666667,3.0,5.0,3.0,5.0,3.0,5.0
43,27,1.0,0,1,1,0.2727272727272727,0.8095238095238095,3.0,5.0,0.0,3.0,0.0,0.0,5.0,0.0,26,1.0,41,0.0,0.0,1.6666666666666667,3.0,5.0,3.0,5.0,3.0,5.0
44,27,1.0,0,1,1,0.2727272727272727,0.8095238095238095,3.0,5.0,0.0,3.0,0.0,0.0,5.0,0.0,27,1.0,42,0.0,0.0,1.6666666666666667,3.0,5.0,3.0,5.0,3.0,5.0
45,27,1.0,0,1,1,0.2727272727272727,0.8095238095238095,3.0,5.0,0.0,3.0,0.0,0.0,5.0,0.0,28,1.0,41,0.0,0.0,1.6666666666666667,3.0,5.0,3.0,5.0,3.0,5.0
46,27,1.0,0,1,1,0.2727272727272727,0.8095238095238095,3.0,5.0,0.0,3.0,0.0,0.0,5.0,0.0,29,1.0,41,0.0,0.0,1.6666666666666667,3.0,5.0,3.0,5.0,3.0,5.0
47,27,1.0,0,1,1,0.2727272727272727,0.8095238095238095,3.0,5.0,0.0,3.0,0.0,0.0,5.0,0.0,30,1.0,41,0.0,0.0,1.6666666666666667,3.0,5.0,3.0,5.0,3.0,5.0
48,27,1.0,0,1,1,0.2727272727272727,0.8095238095238095,3.0,5.0,0.0,3.0,0.0,0.0,5.0,0.0,31,1.0,42,0.0,0.0,1.6666666666666667,3.0,5.0,3.0,5.0,3.0,5.0
49,27,1.0,0,1,1,0.2727272727272727,0.8095238095238095,3.0,5.0,0.0,3.0,0.0,0.0,5.0,0.0,32,1.0,42,0.0,0.0,1.6666666666666667,3.0,5.0,3.0,5.0,3.0,5.0
50,27,1.0,0,1,1,0.2727272727272727,0.8095238095238095,3.0,5.2,0.0,3.0,0.0,1.4619519810524544,6.0,1.0,33,1.0,42,0.0,1.0,2.0,3.0,5.0,3.0,5.0,3.0,5.0
51,27,1.0,0,1,1,0.2727272727272727,0.8095238095238095,3.0,5.2,0.0,3.0,0.0,-0.365487995263114,6.0,0.0,34,1.0,42,0.0,0.0,1.6666666666666667,3.0,6.0,3.0,5.0,3.0,5.0
52,27,1.0,0,1,1,0.2727272727272727,0.8095238095238095,3.0,5.2,0.0,3.0,0.0,-0.365487995263114,6.0,0.0,35,1.0,42,0.0,0.0,1.6666666666666667,3.0,5.0,3.0,6.0,3.0,5.0
53,27,1.0,0,1,1,0.2727272727272727,0.8095238095238095,3.0,5.2,0.0,3.0,0.0,-0.365487995263114,6.0,0.0,36,1.0,42,0.0,0.0,1.6666666666666667,3.0,5.0,3.0,5.0,3.0,6.0
54,27,1.0,0,1,1,0.2727272727272727,0.8095238095238095,3.0,5.2,0.0,3.0,0.0,-0.365487995263114,6.0,0.0,37,1.0,43,0.0,0.0,1.6666666666666667,3.0,5.0,3.0,5.0,3.0,5.0
55,27,1.0,0,1,1,0.2727272727272727,0.8095238095238095,3.0,5.0,0.0,3.0,0.0,0.0,5.0,-2.0,38,1.0,43,0.0,-1.0,1.6666666666666667,3.0,5.0,3.0,5.0,3.0,5.0
56,27,1.0,0,1,1,0.2727272727272727,0.8095238095238095,3.0,5.0,0.0,3.0,0.0,0.0,5.0,0.0,39,1.0,43,0.0,0.0,1.6666666666666667,3.0,5.0,3.0,5.0,3.0,5.0
57,27,1.0,0,1,1,0.2727272727272727,0.8095238095238095,3.0,5.0,0.0,3.0,0.0,0.0,5.0,0.0,40,1.0,43,0.0,0.0,1.6666666666666667,3.0,5.0,3.0,5.0,3.0,5.0
58,27,1.0,0,1,1,0.2727272727272727,0.8095238095238095,3.0,5.0,0.0,3.0,0.0,0.0,5.0,0.0,41,1.0,43,0.0,0.0,1.6666666666666667,3.0,5.0,3.0,5.0,3.0,5.0
59,27,1.0,0,1,1,0.2727272727272727,0.8095238095238095,3.0,5.0,0.0,3.0,0.0,0.0,5.0,0.0,42,1.0,43,0.0,0.0,1.6666666666666667,3.0,5.0,3.0,5.0,3.0,5.0
60,27,1.0,0,1,1,0.2727272727272727,0.8095238095238095,3.0,5.0,0.0,3.0,0.0,0.0,5.0,1.0,43,1.0,43,0.0,0.0,1.6666666666666667,3.0,5.0,3.0,5.0,3.0,5.0
61,27,1.0,0,1,1,0.2727272727272727,0.8095238095238095,3.0,5.0,0.0,3.0,0.0,0.0,5.0,0.0,44,1.0,43,0.0,0.0,1.6666666666666667,3.0,5.0,3.0,5.0,3.0,5.0
62,27,1.0,0,1,1,0.2727272727272727,0.8095238095238095,3.0,5.0,0.0,3.0,0.0,0.0,5.0,0.0,45,1.0,43,0.0,0.0,1.6666666666666667,3.0,5.0,3.0,5.0,3.0,5.0
63,27,1.0,0,1,1,0.2727272727272727,0.8095238095238095,3.0,5.0,0.0,3.0,0.0,0.0,5.0,0.0,46,1.0,43,0.0,0.0,1.6666666666666667,3.0,5.0,3.0,5.0,3.0,5.0
64,27,1.0,0,1,1,0.2727272727272727,0.8095238095238095,3.0,5.0,0.0,3.0,0.0,0.0,5.0,0.0,47,1.0,43,0.0,0.0,1.6666666666666667,3.0,5.0,3.0,5.0,3.0,5.0
65,27,1.0,0,1,1,0.2727272727272727,0.8095238095238095,3.0,5.0,0.0,3.0,0.0,0.0,5.0,0.0,48,1.0,43,0.0,0.0,1.6666666666666667,3.0,5.0,3.0,5.0,3.0,5.0
66,27,1.0,0,1,1,0.2727272727272727,0.8095238095238095,3.0,5.0,0.0,3.0,0.0,0.0,5.0,0.0,49,1.0,43,0.0,0.0,1.6666666666666667,3.0,5.0,3.0,5.0,3.0,5.0
67,27,1.0,0,1,1,0.2727272727272727,0.8095238095238095,3.0,5.0,0.0,3.0,0.0,0.0,5.0,0.0,50,1.0,43,0.0,0.0,1.6666666666666667,3.0,5.0,3.0,5.0,3.0,5.0
68,27,1.0,0,1,1,0.2727272727272727,0.8095238095238095,3.0,5.0,0.0,3.0,0.0,0.0,5.0,0.0,51,1.0,43,0.0,0.0,1.6666666666666667,3.0,5.0,3.0,5.0,3.0,5.0
69,27,1.0,0,1,1,0.2727272727272727,0.8095238095238095,3.0,5.0,0.0,3.0,0.0,0.0,5.0,0.0,52,1.0,43,0.0,0.0,1.6666666666666667,3.0,5.0,3.0,5.0,3.0,5.0
70,27,1.0,0,1,1,0.2727272727272727,0.8095238095238095,3.0,5.0,0.0,3.0,0.0,0.0,5.0,0.0,53,1.0,43,0.0,0.0,1.6666666666666667,3.0,5.0,3.0,5.0,3.0,5.0
71,27,1.0,0,1,1,0.2727272727272727,0.8095238095238095,3.0,5.0,0.0,3.0,0.0,0.0,5.0,0.0,54,1.0,43,0.0,0.0,1.6666666666666667,3.0,5.0,3.0,5.0,3.0,5.0
72,27,1.0,0,1,1,0.2727272727272727,0.8095238095238095,3.0,5.0,0.0,3.0,0.0,0.0,5.0,0.0,55,1.0,43,0.0,0.0,1.6666666666666667,3.0,5.0,3.0,5.0,3.0,5.0
73,27,1.0,0,1,1,0.2727272727272727,0.8095238095238095,3.0,5.0,0.0,3.0,0.0,0.0,5.0,0.0,56,1.0,43,0.0,0.0,1.6666666666666667,3.0,5.0,3.0,5.0,3.0,5.0
74,27,1.0,0,1,1,0.2727272727272727,0.8095238095238095,3.0,5.0,0.0,3.0,0.0,0.0,5.0,0.0,57,1.0,43,0.0,0.0,1.6666666666666667,3.0,5.0,3.0,5.0,3.0,5.0
75,27,1.0,0,1,1,0.2727272727272727,0.8095238095238095,3.0,5.0,0.0,3.0,0.0,0.0,5.0,0.0,58,1.0,43,0.0,0.0,1.6666666666666667,3.0,5.0,3.0,5.0,3.0,5.0
76,27,1.0,0,1,1,0.2727272727272727,0.8095238095238095,3.0,5.0,0.0,3.0,0.0,0.0,5.0,0.0,59,1.0,43,0.0,0.0,1.6666666666666667,3.0,5.0,3.0,5.0,3.0,5.0
77,27,1.0,0,1,1,0.2727272727272727,0.8095238095238095,3.0,5.0,0.0,3.0,0.0,0.0,5.0,0.0,60,1.0,43,0.0,0.0,1.6666666666666667,3.0,5.0,3.0,5.0,3.0,5.0
78,27,1.0,0,1,1,0.2727272727272727,0.8095238095238095,3.0,5.0,0.0,3.0,0.0,0.0,5.0,0.0,61,1.0,43,0.0,0.0,1.6666666666666667,3.0,5.0,3.0,5.0,3.0,5.0
79,27,1.0,0,1,1,0.2727272727272727,0.8095238095238095,3.0,5.0,0.0,3.0,0.0,0.0,5.0,0.0,62,1.0,43,0.0,0.0,1.6666666666666667,3.0,5.0,3.0,5.0,3.0,5.0
80,27,1.0,0,1,1,0.2727272727272727,0.8095238095238095,3.0,5.0,0.0,3.0,0.0,0.0,5.0,0.0,63,1.0,43,0.0,0.0,1.6666666666666667,3.0,5.0,3.0,5.0,3.0,5.0
81,27,1.0,0,1,1,0.2727272727272727,0.8095238095238095,3.0,5.0,0.0,3.0,0.0,0.0,5.0,0.0,64,1.0,43,0.0,0.0,1.6666666666666667,3.0,5.0,3.0,5.0,3.0,5.0
82,27,1.0,0,1,1,0.2727272727272727,0.8095238095238095,3.0,5.0,0.0,3.0,0.0,0.0,5.0,0.0,65,1.0,43,0.0,0.0,1.6666666666666667,3.0,5.0,3.0,5.0,3.0,5.0
83,27,1.0,0,1,1,0.2727272727272727,0.8095238095238095,3.0,5.0,0.0,3.0,0.0,0.0,5.0,0.0,66,1.0,43,0.0,0.0,1.6666666666666667,3.0,5.0,3.0,5.0,3.0,5.0
84,27,1.0,0,1,1,0.2727272727272727,0.8095238095238095,3.0,5.0,0.0,3.0,0.0,0.0,5.0,0.0,67,1.0,43,0.0,0.0,1.6666666666666667,3.0,5.0,3.0,5.0,3.0,5.0
85,27,1.0,0,1,1,0.2727272727272727,0.8095238095238095,3.0,5.0,0.0,3.0,0.0,0.0,5.0,0.0,68,1.0,43,0.0,0.0,1.6666666666666667,3.0,5.0,3.0,5.0,3.0,5.0
86,27,1.0,0,1,1,0.2727272727272727,0.8095238095238095,3.0,5.0,0.0,3.0,0.0,0.0,5.0,0.0,69,1.0,43,0.0,0.0,1.6666666666666667,3.0,5.0,3.0,5.0,3.0,5.0
87,27,1.0,0,1,1,0.2727272727272727,0.8095238095238095,3.0,5.0,0.0,3.0,0.0,0.0,5.0,0.0,70,1.0,43,0.0,0.0,1.6666666666666667,3.0,5.0,3.0,5.0,3.0,5.0
88,27,1.0,0,1,1,0.2727272727272727,0.8095238095238095,3.0,5.0,0.0,3.0,0.0,0.0,5.0,0.0,71,1.0,43,0.0,0.0,1.6666666666666667,3.0,5.0,3.0,5.0,3.0,5.0
89,27,1.0,0,1,1,0.2727272727272727,0.8095238095238095,3.0,5.0,0.0,3.0,0.0,0.0,5.0,0.0,72,1.0,43,0.0,0.0,1.6666666666666667,3.0,5.0,3.0,5.0,3.0,5.0
90,27,1.0,0,1,1,0.2727272727272727,0.8095238095238095,3.0,5.0,0.0,3.0,0.0,0.0,5.0,0.0,73,1.0,43,0.0,0.0,1.6666666666666667,3.0,5.0,3.0,5.0,3.0,5.0
91,27,1.0,0,1,1,0.2727272727272727,0.8095238095238095,3.0,5.0,0.0,3.0,0.0,0.0,5.0,0.0,74,1.0,43,0.0,0.0,1.6666666666666667,3.0,5.0,3.0,5.0,3.0,5.0
92,27,1.0,0,1,1,0.2727272727272727,0.8095238095238095,3.0,5.0,0.0,3.0,0.0,0.0,5.0,0.0,75,1.0,43,0.0,0.0,1.6666666666666667,3.0,5.0,3.0,5.0,3.0,5.0
93,27,1.0,0,1,1,0.2727272727272727,0.8095238095238095,3.0,5.0,0.0,3.0,0.0,0.0,5.0,0.0,76,1.0,43,0.0,0.0,1.6666666666666667,3.0,5.0,3.0,5.0,3.0,5.0
94,27,1.0,0,1,1,0.2727272727272727,0.8095238095238095,3.0,5.0,0.0,3.0,0.0,0.0,5.0,0.0,77,1.0,43,0.0,0.0,1.6666666666666667,3.0,5.0,3.0,5.0,3.0,5.0
95,27,1.0,0,1,1,0.2727272727272727,0.8095238095238095,3.0,5.0,0.0,3.0,0.0,0.0,5.0,0.0,78,1.0,43,0.0,0.0,1.6666666666666667,3.0,5.0,3.0,5.0,3.0,5.0
96,27,1.0,0,1,1,0.2727272727272727,0.8095238095238095,3.0,5.0,0.0,3.0,0.0,0.0,5.0,0.0,79,1.0,43,0.0,0.0,1.6666666666666667,3.0,5.0,3.0,5.0,3.0,5.0
97,27,1.0,0,1,1,0.2727272727272727,0.8095238095238095,3.0,5.0,0.0,3.0,0.0,0.0,5.0,0.0,80,1.0,43,0.0,0.0,1.6666666666666667,3.0,5.0,3.0,5.0,3.0,5.0
98,27,1.0,0,1,1,0.2727272727272727,0.8095238095238095,3.0,5.0,0.0,3.0,0.0,0.0,5.0,0.0,81,1.0,43,0.0,0.0,1.6666666666666667,3.0,5.0,3.0,5.0,3.0,5.0
99,27,1.0,0,1,1,0.2727272727272727,0.8095238095238095,3.0,5.0,0.0,3.0,0.0,0.0,5.0,0.0,82,1.0,43,0.0,0.0,1.6666666666666667,3.0,5.0,3.0,5.0,3.0,5.0
100,27,1.0,0,1,1,0.2727272727272727,0.8095238095238095,3.0,5.0,0.0,3.0,0.0,0.0,5.0,0.0,83,1.0,43,0.0,0.0,1.6666666666666667,3.0,5.0,3.0,5.0,3.0,5.0
101,27,1.0,0,1,1,0.2727272727272727,0.8095238095238095,3.0,5.0,0.0,3.0,0.0,0.0,5.0,0.0,84,1.0,43,0.0,0.0,1.6666666666666667,3.0,5.0,3.0,5.0,3.0,5.0
102,27,1.0,0,1,1,0.2727272727272727,0.8095238095238095,3.0,5.0,0.0,3.0,0.0,0.0,5.0,0.0,85,1.0,43,0.0,0.0,1.6666666666666667,3.0,5.0,3.0,5.0,3.0,5.0
103,27,1.0,0,1,1,0.2727272727272727,0.8095238095238095,3.0,5.0,0.0,3.0,0.0,0.0,5.0,0.0,86,1.0,43,0.0,0.0,1.6666666666666667,3.0,5.0,3.0,5.0,3.0,5.0
104,27,1.0,0,1,1,0.2727272727272727,0.8095238095238095,3.0,5.0,0.0,3.0,0.0,0.0,5.0,0.0,87,1.0,43,0.0,0.0,1.6666666666666667,3.0,5.0,3.0,5.0,3.0,5.0
105,27,1.0,0,1,1,0.2727272727272727,0.8095238095238095,3.0,5.0,0.0,3.0,0.0,0.0,5.0,0.0,88,1.0,43,0.0,0.0,1.6666666666666667,3.0,5.0,3.0,5.0,3.0,5.0
106,27,1.0,0,1,1,0.2727272727272727,0.8095238095238095,3.0,5.0,0.0,3.0,0.0,0.0,5.0,0.0,89,1.0,43,0.0,0.0,1.6666666666666667,3.0,5.0,3.0,5.0,3.0,5.0
107,27,1.0,0,1,1,0.2727272727272727,0.8095238095238095,3.0,5.0,0.0,3.0,0.0,0.0,5.0,0.0,90,1.0,43,0.0,0.0,1.6666666666666667,3.0,5.0,3.0,5.0,3.0,5.0
108,27,1.0,0,1,1,0.2727272727272727,0.8095238095238095,3.0,5.0,0.0,3.0,0.0,0.0,5.0,0.0,91,1.0,43,0.0,0.0,1.6666666666666667,3.0,5.0,3.0,5.0,3.0,5.0
109,27,1.0,0,1,1,0.2727272727272727,0.8095238095238095,3.0,5.0,0.0,3.0,0.0,0.0,5.0,0.0,92,1.0,43,0.0,0.0,1.6666666666666667,3.0,5.0,3.0,5.0,3.0,5.0
110,27,1.0,0,1,1,0.2727272727272727,0.8095238095238095,3.0,5.0,0.0,3.0,0.0,0.0,5.0,0.0,93,1.0,43,0.0,0.0,1.6666666666666667,3.0,5.0,3.0,5.0,3.0,5.0
111,27,1.0,0,1,1,0.2727272727272727,0.8095238095238095,3.0,5.0,0.0,3.0,0.0,0.0,5.0,0.0,94,1.0,43,0.0,0.0,1.6666666666666667,3.0,5.0,3.0,5.0,3.0,5.0
112,27,1.0,0,1,1,0.2727272727272727,0.8095238095238095,3.0,5.0,0.0,3.0,0.0,0.0,5.0,0.0,95,1.0,43,0.0,0.0,1.6666666666666667,3.0,5.0,3.0,5.0,3.0,5.0
113,27,1.0,0,1,1,0.2727272727272727,0.8095238095238095,3.0,5.0,0.0,3.0,0.0,0.0,5.0,0.0,96,1.0,43,0.0,0.0,1.6666666666666667,3.0,5.0,3.0,5.0,3.0,5.0
114,27,1.0,0,1,1,0.2727272727272727,0.8095238095238095,3.0,5.0,0.0,3.0,0.0,0.0,5.0,0.0,97,1.0,43,0.0,0.0,1.6666666666666667,3.0,5.0,3.0,5.0,3.0,5.0
115,27,1.0,0,1,1,0.2727272727272727,0.8095238095238095,3.0,5.0,0.0,3.0,0.0,0.0,5.0,0.0,98,1.0,43,0.0,0.0,1.6666666666666667,3.0,5.0,3.0,5.0,3.0,5.0
116,27,1.0,0,1,1,0.2727272727272727,0.8095238095238095,3.0,5.0,0.0,3.0,0.0,0.0,5.0,0.0,99,1.0,43,0.0,0.0,1.6666666666666667,3.0,5.0,3.0,5.0,3.0,5.0
117,27,1.0,0,1,1,0.2727272727272727,0.8095238095238095,3.0,5.0,0.0,3.0,0.0,0.0,5.0,0.0,100,1.0,43,0.0,0.0,1.6666666666666667,3.0,5.0,3.0,5.0,3.0,5.0
118,27,1.0,0,1,1,0.2727272727272727,0.8095238095238095,3.0,5.0,0.0,3.0,0.0,0.0,5.0,0.0,101,1.0,43,0.0,0.0,1.6666666666666667,3.0,5.0,3.0,5.0,3.0,5.0
119,27,1.0,0,1,1,0.2727272727272727,0.8095238095238095,3.0,5.0,0.0,3.0,0.0,0.0,5.0,0.0,102,1.0,43,0.0,0.0,1.6666666666666667,3.0,5.0,3.0,5.0,3.0,5.0
120,27,1.0,0,1,1,0.2727272727272727,0.8095238095238095,3.0,5.0,0.0,3.0,0.0,0.0,5.0,0.0,103,1.0,43,0.0,0.0,1.6666666666666667,3.0,5.0,3.0,5.0,3.0,5.0
121,27,1.0,0,1,1,0.2727272727272727,0.8095238095238095,3.0,5.0,0.0,3.0,0.0,0.0,5.0,0.0,104,1.0,43,0.0,0.0,1.6666666666666667,3.0,5.0,3.0,5.0,3.0,5.0
122,27,1.0,0,1,1,0.2727272727272727,0.8095238095238095,3.0,5.0,0.0,3.0,0.0,0.0,5.0,0.0,105,1.0,43,0.0,0.0,1.6666666666666667,3.0,5.0,3.0,5.0,3.0,5.0
1,28,0.0,1,0,1,0.3181818181818182,1.0,6.0,10.0,0.0,6.0,0.0,0.0,10.0,0.0,0,0.0,0,0.0,0.0,1.6666666666666667,0.0,0.0,0.0,0.0,0.0,0.0
2,28,0.0,1,0,1,0.3181818181818182,1.0,6.0,10.0,0.0,6.0,0.0,0.0,10.0,0.0,1,0.5,43,0.0,0.0,1.6666666666666667,6.0,10.0,0.0,0.0,0.0,0.0
3,28,0.0,1,0,1,0.3181818181818182,1.0,6.0,10.0,0.0,6.0,0.0,0.0,10.0,0.0,2,0.6666666666666666,43,0.0,0.0,1.6666666666666667,6.0,10.0,6.0,10.0,0.0,0.0
4,28,0.0,0,1,1,0.3181818181818182,1.0,6.0,10.0,0.0,6.0,0.0,0.0,10.0,0.0,3,0.75,43,0.0,0.0,1.6666666666666667,6.0,10.0,6.0,10.0,6.0,10.0
5,28,0.0,0,1,1,0.3181818181818182,1.0,6.0,10.0,0.0,6.0,0.0,0.0,10.0,0.0,4,0.8,43,0.0,0.0,1.6666666666666667,6.0,10.0,6.0,10.0,6.0,10.0
6,28,0.0,0,1,1,0.3181818181818182,0.9523809523809523,5.8,9.8,-1.4619519810524544,6.0,0.0,-1.461951981052455,10.0,0.0,0,0.8,26,-1.0,-1.0,1.8,6.0,10.0,6.0,10.0,6.0,10.0
7,28,0.0,0,1,1,0.3181818181818182,0.9047619047619048,5.4,9.2,-1.40784565493656,6.0,0.0,-1.5671296202894465,10.0,0.0,0,0.6,26,-2.0,-3.0,1.75,5.0,9.0,6.0,10.0,6.0,10.0
8,28,0.0,0,1,1,0.3181818181818182,0.8571428571428571,4.6,8.4,-1.4661763935402121,6.0,0.0,-1.2522238631916074,10.0,0.0,0,0.4,27,-4.0,-4.0,3.0,4.0,7.0,5.0,9.0,6.0,10.0
9,28,0.0,0,1,1,0.3181818181818182,0.8095238095238095,3.8,7.4,-0.9529585854544506,6.0,0.0,-1.1041365792071451,10.0,0.0,0,0.2,26,-4.0,-5.0,2.5,2.0,6.0,4.0,7.0,5.0,9.0
10,28,0.0,0,1,1,0.3181818181818182,0.7619047619047619,3.0,6.2,-0.6604088253131132,5.0,0.0,-1.0872044698015435,9.0,0.0,0,0.0,26,-4.0,-6.0,2.0,2.0,5.0,2.0,6.0,4.0,7.0
11,28,0.0,0,1,1,0.3181818181818182,0.7142857142857143,2.2,5.2,-1.0038102000104194,4.0,-3.0,-0.8547979747033344,7.0,-4.0,0,0.0,28,-4.0,-5.0,4.0,2.0,4.0,2.0,5.0,2.0,6.0
12,28,0.0,0,1,1,0.3181818181818182,0.6666666666666666,1.4,4.4,-1.40784565493656,2.0,-2.0,-1.128872554371157,6.0,-1.0,0,0.0,34,-4.0,-4.0,3.0,1.0,4.0,2.0,4.0,2.0,5.0
13,28,0.0,0,1,1,0.36363636363636365,0.6666666666666666,1.2,3.8,-0.21352464537219581,2.0,3.0,-0.8540985814887821,5.0,1.0,0,0.0,31,-1.0,-3.0,3.0,0.0,3.0,1.0,4.0,2.0,4.0
14,28,0.0,0,1,1,0.36363636363636365,0.6666666666666666,1.2,3.4,0.8540985814887835,2.0,4.0,-0.6175483551795379,4.0,3.0,1,0.2,25,0.0,-2.0,1.5,1.0,3.0,0.0,3.0,1.0,4.0
15,28,0.0,0,1,1,0.36363636363636365,0.6666666666666666,1.4,3.4,1.2901400621384658,3.0,5.0,0.9263225327693072,4.0,6.0,2,0.4,28,1.0,0.0,1.3333333333333333,2.0,3.0,1.0,3.0,0.0,3.0
16,28,0.0,0,1,1,0.36363636363636365,0.6666666666666666,1.6,3.6,0.3225350155346164,3.0,5.0,1.4078456549365586,5.0,6.0,3,0.6,28,1.0,1.0,2.5,3.0,4.0,2.0,3.0,1.0,3.0
17,28,0.0,0,1,1,0.36363636363636365,0.6666666666666666,2.2,4.2,0.8540985814887834,3.0,7.0,1.2821969620550013,6.0,7.0,4,0.8,28,3.0,3.0,2.0,2.0,5.0,3.0,4.0,2.0,3.0
18,28,0.0,0,1,1,0.36363636363636365,0.6666666666666666,2.8,4.8,1.2811478722331755,4.0,4.0,0.8547979747033344,6.0,6.0,5,1.0,29,3.0,3.0,1.5,3.0,6.0,2.0,5.0,3.0,4.0
19,28,0.0,0,1,1,0.36363636363636365,0.6666666666666666,3.0,5.4,0.0,4.0,1.0,0.6033624235442391,6.0,5.0,6,1.0,33,1.0,3.0,2.0,4.0,6.0,3.0,6.0,2.0,5.0
20,28,0.0,0,1,1,0.36363636363636365,0.6666666666666666,2.8,5.8,-0.8540985814887834,4.0,-2.0,0.365487995263113,6.0,2.0,7,1.0,32,-1.0,2.0,3.0,3.0,6.0,4.0,6.0,3.0,6.0
21,28,0.0,0,1,1,0.36363636363636365,0.6666666666666666,2.6,6.0,-1.2901400621384658,4.0,-2.0,0.0,6.0,0.0,8,1.0,32,-1.0,1.0,6.0,2.0,6.0,3.0,6.0,4.0,6.0
22,28,0.0,0,1,1,0.36363636363636365,0.6666666666666666,2.2,5.8,-0.8547979747033349,4.0,-5.0,-1.4619519810524544,6.0,-4.0,9,1.0,33,-2.0,-1.0,5.0,1.0,6.0,2.0,6.0,3.0,6.0
23,28,0.0,0,1,1,0.36363636363636365,0.6666666666666666,1.6,5.4,-0.6033624235442401,3.0,-6.0,-1.40784565493656,6.0,-5.0,10,1.0,34,-3.0,-2.0,4.0,1.0,5.0,1.0,6.0,2.0,6.0
24,28,0.0,0,1,1,0.36363636363636365,0.6666666666666666,1.2,5.2,-0.3654879952631136,2.0,-3.0,-0.21352464537219598,6.0,-4.0,11,1.0,34,-2.0,-1.0,5.0,1.0,4.0,1.0,5.0,1.0,6.0
25,28,0.0,0,1,1,0.36363636363636365,0.6666666666666666,1.0,5.0,0.0,1.0,0.0,0.0,6.0,-3.0,12,1.0,32,-1.0,-1.0,5.0,1.0,5.0,1.0,4.0,1.0,5.0
26,28,0.0,0,1,1,0.36363636363636365,0.6666666666666666,1.2,4.8,1.4619519810524546,2.0,2.0,0.36548799526311376,5.0,-2.0,13,1.0,35,1.0,-1.0,2.5,1.0,5.0,1.0,5.0,1.0,4.0
27,28,0.0,0,1,1,0.36363636363636365,0.6666666666666666,1.4,4.8,0.9263225327693093,2.0,3.0,0.36548799526311376,5.0,1.0,14,1.0,36,1.0,0.0,2.5,2.0,5.0,1.0,5.0,1.0,5.0
28,28,0.0,0,1,1,0.36363636363636365,0.6666666666666666,1.6,5.0,0.6175483551795393,2.0,4.0,0.0,5.0,3.0,15,1.0,34,1.0,1.0,2.5,2.0,5.0,2.0,5.0,1.0,5.0
29,28,0.0,0,1,1,0.36363636363636365,0.6666666666666666,1.8,5.2,0.36548799526311354,2.0,3.0,1.4619519810524544,6.0,2.0,16,1.0,33,1.0,1.0,3.0,2.0,5.0,2.0,5.0,2.0,5.0
30,28,0.0,0,1,1,0.36363636363636365,0.6666666666666666,2.0,5.4,0.0,2.0,2.0,0.9263225327693089,6.0,2.0,17,1.0,35,1.0,1.0,3.0,2.0,6.0,2.0,5.0,2.0,5.0
31,28,0.0,0,1,1,0.36363636363636365,0.6666666666666666,2.0,5.6,0.0,2.0,-1.0,0.6175483551795402,6.0,2.0,18,1.0,36,0.0,1.0,3.0,2.0,6.0,2.0,6.0,2.0,5.0
32,28,0.0,0,1,1,0.36363636363636365,0.6666666666666666,2.0,6.0,0.0,2.0,-1.0,1.2389934309929542,7.0,2.0,19,1.0,37,0.0,2.0,3.5,2.0,6.0,2.0,6.0,2.0,6.0
33,28,0.0,0,1,1,0.36363636363636365,0.6666666666666666,2.0,6.4,0.0,2.0,-1.0,0.9263225327693089,7.0,1.0,20,1.0,39,0.0,2.0,3.5,2.0,7.0,2.0,6.0,2.0,6.0
34,28,0.0,0,1,1,0.36363636363636365,0.6666666666666666,2.2,6.6,1.4619519810524544,3.0,0.0,0.6175483551795402,7.0,0.0,21,1.0,39,1.0,1.0,2.3333333333333335,2.0,7.0,2.0,7.0,2.0,6.0
35,28,0.0,0,1,1,0.36363636363636365,0.6666666666666666,2.2,6.8,-0.365487995263114,3.0,-1.0,0.365487995263114,7.0,0.0,22,1.0,38,0.0,1.0,3.5,3.0,7.0,2.0,7.0,2.0,7.0
36,28,0.0,0,1,1,0.36363636363636365,0.6666666666666666,2.2,7.0,-0.365487995263114,3.0,0.0,0.0,7.0,0.0,23,1.0,38,0.0,1.0,3.5,2.0,7.0,3.0,7.0,2.0,7.0
37,28,0.0,0,1,1,0.36363636363636365,0.6666666666666666,2.2,7.0,-0.365487995263114,3.0,0.0,0.0,7.0,-2.0,24,1.0,39,0.0,0.0,3.5,2.0,7.0,2.0,7.0,3.0,7.0
38,28,0.0,0,1,1,0.36363636363636365,0.6666666666666666,2.2,7.0,-0.365487995263114,3.0,0.0,0.0,7.0,-2.0,25,1.0,38,0.0,0.0,3.5,2.0,7.0,2.0,7.0,2.0,7.0
39,28,0.0,0,1,1,0.36363636363636365,0.6666666666666666,2.2,7.0,1.4619519810524544,3.0,-1.0,0.0,7.0,-1.0,26,1.0,38,0.0,0.0,2.3333333333333335,2.0,7.0,2.0,7.0,2.0,7.0
40,28,0.0,0,1,1,0.36363636363636365,0.6666666666666666,2.4,7.0,0.9263225327693094,3.0,1.0,0.0,7.0,-1.0,27,1.0,40,1.0,0.0,2.3333333333333335,3.0,7.0,2.0,7.0,2.0,7.0
41,28,0.0,0,1,1,0.36363636363636365,0.6666666666666666,2.6,7.0,0.6175483551795394,3.0,1.0,0.0,7.0,-1.0,28,1.0,41,1.0,0.0,2.3333333333333335,3.0,7.0,3.0,7.0,2.0,7.0
42,28,0.0,0,1,1,0.36363636363636365,0.6666666666666666,2.8,7.0,0.365487995263114,3.0,1.0,0.0,7.0,0.0,29,1.0,41,1.0,0.0,2.3333333333333335,3.0,7.0,3.0,7.0,3.0,7.0
43,28,0.0,0,1,1,0.36363636363636365,0.6666666666666666,3.0,7.0,0.0,3.0,1.0,0.0,7.0,0.0,30,1.0,41,1.0,0.0,2.3333333333333335,3.0,7.0,3.0,7.0,3.0,7.0
44,28,0.0,0,1,1,0.36363636363636365,0.6666666666666666,2.8,7.0,-1.4619519810524544,3.0,-1.0,0.0,7.0,0.0,31,1.0,42,-1.0,0.0,3.5,3.0,7.0,3.0,7.0,3.0,7.0
45,28,0.0,0,1,1,0.36363636363636365,0.6666666666666666,2.6,7.0,-0.9263225327693094,3.0,-2.0,0.0,7.0,0.0,32,1.0,41,-1.0,0.0,3.5,2.0,7.0,3.0,7.0,3.0,7.0
46,28,0.0,0,1,1,0.36363636363636365,0.6666666666666666,2.4,7.0,-0.6175483551795394,3.0,-2.0,0.0,7.0,0.0,33,1.0,41,-1.0,0.0,3.5,2.0,7.0,2.0,7.0,3.0,7.0
47,28,0.0,0,1,1,0.36363636363636365,0.6666666666666666,2.4,7.0,0.9263225327693094,3.0,-1.0,0.0,7.0,0.0,34,1.0,41,0.0,0.0,2.3333333333333335,2.0,7.0,2.0,7.0,2.0,7.0
48,28,0.0,0,1,1,0.36363636363636365,0.6666666666666666,2.2,7.0,-0.365487995263114,3.0,-2.0,0.0,7.0,0.0,35,1.0,42,-1.0,0.0,3.5,3.0,7.0,2.0,7.0,2.0,7.0
49,28,0.0,0,1,1,0.36363636363636365,0.6666666666666666,2.2,7.0,-0.365487995263114,3.0,1.0,0.0,7.0,0.0,36,1.0,42,0.0,0.0,3.5,2.0,7.0,3.0,7.0,2.0,7.0
50,28,0.0,0,1,1,0.36363636363636365,0.6666666666666666,2.2,6.8,-0.365487995263114,3.0,1.0,-1.4619519810524544,7.0,-1.0,37,1.0,42,0.0,-1.0,3.0,2.0,7.0,2.0,7.0,3.0,7.0
51,28,0.0,0,1,1,0.36363636363636365,0.6666666666666666,2.2,6.6,-0.365487995263114,3.0,1.0,-0.9263225327693089,7.0,-1.0,38,1.0,42,0.0,-1.0,3.0,2.0,6.0,2.0,7.0,2.0,7.0
52,28,0.0,0,1,1,0.36363636363636365,0.6666666666666666,2.0,6.4,0.0,2.0,-1.0,-0.6175483551795402,7.0,-1.0,39,1.0,42,-1.0,-1.0,3.0,2.0,6.0,2.0,6.0,2.0,7.0
53,28,0.0,0,1,1,0.36363636363636365,0.6666666666666666,2.0,6.2,0.0,2.0,1.0,-0.365487995263114,7.0,-1.0,40,1.0,42,0.0,-1.0,3.0,2.0,6.0,2.0,6.0,2.0,6.0
54,28,0.0,0,1,1,0.36363636363636365,0.6666666666666666,2.0,6.0,0.0,2.0,0.0,0.0,6.0,-1.0,41,1.0,43,0.0,-1.0,3.0,2.0,6.0,2.0,6.0,2.0,6.0
55,28,0.0,0,1,1,0.36363636363636365,0.6666666666666666,2.0,6.0,0.0,2.0,0.0,0.0,6.0,1.0,42,1.0,43,0.0,0.0,3.0,2.0,6.0,2.0,6.0,2.0,6.0
56,28,0.0,0,1,1,0.36363636363636365,0.6666666666666666,2.0,6.0,0.0,2.0,0.0,0.0,6.0,1.0,43,1.0,43,0.0,0.0,3.0,2.0,6.0,2.0,6.0,2.0,6.0
57,28,0.0,0,1,1,0.36363636363636365,0.6666666666666666,2.0,6.0,0.0,2.0,1.0,0.0,6.0,1.0,44,1.0,43,0.0,0.0,3.0,2.0,6.0,2.0,6.0,2.0,6.0
58,28,0.0,0,1,1,0.36363636363636365,0.6666666666666666,2.0,6.0,0.0,2.0,0.0,0.0,6.0,1.0,45,1.0,43,0.0,0.0,3.0,2.0,6.0,2.0,6.0,2.0,6.0
59,28,0.0,0,1,1,0.36363636363636365,0.6666666666666666,2.0,6.0,0.0,2.0,0.0,0.0,6.0,1.0,46,1.0,43,0.0,0.0,3.0,2.0,6.0,2.0,6.0,2.0,6.0
60,28,0.0,0,1,1,0.36363636363636365,0.6666666666666666,2.0,6.0,0.0,2.0,0.0,0.0,6.0,0.0,47,1.0,43,0.0,0.0,3.0,2.0,6.0,2.0,6.0,2.0,6.0
61,28,0.0,0,1,1,0.36363636363636365,0.6666666666666666,2.0,6.0,0.0,2.0,0.0,0.0,6.0,0.0,48,1.0,43,0.0,0.0,3.0,2.0,6.0,2.0,6.0,2.0,6.0
62,28,0.0,0,1,1,0.36363636363636365,0.6666666666666666,2.0,6.0,0.0,2.0,0.0,0.0,6.0,0.0,49,1.0,43,0.0,0.0,3.0,2.0,6.0,2.0,6.0,2.0,6.0
63,28,0.0,0,1,1,0.36363636363636365,0.6666666666666666,2.0,6.0,0.0,2.0,0.0,0.0,6.0,0.0,50,1.0,43,0.0,0.0,3.0,2.0,6.0,2.0,6.0,2.0,6.0
64,28,0.0,0,1,1,0.36363636363636365,0.6666666666666666,2.0,6.0,0.0,2.0,0.0,0.0,6.0,0.0,51,1.0,43,0.0,0.0,3.0,2.0,6.0,2.0,6.0,2.0,6.0
65,28,0.0,0,1,1,0.36363636363636365,0.6666666666666666,2.0,6.0,0.0,2.0,0.0,0.0,6.0,0.0,52,1.0,43,0.0,0.0,3.0,2.0,6.0,2.0,6.0,2.0,6.0
66,28,0.0,0,1,1,0.36363636363636365,0.6666666666666666,2.0,6.0,0.0,2.0,0.0,0.0,6.0,0.0,53,1.0,43,0.0,0.0,3.0,2.0,6.0,2.0,6.0,2.0,6.0
67,28,0.0,0,1,1,0.36363636363636365,0.6666666666666666,2.0,6.0,0.0,2.0,0.0,0.0,6.0,0.0,54,1.0,43,0.0,0.0,3.0,2.0,6.0,2.0,6.0,2.0,6.0
68,28,0.0,0,1,1,0.36363636363636365,0.6666666666666666,2.0,6.0,0.0,2.0,0.0,0.0,6.0,0.0,55,1.0,43,0.0,0.0,3.0,2.0,6.0,2.0,6.0,2.0,6.0
69,28,0.0,0,1,1,0.36363636363636365,0.6666666666666666,2.0,6.0,0.0,2.0,0.0,0.0,6.0,0.0,56,1.0,43,0.0,0.0,3.0,2.0,6.0,2.0,6.0,2.0,6.0
70,28,0.0,0,1,1,0.36363636363636365,0.6666666666666666,2.0,6.0,0.0,2.0,0.0,0.0,6.0,0.0,57,1.0,43,0.0,0.0,3.0,2.0,6.0,2.0,6.0,2.0,6.0
71,28,0.0,0,1,1,0.36363636363636365,0.6666666666666666,2.0,6.0,0.0,2.0,0.0,0.0,6.0,0.0,58,1.0,43,0.0,0.0,3.0,2.0,6.0,2.0,6.0,2.0,6.0
72,28,0.0,0,1,1,0.36363636363636365,0.6666666666666666,2.0,6.0,0.0,2.0,0.0,0.0,6.0,0.0,59,1.0,43,0.0,0.0,3.0,2.0,6.0,2.0,6.0,2.0,6.0
73,28,0.0,0,1,1,0.36363636363636365,0.6666666666666666,2.0,6.0,0.0,2.0,0.0,0.0,6.0,0.0,60,1.0,43,0.0,0.0,3.0,2.0,6.0,2.0,6.0,2.0,6.0
74,28,0.0,0,1,1,0.36363636363636365,0.6666666666666666,2.0,6.0,0.0,2.0,0.0,0.0,6.0,0.0,61,1.0,43,0.0,0.0,3.0,2.0,6.0,2.0,6.0,2.0,6.0
75,28,0.0,0,1,1,0.36363636363636365,0.6666666666666666,2.0,6.0,0.0,2.0,0.0,0.0,6.0,0.0,62,1.0,43,0.0,0.0,3.0,2.0,6.0,2.0,6.0,2.0,6.0
76,28,0.0,0,1,1,0.36363636363636365,0.6666666666666666,2.0,6.0,0.0,2.0,0.0,0.0,6.0,0.0,63,1.0,43,0.0,0.0,3.0,2.0,6.0,2.0,6.0,2.0,6.0
77,28,0.0,0,1,1,0.36363636363636365,0.6666666666666666,2.0,6.0,0.0,2.0,0.0,0.0,6.0,0.0,64,1.0,43,0.0,0.0,3.0,2.0,6.0,2.0,6.0,2.0,6.0
78,28,0.0,0,1,1,0.36363636363636365,0.6666666666666666,2.0,6.0,0.0,2.0,0.0,0.0,6.0,0.0,65,1.0,43,0.0,0.0,3.0,2.0,6.0,2.0,6.0,2.0,6.0
79,28,0.0,0,1,1,0.36363636363636365,0.6666666666666666,2.0,6.0,0.0,2.0,0.0,0.0,6.0,0.0,66,1.0,43,0.0,0.0,3.0,2.0,6.0,2.0,6.0,2.0,6.0
80,28,0.0,0,1,1,0.36363636363636365,0.6666666666666666,2.0,6.0,0.0,2.0,0.0,0.0,6.0,0.0,67,1.0,43,0.0,0.0,3.0,2.0,6.0,2.0,6.0,2.0,6.0
81,28,0.0,0,1,1,0.36363636363636365,0.6666666666666666,2.0,6.0,0.0,2.0,0.0,0.0,6.0,0.0,68,1.0,43,0.0,0.0,3.0,2.0,6.0,2.0,6.0,2.0,6.0
82,28,0.0,0,1,1,0.36363636363636365,0.6666666666666666,2.0,6.0,0.0,2.0,0.0,0.0,6.0,0.0,69,1.0,43,0.0,0.0,3.0,2.0,6.0,2.0,6.0,2.0,6.0
83,28,0.0,0,1,1,0.36363636363636365,0.6666666666666666,2.0,6.0,0.0,2.0,0.0,0.0,6.0,0.0,70,1.0,43,0.0,0.0,3.0,2.0,6.0,2.0,6.0,2.0,6.0
84,28,0.0,0,1,1,0.36363636363636365,0.6666666666666666,2.0,6.0,0.0,2.0,0.0,0.0,6.0,0.0,71,1.0,43,0.0,0.0,3.0,2.0,6.0,2.0,6.0,2.0,6.0
85,28,0.0,0,1,1,0.36363636363636365,0.6666666666666666,2.0,6.0,0.0,2.0,0.0,0.0,6.0,0.0,72,1.0,43,0.0,0.0,3.0,2.0,6.0,2.0,6.0,2.0,6.0
86,28,0.0,0,1,1,0.36363636363636365,0.6666666666666666,2.0,6.0,0.0,2.0,0.0,0.0,6.0,0.0,73,1.0,43,0.0,0.0,3.0,2.0,6.0,2.0,6.0,2.0,6.0
87,28,0.0,0,1,1,0.36363636363636365,0.6666666666666666,2.0,6.0,0.0,2.0,0.0,0.0,6.0,0.0,74,1.0,43,0.0,0.0,3.0,2.0,6.0,2.0,6.0,2.0,6.0
88,28,0.0,0,1,1,0.36363636363636365,0.6666666666666666,2.0,6.0,0.0,2.0,0.0,0.0,6.0,0.0,75,1.0,43,0.0,0.0,3.0,2.0,6.0,2.0,6.0,2.0,6.0
89,28,0.0,0,1,1,0.36363636363636365,0.6666666666666666,2.0,6.0,0.0,2.0,0.0,0.0,6.0,0.0,76,1.0,43,0.0,0.0,3.0,2.0,6.0,2.0,6.0,2.0,6.0
90,28,0.0,0,1,1,0.36363636363636365,0.6666666666666666,2.0,6.0,0.0,2.0,0.0,0.0,6.0,0.0,77,1.0,43,0.0,0.0,3.0,2.0,6.0,2.0,6.0,2.0,6.0
91,28,0.0,0,1,1,0.36363636363636365,0.6666666666666666,2.0,6.0,0.0,2.0,0.0,0.0,6.0,0.0,78,1.0,43,0.0,0.0,3.0,2.0,6.0,2.0,6.0,2.0,6.0
92,28,0.0,0,1,1,0.36363636363636365,0.6666666666666666,2.0,6.0,0.0,2.0,0.0,0.0,6.0,0.0,79,1.0,43,0.0,0.0,3.0,2.0,6.0,2.0,6.0,2.0,6.0
93,28,0.0,0,1,1,0.36363636363636365,0.6666666666666666,2.0,6.0,0.0,2.0,0.0,0.0,6.0,0.0,80,1.0,43,0.0,0.0,3.0,2.0,6.0,2.0,6.0,2.0,6.0
94,28,0.0,0,1,1,0.36363636363636365,0.6666666666666666,2.0,6.0,0.0,2.0,0.0,0.0,6.0,0.0,81,1.0,43,0.0,0.0,3.0,2.0,6.0,2.0,6.0,2.0,6.0
95,28,0.0,0,1,1,0.36363636363636365,0.6666666666666666,2.0,6.0,0.0,2.0,0.0,0.0,6.0,0.0,82,1.0,43,0.0,0.0,3.0,2.0,6.0,2.0,6.0,2.0,6.0
96,28,0.0,0,1,1,0.36363636363636365,0.6666666666666666,2.0,6.0,0.0,2.0,0.0,0.0,6.0,0.0,83,1.0,43,0.0,0.0,3.0,2.0,6.0,2.0,6.0,2.0,6.0
97,28,0.0,0,1,1,0.36363636363636365,0.6666666666666666,2.0,6.0,0.0,2.0,0.0,0.0,6.0,0.0,84,1.0,43,0.0,0.0,3.0,2.0,6.0,2.0,6.0,2.0,6.0
98,28,0.0,0,1,1,0.36363636363636365,0.6666666666666666,2.0,6.0,0.0,2.0,0.0,0.0,6.0,0.0,85,1.0,43,0.0,0.0,3.0,2.0,6.0,2.0,6.0,2.0,6.0
99,28,0.0,0,1,1,0.36363636363636365,0.6666666666666666,2.0,6.0,0.0,2.0,0.0,0.0,6.0,0.0,86,1.0,43,0.0,0.0,3.0,2.0,6.0,2.0,6.0,2.0,6.0
100,28,0.0,0,1,1,0.36363636363636365,0.6666666666666666,2.0,6.0,0.0,2.0,0.0,0.0,6.0,0.0,87,1.0,43,0.0,0.0,3.0,2.0,6.0,2.0,6.0,2.0,6.0
101,28,0.0,0,1,1,0.36363636363636365,0.6666666666666666,2.0,6.0,0.0,2.0,0.0,0.0,6.0,0.0,88,1.0,43,0.0,0.0,3.0,2.0,6.0,2.0,6.0,2.0,6.0
102,28,0.0,0,1,1,0.36363636363636365,0.6666666666666666,2.0,6.0,0.0,2.0,0.0,0.0,6.0,0.0,89,1.0,43,0.0,0.0,3.0,2.0,6.0,2.0,6.0,2.0,6.0
103,28,0.0,0,1,1,0.36363636363636365,0.6666666666666666,2.0,6.0,0.0,2.0,0.0,0.0,6.0,0.0,90,1.0,43,0.0,0.0,3.0,2.0,6.0,2.0,6.0,2.0,6.0
104,28,0.0,0,1,1,0.36363636363636365,0.6666666666666666,2.0,6.0,0.0,2.0,0.0,0.0,6.0,0.0,91,1.0,43,0.0,0.0,3.0,2.0,6.0,2.0,6.0,2.0,6.0
105,28,0.0,0,1,1,0.36363636363636365,0.6666666666666666,2.0,6.0,0.0,2.0,0.0,0.0,6.0,0.0,92,1.0,43,0.0,0.0,3.0,2.0,6.0,2.0,6.0,2.0,6.0
106,28,0.0,0,1,1,0.36363636363636365,0.6666666666666666,2.0,6.0,0.0,2.0,0.0,0.0,6.0,0.0,93,1.0,43,0.0,0.0,3.0,2.0,6.0,2.0,6.0,2.0,6.0
107,28,0.0,0,1,1,0.36363636363636365,0.6666666666666666,2.0,6.0,0.0,2.0,0.0,0.0,6.0,0.0,94,1.0,43,0.0,0.0,3.0,2.0,6.0,2.0,6.0,2.0,6.0
108,28,0.0,0,1,1,0.36363636363636365,0.6666666666666666,2.0,6.0,0.0,2.0,0.0,0.0,6.0,0.0,95,1.0,43,0.0,0.0,3.0,2.0,6.0,2.0,6.0,2.0,6.0
109,28,0.0,0,1,1,0.36363636363636365,0.6666666666666666,2.0,6.0,0.0,2.0,0.0,0.0,6.0,0.0,96,1.0,43,0.0,0.0,3.0,2.0,6.0,2.0,6.0,2.0,6.0
110,28,0.0,0,1,1,0.36363636363636365,0.6666666666666666,2.0,6.0,0.0,2.0,0.0,0.0,6.0,0.0,97,1.0,43,0.0,0.0,3.0,2.0,6.0,2.0,6.0,2.0,6.0
111,28,0.0,0,1,1,0.36363636363636365,0.6666666666666666,2.0,6.0,0.0,2.0,0.0,0.0,6.0,0.0,98,1.0,43,0.0,0.0,3.0,2.0,6.0,2.0,6.0,2.0,6.0
112,28,0.0,0,1,1,0.36363636363636365,0.6666666666666666,2.0,6.0,0.0,2.0,0.0,0.0,6.0,0.0,99,1.0,43,0.0,0.0,3.0,2.0,6.0,2.0,6.0,2.0,6.0
113,28,0.0,0,1,1,0.36363636363636365,0.6666666666666666,2.0,6.0,0.0,2.0,0.0,0.0,6.0,0.0,100,1.0,43,0.0,0.0,3.0,2.0,6.0,2.0,6.0,2.0,6.0
114,28,0.0,0,1,1,0.36363636363636365,0.6666666666666666,2.0,6.0,0.0,2.0,0.0,0.0,6.0,0.0,101,1.0,43,0.0,0.0,3.0,2.0,6.0,2.0,6.0,2.0,6.0
115,28,0.0,0,1,1,0.36363636363636365,0.6666666666666666,2.0,6.0,0.0,2.0,0.0,0.0,6.0,0.0,102,1.0,43,0.0,0.0,3.0,2.0,6.0,2.0,6.0,2.0,6.0
116,28,0.0,0,1,1,0.36363636363636365,0.6666666666666666,2.0,6.0,0.0,2.0,0.0,0.0,6.0,0.0,103,1.0,43,0.0,0.0,3.0,2.0,6.0,2.0,6.0,2.0,6.0
117,28,0.0,0,1,1,0.36363636363636365,0.6666666666666666,2.0,6.0,0.0,2.0,0.0,0.0,6.0,0.0,104,1.0,43,0.0,0.0,3.0,2.0,6.0,2.0,6.0,2.0,6.0
118,28,0.0,0,1,1,0.36363636363636365,0.6666666666666666,2.0,6.0,0.0,2.0,0.0,0.0,6.0,0.0,105,1.0,43,0.0,0.0,3.0,2.0,6.0,2.0,6.0,2.0,6.0
119,28,0.0,0,1,1,0.36363636363636365,0.6666666666666666,2.0,6.0,0.0,2.0,0.0,0.0,6.0,0.0,106,1.0,43,0.0,0.0,3.0,2.0,6.0,2.0,6.0,2.0,6.0
120,28,0.0,0,1,1,0.36363636363636365,0.6666666666666666,2.0,6.0,0.0,2.0,0.0,0.0,6.0,0.0,107,1.0,43,0.0,0.0,3.0,2.0,6.0,2.0,6.0,2.0,6.0
121,28,0.0,0,1,1,0.36363636363636365,0.6666666666666666,2.0,6.0,0.0,2.0,0.0,0.0,6.0,0.0,108,1.0,43,0.0,0.0,3.0,2.0,6.0,2.0,6.0,2.0,6.0
122,28,0.0,0,1,1,0.36363636363636365,0.6666666666666666,2.0,6.0,0.0,2.0,0.0,0.0,6.0,0.0,109,1.0,43,0.0,0.0,3.0,2.0,6.0,2.0,6.0,2.0,6.0
1,29,0.0,1,0,1,0.36363636363636365,1.0,6.0,10.0,0.0,6.0,0.0,0.0,10.0,0.0,0,0.0,0,0.0,0.0,1.6666666666666667,0.0,0.0,0.0,0.0,0.0,0.0
2,29,0.0,1,0,1,0.36363636363636365,1.0,6.0,10.0,0.0,6.0,0.0,0.0,10.0,0.0,1,0.5,43,0.0,0.0,1.6666666666666667,6.0,10.0,0.0,0.0,0.0,0.0
3,29,0.0,1,0,1,0.36363636363636365,1.0,6.0,10.0,0.0,6.0,0.0,0.0,10.0,0.0,2,0.6666666666666666,43,0.0,0.0,1.6666666666666667,6.0,10.0,6.0,10.0,0.0,0.0
4,29,0.0,0,1,1,0.36363636363636365,1.0,6.0,10.0,0.0,6.0,0.0,0.0,10.0,0.0,3,0.75,43,0.0,0.0,1.6666666666666667,6.0,10.0,6.0,10.0,6.0,10.0
5,29,0.0,0,1,1,0.36363636363636365,1.0,6.0,10.0,0.0,6.0,0.0,0.0,10.0,0.0,4,0.8,43,0.0,0.0,1.6666666666666667,6.0,10.0,6.0,10.0,6.0,10.0
6,29,0.0,0,1,1,0.3181818181818182,1.0,5.8,9.8,-1.4619519810524544,6.0,0.0,-1.461951981052455,10.0,0.0,0,0.8,26,-1.0,-1.0,1.8,6.0,10.0,6.0,10.0,6.0,10.0
7,29,0.0,0,1,1,0.3181818181818182,0.9523809523809523,5.4,9.4,-1.40784565493656,6.0,0.0,-1.4078456549365599,10.0,0.0,0,0.6,26,-2.0,-2.0,2.0,5.0,9.0,6.0,10.0,6.0,10.0
8,29,0.0,0,1,1,0.3181818181818182,0.9047619047619048,4.8,8.6,-1.2821969620550018,6.0,0.0,-1.4661763935402121,10.0,0.0,0,0.4,27,-3.0,-4.0,2.0,4.0,8.0,5.0,9.0,6.0,10.0
9,29,0.0,0,1,1,0.3181818181818182,0.8571428571428571,4.0,7.6,-1.1896697430395096,6.0,0.0,-1.1961479608077406,10.0,0.0,0,0.2,26,-4.0,-5.0,2.5,3.0,6.0,4.0,8.0,5.0,9.0
10,29,0.0,0,1,1,0.3181818181818182,0.8095238095238095,3.2,6.8,-0.8547979747033349,5.0,0.0,-0.45893462379643063,9.0,0.0,0,0.0,26,-4.0,-4.0,3.0,2.0,5.0,3.0,6.0,4.0,8.0
11,29,0.0,0,1,1,0.36363636363636365,0.8095238095238095,2.8,6.2,0.21352464537219598,4.0,-1.0,-0.16730170000173672,8.0,-2.0,0,0.0,28,-2.0,-3.0,2.0,2.0,6.0,2.0,5.0,3.0,6.0
12,29,1.0,0,1,1,0.36363636363636365,0.8095238095238095,2.4,5.8,-0.6175483551795393,3.0,0.0,0.3654879952631146,6.0,0.0,1,0.2,33,-2.0,-2.0,3.0,3.0,6.0,2.0,6.0,2.0,5.0
13,29,1.0,0,1,1,0.36363636363636365,0.8095238095238095,2.4,5.8,0.9263225327693093,3.0,3.0,0.3654879952631146,6.0,4.0,2,0.4,30,0.0,0.0,2.0,2.0,6.0,3.0,6.0,2.0,6.0
14,29,1.0,0,1,1,0.36363636363636365,0.7619047619047619,2.4,5.8,-0.6175483551795393,3.0,4.0,-1.4619519810524544,6.0,5.0,0,0.4,26,0.0,0.0,2.5,3.0,6.0,2.0,6.0,3.0,6.0
15,29,1.0,0,1,1,0.36363636363636365,0.7142857142857143,2.4,5.6,-0.6175483551795393,3.0,4.0,-0.9263225327693089,6.0,3.0,0,0.4,29,0.0,-1.0,2.5,2.0,5.0,3.0,6.0,2.0,6.0
16,29,1.0,0,1,1,0.36363636363636365,0.7142857142857143,2.4,5.6,0.9263225327693093,3.0,2.0,0.6175483551795402,6.0,3.0,1,0.6,28,0.0,0.0,2.0,2.0,5.0,2.0,5.0,3.0,6.0
17,29,1.0,0,1,1,0.36363636363636365,0.7142857142857143,2.6,5.6,0.6175483551795393,3.0,3.0,0.6175483551795402,6.0,2.0,2,0.6,28,1.0,0.0,2.0,3.0,6.0,2.0,5.0,2.0,5.0
18,29,1.0,0,1,1,0.36363636363636365,0.7142857142857143,2.6,5.6,0.6175483551795393,3.0,0.0,0.6175483551795402,6.0,0.0,3,0.6,29,0.0,0.0,2.0,3.0,6.0,3.0,6.0,2.0,5.0
19,29,1.0,0,1,1,0.36363636363636365,0.7142857142857143,2.8,5.8,0.3654879952631139,3.0,1.0,0.365487995263114,6.0,1.0,4,0.8,33,1.0,1.0,2.0,3.0,6.0,3.0,6.0,3.0,6.0
20,29,1.0,0,1,1,0.36363636363636365,0.7142857142857143,2.8,6.0,-1.4619519810524544,3.0,0.0,0.0,6.0,2.0,5,1.0,32,0.0,1.0,3.0,3.0,6.0,3.0,6.0,3.0,6.0
21,29,1.0,0,1,1,0.36363636363636365,0.7142857142857143,2.6,5.8,-0.9263225327693094,3.0,-1.0,-1.4619519810524544,6.0,-1.0,6,1.0,32,-1.0,-1.0,2.5,2.0,6.0,3.0,6.0,3.0,6.0
22,29,1.0,0,1,1,0.36363636363636365,0.7142857142857143,2.4,5.4,-0.6175483551795394,3.0,-2.0,-1.40784565493656,6.0,-2.0,7,1.0,33,-1.0,-2.0,2.0,2.0,5.0,2.0,6.0,3.0,6.0
23,29,1.0,0,1,1,0.36363636363636365,0.7142857142857143,2.2,5.0,-0.365487995263114,3.0,-1.0,-0.9090909090909091,6.0,-2.0,8,1.0,34,-1.0,-2.0,2.0,2.0,4.0,2.0,5.0,2.0,6.0
24,29,1.0,0,1,1,0.36363636363636365,0.7142857142857143,2.0,4.6,0.0,2.0,-2.0,-0.6033624235442395,6.0,-3.0,9,1.0,34,-1.0,-2.0,2.0,2.0,4.0,2.0,4.0,2.0,5.0
25,29,1.0,0,1,1,0.36363636363636365,0.7142857142857143,2.2,4.2,1.4619519810524544,3.0,1.0,-0.3654879952631141,5.0,-3.0,10,1.0,32,1.0,-2.0,1.3333333333333333,2.0,4.0,2.0,4.0,2.0,4.0
26,29,1.0,0,1,1,0.36363636363636365,0.7142857142857143,2.4,4.0,0.9263225327693094,3.0,2.0,0.0,4.0,0.0,11,1.0,35,1.0,-1.0,1.3333333333333333,3.0,4.0,2.0,4.0,2.0,4.0
27,29,1.0,0,1,1,0.36363636363636365,0.7142857142857143,2.6,4.0,0.6175483551795394,3.0,2.0,0.0,4.0,2.0,12,1.0,36,1.0,0.0,1.3333333333333333,3.0,4.0,3.0,4.0,2.0,4.0
28,29,1.0,0,1,1,0.36363636363636365,0.7142857142857143,2.8,4.2,0.365487995263114,3.0,2.0,1.4619519810524544,5.0,3.0,13,1.0,34,1.0,1.0,1.6666666666666667,3.0,4.0,3.0,4.0,3.0,4.0
29,29,1.0,0,1,1,0.36363636363636365,0.7142857142857143,3.0,4.4,0.0,3.0,2.0,0.9263225327693089,5.0,3.0,14,1.0,33,1.0,1.0,1.6666666666666667,3.0,5.0,3.0,4.0,3.0,4.0
30,29,1.0,0,1,1,0.36363636363636365,0.7142857142857143,3.2,4.6,1.4619519810524544,4.0,0.0,0.6175483551795402,5.0,3.0,15,1.0,35,1.0,1.0,1.25,3.0,5.0,3.0,5.0,3.0,4.0
31,29,1.0,0,1,1,0.36363636363636365,0.7142857142857143,3.4,5.0,0.9263225327693094,4.0,0.0,1.2389934309929542,6.0,3.0,16,1.0,36,1.0,2.0,1.5,4.0,5.0,3.0,5.0,3.0,5.0
32,29,1.0,0,1,1,0.36363636363636365,0.7142857142857143,3.6,5.4,0.6175483551795394,4.0,0.0,0.9263225327693089,6.0,2.0,17,1.0,37,1.0,2.0,1.5,4.0,6.0,4.0,5.0,3.0,5.0
33,29,1.0,0,1,1,0.36363636363636365,0.7142857142857143,4.0,5.6,1.2389934309929542,5.0,1.0,0.6175483551795402,6.0,0.0,18,1.0,39,2.0,1.0,1.2,4.0,6.0,4.0,6.0,4.0,5.0
34,29,1.0,0,1,1,0.36363636363636365,0.7142857142857143,4.2,5.8,-0.365487995263114,5.0,0.0,0.365487995263114,6.0,0.0,19,1.0,39,1.0,1.0,1.5,5.0,6.0,4.0,6.0,4.0,6.0
35,29,1.0,0,1,1,0.36363636363636365,0.7142857142857143,4.2,6.0,-0.365487995263114,5.0,-1.0,0.0,6.0,0.0,20,1.0,38,0.0,1.0,1.5,4.0,6.0,5.0,6.0,4.0,6.0
36,29,1.0,0,1,1,0.36363636363636365,0.7142857142857143,4.2,5.8,-0.365487995263114,5.0,-1.0,-1.4619519810524544,6.0,-3.0,21,1.0,38,0.0,-1.0,1.25,4.0,6.0,4.0,6.0,5.0,6.0
37,29,1.0,0,1,1,0.36363636363636365,0.7142857142857143,4.2,5.6,-0.365487995263114,5.0,-1.0,-0.9263225327693089,6.0,-3.0,22,1.0,39,0.0,-1.0,1.25,4.0,5.0,4.0,6.0,4.0,6.0
38,29,1.0,0,1,1,0.36363636363636365,0.7142857142857143,4.0,5.6,0.0,4.0,-3.0,0.6175483551795402,6.0,-1.0,23,1.0,38,-1.0,0.0,1.5,4.0,5.0,4.0,5.0,4.0,6.0
39,29,1.0,0,1,1,0.36363636363636365,0.7142857142857143,4.0,5.6,0.0,4.0,-1.0,0.6175483551795402,6.0,-1.0,24,1.0,38,0.0,0.0,1.5,4.0,6.0,4.0,5.0,4.0,5.0
40,29,1.0,0,1,1,0.36363636363636365,0.7142857142857143,4.2,5.6,1.4619519810524544,5.0,1.0,0.6175483551795402,6.0,-1.0,25,1.0,40,1.0,0.0,1.2,4.0,6.0,4.0,6.0,4.0,5.0
41,29,1.0,0,1,1,0.36363636363636365,0.7142857142857143,4.4,5.8,0.9263225327693089,5.0,1.0,0.365487995263114,6.0,2.0,26,1.0,41,1.0,1.0,1.2,5.0,6.0,4.0,6.0,4.0,6.0
42,29,1.0,0,1,1,0.36363636363636365,0.7142857142857143,4.6,6.0,0.6175483551795402,5.0,1.0,0.0,6.0,2.0,27,1.0,41,1.0,1.0,1.2,5.0,6.0,5.0,6.0,4.0,6.0
43,29,1.0,0,1,1,0.36363636363636365,0.7142857142857143,4.6,6.0,-0.9263225327693089,5.0,1.0,0.0,6.0,0.0,28,1.0,41,0.0,0.0,1.5,5.0,6.0,5.0,6.0,5.0,6.0
44,29,1.0,0,1,1,0.36363636363636365,0.7142857142857143,4.6,6.0,-0.9263225327693089,5.0,0.0,0.0,6.0,0.0,29,1.0,42,0.0,0.0,1.5,4.0,6.0,5.0,6.0,5.0,6.0
45,29,1.0,0,1,1,0.36363636363636365,0.7142857142857143,4.4,5.8,-0.6175483551795402,5.0,-2.0,-1.4619519810524544,6.0,-1.0,30,1.0,41,-1.0,-1.0,1.25,4.0,6.0,4.0,6.0,5.0,6.0
46,29,1.0,0,1,1,0.36363636363636365,0.7142857142857143,4.2,5.8,-0.365487995263114,5.0,-2.0,0.365487995263114,6.0,-1.0,31,1.0,41,-1.0,0.0,1.5,4.0,5.0,4.0,6.0,4.0,6.0
47,29,1.0,0,1,1,0.36363636363636365,0.7142857142857143,4.0,5.8,0.0,4.0,-2.0,0.365487995263114,6.0,-1.0,32,1.0,41,-1.0,0.0,1.5,4.0,6.0,4.0,5.0,4.0,6.0
48,29,1.0,0,1,1,0.36363636363636365,0.7142857142857143,4.2,5.8,1.4619519810524544,5.0,1.0,0.365487995263114,6.0,0.0,33,1.0,42,1.0,0.0,1.2,4.0,6.0,4.0,6.0,4.0,5.0
49,29,1.0,0,1,1,0.36363636363636365,0.7142857142857143,4.2,5.8,-0.365487995263114,5.0,0.0,0.365487995263114,6.0,0.0,34,1.0,42,0.0,0.0,1.5,5.0,6.0,4.0,6.0,4.0,6.0
50,29,1.0,0,1,1,0.36363636363636365,0.7142857142857143,4.2,6.0,-0.365487995263114,5.0,1.0,0.0,6.0,2.0,35,1.0,42,0.0,1.0,1.5,4.0,6.0,5.0,6.0,4.0,6.0
51,29,1.0,0,1,1,0.36363636363636365,0.7142857142857143,4.2,5.8,-0.365487995263114,5.0,1.0,-1.4619519810524544,6.0,-1.0,36,1.0,42,0.0,-1.0,1.25,4.0,6.0,4.0,6.0,5.0,6.0
52,29,1.0,0,1,1,0.36363636363636365,0.7142857142857143,4.2,5.6,-0.365487995263114,5.0,1.0,-0.9263225327693089,6.0,-1.0,37,1.0,42,0.0,-1.0,1.25,4.0,5.0,4.0,6.0,4.0,6.0
53,29,1.0,0,1,1,0.36363636363636365,0.7142857142857143,4.0,5.4,0.0,4.0,-2.0,-0.6175483551795402,6.0,-1.0,38,1.0,42,-1.0,-1.0,1.25,4.0,5.0,4.0,5.0,4.0,6.0
54,29,1.0,0,1,1,0.36363636363636365,0.7142857142857143,4.0,5.2,0.0,4.0,0.0,-0.365487995263114,6.0,-1.0,39,1.0,43,0.0,-1.0,1.25,4.0,5.0,4.0,5.0,4.0,5.0
55,29,1.0,0,1,1,0.36363636363636365,0.7142857142857143,4.0,5.0,0.0,4.0,0.0,0.0,5.0,-2.0,40,1.0,43,0.0,-1.0,1.25,4.0,5.0,4.0,5.0,4.0,5.0
56,29,1.0,0,1,1,0.36363636363636365,0.7142857142857143,4.0,5.0,0.0,4.0,0.0,0.0,5.0,1.0,41,1.0,43,0.0,0.0,1.25,4.0,5.0,4.0,5.0,4.0,5.0
57,29,1.0,0,1,1,0.36363636363636365,0.7142857142857143,4.0,5.0,0.0,4.0,0.0,0.0,5.0,1.0,42,1.0,43,0.0,0.0,1.25,4.0,5.0,4.0,5.0,4.0,5.0
58,29,1.0,0,1,1,0.36363636363636365,0.7142857142857143,4.0,5.0,0.0,4.0,1.0,0.0,5.0,1.0,43,1.0,43,0.0,0.0,1.25,4.0,5.0,4.0,5.0,4.0,5.0
59,29,1.0,0,1,1,0.36363636363636365,0.7142857142857143,4.0,5.0,0.0,4.0,0.0,0.0,5.0,1.0,44,1.0,43,0.0,0.0,1.25,4.0,5.0,4.0,5.0,4.0,5.0
60,29,1.0,0,1,1,0.36363636363636365,0.7142857142857143,4.0,5.0,0.0,4.0,0.0,0.0,5.0,1.0,45,1.0,43,0.0,0.0,1.25,4.0,5.0,4.0,5.0,4.0,5.0
61,29,1.0,0,1,1,0.36363636363636365,0.7142857142857143,4.0,5.0,0.0,4.0,0.0,0.0,5.0,0.0,46,1.0,43,0.0,0.0,1.25,4.0,5.0,4.0,5.0,4.0,5.0
62,29,1.0,0,1,1,0.36363636363636365,0.7142857142857143,4.0,5.0,0.0,4.0,0.0,0.0,5.0,0.0,47,1.0,43,0.0,0.0,1.25,4.0,5.0,4.0,5.0,4.0,5.0
63,29,1.0,0,1,1,0.36363636363636365,0.7142857142857143,4.0,5.0,0.0,4.0,0.0,0.0,5.0,0.0,48,1.0,43,0.0,0.0,1.25,4.0,5.0,4.0,5.0,4.0,5.0
64,29,1.0,0,1,1,0.36363636363636365,0.7142857142857143,4.0,5.0,0.0,4.0,0.0,0.0,5.0,0.0,49,1.0,43,0.0,0.0,1.25,4.0,5.0,4.0,5.0,4.0,5.0
65,29,1.0,0,1,1,0.36363636363636365,0.7142857142857143,4.0,5.0,0.0,4.0,0.0,0.0,5.0,0.0,50,1.0,43,0.0,0.0,1.25,4.0,5.0,4.0,5.0,4.0,5.0
66,29,1.0,0,1,1,0.36363636363636365,0.7142857142857143,4.0,5.0,0.0,4.0,0.0,0.0,5.0,0.0,51,1.0,43,0.0,0.0,1.25,4.0,5.0,4.0,5.0,4.0,5.0
67,29,1.0,0,1,1,0.36363636363636365,0.7142857142857143,4.0,5.0,0.0,4.0,0.0,0.0,5.0,0.0,52,1.0,43,0.0,0.0,1.25,4.0,5.0,4.0,5.0,4.0,5.0
68,29,1.0,0,1,1,0.36363636363636365,0.7142857142857143,4.0,5.0,0.0,4.0,0.0,0.0,5.0,0.0,53,1.0,43,0.0,0.0,1.25,4.0,5.0,4.0,5.0,4.0,5.0
69,29,1.0,0,1,1,0.36363636363636365,0.7142857142857143,4.0,5.0,0.0,4.0,0.0,0.0,5.0,0.0,54,1.0,43,0.0,0.0,1.25,4.0,5.0,4.0,5.0,4.0,5.0
70,29,1.0,0,1,1,0.36363636363636365,0.7142857142857143,4.0,5.0,0.0,4.0,0.0,0.0,5.0,0.0,55,1.0,43,0.0,0.0,1.25,4.0,5.0,4.0,5.0,4.0,5.0
71,29,1.0,0,1,1,0.36363636363636365,0.7142857142857143,4.0,5.0,0.0,4.0,0.0,0.0,5.0,0.0,56,1.0,43,0.0,0.0,1.25,4.0,5.0,4.0,5.0,4.0,5.0
72,29,1.0,0,1,1,0.36363636363636365,0.7142857142857143,4.0,5.0,0.0,4.0,0.0,0.0,5.0,0.0,57,1.0,43,0.0,0.0,1.25,4.0,5.0,4.0,5.0,4.0,5.0
73,29,1.0,0,1,1,0.36363636363636365,0.7142857142857143,4.0,5.0,0.0,4.0,0.0,0.0,5.0,0.0,58,1.0,43,0.0,0.0,1.25,4.0,5.0,4.0,5.0,4.0,5.0
74,29,1.0,0,1,1,0.36363636363636365,0.7142857142857143,4.0,5.0,0.0,4.0,0.0,0.0,5.0,0.0,59,1.0,43,0.0,0.0,1.25,4.0,5.0,4.0,5.0,4.0,5.0
75,29,1.0,0,1,1,0.36363636363636365,0.7142857142857143,4.0,5.0,0.0,4.0,0.0,0.0,5.0,0.0,60,1.0,43,0.0,0.0,1.25,4.0,5.0,4.0,5.0,4.0,5.0
76,29,1.0,0,1,1,0.36363636363636365,0.7142857142857143,4.0,5.0,0.0,4.0,0.0,0.0,5.0,0.0,61,1.0,43,0.0,0.0,1.25,4.0,5.0,4.0,5.0,4.0,5.0
77,29,1.0,0,1,1,0.36363636363636365,0.7142857142857143,4.0,5.0,0.0,4.0,0.0,0.0,5.0,0.0,62,1.0,43,0.0,0.0,1.25,4.0,5.0,4.0,5.0,4.0,5.0
78,29,1.0,0,1,1,0.36363636363636365,0.7142857142857143,4.0,5.0,0.0,4.0,0.0,0.0,5.0,0.0,63,1.0,43,0.0,0.0,1.25,4.0,5.0,4.0,5.0,4.0,5.0
79,29,1.0,0,1,1,0.36363636363636365,0.7142857142857143,4.0,5.0,0.0,4.0,0.0,0.0,5.0,0.0,64,1.0,43,0.0,0.0,1.25,4.0,5.0,4.0,5.0,4.0,5.0
80,29,1.0,0,1,1,0.36363636363636365,0.7142857142857143,4.0,5.0,0.0,4.0,0.0,0.0,5.0,0.0,65,1.0,43,0.0,0.0,1.25,4.0,5.0,4.0,5.0,4.0,5.0
81,29,1.0,0,1,1,0.36363636363636365,0.7142857142857143,4.0,5.0,0.0,4.0,0.0,0.0,5.0,0.0,66,1.0,43,0.0,0.0,1.25,4.0,5.0,4.0,5.0,4.0,5.0
82,29,1.0,0,1,1,0.36363636363636365,0.7142857142857143,4.0,5.0,0.0,4.0,0.0,0.0,5.0,0.0,67,1.0,43,0.0,0.0,1.25,4.0,5.0,4.0,5.0,4.0,5.0
83,29,1.0,0,1,1,0.36363636363636365,0.7142857142857143,4.0,5.0,0.0,4.0,0.0,0.0,5.0,0.0,68,1.0,43,0.0,0.0,1.25,4.0,5.0,4.0,5.0,4.0,5.0
84,29,1.0,0,1,1,0.36363636363636365,0.7142857142857143,4.0,5.0,0.0,4.0,0.0,0.0,5.0,0.0,69,1.0,43,0.0,0.0,1.25,4.0,5.0,4.0,5.0,4.0,5.0
85,29,1.0,0,1,1,0.36363636363636365,0.7142857142857143,4.0,5.0,0.0,4.0,0.0,0.0,5.0,0.0,70,1.0,43,0.0,0.0,1.25,4.0,5.0,4.0,5.0,4.0,5.0
86,29,1.0,0,1,1,0.36363636363636365,0.7142857142857143,4.0,5.0,0.0,4.0,0.0,0.0,5.0,0.0,71,1.0,43,0.0,0.0,1.25,4.0,5.0,4.0,5.0,4.0,5.0
87,29,1.0,0,1,1,0.36363636363636365,0.7142857142857143,4.0,5.0,0.0,4.0,0.0,0.0,5.0,0.0,72,1.0,43,0.0,0.0,1.25,4.0,5.0,4.0,5.0,4.0,5.0
88,29,1.0,0,1,1,0.36363636363636365,0.7142857142857143,4.0,5.0,0.0,4.0,0.0,0.0,5.0,0.0,73,1.0,43,0.0,0.0,1.25,4.0,5.0,4.0,5.0,4.0,5.0
89,29,1.0,0,1,1,0.36363636363636365,0.7142857142857143,4.0,5.0,0.0,4.0,0.0,0.0,5.0,0.0,74,1.0,43,0.0,0.0,1.25,4.0,5.0,4.0,5.0,4.0,5.0
90,29,1.0,0,1,1,0.36363636363636365,0.7142857142857143,4.0,5.0,0.0,4.0,0.0,0.0,5.0,0.0,75,1.0,43,0.0,0.0,1.25,4.0,5.0,4.0,5.0,4.0,5.0
91,29,1.0,0,1,1,0.36363636363636365,0.7142857142857143,4.0,5.0,0.0,4.0,0.0,0.0,5.0,0.0,76,1.0,43,0.0,0.0,1.25,4.0,5.0,4.0,5.0,4.0,5.0
92,29,1.0,0,1,1,0.36363636363636365,0.7142857142857143,4.0,5.0,0.0,4.0,0.0,0.0,5.0,0.0,77,1.0,43,0.0,0.0,1.25,4.0,5.0,4.0,5.0,4.0,5.0
93,29,1.0,0,1,1,0.36363636363636365,0.7142857142857143,4.0,5.0,0.0,4.0,0.0,0.0,5.0,0.0,78,1.0,43,0.0,0.0,1.25,4.0,5.0,4.0,5.0,4.0,5.0
94,29,1.0,0,1,1,0.36363636363636365,0.7142857142857143,4.0,5.0,0.0,4.0,0.0,0.0,5.0,0.0,79,1.0,43,0.0,0.0,1.25,4.0,5.0,4.0,5.0,4.0,5.0
95,29,1.0,0,1,1,0.36363636363636365,0.7142857142857143,4.0,5.0,0.0,4.0,0.0,0.0,5.0,0.0,80,1.0,43,0.0,0.0,1.25,4.0,5.0,4.0,5.0,4.0,5.0
96,29,1.0,0,1,1,0.36363636363636365,0.7142857142857143,4.0,5.0,0.0,4.0,0.0,0.0,5.0,0.0,81,1.0,43,0.0,0.0,1.25,4.0,5.0,4.0,5.0,4.0,5.0
97,29,1.0,0,1,1,0.36363636363636365,0.7142857142857143,4.0,5.0,0.0,4.0,0.0,0.0,5.0,0.0,82,1.0,43,0.0,0.0,1.25,4.0,5.0,4.0,5.0,4.0,5.0
98,29,1.0,0,1,1,0.36363636363636365,0.7142857142857143,4.0,5.0,0.0,4.0,0.0,0.0,5.0,0.0,83,1.0,43,0.0,0.0,1.25,4.0,5.0,4.0,5.0,4.0,5.0
99,29,1.0,0,1,1,0.36363636363636365,0.7142857142857143,4.0,5.0,0.0,4.0,0.0,0.0,5.0,0.0,84,1.0,43,0.0,0.0,1.25,4.0,5.0,4.0,5.0,4.0,5.0
100,29,1.0,0,1,1,0.36363636363636365,0.7142857142857143,4.0,5.0,0.0,4.0,0.0,0.0,5.0,0.0,85,1.0,43,0.0,0.0,1.25,4.0,5.0,4.0,5.0,4.0,5.0
101,29,1.0,0,1,1,0.36363636363636365,0.7142857142857143,4.0,5.0,0.0,4.0,0.0,0.0,5.0,0.0,86,1.0,43,0.0,0.0,1.25,4.0,5.0,4.0,5.0,4.0,5.0
102,29,1.0,0,1,1,0.36363636363636365,0.7142857142857143,4.0,5.0,0.0,4.0,0.0,0.0,5.0,0.0,87,1.0,43,0.0,0.0,1.25,4.0,5.0,4.0,5.0,4.0,5.0
103,29,1.0,0,1,1,0.36363636363636365,0.7142857142857143,4.0,5.0,0.0,4.0,0.0,0.0,5.0,0.0,88,1.0,43,0.0,0.0,1.25,4.0,5.0,4.0,5.0,4.0,5.0
104,29,1.0,0,1,1,0.36363636363636365,0.7142857142857143,4.0,5.0,0.0,4.0,0.0,0.0,5.0,0.0,89,1.0,43,0.0,0.0,1.25,4.0,5.0,4.0,5.0,4.0,5.0
105,29,1.0,0,1,1,0.36363636363636365,0.7142857142857143,4.0,5.0,0.0,4.0,0.0,0.0,5.0,0.0,90,1.0,43,0.0,0.0,1.25,4.0,5.0,4.0,5.0,4.0,5.0
106,29,1.0,0,1,1,0.36363636363636365,0.7142857142857143,4.0,5.0,0.0,4.0,0.0,0.0,5.0,0.0,91,1.0,43,0.0,0.0,1.25,4.0,5.0,4.0,5.0,4.0,5.0
107,29,1.0,0,1,1,0.36363636363636365,0.7142857142857143,4.0,5.0,0.0,4.0,0.0,0.0,5.0,0.0,92,1.0,43,0.0,0.0,1.25,4.0,5.0,4.0,5.0,4.0,5.0
108,29,1.0,0,1,1,0.36363636363636365,0.7142857142857143,4.0,5.0,0.0,4.0,0.0,0.0,5.0,0.0,93,1.0,43,0.0,0.0,1.25,4.0,5.0,4.0,5.0,4.0,5.0
109,29,1.0,0,1,1,0.36363636363636365,0.7142857142857143,4.0,5.0,0.0,4.0,0.0,0.0,5.0,0.0,94,1.0,43,0.0,0.0,1.25,4.0,5.0,4.0,5.0,4.0,5.0
110,29,1.0,0,1,1,0.36363636363636365,0.7142857142857143,4.0,5.0,0.0,4.0,0.0,0.0,5.0,0.0,95,1.0,43,0.0,0.0,1.25,4.0,5.0,4.0,5.0,4.0,5.0
111,29,1.0,0,1,1,0.36363636363636365,0.7142857142857143,4.0,5.0,0.0,4.0,0.0,0.0,5.0,0.0,96,1.0,43,0.0,0.0,1.25,4.0,5.0,4.0,5.0,4.0,5.0
112,29,1.0,0,1,1,0.36363636363636365,0.7142857142857143,4.0,5.0,0.0,4.0,0.0,0.0,5.0,0.0,97,1.0,43,0.0,0.0,1.25,4.0,5.0,4.0,5.0,4.0,5.0
113,29,1.0,0,1,1,0.36363636363636365,0.7142857142857143,4.0,5.0,0.0,4.0,0.0,0.0,5.0,0.0,98,1.0,43,0.0,0.0,1.25,4.0,5.0,4.0,5.0,4.0,5.0
114,29,1.0,0,1,1,0.36363636363636365,0.7142857142857143,4.0,5.0,0.0,4.0,0.0,0.0,5.0,0.0,99,1.0,43,0.0,0.0,1.25,4.0,5.0,4.0,5.0,4.0,5.0
115,29,1.0,0,1,1,0.36363636363636365,0.7142857142857143,4.0,5.0,0.0,4.0,0.0,0.0,5.0,0.0,100,1.0,43,0.0,0.0,1.25,4.0,5.0,4.0,5.0,4.0,5.0
116,29,1.0,0,1,1,0.36363636363636365,0.7142857142857143,4.0,5.0,0.0,4.0,0.0,0.0,5.0,0.0,101,1.0,43,0.0,0.0,1.25,4.0,5.0,4.0,5.0,4.0,5.0
117,29,1.0,0,1,1,0.36363636363636365,0.7142857142857143,4.0,5.0,0.0,4.0,0.0,0.0,5.0,0.0,102,1.0,43,0.0,0.0,1.25,4.0,5.0,4.0,5.0,4.0,5.0
118,29,1.0,0,1,1,0.36363636363636365,0.7142857142857143,4.0,5.0,0.0,4.0,0.0,0.0,5.0,0.0,103,1.0,43,0.0,0.0,1.25,4.0,5.0,4.0,5.0,4.0,5.0
119,29,1.0,0,1,1,0.36363636363636365,0.7142857142857143,4.0,5.0,0.0,4.0,0.0,0.0,5.0,0.0,104,1.0,43,0.0,0.0,1.25,4.0,5.0,4.0,5.0,4.0,5.0
120,29,1.0,0,1,1,0.36363636363636365,0.7142857142857143,4.0,5.0,0.0,4.0,0.0,0.0,5.0,0.0,105,1.0,43,0.0,0.0,1.25,4.0,5.0,4.0,5.0,4.0,5.0
121,29,1.0,0,1,1,0.36363636363636365,0.7142857142857143,4.0,5.0,0.0,4.0,0.0,0.0,5.0,0.0,106,1.0,43,0.0,0.0,1.25,4.0,5.0,4.0,5.0,4.0,5.0
122,29,1.0,0,1,1,0.36363636363636365,0.7142857142857143,4.0,5.0,0.0,4.0,0.0,0.0,5.0,0.0,107,1.0,43,0.0,0.0,1.25,4.0,5.0,4.0,5.0,4.0,5.0
1,30,0.0,1,0,1,0.4090909090909091,1.0,6.0,10.0,0.0,6.0,0.0,0.0,10.0,0.0,0,0.0,0,0.0,0.0,1.6666666666666667,0.0,0.0,0.0,0.0,0.0,0.0
2,30,0.0,1,0,1,0.4090909090909091,1.0,6.0,10.0,0.0,6.0,0.0,0.0,10.0,0.0,1,0.5,43,0.0,0.0,1.6666666666666667,6.0,10.0,0.0,0.0,0.0,0.0
3,30,0.0,1,0,1,0.4090909090909091,1.0,6.0,10.0,0.0,6.0,0.0,0.0,10.0,0.0,2,0.6666666666666666,43,0.0,0.0,1.6666666666666667,6.0,10.0,6.0,10.0,0.0,0.0
4,30,0.0,0,1,1,0.4090909090909091,1.0,6.0,10.0,0.0,6.0,0.0,0.0,10.0,0.0,3,0.75,43,0.0,0.0,1.6666666666666667,6.0,10.0,6.0,10.0,6.0,10.0
5,30,0.0,0,1,1,0.4090909090909091,1.0,6.0,10.0,0.0,6.0,0.0,0.0,10.0,0.0,4,0.8,43,0.0,0.0,1.6666666666666667,6.0,10.0,6.0,10.0,6.0,10.0
6,30,0.0,0,1,1,0.4090909090909091,1.0,6.0,10.0,0.0,6.0,0.0,0.0,10.0,0.0,5,1.0,25,0.0,0.0,1.6666666666666667,6.0,10.0,6.0,10.0,6.0,10.0
7,30,0.0,0,1,1,0.4090909090909091,1.0,5.8,9.8,-1.4619519810524544,6.0,0.0,-1.461951981052455,10.0,0.0,6,1.0,25,-1.0,-1.0,1.8,6.0,10.0,6.0,10.0,6.0,10.0
8,30,0.0,0,1,1,0.4090909090909091,1.0,5.2,9.8,-1.5671296202894471,6.0,0.0,0.36548799526311215,10.0,0.0,7,1.0,26,-3.0,0.0,3.3333333333333335,5.0,9.0,6.0,10.0,6.0,10.0
9,30,0.0,0,1,1,0.4090909090909091,1.0,4.6,9.4,-0.9897467869417012,6.0,0.0,-1.4078456549365599,10.0,0.0,8,1.0,25,-3.0,-2.0,2.6666666666666665,3.0,10.0,5.0,9.0,6.0,10.0
10,30,0.0,0,1,1,0.4090909090909091,1.0,4.0,8.6,-0.6604088253131131,6.0,0.0,-1.4661763935402121,10.0,0.0,9,1.0,25,-3.0,-4.0,2.0,3.0,8.0,3.0,10.0,5.0,9.0
11,30,0.0,0,1,1,0.4090909090909091,1.0,3.4,8.2,-0.40224161569615996,5.0,-3.0,-0.12632326003827649,10.0,-2.0,10,1.0,27,-3.0,-2.0,2.6666666666666665,3.0,6.0,3.0,8.0,3.0,10.0
12,30,0.0,0,1,1,0.4090909090909091,1.0,3.0,8.0,0.0,3.0,-1.0,0.0,10.0,0.0,11,1.0,33,-2.0,-1.0,2.6666666666666665,3.0,8.0,3.0,6.0,3.0,8.0
13,30,0.0,0,1,1,0.4090909090909091,1.0,3.0,7.6,0.0,3.0,3.0,0.40224161569616057,8.0,-2.0,12,1.0,30,0.0,-2.0,2.6666666666666665,3.0,8.0,3.0,8.0,3.0,6.0
14,30,0.0,0,1,1,0.4090909090909091,1.0,2.8,7.4,-1.4619519810524544,3.0,2.0,-0.40224161569616057,8.0,1.0,13,1.0,25,-1.0,-1.0,3.5,3.0,8.0,3.0,8.0,3.0,8.0
15,30,0.0,0,1,1,0.4090909090909091,0.9523809523809523,2.4,7.2,-1.4078456549365599,3.0,1.0,-1.5671296202894476,8.0,3.0,0,0.8,29,-2.0,-1.0,5.0,2.0,7.0,3.0,8.0,3.0,8.0
16,30,0.0,0,1,1,0.4090909090909091,0.9047619047619048,1.8,6.6,-1.282196962055002,3.0,0.0,-0.9897467869417013,8.0,-1.0,0,0.6,29,-3.0,-3.0,5.0,1.0,5.0,2.0,7.0,3.0,8.0
17,30,0.0,0,1,1,0.45454545454545453,0.9047619047619048,1.4,5.8,-0.3225350155346164,3.0,0.0,-1.0326029035419693,8.0,-3.0,0,0.4,29,-2.0,-4.0,4.0,0.0,5.0,1.0,5.0,2.0,7.0
18,30,0.0,0,1,1,0.5,0.9047619047619048,1.2,5.2,0.8540985814887835,2.0,-1.0,-0.16730170000173675,7.0,-1.0,0,0.2,30,-1.0,-3.0,2.5,1.0,4.0,0.0,5.0,1.0,5.0
19,30,0.0,0,1,1,0.5,0.8571428571428571,1.0,5.0,0.0,2.0,0.0,1.2389934309929562,6.0,0.0,0,0.0,34,-1.0,-1.0,6.0,2.0,5.0,1.0,4.0,0.0,5.0
20,30,0.0,0,1,1,0.5,0.8095238095238095,1.0,5.6,0.0,2.0,2.0,1.4846201804125527,8.0,4.0,0,0.0,33,0.0,3.0,8.0,1.0,6.0,2.0,5.0,1.0,4.0
21,30,0.0,0,1,1,0.45454545454545453,0.8095238095238095,1.2,6.0,-0.36548799526311376,2.0,4.0,0.594834871519755,8.0,5.0,0,0.0,33,1.0,2.0,7.0,1.0,8.0,1.0,6.0,2.0,5.0
22,30,0.0,0,1,1,0.45454545454545453,0.8095238095238095,1.2,6.6,-0.36548799526311376,2.0,2.0,0.32253501553461683,8.0,7.0,1,0.2,33,0.0,3.0,7.0,1.0,7.0,1.0,8.0,1.0,6.0
23,30,1.0,0,1,1,0.45454545454545453,0.8095238095238095,1.0,7.0,0.0,1.0,0.0,0.0,8.0,5.0,2,0.4,34,-1.0,2.0,7.0,1.0,7.0,1.0,7.0,1.0,8.0
24,30,1.0,0,1,1,0.45454545454545453,0.8095238095238095,1.0,7.2,0.0,1.0,1.0,-0.36548799526311476,8.0,2.0,3,0.6,34,0.0,1.0,7.0,1.0,7.0,1.0,7.0,1.0,7.0
25,30,1.0,0,1,1,0.4090909090909091,0.8095238095238095,1.4,6.6,1.6089664627846398,3.0,2.0,-1.6089664627846396,7.0,-6.0,0,0.6,33,2.0,-3.0,1.6666666666666667,1.0,7.0,1.0,7.0,1.0,7.0
26,30,1.0,0,1,1,0.36363636363636365,0.8095238095238095,2.0,6.2,1.320817650626226,4.0,2.0,-1.0038102000104192,7.0,-4.0,0,0.6,36,3.0,-2.0,1.25,3.0,5.0,1.0,7.0,1.0,7.0
27,30,1.0,0,1,1,0.36363636363636365,0.8095238095238095,2.6,5.8,0.8660284385739887,4.0,3.0,-0.6692068000069459,7.0,-5.0,1,0.6,36,3.0,-2.0,1.25,4.0,5.0,3.0,5.0,1.0,7.0
28,30,1.0,0,1,1,0.36363636363636365,0.8095238095238095,3.4,5.4,0.9897467869417015,5.0,5.0,-0.40224161569616035,7.0,-4.0,2,0.6,34,4.0,-2.0,1.0,4.0,5.0,4.0,5.0,3.0,5.0
29,30,1.0,0,1,1,0.36363636363636365,0.8095238095238095,4.2,5.2,0.854098581488783,5.0,4.0,1.4619519810524544,6.0,-2.0,3,0.6,33,4.0,-1.0,1.2,5.0,5.0,4.0,5.0,4.0,5.0
30,30,1.0,0,1,1,0.36363636363636365,0.8095238095238095,4.6,5.4,0.6175483551795401,5.0,0.0,0.9263225327693089,6.0,4.0,4,0.8,35,2.0,1.0,1.2,5.0,6.0,5.0,5.0,4.0,5.0
31,30,1.0,0,1,1,0.36363636363636365,0.8095238095238095,5.0,5.6,1.238993430992954,6.0,-1.0,0.6175483551795402,6.0,3.0,5,1.0,36,2.0,1.0,1.0,5.0,6.0,5.0,6.0,5.0,5.0
32,30,1.0,0,1,1,0.36363636363636365,0.8095238095238095,5.2,5.8,-0.36548799526311393,6.0,-2.0,0.365487995263114,6.0,3.0,6,1.0,37,1.0,1.0,1.2,6.0,6.0,5.0,6.0,5.0,6.0
33,30,1.0,0,1,1,0.36363636363636365,0.8095238095238095,5.2,6.0,-0.36548799526311393,6.0,-4.0,0.0,6.0,3.0,7,1.0,39,0.0,1.0,1.2,5.0,6.0,6.0,6.0,5.0,6.0
34,30,1.0,0,1,1,0.36363636363636365,0.8095238095238095,5.2,5.8,-0.36548799526311393,6.0,-4.0,-1.4619519810524544,6.0,0.0,8,1.0,39,0.0,-1.0,1.0,5.0,6.0,5.0,6.0,6.0,6.0
35,30,1.0,0,1,1,0.36363636363636365,0.8095238095238095,5.2,5.6,-0.36548799526311393,6.0,-2.0,-0.9263225327693089,6.0,-2.0,9,1.0,38,0.0,-1.0,1.0,5.0,5.0,5.0,6.0,5.0,6.0
36,30,1.0,0,1,1,0.36363636363636365,0.8095238095238095,5.0,5.4,0.0,5.0,-3.0,-0.6175483551795402,6.0,-2.0,10,1.0,38,-1.0,-1.0,1.0,5.0,5.0,5.0,5.0,5.0,6.0
37,30,1.0,0,1,1,0.36363636363636365,0.8095238095238095,5.0,5.2,0.0,5.0,-1.0,-0.365487995263114,6.0,-2.0,11,1.0,39,0.0,-1.0,1.0,5.0,5.0,5.0,5.0,5.0,5.0
38,30,1.0,0,1,1,0.36363636363636365,0.8095238095238095,5.0,5.0,0.0,5.0,0.0,0.0,5.0,-2.0,12,1.0,38,0.0,-1.0,1.0,5.0,5.0,5.0,5.0,5.0,5.0
39,30,1.0,0,1,1,0.36363636363636365,0.8095238095238095,5.0,5.0,0.0,5.0,0.0,0.0,5.0,1.0,13,1.0,38,0.0,0.0,1.0,5.0,5.0,5.0,5.0,5.0,5.0
40,30,1.0,0,1,1,0.36363636363636365,0.8095238095238095,5.0,5.2,0.0,5.0,0.0,1.4619519810524544,6.0,2.0,14,1.0,40,0.0,1.0,1.2,5.0,5.0,5.0,5.0,5.0,5.0
41,30,1.0,0,1,1,0.36363636363636365,0.8095238095238095,5.0,5.4,0.0,5.0,1.0,0.9263225327693089,6.0,2.0,15,1.0,41,0.0,1.0,1.2,5.0,6.0,5.0,5.0,5.0,5.0
42,30,1.0,0,1,1,0.36363636363636365,0.8095238095238095,5.0,5.6,0.0,5.0,0.0,0.6175483551795402,6.0,2.0,16,1.0,41,0.0,1.0,1.2,5.0,6.0,5.0,6.0,5.0,5.0
43,30,1.0,0,1,1,0.36363636363636365,0.8095238095238095,5.0,5.6,0.0,5.0,0.0,-0.9263225327693089,6.0,1.0,17,1.0,41,0.0,0.0,1.0,5.0,6.0,5.0,6.0,5.0,6.0
44,30,1.0,0,1,1,0.36363636363636365,0.8095238095238095,5.0,5.6,0.0,5.0,0.0,-0.9263225327693089,6.0,0.0,18,1.0,42,0.0,0.0,1.0,5.0,5.0,5.0,6.0,5.0,6.0
45,30,1.0,0,1,1,0.36363636363636365,0.8095238095238095,5.0,5.4,0.0,5.0,0.0,-0.6175483551795402,6.0,-2.0,19,1.0,41,0.0,-1.0,1.0,5.0,5.0,5.0,5.0,5.0,6.0
46,30,1.0,0,1,1,0.36363636363636365,0.8095238095238095,5.0,5.2,0.0,5.0,0.0,-0.365487995263114,6.0,-2.0,20,1.0,41,0.0,-1.0,1.0,5.0,5.0,5.0,5.0,5.0,5.0
47,30,1.0,0,1,1,0.36363636363636365,0.8095238095238095,5.0,5.0,0.0,5.0,0.0,0.0,5.0,-2.0,21,1.0,41,0.0,-1.0,1.0,5.0,5.0,5.0,5.0,5.0,5.0
48,30,1.0,0,1,1,0.36363636363636365,0.8095238095238095,5.0,5.2,0.0,5.0,0.0,1.4619519810524544,6.0,1.0,22,1.0,42,0.0,1.0,1.2,5.0,5.0,5.0,5.0,5.0,5.0
49,30,1.0,0,1,1,0.36363636363636365,0.8095238095238095,5.0,5.4,0.0,5.0,0.0,0.9263225327693089,6.0,1.0,23,1.0,42,0.0,1.0,1.2,5.0,6.0,5.0,5.0,5.0,5.0
50,30,1.0,0,1,1,0.36363636363636365,0.8095238095238095,5.2,5.6,1.4619519810524544,6.0,1.0,0.6175483551795402,6.0,2.0,24,1.0,42,1.0,1.0,1.0,5.0,6.0,5.0,6.0,5.0,5.0
51,30,1.0,0,1,1,0.36363636363636365,0.8095238095238095,5.2,5.8,-0.365487995263114,6.0,0.0,0.365487995263114,6.0,2.0,25,1.0,42,0.0,1.0,1.2,6.0,6.0,5.0,6.0,5.0,6.0
52,30,1.0,0,1,1,0.36363636363636365,0.8095238095238095,5.2,6.0,-0.365487995263114,6.0,0.0,0.0,6.0,2.0,26,1.0,42,0.0,1.0,1.2,5.0,6.0,6.0,6.0,5.0,6.0
53,30,1.0,0,1,1,0.36363636363636365,0.8095238095238095,5.2,5.8,-0.365487995263114,6.0,0.0,-1.4619519810524544,6.0,-2.0,27,1.0,42,0.0,-1.0,1.0,5.0,6.0,5.0,6.0,6.0,6.0
54,30,1.0,0,1,1,0.36363636363636365,0.8095238095238095,5.2,5.6,-0.365487995263114,6.0,0.0,-0.9263225327693089,6.0,-2.0,28,1.0,43,0.0,-1.0,1.0,5.0,5.0,5.0,6.0,5.0,6.0
55,30,1.0,0,1,1,0.36363636363636365,0.8095238095238095,5.0,5.4,0.0,5.0,-2.0,-0.6175483551795402,6.0,-2.0,29,1.0,43,-1.0,-1.0,1.0,5.0,5.0,5.0,5.0,5.0,6.0
56,30,1.0,0,1,1,0.36363636363636365,0.8095238095238095,5.0,5.2,0.0,5.0,0.0,-0.365487995263114,6.0,-2.0,30,1.0,43,0.0,-1.0,1.0,5.0,5.0,5.0,5.0,5.0,5.0
57,30,1.0,0,1,1,0.36363636363636365,0.8095238095238095,5.0,5.0,0.0,5.0,0.0,0.0,5.0,-2.0,31,1.0,43,0.0,-1.0,1.0,5.0,5.0,5.0,5.0,5.0,5.0
58,30,1.0,0,1,1,0.36363636363636365,0.8095238095238095,5.0,5.0,0.0,5.0,0.0,0.0,5.0,1.0,32,1.0,43,0.0,0.0,1.0,5.0,5.0,5.0,5.0,5.0,5.0
59,30,1.0,0,1,1,0.36363636363636365,0.8095238095238095,5.0,5.0,0.0,5.0,0.0,0.0,5.0,1.0,33,1.0,43,0.0,0.0,1.0,5.0,5.0,5.0,5.0,5.0,5.0
60,30,1.0,0,1,1,0.36363636363636365,0.8095238095238095,5.0,5.0,0.0,5.0,1.0,0.0,5.0,1.0,34,1.0,43,0.0,0.0,1.0,5.0,5.0,5.0,5.0,5.0,5.0
61,30,1.0,0,1,1,0.36363636363636365,0.8095238095238095,5.0,5.0,0.0,5.0,0.0,0.0,5.0,1.0,35,1.0,43,0.0,0.0,1.0,5.0,5.0,5.0,5.0,5.0,5.0
62,30,1.0,0,1,1,0.36363636363636365,0.8095238095238095,5.0,5.0,0.0,5.0,0.0,0.0,5.0,1.0,36,1.0,43,0.0,0.0,1.0,5.0,5.0,5.0,5.0,5.0,5.0
63,30,1.0,0,1,1,0.36363636363636365,0.8095238095238095,5.0,5.0,0.0,5.0,0.0,0.0,5.0,0.0,37,1.0,43,0.0,0.0,1.0,5.0,5.0,5.0,5.0,5.0,5.0
64,30,1.0,0,1,1,0.36363636363636365,0.8095238095238095,5.0,5.0,0.0,5.0,0.0,0.0,5.0,0.0,38,1.0,43,0.0,0.0,1.0,5.0,5.0,5.0,5.0,5.0,5.0
65,30,1.0,0,1,1,0.36363636363636365,0.8095238095238095,5.0,5.0,0.0,5.0,0.0,0.0,5.0,0.0,39,1.0,43,0.0,0.0,1.0,5.0,5.0,5.0,5.0,5.0,5.0
66,30,1.0,0,1,1,0.36363636363636365,0.8095238095238095,5.0,5.0,0.0,5.0,0.0,0.0,5.0,0.0,40,1.0,43,0.0,0.0,1.0,5.0,5.0,5.0,5.0,5.0,5.0
67,30,1.0,0,1,1,0.36363636363636365,0.8095238095238095,5.0,5.0,0.0,5.0,0.0,0.0,5.0,0.0,41,1.0,43,0.0,0.0,1.0,5.0,5.0,5.0,5.0,5.0,5.0
68,30,1.0,0,1,1,0.36363636363636365,0.8095238095238095,5.0,5.0,0.0,5.0,0.0,0.0,5.0,0.0,42,1.0,43,0.0,0.0,1.0,5.0,5.0,5.0,5.0,5.0,5.0
69,30,1.0,0,1,1,0.36363636363636365,0.8095238095238095,5.0,5.0,0.0,5.0,0.0,0.0,5.0,0.0,43,1.0,43,0.0,0.0,1.0,5.0,5.0,5.0,5.0,5.0,5.0
70,30,1.0,0,1,1,0.36363636363636365,0.8095238095238095,5.0,5.0,0.0,5.0,0.0,0.0,5.0,0.0,44,1.0,43,0.0,0.0,1.0,5.0,5.0,5.0,5.0,5.0,5.0
71,30,1.0,0,1,1,0.36363636363636365,0.8095238095238095,5.0,5.0,0.0,5.0,0.0,0.0,5.0,0.0,45,1.0,43,0.0,0.0,1.0,5.0,5.0,5.0,5.0,5.0,5.0
72,30,1.0,0,1,1,0.36363636363636365,0.8095238095238095,5.0,5.0,0.0,5.0,0.0,0.0,5.0,0.0,46,1.0,43,0.0,0.0,1.0,5.0,5.0,5.0,5.0,5.0,5.0
73,30,1.0,0,1,1,0.36363636363636365,0.8095238095238095,5.0,5.0,0.0,5.0,0.0,0.0,5.0,0.0,47,1.0,43,0.0,0.0,1.0,5.0,5.0,5.0,5.0,5.0,5.0
74,30,1.0,0,1,1,0.36363636363636365,0.8095238095238095,5.0,5.0,0.0,5.0,0.0,0.0,5.0,0.0,48,1.0,43,0.0,0.0,1.0,5.0,5.0,5.0,5.0,5.0,5.0
75,30,1.0,0,1,1,0.36363636363636365,0.8095238095238095,5.0,5.0,0.0,5.0,0.0,0.0,5.0,0.0,49,1.0,43,0.0,0.0,1.0,5.0,5.0,5.0,5.0,5.0,5.0
76,30,1.0,0,1,1,0.36363636363636365,0.8095238095238095,5.0,5.0,0.0,5.0,0.0,0.0,5.0,0.0,50,1.0,43,0.0,0.0,1.0,5.0,5.0,5.0,5.0,5.0,5.0
77,30,1.0,0,1,1,0.36363636363636365,0.8095238095238095,5.0,5.0,0.0,5.0,0.0,0.0,5.0,0.0,51,1.0,43,0.0,0.0,1.0,5.0,5.0,5.0,5.0,5.0,5.0
78,30,1.0,0,1,1,0.36363636363636365,0.8095238095238095,5.0,5.0,0.0,5.0,0.0,0.0,5.0,0.0,52,1.0,43,0.0,0.0,1.0,5.0,5.0,5.0,5.0,5.0,5.0
79,30,1.0,0,1,1,0.36363636363636365,0.8095238095238095,5.0,5.0,0.0,5.0,0.0,0.0,5.0,0.0,53,1.0,43,0.0,0.0,1.0,5.0,5.0,5.0,5.0,5.0,5.0
80,30,1.0,0,1,1,0.36363636363636365,0.8095238095238095,5.0,5.0,0.0,5.0,0.0,0.0,5.0,0.0,54,1.0,43,0.0,0.0,1.0,5.0,5.0,5.0,5.0,5.0,5.0
81,30,1.0,0,1,1,0.36363636363636365,0.8095238095238095,5.0,5.0,0.0,5.0,0.0,0.0,5.0,0.0,55,1.0,43,0.0,0.0,1.0,5.0,5.0,5.0,5.0,5.0,5.0
82,30,1.0,0,1,1,0.36363636363636365,0.8095238095238095,5.0,5.0,0.0,5.0,0.0,0.0,5.0,0.0,56,1.0,43,0.0,0.0,1.0,5.0,5.0,5.0,5.0,5.0,5.0
83,30,1.0,0,1,1,0.36363636363636365,0.8095238095238095,5.0,5.0,0.0,5.0,0.0,0.0,5.0,0.0,57,1.0,43,0.0,0.0,1.0,5.0,5.0,5.0,5.0,5.0,5.0
84,30,1.0,0,1,1,0.36363636363636365,0.8095238095238095,5.0,5.0,0.0,5.0,0.0,0.0,5.0,0.0,58,1.0,43,0.0,0.0,1.0,5.0,5.0,5.0,5.0,5.0,5.0
85,30,1.0,0,1,1,0.36363636363636365,0.8095238095238095,5.0,5.0,0.0,5.0,0.0,0.0,5.0,0.0,59,1.0,43,0.0,0.0,1.0,5.0,5.0,5.0,5.0,5.0,5.0
86,30,1.0,0,1,1,0.36363636363636365,0.8095238095238095,5.0,5.0,0.0,5.0,0.0,0.0,5.0,0.0,60,1.0,43,0.0,0.0,1.0,5.0,5.0,5.0,5.0,5.0,5.0
87,30,1.0,0,1,1,0.36363636363636365,0.8095238095238095,5.0,5.0,0.0,5.0,0.0,0.0,5.0,0.0,61,1.0,43,0.0,0.0,1.0,5.0,5.0,5.0,5.0,5.0,5.0
88,30,1.0,0,1,1,0.36363636363636365,0.8095238095238095,5.0,5.0,0.0,5.0,0.0,0.0,5.0,0.0,62,1.0,43,0.0,0.0,1.0,5.0,5.0,5.0,5.0,5.0,5.0
89,30,1.0,0,1,1,0.36363636363636365,0.8095238095238095,5.0,5.0,0.0,5.0,0.0,0.0,5.0,0.0,63,1.0,43,0.0,0.0,1.0,5.0,5.0,5.0,5.0,5.0,5.0
90,30,1.0,0,1,1,0.36363636363636365,0.8095238095238095,5.0,5.0,0.0,5.0,0.0,0.0,5.0,0.0,64,1.0,43,0.0,0.0,1.0,5.0,5.0,5.0,5.0,5.0,5.0
91,30,1.0,0,1,1,0.36363636363636365,0.8095238095238095,5.0,5.0,0.0,5.0,0.0,0.0,5.0,0.0,65,1.0,43,0.0,0.0,1.0,5.0,5.0,5.0,5.0,5.0,5.0
92,30,1.0,0,1,1,0.36363636363636365,0.8095238095238095,5.0,5.0,0.0,5.0,0.0,0.0,5.0,0.0,66,1.0,43,0.0,0.0,1.0,5.0,5.0,5.0,5.0,5.0,5.0
93,30,1.0,0,1,1,0.36363636363636365,0.8095238095238095,5.0,5.0,0.0,5.0,0.0,0.0,5.0,0.0,67,1.0,43,0.0,0.0,1.0,5.0,5.0,5.0,5.0,5.0,5.0
94,30,1.0,0,1,1,0.36363636363636365,0.8095238095238095,5.0,5.0,0.0,5.0,0.0,0.0,5.0,0.0,68,1.0,43,0.0,0.0,1.0,5.0,5.0,5.0,5.0,5.0,5.0
95,30,1.0,0,1,1,0.36363636363636365,0.8095238095238095,5.0,5.0,0.0,5.0,0.0,0.0,5.0,0.0,69,1.0,43,0.0,0.0,1.0,5.0,5.0,5.0,5.0,5.0,5.0
96,30,1.0,0,1,1,0.36363636363636365,0.8095238095238095,5.0,5.0,0.0,5.0,0.0,0.0,5.0,0.0,70,1.0,43,0.0,0.0,1.0,5.0,5.0,5.0,5.0,5.0,5.0
97,30,1.0,0,1,1,0.36363636363636365,0.8095238095238095,5.0,5.0,0.0,5.0,0.0,0.0,5.0,0.0,71,1.0,43,0.0,0.0,1.0,5.0,5.0,5.0,5.0,5.0,5.0
98,30,1.0,0,1,1,0.36363636363636365,0.8095238095238095,5.0,5.0,0.0,5.0,0.0,0.0,5.0,0.0,72,1.0,43,0.0,0.0,1.0,5.0,5.0,5.0,5.0,5.0,5.0
99,30,1.0,0,1,1,0.36363636363636365,0.8095238095238095,5.0,5.0,0.0,5.0,0.0,0.0,5.0,0.0,73,1.0,43,0.0,0.0,1.0,5.0,5.0,5.0,5.0,5.0,5.0
100,30,1.0,0,1,1,0.36363636363636365,0.8095238095238095,5.0,5.0,0.0,5.0,0.0,0.0,5.0,0.0,74,1.0,43,0.0,0.0,1.0,5.0,5.0,5.0,5.0,5.0,5.0
101,30,1.0,0,1,1,0.36363636363636365,0.8095238095238095,5.0,5.0,0.0,5.0,0.0,0.0,5.0,0.0,75,1.0,43,0.0,0.0,1.0,5.0,5.0,5.0,5.0,5.0,5.0
102,30,1.0,0,1,1,0.36363636363636365,0.8095238095238095,5.0,5.0,0.0,5.0,0.0,0.0,5.0,0.0,76,1.0,43,0.0,0.0,1.0,5.0,5.0,5.0,5.0,5.0,5.0
103,30,1.0,0,1,1,0.36363636363636365,0.8095238095238095,5.0,5.0,0.0,5.0,0.0,0.0,5.0,0.0,77,1.0,43,0.0,0.0,1.0,5.0,5.0,5.0,5.0,5.0,5.0
104,30,1.0,0,1,1,0.36363636363636365,0.8095238095238095,5.0,5.0,0.0,5.0,0.0,0.0,5.0,0.0,78,1.0,43,0.0,0.0,1.0,5.0,5.0,5.0,5.0,5.0,5.0
105,30,1.0,0,1,1,0.36363636363636365,0.8095238095238095,5.0,5.0,0.0,5.0,0.0,0.0,5.0,0.0,79,1.0,43,0.0,0.0,1.0,5.0,5.0,5.0,5.0,5.0,5.0
106,30,1.0,0,1,1,0.36363636363636365,0.8095238095238095,5.0,5.0,0.0,5.0,0.0,0.0,5.0,0.0,80,1.0,43,0.0,0.0,1.0,5.0,5.0,5.0,5.0,5.0,5.0
107,30,1.0,0,1,1,0.36363636363636365,0.8095238095238095,5.0,5.0,0.0,5.0,0.0,0.0,5.0,0.0,81,1.0,43,0.0,0.0,1.0,5.0,5.0,5.0,5.0,5.0,5.0
108,30,1.0,0,1,1,0.36363636363636365,0.8095238095238095,5.0,5.0,0.0,5.0,0.0,0.0,5.0,0.0,82,1.0,43,0.0,0.0,1.0,5.0,5.0,5.0,5.0,5.0,5.0
109,30,1.0,0,1,1,0.36363636363636365,0.8095238095238095,5.0,5.0,0.0,5.0,0.0,0.0,5.0,0.0,83,1.0,43,0.0,0.0,1.0,5.0,5.0,5.0,5.0,5.0,5.0
110,30,1.0,0,1,1,0.36363636363636365,0.8095238095238095,5.0,5.0,0.0,5.0,0.0,0.0,5.0,0.0,84,1.0,43,0.0,0.0,1.0,5.0,5.0,5.0,5.0,5.0,5.0
111,30,1.0,0,1,1,0.36363636363636365,0.8095238095238095,5.0,5.0,0.0,5.0,0.0,0.0,5.0,0.0,85,1.0,43,0.0,0.0,1.0,5.0,5.0,5.0,5.0,5.0,5.0
112,30,1.0,0,1,1,0.36363636363636365,0.8095238095238095,5.0,5.0,0.0,5.0,0.0,0.0,5.0,0.0,86,1.0,43,0.0,0.0,1.0,5.0,5.0,5.0,5.0,5.0,5.0
113,30,1.0,0,1,1,0.36363636363636365,0.8095238095238095,5.0,5.0,0.0,5.0,0.0,0.0,5.0,0.0,87,1.0,43,0.0,0.0,1.0,5.0,5.0,5.0,5.0,5.0,5.0
114,30,1.0,0,1,1,0.36363636363636365,0.8095238095238095,5.0,5.0,0.0,5.0,0.0,0.0,5.0,0.0,88,1.0,43,0.0,0.0,1.0,5.0,5.0,5.0,5.0,5.0,5.0
115,30,1.0,0,1,1,0.36363636363636365,0.8095238095238095,5.0,5.0,0.0,5.0,0.0,0.0,5.0,0.0,89,1.0,43,0.0,0.0,1.0,5.0,5.0,5.0,5.0,5.0,5.0
116,30,1.0,0,1,1,0.36363636363636365,0.8095238095238095,5.0,5.0,0.0,5.0,0.0,0.0,5.0,0.0,90,1.0,43,0.0,0.0,1.0,5.0,5.0,5.0,5.0,5.0,5.0
117,30,1.0,0,1,1,0.36363636363636365,0.8095238095238095,5.0,5.0,0.0,5.0,0.0,0.0,5.0,0.0,91,1.0,43,0.0,0.0,1.0,5.0,5.0,5.0,5.0,5.0,5.0
118,30,1.0,0,1,1,0.36363636363636365,0.8095238095238095,5.0,5.0,0.0,5.0,0.0,0.0,5.0,0.0,92,1.0,43,0.0,0.0,1.0,5.0,5.0,5.0,5.0,5.0,5.0
119,30,1.0,0,1,1,0.36363636363636365,0.8095238095238095,5.0,5.0,0.0,5.0,0.0,0.0,5.0,0.0,93,1.0,43,0.0,0.0,1.0,5.0,5.0,5.0,5.0,5.0,5.0
120,30,1.0,0,1,1,0.36363636363636365,0.8095238095238095,5.0,5.0,0.0,5.0,0.0,0.0,5.0,0.0,94,1.0,43,0.0,0.0,1.0,5.0,5.0,5.0,5.0,5.0,5.0
121,30,1.0,0,1,1,0.36363636363636365,0.8095238095238095,5.0,5.0,0.0,5.0,0.0,0.0,5.0,0.0,95,1.0,43,0.0,0.0,1.0,5.0,5.0,5.0,5.0,5.0,5.0
122,30,1.0,0,1,1,0.36363636363636365,0.8095238095238095,5.0,5.0,0.0,5.0,0.0,0.0,5.0,0.0,96,1.0,43,0.0,0.0,1.0,5.0,5.0,5.0,5.0,5.0,5.0
1,31,0.0,1,0,1,0.45454545454545453,1.0,6.0,10.0,0.0,6.0,0.0,0.0,10.0,0.0,0,0.0,0,0.0,0.0,1.6666666666666667,0.0,0.0,0.0,0.0,0.0,0.0
2,31,0.0,1,0,1,0.45454545454545453,1.0,6.0,10.0,0.0,6.0,0.0,0.0,10.0,0.0,1,0.5,43,0.0,0.0,1.6666666666666667,6.0,10.0,0.0,0.0,0.0,0.0
3,31,0.0,1,0,1,0.45454545454545453,1.0,6.0,10.0,0.0,6.0,0.0,0.0,10.0,0.0,2,0.6666666666666666,43,0.0,0.0,1.6666666666666667,6.0,10.0,6.0,10.0,0.0,0.0
4,31,0.0,0,1,1,0.45454545454545453,1.0,6.0,10.0,0.0,6.0,0.0,0.0,10.0,0.0,3,0.75,43,0.0,0.0,1.6666666666666667,6.0,10.0,6.0,10.0,6.0,10.0
5,31,0.0,0,1,1,0.45454545454545453,1.0,6.0,10.0,0.0,6.0,0.0,0.0,10.0,0.0,4,0.8,43,0.0,0.0,1.6666666666666667,6.0,10.0,6.0,10.0,6.0,10.0
6,31,0.0,0,1,1,0.45454545454545453,0.9523809523809523,5.6,10.0,-1.6089664627846396,6.0,0.0,0.0,10.0,0.0,0,0.8,26,-2.0,0.0,2.5,6.0,10.0,6.0,10.0,6.0,10.0
7,31,0.0,0,1,1,0.45454545454545453,0.9047619047619048,5.0,9.6,-1.3208176506262261,6.0,0.0,-1.6089664627846396,10.0,0.0,0,0.6,26,-3.0,-2.0,2.6666666666666665,4.0,10.0,6.0,10.0,6.0,10.0
8,31,0.0,0,1,1,0.5,0.9047619047619048,4.2,9.4,-1.164727159999884,6.0,0.0,-0.40224161569616035,10.0,0.0,0,0.4,27,-4.0,-1.0,4.5,3.0,8.0,4.0,10.0,6.0,10.0
9,31,0.0,0,1,1,0.5,0.8571428571428571,3.2,9.0,-1.0872044698015437,6.0,0.0,-0.9090909090909092,10.0,0.0,0,0.2,26,-5.0,-2.0,8.0,2.0,9.0,3.0,8.0,4.0,10.0
10,31,0.0,0,1,1,0.5,0.8095238095238095,2.0,8.4,-1.1896697430395096,4.0,0.0,-1.1288725543711577,10.0,0.0,0,0.0,26,-6.0,-3.0,7.0,1.0,8.0,2.0,9.0,3.0,8.0
11,31,0.0,0,1,1,0.45454545454545453,0.8095238095238095,1.4,7.6,-0.3225350155346163,3.0,-1.0,-1.2901400621384653,9.0,-4.0,0,0.0,28,-3.0,-4.0,6.0,0.0,7.0,1.0,8.0,2.0,9.0
12,31,0.0,0,1,1,0.45454545454545453,0.8095238095238095,1.0,7.0,0.0,2.0,1.0,-1.1896697430395096,9.0,-1.0,1,0.2,33,-2.0,-3.0,5.0,1.0,6.0,0.0,7.0,1.0,8.0
13,31,1.0,0,1,1,0.45454545454545453,0.8095238095238095,0.8,6.4,0.3654879952631132,1.0,3.0,-0.32253501553461666,8.0,-2.0,2,0.4,30,-1.0,-3.0,6.0,1.0,5.0,1.0,6.0,0.0,7.0
14,31,1.0,0,1,1,0.4090909090909091,0.8095238095238095,0.8,5.8,0.3654879952631132,1.0,5.0,-0.8540985814887829,7.0,-1.0,0,0.4,26,0.0,-3.0,5.0,1.0,6.0,1.0,5.0,1.0,6.0
15,31,1.0,0,1,1,0.36363636363636365,0.8095238095238095,1.2,5.4,1.4619519810524546,2.0,8.0,-0.6175483551795399,6.0,1.0,0,0.4,29,2.0,-2.0,2.5,1.0,5.0,1.0,6.0,1.0,5.0
16,31,1.0,0,1,1,0.3181818181818182,0.8095238095238095,1.4,5.4,0.9263225327693093,2.0,4.0,0.9263225327693084,6.0,4.0,0,0.4,29,1.0,0.0,3.0,2.0,5.0,1.0,5.0,1.0,6.0
17,31,1.0,0,1,1,0.3181818181818182,0.8095238095238095,1.6,5.6,0.6175483551795393,2.0,3.0,0.6175483551795399,6.0,4.0,1,0.4,28,1.0,1.0,3.0,2.0,6.0,2.0,5.0,1.0,5.0
18,31,1.0,0,1,1,0.3181818181818182,0.8095238095238095,1.8,5.6,0.36548799526311354,2.0,2.0,0.6175483551795399,6.0,3.0,2,0.4,29,1.0,0.0,3.0,2.0,6.0,2.0,6.0,2.0,5.0
19,31,1.0,0,1,1,0.3181818181818182,0.8095238095238095,2.0,5.8,0.0,2.0,1.0,0.36548799526311376,6.0,4.0,3,0.6,33,1.0,1.0,3.0,2.0,6.0,2.0,6.0,2.0,6.0
20,31,1.0,0,1,1,0.3181818181818182,0.8095238095238095,2.0,5.8,0.0,2.0,-2.0,-1.4619519810524544,6.0,2.0,4,0.8,32,0.0,0.0,2.5,2.0,6.0,2.0,6.0,2.0,6.0
21,31,1.0,0,1,1,0.3181818181818182,0.8095238095238095,2.2,5.4,1.4619519810524544,3.0,0.0,-1.40784565493656,6.0,-2.0,5,1.0,32,1.0,-2.0,1.3333333333333333,2.0,5.0,2.0,6.0,2.0,6.0
22,31,1.0,0,1,1,0.3181818181818182,0.8095238095238095,2.4,5.0,0.9263225327693094,3.0,0.0,-0.9090909090909091,6.0,-3.0,6,1.0,33,1.0,-2.0,1.3333333333333333,3.0,4.0,2.0,5.0,2.0,6.0
23,31,1.0,0,1,1,0.3181818181818182,0.8095238095238095,2.6,4.6,0.6175483551795394,3.0,0.0,-0.6033624235442395,6.0,-2.0,7,1.0,34,1.0,-2.0,1.3333333333333333,3.0,4.0,3.0,4.0,2.0,5.0
24,31,1.0,0,1,1,0.3181818181818182,0.8095238095238095,2.8,4.2,0.365487995263114,3.0,0.0,-0.3654879952631141,5.0,-3.0,8,1.0,34,1.0,-2.0,1.3333333333333333,3.0,4.0,3.0,4.0,3.0,4.0
25,31,1.0,0,1,1,0.3181818181818182,0.8095238095238095,3.0,4.0,0.0,3.0,1.0,0.0,4.0,-1.0,9,1.0,32,1.0,-1.0,1.3333333333333333,3.0,4.0,3.0,4.0,3.0,4.0
26,31,1.0,0,1,1,0.3181818181818182,0.8095238095238095,3.0,4.0,0.0,3.0,-1.0,0.0,4.0,2.0,10,1.0,35,0.0,0.0,1.3333333333333333,3.0,4.0,3.0,4.0,3.0,4.0
27,31,1.0,0,1,1,0.3181818181818182,0.8095238095238095,3.0,4.2,0.0,3.0,-1.0,1.4619519810524544,5.0,3.0,11,1.0,36,0.0,1.0,1.6666666666666667,3.0,4.0,3.0,4.0,3.0,4.0
28,31,1.0,0,1,1,0.3181818181818182,0.8095238095238095,3.0,4.4,0.0,3.0,-1.0,0.9263225327693089,5.0,3.0,12,1.0,34,0.0,1.0,1.6666666666666667,3.0,5.0,3.0,4.0,3.0,4.0
29,31,1.0,0,1,1,0.3181818181818182,0.8095238095238095,3.2,4.6,1.4619519810524544,4.0,0.0,0.6175483551795402,5.0,3.0,13,1.0,33,1.0,1.0,1.25,3.0,5.0,3.0,5.0,3.0,4.0
30,31,1.0,0,1,1,0.3181818181818182,0.8095238095238095,3.4,5.0,0.9263225327693094,4.0,0.0,1.2389934309929542,6.0,3.0,14,1.0,35,1.0,2.0,1.5,4.0,5.0,3.0,5.0,3.0,5.0
31,31,1.0,0,1,1,0.3181818181818182,0.8095238095238095,3.6,5.4,0.6175483551795394,4.0,1.0,0.9263225327693089,6.0,2.0,15,1.0,36,1.0,2.0,1.5,4.0,6.0,4.0,5.0,3.0,5.0
32,31,1.0,0,1,1,0.3181818181818182,0.8095238095238095,3.8,5.6,0.365487995263114,4.0,1.0,0.6175483551795402,6.0,0.0,16,1.0,37,1.0,1.0,1.5,4.0,6.0,4.0,6.0,4.0,5.0
33,31,1.0,0,1,1,0.3181818181818182,0.8095238095238095,4.0,5.6,0.0,4.0,1.0,-0.9263225327693089,6.0,-1.0,17,1.0,39,1.0,0.0,1.25,4.0,6.0,4.0,6.0,4.0,6.0
34,31,1.0,0,1,1,0.3181818181818182,0.8095238095238095,4.0,5.6,0.0,4.0,-1.0,-0.9263225327693089,6.0,-1.0,18,1.0,39,0.0,0.0,1.25,4.0,5.0,4.0,6.0,4.0,6.0
35,31,1.0,0,1,1,0.3181818181818182,0.8095238095238095,4.0,5.4,0.0,4.0,-1.0,-0.6175483551795402,6.0,-3.0,19,1.0,38,0.0,-1.0,1.25,4.0,5.0,4.0,5.0,4.0,6.0
36,31,1.0,0,1,1,0.3181818181818182,0.8095238095238095,4.0,5.2,0.0,4.0,-1.0,-0.365487995263114,6.0,-3.0,20,1.0,38,0.0,-1.0,1.25,4.0,5.0,4.0,5.0,4.0,5.0
37,31,1.0,0,1,1,0.3181818181818182,0.8095238095238095,4.0,5.0,0.0,4.0,-1.0,0.0,5.0,-2.0,21,1.0,39,0.0,-1.0,1.25,4.0,5.0,4.0,5.0,4.0,5.0
38,31,1.0,0,1,1,0.3181818181818182,0.8095238095238095,4.0,5.0,0.0,4.0,-1.0,0.0,5.0,0.0,22,1.0,38,0.0,0.0,1.25,4.0,5.0,4.0,5.0,4.0,5.0
39,31,1.0,0,1,1,0.3181818181818182,0.8095238095238095,4.0,5.0,0.0,4.0,0.0,0.0,5.0,0.0,23,1.0,38,0.0,0.0,1.25,4.0,5.0,4.0,5.0,4.0,5.0
40,31,1.0,0,1,1,0.3181818181818182,0.8095238095238095,4.0,5.0,0.0,4.0,0.0,0.0,5.0,1.0,24,1.0,40,0.0,0.0,1.25,4.0,5.0,4.0,5.0,4.0,5.0
41,31,1.0,0,1,1,0.3181818181818182,0.8095238095238095,4.0,5.0,0.0,4.0,0.0,0.0,5.0,1.0,25,1.0,41,0.0,0.0,1.25,4.0,5.0,4.0,5.0,4.0,5.0
42,31,1.0,0,1,1,0.3181818181818182,0.8095238095238095,4.0,5.0,0.0,4.0,0.0,0.0,5.0,1.0,26,1.0,41,0.0,0.0,1.25,4.0,5.0,4.0,5.0,4.0,5.0
43,31,1.0,0,1,1,0.3181818181818182,0.8095238095238095,4.0,5.0,0.0,4.0,0.0,0.0,5.0,0.0,27,1.0,41,0.0,0.0,1.25,4.0,5.0,4.0,5.0,4.0,5.0
44,31,1.0,0,1,1,0.3181818181818182,0.8095238095238095,4.0,5.0,0.0,4.0,0.0,0.0,5.0,0.0,28,1.0,42,0.0,0.0,1.25,4.0,5.0,4.0,5.0,4.0,5.0
45,31,1.0,0,1,1,0.3181818181818182,0.8095238095238095,4.0,5.0,0.0,4.0,0.0,0.0,5.0,0.0,29,1.0,41,0.0,0.0,1.25,4.0,5.0,4.0,5.0,4.0,5.0
46,31,1.0,0,1,1,0.3181818181818182,0.8095238095238095,4.0,5.0,0.0,4.0,0.0,0.0,5.0,0.0,30,1.0,41,0.0,0.0,1.25,4.0,5.0,4.0,5.0,4.0,5.0
47,31,1.0,0,1,1,0.3181818181818182,0.8095238095238095,4.0,5.0,0.0,4.0,0.0,0.0,5.0,0.0,31,1.0,41,0.0,0.0,1.25,4.0,5.0,4.0,5.0,4.0,5.0
48,31,1.0,0,1,1,0.3181818181818182,0.8095238095238095,4.0,5.0,0.0,4.0,0.0,0.0,5.0,0.0,32,1.0,42,0.0,0.0,1.25,4.0,5.0,4.0,5.0,4.0,5.0
49,31,1.0,0,1,1,0.3181818181818182,0.8095238095238095,4.0,5.2,0.0,4.0,0.0,1.4619519810524544,6.0,1.0,33,1.0,42,0.0,1.0,1.5,4.0,5.0,4.0,5.0,4.0,5.0
50,31,1.0,0,1,1,0.3181818181818182,0.8095238095238095,4.0,5.4,0.0,4.0,0.0,0.9263225327693089,6.0,1.0,34,1.0,42,0.0,1.0,1.5,4.0,6.0,4.0,5.0,4.0,5.0
51,31,1.0,0,1,1,0.3181818181818182,0.8095238095238095,4.0,5.6,0.0,4.0,0.0,0.6175483551795402,6.0,1.0,35,1.0,42,0.0,1.0,1.5,4.0,6.0,4.0,6.0,4.0,5.0
52,31,1.0,0,1,1,0.3181818181818182,0.8095238095238095,4.0,5.6,0.0,4.0,0.0,-0.9263225327693089,6.0,0.0,36,1.0,42,0.0,0.0,1.25,4.0,6.0,4.0,6.0,4.0,6.0
53,31,1.0,0,1,1,0.3181818181818182,0.8095238095238095,4.0,5.6,0.0,4.0,0.0,-0.9263225327693089,6.0,0.0,37,1.0,42,0.0,0.0,1.25,4.0,5.0,4.0,6.0,4.0,6.0
54,31,1.0,0,1,1,0.3181818181818182,0.8095238095238095,4.0,5.4,0.0,4.0,0.0,-0.6175483551795402,6.0,-2.0,38,1.0,43,0.0,-1.0,1.25,4.0,5.0,4.0,5.0,4.0,6.0
55,31,1.0,0,1,1,0.3181818181818182,0.8095238095238095,4.0,5.2,0.0,4.0,0.0,-0.365487995263114,6.0,-2.0,39,1.0,43,0.0,-1.0,1.25,4.0,5.0,4.0,5.0,4.0,5.0
56,31,1.0,0,1,1,0.3181818181818182,0.8095238095238095,4.0,5.0,0.0,4.0,0.0,0.0,5.0,-2.0,40,1.0,43,0.0,-1.0,1.25,4.0,5.0,4.0,5.0,4.0,5.0
57,31,1.0,0,1,1,0.3181818181818182,0.8095238095238095,4.0,5.0,0.0,4.0,0.0,0.0,5.0,0.0,41,1.0,43,0.0,0.0,1.25,4.0,5.0,4.0,5.0,4.0,5.0
58,31,1.0,0,1,1,0.3181818181818182,0.8095238095238095,4.0,5.0,0.0,4.0,0.0,0.0,5.0,0.0,42,1.0,43,0.0,0.0,1.25,4.0,5.0,4.0,5.0,4.0,5.0
59,31,1.0,0,1,1,0.3181818181818182,0.8095238095238095,4.0,5.0,0.0,4.0,0.0,0.0,5.0,1.0,43,1.0,43,0.0,0.0,1.25,4.0,5.0,4.0,5.0,4.0,5.0
60,31,1.0,0,1,1,0.3181818181818182,0.8095238095238095,4.0,5.0,0.0,4.0,0.0,0.0,5.0,1.0,44,1.0,43,0.0,0.0,1.25,4.0,5.0,4.0,5.0,4.0,5.0
61,31,1.0,0,1,1,0.3181818181818182,0.8095238095238095,4.0,5.0,0.0,4.0,0.0,0.0,5.0,1.0,45,1.0,43,0.0,0.0,1.25,4.0,5.0,4.0,5.0,4.0,5.0
62,31,1.0,0,1,1,0.3181818181818182,0.8095238095238095,4.0,5.0,0.0,4.0,0.0,0.0,5.0,0.0,46,1.0,43,0.0,0.0,1.25,4.0,5.0,4.0,5.0,4.0,5.0
63,31,1.0,0,1,1,0.3181818181818182,0.8095238095238095,4.0,5.0,0.0,4.0,0.0,0.0,5.0,0.0,47,1.0,43,0.0,0.0,1.25,4.0,5.0,4.0,5.0,4.0,5.0
64,31,1.0,0,1,1,0.3181818181818182,0.8095238095238095,4.0,5.0,0.0,4.0,0.0,0.0,5.0,0.0,48,1.0,43,0.0,0.0,1.25,4.0,5.0,4.0,5.0,4.0,5.0
65,31,1.0,0,1,1,0.3181818181818182,0.8095238095238095,4.0,5.0,0.0,4.0,0.0,0.0,5.0,0.0,49,1.0,43,0.0,0.0,1.25,4.0,5.0,4.0,5.0,4.0,5.0
66,31,1.0,0,1,1,0.3181818181818182,0.8095238095238095,4.0,5.0,0.0,4.0,0.0,0.0,5.0,0.0,50,1.0,43,0.0,0.0,1.25,4.0,5.0,4.0,5.0,4.0,5.0
67,31,1.0,0,1,1,0.3181818181818182,0.8095238095238095,4.0,5.0,0.0,4.0,0.0,0.0,5.0,0.0,51,1.0,43,0.0,0.0,1.25,4.0,5.0,4.0,5.0,4.0,5.0
68,31,1.0,0,1,1,0.3181818181818182,0.8095238095238095,4.0,5.0,0.0,4.0,0.0,0.0,5.0,0.0,52,1.0,43,0.0,0.0,1.25,4.0,5.0,4.0,5.0,4.0,5.0
69,31,1.0,0,1,1,0.3181818181818182,0.8095238095238095,4.0,5.0,0.0,4.0,0.0,0.0,5.0,0.0,53,1.0,43,0.0,0.0,1.25,4.0,5.0,4.0,5.0,4.0,5.0
70,31,1.0,0,1,1,0.3181818181818182,0.8095238095238095,4.0,5.0,0.0,4.0,0.0,0.0,5.0,0.0,54,1.0,43,0.0,0.0,1.25,4.0,5.0,4.0,5.0,4.0,5.0
71,31,1.0,0,1,1,0.3181818181818182,0.8095238095238095,4.0,5.0,0.0,4.0,0.0,0.0,5.0,0.0,55,1.0,43,0.0,0.0,1.25,4.0,5.0,4.0,5.0,4.0,5.0
72,31,1.0,0,1,1,0.3181818181818182,0.8095238095238095,4.0,5.0,0.0,4.0,0.0,0.0,5.0,0.0,56,1.0,43,0.0,0.0,1.25,4.0,5.0,4.0,5.0,4.0,5.0
73,31,1.0,0,1,1,0.3181818181818182,0.8095238095238095,4.0,5.0,0.0,4.0,0.0,0.0,5.0,0.0,57,1.0,43,0.0,0.0,1.25,4.0,5.0,4.0,5.0,4.0,5.0
74,31,1.0,0,1,1,0.3181818181818182,0.8095238095238095,4.0,5.0,0.0,4.0,0.0,0.0,5.0,0.0,58,1.0,43,0.0,0.0,1.25,4.0,5.0,4.0,5.0,4.0,5.0
75,31,1.0,0,1,1,0.3181818181818182,0.8095238095238095,4.0,5.0,0.0,4.0,0.0,0.0,5.0,0.0,59,1.0,43,0.0,0.0,1.25,4.0,5.0,4.0,5.0,4.0,5.0
76,31,1.0,0,1,1,0.3181818181818182,0.8095238095238095,4.0,5.0,0.0,4.0,0.0,0.0,5.0,0.0,60,1.0,43,0.0,0.0,1.25,4.0,5.0,4.0,5.0,4.0,5.0
77,31,1.0,0,1,1,0.3181818181818182,0.8095238095238095,4.0,5.0,0.0,4.0,0.0,0.0,5.0,0.0,61,1.0,43,0.0,0.0,1.25,4.0,5.0,4.0,5.0,4.0,5.0
78,31,1.0,0,1,1,0.3181818181818182,0.8095238095238095,4.0,5.0,0.0,4.0,0.0,0.0,5.0,0.0,62,1.0,43,0.0,0.0,1.25,4.0,5.0,4.0,5.0,4.0,5.0
79,31,1.0,0,1,1,0.3181818181818182,0.8095238095238095,4.0,5.0,0.0,4.0,0.0,0.0,5.0,0.0,63,1.0,43,0.0,0.0,1.25,4.0,5.0,4.0,5.0,4.0,5.0
80,31,1.0,0,1,1,0.3181818181818182,0.8095238095238095,4.0,5.0,0.0,4.0,0.0,0.0,5.0,0.0,64,1.0,43,0.0,0.0,1.25,4.0,5.0,4.0,5.0,4.0,5.0
81,31,1.0,0,1,1,0.3181818181818182,0.8095238095238095,4.0,5.0,0.0,4.0,0.0,0.0,5.0,0.0,65,1.0,43,0.0,0.0,1.25,4.0,5.0,4.0,5.0,4.0,5.0
82,31,1.0,0,1,1,0.3181818181818182,0.8095238095238095,4.0,5.0,0.0,4.0,0.0,0.0,5.0,0.0,66,1.0,43,0.0,0.0,1.25,4.0,5.0,4.0,5.0,4.0,5.0
83,31,1.0,0,1,1,0.3181818181818182,0.8095238095238095,4.0,5.0,0.0,4.0,0.0,0.0,5.0,0.0,67,1.0,43,0.0,0.0,1.25,4.0,5.0,4.0,5.0,4.0,5.0
84,31,1.0,0,1,1,0.3181818181818182,0.8095238095238095,4.0,5.0,0.0,4.0,0.0,0.0,5.0,0.0,68,1.0,43,0.0,0.0,1.25,4.0,5.0,4.0,5.0,4.0,5.0
85,31,1.0,0,1,1,0.3181818181818182,0.8095238095238095,4.0,5.0,0.0,4.0,0.0,0.0,5.0,0.0,69,1.0,43,0.0,0.0,1.25,4.0,5.0,4.0,5.0,4.0,5.0
86,31,1.0,0,1,1,0.3181818181818182,0.8095238095238095,4.0,5.0,0.0,4.0,0.0,0.0,5.0,0.0,70,1.0,43,0.0,0.0,1.25,4.0,5.0,4.0,5.0,4.0,5.0
87,31,1.0,0,1,1,0.3181818181818182,0.8095238095238095,4.0,5.0,0.0,4.0,0.0,0.0,5.0,0.0,71,1.0,43,0.0,0.0,1.25,4.0,5.0,4.0,5.0,4.0,5.0
88,31,1.0,0,1,1,0.3181818181818182,0.8095238095238095,4.0,5.0,0.0,4.0,0.0,0.0,5.0,0.0,72,1.0,43,0.0,0.0,1.25,4.0,5.0,4.0,5.0,4.0,5.0
89,31,1.0,0,1,1,0.3181818181818182,0.8095238095238095,4.0,5.0,0.0,4.0,0.0,0.0,5.0,0.0,73,1.0,43,0.0,0.0,1.25,4.0,5.0,4.0,5.0,4.0,5.0
90,31,1.0,0,1,1,0.3181818181818182,0.8095238095238095,4.0,5.0,0.0,4.0,0.0,0.0,5.0,0.0,74,1.0,43,0.0,0.0,1.25,4.0,5.0,4.0,5.0,4.0,5.0
91,31,1.0,0,1,1,0.3181818181818182,0.8095238095238095,4.0,5.0,0.0,4.0,0.0,0.0,5.0,0.0,75,1.0,43,0.0,0.0,1.25,4.0,5.0,4.0,5.0,4.0,5.0
92,31,1.0,0,1,1,0.3181818181818182,0.8095238095238095,4.0,5.0,0.0,4.0,0.0,0.0,5.0,0.0,76,1.0,43,0.0,0.0,1.25,4.0,5.0,4.0,5.0,4.0,5.0
93,31,1.0,0,1,1,0.3181818181818182,0.8095238095238095,4.0,5.0,0.0,4.0,0.0,0.0,5.0,0.0,77,1.0,43,0.0,0.0,1.25,4.0,5.0,4.0,5.0,4.0,5.0
94,31,1.0,0,1,1,0.3181818181818182,0.8095238095238095,4.0,5.0,0.0,4.0,0.0,0.0,5.0,0.0,78,1.0,43,0.0,0.0,1.25,4.0,5.0,4.0,5.0,4.0,5.0
95,31,1.0,0,1,1,0.3181818181818182,0.8095238095238095,4.0,5.0,0.0,4.0,0.0,0.0,5.0,0.0,79,1.0,43,0.0,0.0,1.25,4.0,5.0,4.0,5.0,4.0,5.0
96,31,1.0,0,1,1,0.3181818181818182,0.8095238095238095,4.0,5.0,0.0,4.0,0.0,0.0,5.0,0.0,80,1.0,43,0.0,0.0,1.25,4.0,5.0,4.0,5.0,4.0,5.0
97,31,1.0,0,1,1,0.3181818181818182,0.8095238095238095,4.0,5.0,0.0,4.0,0.0,0.0,5.0,0.0,81,1.0,43,0.0,0.0,1.25,4.0,5.0,4.0,5.0,4.0,5.0
98,31,1.0,0,1,1,0.3181818181818182,0.8095238095238095,4.0,5.0,0.0,4.0,0.0,0.0,5.0,0.0,82,1.0,43,0.0,0.0,1.25,4.0,5.0,4.0,5.0,4.0,5.0
99,31,1.0,0,1,1,0.3181818181818182,0.8095238095238095,4.0,5.0,0.0,4.0,0.0,0.0,5.0,0.0,83,1.0,43,0.0,0.0,1.25,4.0,5.0,4.0,5.0,4.0,5.0
100,31,1.0,0,1,1,0.3181818181818182,0.8095238095238095,4.0,5.0,0.0,4.0,0.0,0.0,5.0,0.0,84,1.0,43,0.0,0.0,1.25,4.0,5.0,4.0,5.0,4.0,5.0
101,31,1.0,0,1,1,0.3181818181818182,0.8095238095238095,4.0,5.0,0.0,4.0,0.0,0.0,5.0,0.0,85,1.0,43,0.0,0.0,1.25,4.0,5.0,4.0,5.0,4.0,5.0
102,31,1.0,0,1,1,0.3181818181818182,0.8095238095238095,4.0,5.0,0.0,4.0,0.0,0.0,5.0,0.0,86,1.0,43,0.0,0.0,1.25,4.0,5.0,4.0,5.0,4.0,5.0
103,31,1.0,0,1,1,0.3181818181818182,0.8095238095238095,4.0,5.0,0.0,4.0,0.0,0.0,5.0,0.0,87,1.0,43,0.0,0.0,1.25,4.0,5.0,4.0,5.0,4.0,5.0
104,31,1.0,0,1,1,0.3181818181818182,0.8095238095238095,4.0,5.0,0.0,4.0,0.0,0.0,5.0,0.0,88,1.0,43,0.0,0.0,1.25,4.0,5.0,4.0,5.0,4.0,5.0
105,31,1.0,0,1,1,0.3181818181818182,0.8095238095238095,4.0,5.0,0.0,4.0,0.0,0.0,5.0,0.0,89,1.0,43,0.0,0.0,1.25,4.0,5.0,4.0,5.0,4.0,5.0
106,31,1.0,0,1,1,0.3181818181818182,0.8095238095238095,4.0,5.0,0.0,4.0,0.0,0.0,5.0,0.0,90,1.0,43,0.0,0.0,1.25,4.0,5.0,4.0,5.0,4.0,5.0
107,31,1.0,0,1,1,0.3181818181818182,0.8095238095238095,4.0,5.0,0.0,4.0,0.0,0.0,5.0,0.0,91,1.0,43,0.0,0.0,1.25,4.0,5.0,4.0,5.0,4.0,5.0
108,31,1.0,0,1,1,0.3181818181818182,0.8095238095238095,4.0,5.0,0.0,4.0,0.0,0.0,5.0,0.0,92,1.0,43,0.0,0.0,1.25,4.0,5.0,4.0,5.0,4.0,5.0
109,31,1.0,0,1,1,0.3181818181818182,0.8095238095238095,4.0,5.0,0.0,4.0,0.0,0.0,5.0,0.0,93,1.0,43,0.0,0.0,1.25,4.0,5.0,4.0,5.0,4.0,5.0
110,31,1.0,0,1,1,0.3181818181818182,0.8095238095238095,4.0,5.0,0.0,4.0,0.0,0.0,5.0,0.0,94,1.0,43,0.0,0.0,1.25,4.0,5.0,4.0,5.0,4.0,5.0
111,31,1.0,0,1,1,0.3181818181818182,0.8095238095238095,4.0,5.0,0.0,4.0,0.0,0.0,5.0,0.0,95,1.0,43,0.0,0.0,1.25,4.0,5.0,4.0,5.0,4.0,5.0
112,31,1.0,0,1,1,0.3181818181818182,0.8095238095238095,4.0,5.0,0.0,4.0,0.0,0.0,5.0,0.0,96,1.0,43,0.0,0.0,1.25,4.0,5.0,4.0,5.0,4.0,5.0
113,31,1.0,0,1,1,0.3181818181818182,0.8095238095238095,4.0,5.0,0.0,4.0,0.0,0.0,5.0,0.0,97,1.0,43,0.0,0.0,1.25,4.0,5.0,4.0,5.0,4.0,5.0
114,31,1.0,0,1,1,0.3181818181818182,0.8095238095238095,4.0,5.0,0.0,4.0,0.0,0.0,5.0,0.0,98,1.0,43,0.0,0.0,1.25,4.0,5.0,4.0,5.0,4.0,5.0
115,31,1.0,0,1,1,0.3181818181818182,0.8095238095238095,4.0,5.0,0.0,4.0,0.0,0.0,5.0,0.0,99,1.0,43,0.0,0.0,1.25,4.0,5.0,4.0,5.0,4.0,5.0
116,31,1.0,0,1,1,0.3181818181818182,0.8095238095238095,4.0,5.0,0.0,4.0,0.0,0.0,5.0,0.0,100,1.0,43,0.0,0.0,1.25,4.0,5.0,4.0,5.0,4.0,5.0
117,31,1.0,0,1,1,0.3181818181818182,0.8095238095238095,4.0,5.0,0.0,4.0,0.0,0.0,5.0,0.0,101,1.0,43,0.0,0.0,1.25,4.0,5.0,4.0,5.0,4.0,5.0
118,31,1.0,0,1,1,0.3181818181818182,0.8095238095238095,4.0,5.0,0.0,4.0,0.0,0.0,5.0,0.0,102,1.0,43,0.0,0.0,1.25,4.0,5.0,4.0,5.0,4.0,5.0
119,31,1.0,0,1,1,0.3181818181818182,0.8095238095238095,4.0,5.0,0.0,4.0,0.0,0.0,5.0,0.0,103,1.0,43,0.0,0.0,1.25,4.0,5.0,4.0,5.0,4.0,5.0
120,31,1.0,0,1,1,0.3181818181818182,0.8095238095238095,4.0,5.0,0.0,4.0,0.0,0.0,5.0,0.0,104,1.0,43,0.0,0.0,1.25,4.0,5.0,4.0,5.0,4.0,5.0
121,31,1.0,0,1,1,0.3181818181818182,0.8095238095238095,4.0,5.0,0.0,4.0,0.0,0.0,5.0,0.0,105,1.0,43,0.0,0.0,1.25,4.0,5.0,4.0,5.0,4.0,5.0
122,31,1.0,0,1,1,0.3181818181818182,0.8095238095238095,4.0,5.0,0.0,4.0,0.0,0.0,5.0,0.0,106,1.0,43,0.0,0.0,1.25,4.0,5.0,4.0,5.0,4.0,5.0
1,32,0.0,1,0,1,0.5,1.0,6.0,10.0,0.0,6.0,0.0,0.0,10.0,0.0,0,0.0,0,0.0,0.0,1.6666666666666667,0.0,0.0,0.0,0.0,0.0,0.0
2,32,0.0,1,0,1,0.5,1.0,6.0,10.0,0.0,6.0,0.0,0.0,10.0,0.0,1,0.5,43,0.0,0.0,1.6666666666666667,6.0,10.0,0.0,0.0,0.0,0.0
3,32,0.0,1,0,1,0.5,1.0,6.0,10.0,0.0,6.0,0.0,0.0,10.0,0.0,2,0.6666666666666666,43,0.0,0.0,1.6666666666666667,6.0,10.0,6.0,10.0,0.0,0.0
4,32,0.0,0,1,1,0.5,1.0,6.0,10.0,0.0,6.0,0.0,0.0,10.0,0.0,3,0.75,43,0.0,0.0,1.6666666666666667,6.0,10.0,6.0,10.0,6.0,10.0
5,32,0.0,0,1,1,0.5,1.0,6.0,10.0,0.0,6.0,0.0,0.0,10.0,0.0,4,0.8,43,0.0,0.0,1.6666666666666667,6.0,10.0,6.0,10.0,6.0,10.0
6,32,0.0,0,1,1,0.5,1.0,5.8,9.8,-1.4619519810524544,6.0,0.0,-1.461951981052455,10.0,0.0,5,1.0,25,-1.0,-1.0,1.8,6.0,10.0,6.0,10.0,6.0,10.0
7,32,0.0,0,1,1,0.5,1.0,5.6,9.2,-0.9263225327693089,6.0,0.0,-1.5671296202894465,10.0,0.0,6,1.0,25,-1.0,-3.0,1.4,5.0,9.0,6.0,10.0,6.0,10.0
8,32,0.0,0,1,1,0.5,1.0,5.4,8.4,-0.6175483551795402,6.0,0.0,-1.2522238631916074,10.0,0.0,7,1.0,26,-1.0,-4.0,1.2,5.0,7.0,5.0,9.0,6.0,10.0
9,32,0.0,0,1,1,0.5,1.0,5.2,7.6,-0.365487995263114,6.0,0.0,-0.8348159087944047,10.0,0.0,8,1.0,25,-1.0,-4.0,1.2,5.0,6.0,5.0,7.0,5.0,9.0
10,32,0.0,0,1,1,0.5,1.0,4.8,6.8,-1.4619519810524544,5.0,0.0,-0.5698653164688897,9.0,0.0,9,1.0,25,-2.0,-4.0,1.5,5.0,6.0,5.0,6.0,5.0,7.0
11,32,0.0,0,1,1,0.5,1.0,4.6,6.2,-0.9263225327693089,5.0,0.0,-0.36548799526311443,7.0,-2.0,10,1.0,27,-1.0,-3.0,1.5,4.0,6.0,5.0,6.0,5.0,6.0
12,32,0.0,0,1,1,0.5,1.0,4.4,6.0,-0.6175483551795402,5.0,0.0,0.0,6.0,2.0,11,1.0,33,-1.0,-1.0,1.5,4.0,6.0,4.0,6.0,5.0,6.0
13,32,0.0,0,1,1,0.5,1.0,4.2,6.2,-0.365487995263114,5.0,0.0,1.4619519810524544,7.0,5.0,12,1.0,30,-1.0,1.0,1.75,4.0,6.0,4.0,6.0,4.0,6.0
14,32,0.0,0,1,1,0.5,1.0,4.0,5.8,0.0,4.0,0.0,-1.5057153000156285,7.0,2.0,13,1.0,25,-1.0,-2.0,1.0,4.0,7.0,4.0,6.0,4.0,6.0
15,32,0.0,0,1,1,0.5,1.0,4.0,5.4,0.0,4.0,2.0,-0.971115698938449,7.0,2.0,14,1.0,28,0.0,-2.0,1.0,4.0,4.0,4.0,7.0,4.0,6.0
16,32,0.0,0,1,1,0.5,1.0,3.8,5.0,-1.4619519810524544,4.0,0.0,-0.660408825313113,7.0,1.0,15,1.0,28,-1.0,-2.0,1.3333333333333333,4.0,4.0,4.0,4.0,4.0,7.0
17,32,0.0,0,1,1,0.5,1.0,3.8,4.6,0.365487995263114,4.0,1.0,-0.41619244240219205,7.0,-1.0,16,1.0,28,0.0,-2.0,1.0,3.0,4.0,4.0,4.0,4.0,4.0
18,32,0.0,0,1,1,0.5,1.0,3.8,4.0,0.365487995263114,4.0,1.0,0.0,4.0,-4.0,17,1.0,29,0.0,-3.0,1.0,4.0,4.0,3.0,4.0,4.0,4.0
19,32,0.0,0,1,1,0.5,1.0,3.8,4.0,0.365487995263114,4.0,1.0,0.0,4.0,2.0,18,1.0,33,0.0,0.0,1.0,4.0,4.0,4.0,4.0,3.0,4.0
20,32,0.0,0,1,1,0.5,1.0,3.6,4.0,-0.9263225327693094,4.0,-1.0,0.0,4.0,2.0,19,1.0,32,-1.0,0.0,1.3333333333333333,4.0,4.0,4.0,4.0,4.0,4.0
21,32,0.0,0,1,1,0.5,1.0,3.6,4.0,-0.9263225327693094,4.0,1.0,0.0,4.0,2.0,20,1.0,32,0.0,0.0,1.3333333333333333,3.0,4.0,4.0,4.0,4.0,4.0
22,32,0.0,0,1,1,0.5,1.0,3.4,4.0,-0.6175483551795394,4.0,-1.0,0.0,4.0,2.0,21,1.0,33,-1.0,0.0,1.3333333333333333,3.0,4.0,3.0,4.0,4.0,4.0
23,32,0.0,0,1,1,0.5,1.0,3.2,4.0,-0.365487995263114,4.0,-1.0,0.0,4.0,3.0,22,1.0,34,-1.0,0.0,1.3333333333333333,3.0,4.0,3.0,4.0,3.0,4.0
24,32,0.0,0,1,1,0.5,1.0,3.0,4.0,0.0,3.0,-1.0,0.0,4.0,0.0,23,1.0,34,-1.0,0.0,1.3333333333333333,3.0,4.0,3.0,4.0,3.0,4.0
25,32,0.0,0,1,1,0.5,1.0,3.0,3.8,0.0,3.0,1.0,-1.4619519810524544,4.0,-1.0,24,1.0,32,0.0,-1.0,1.0,3.0,4.0,3.0,4.0,3.0,4.0
26,32,0.0,0,1,1,0.5,1.0,3.0,3.6,0.0,3.0,0.0,-0.9263225327693094,4.0,-1.0,25,1.0,35,0.0,-1.0,1.0,3.0,3.0,3.0,4.0,3.0,4.0
27,32,0.0,0,1,1,0.5,1.0,3.0,3.6,0.0,3.0,1.0,0.6175483551795394,4.0,0.0,26,1.0,36,0.0,0.0,1.3333333333333333,3.0,3.0,3.0,3.0,3.0,4.0
28,32,0.0,0,1,1,0.5,1.0,3.0,3.6,0.0,3.0,1.0,0.6175483551795394,4.0,0.0,27,1.0,34,0.0,0.0,1.3333333333333333,3.0,4.0,3.0,3.0,3.0,3.0
29,32,0.0,0,1,1,0.5,1.0,3.0,3.6,0.0,3.0,1.0,0.6175483551795394,4.0,0.0,28,1.0,33,0.0,0.0,1.3333333333333333,3.0,4.0,3.0,4.0,3.0,3.0
30,32,0.0,0,1,1,0.5,1.0,3.0,3.8,0.0,3.0,0.0,0.365487995263114,4.0,2.0,29,1.0,35,0.0,1.0,1.3333333333333333,3.0,4.0,3.0,4.0,3.0,4.0
31,32,0.0,0,1,1,0.5,1.0,3.0,4.0,0.0,3.0,0.0,0.0,4.0,2.0,30,1.0,36,0.0,1.0,1.3333333333333333,3.0,4.0,3.0,4.0,3.0,4.0
32,32,0.0,0,1,1,0.5,1.0,3.0,4.0,0.0,3.0,0.0,0.0,4.0,0.0,31,1.0,37,0.0,0.0,1.3333333333333333,3.0,4.0,3.0,4.0,3.0,4.0
33,32,0.0,0,1,1,0.5,1.0,3.0,3.8,0.0,3.0,0.0,-1.4619519810524544,4.0,-1.0,32,1.0,39,0.0,-1.0,1.0,3.0,4.0,3.0,4.0,3.0,4.0
34,32,0.0,0,1,1,0.5,1.0,3.0,3.6,0.0,3.0,0.0,-0.9263225327693094,4.0,-1.0,33,1.0,39,0.0,-1.0,1.0,3.0,3.0,3.0,4.0,3.0,4.0
35,32,0.0,0,1,1,0.5,1.0,3.0,3.4,0.0,3.0,0.0,-0.6175483551795394,4.0,-2.0,34,1.0,38,0.0,-1.0,1.0,3.0,3.0,3.0,3.0,3.0,4.0
36,32,0.0,0,1,1,0.5,1.0,3.0,3.2,0.0,3.0,0.0,-0.365487995263114,4.0,-2.0,35,1.0,38,0.0,-1.0,1.0,3.0,3.0,3.0,3.0,3.0,3.0
37,32,0.0,0,1,1,0.5,1.0,3.0,3.0,0.0,3.0,0.0,0.0,3.0,-1.0,36,1.0,39,0.0,-1.0,1.0,3.0,3.0,3.0,3.0,3.0,3.0
38,32,0.0,0,1,1,0.5,1.0,3.0,3.0,0.0,3.0,0.0,0.0,3.0,1.0,37,1.0,38,0.0,0.0,1.0,3.0,3.0,3.0,3.0,3.0,3.0
39,32,0.0,0,1,1,0.5,1.0,3.0,3.0,0.0,3.0,0.0,0.0,3.0,1.0,38,1.0,38,0.0,0.0,1.0,3.0,3.0,3.0,3.0,3.0,3.0
40,32,0.0,0,1,1,0.5,1.0,3.0,3.0,0.0,3.0,0.0,0.0,3.0,1.0,39,1.0,40,0.0,0.0,1.0,3.0,3.0,3.0,3.0,3.0,3.0
41,32,0.0,0,1,1,0.5,1.0,3.0,3.0,0.0,3.0,0.0,0.0,3.0,1.0,40,1.0,41,0.0,0.0,1.0,3.0,3.0,3.0,3.0,3.0,3.0
42,32,0.0,0,1,1,0.5,1.0,3.0,3.0,0.0,3.0,0.0,0.0,3.0,1.0,41,1.0,41,0.0,0.0,1.0,3.0,3.0,3.0,3.0,3.0,3.0
43,32,0.0,0,1,1,0.5,1.0,3.0,3.0,0.0,3.0,0.0,0.0,3.0,0.0,42,1.0,41,0.0,0.0,1.0,3.0,3.0,3.0,3.0,3.0,3.0
44,32,0.0,0,1,1,0.5,1.0,3.0,3.0,0.0,3.0,0.0,0.0,3.0,0.0,43,1.0,42,0.0,0.0,1.0,3.0,3.0,3.0,3.0,3.0,3.0
45,32,0.0,0,1,1,0.5,1.0,3.0,3.0,0.0,3.0,0.0,0.0,3.0,0.0,44,1.0,41,0.0,0.0,1.0,3.0,3.0,3.0,3.0,3.0,3.0
46,32,0.0,0,1,1,0.5,1.0,3.0,3.0,0.0,3.0,0.0,0.0,3.0,0.0,45,1.0,41,0.0,0.0,1.0,3.0,3.0,3.0,3.0,3.0,3.0
47,32,0.0,0,1,1,0.5,1.0,3.0,3.0,0.0,3.0,0.0,0.0,3.0,0.0,46,1.0,41,0.0,0.0,1.0,3.0,3.0,3.0,3.0,3.0,3.0
48,32,0.0,0,1,1,0.5,1.0,3.0,3.0,0.0,3.0,0.0,0.0,3.0,0.0,47,1.0,42,0.0,0.0,1.0,3.0,3.0,3.0,3.0,3.0,3.0
49,32,0.0,0,1,1,0.5,1.0,3.0,3.2,0.0,3.0,0.0,1.4619519810524544,4.0,1.0,48,1.0,42,0.0,1.0,1.3333333333333333,3.0,3.0,3.0,3.0,3.0,3.0
50,32,0.0,0,1,1,0.5,1.0,3.0,3.4,0.0,3.0,0.0,0.9263225327693094,4.0,1.0,49,1.0,42,0.0,1.0,1.3333333333333333,3.0,4.0,3.0,3.0,3.0,3.0
51,32,0.0,0,1,1,0.5,1.0,3.2,3.6,1.4619519810524544,4.0,1.0,0.6175483551795394,4.0,1.0,50,1.0,42,1.0,1.0,1.0,3.0,4.0,3.0,4.0,3.0,3.0
52,32,0.0,0,1,1,0.5,1.0,3.4,3.8,0.9263225327693094,4.0,1.0,0.365487995263114,4.0,1.0,51,1.0,42,1.0,1.0,1.0,4.0,4.0,3.0,4.0,3.0,4.0
53,32,0.0,0,1,1,0.5,1.0,3.6,4.0,0.6175483551795394,4.0,1.0,0.0,4.0,1.0,52,1.0,42,1.0,1.0,1.0,4.0,4.0,4.0,4.0,3.0,4.0
54,32,0.0,0,1,1,0.5,1.0,3.8,4.0,0.365487995263114,4.0,1.0,0.0,4.0,-1.0,53,1.0,43,1.0,0.0,1.0,4.0,4.0,4.0,4.0,4.0,4.0
55,32,0.0,0,1,1,0.5,1.0,4.0,4.0,0.0,4.0,1.0,0.0,4.0,-1.0,54,1.0,43,1.0,0.0,1.0,4.0,4.0,4.0,4.0,4.0,4.0
56,32,0.0,0,1,1,0.5,1.0,4.0,4.0,0.0,4.0,-1.0,0.0,4.0,-1.0,55,1.0,43,0.0,0.0,1.0,4.0,4.0,4.0,4.0,4.0,4.0
57,32,0.0,0,1,1,0.5,1.0,4.0,4.0,0.0,4.0,-1.0,0.0,4.0,-1.0,56,1.0,43,0.0,0.0,1.0,4.0,4.0,4.0,4.0,4.0,4.0
58,32,0.0,0,1,1,0.5,1.0,4.0,4.0,0.0,4.0,-1.0,0.0,4.0,-1.0,57,1.0,43,0.0,0.0,1.0,4.0,4.0,4.0,4.0,4.0,4.0
59,32,0.0,0,1,1,0.5,1.0,4.0,4.0,0.0,4.0,-1.0,0.0,4.0,0.0,58,1.0,43,0.0,0.0,1.0,4.0,4.0,4.0,4.0,4.0,4.0
60,32,0.0,0,1,1,0.5,1.0,4.0,4.0,0.0,4.0,-1.0,0.0,4.0,0.0,59,1.0,43,0.0,0.0,1.0,4.0,4.0,4.0,4.0,4.0,4.0
61,32,0.0,0,1,1,0.5,1.0,4.0,4.0,0.0,4.0,0.0,0.0,4.0,0.0,60,1.0,43,0.0,0.0,1.0,4.0,4.0,4.0,4.0,4.0,4.0
62,32,0.0,0,1,1,0.5,1.0,4.0,4.0,0.0,4.0,0.0,0.0,4.0,0.0,61,1.0,43,0.0,0.0,1.0,4.0,4.0,4.0,4.0,4.0,4.0
63,32,0.0,0,1,1,0.5,1.0,4.0,4.0,0.0,4.0,0.0,0.0,4.0,0.0,62,1.0,43,0.0,0.0,1.0,4.0,4.0,4.0,4.0,4.0,4.0
64,32,0.0,0,1,1,0.5,1.0,4.0,4.0,0.0,4.0,0.0,0.0,4.0,0.0,63,1.0,43,0.0,0.0,1.0,4.0,4.0,4.0,4.0,4.0,4.0
65,32,0.0,0,1,1,0.5,1.0,4.0,4.0,0.0,4.0,0.0,0.0,4.0,0.0,64,1.0,43,0.0,0.0,1.0,4.0,4.0,4.0,4.0,4.0,4.0
66,32,0.0,0,1,1,0.5,1.0,4.0,4.0,0.0,4.0,0.0,0.0,4.0,0.0,65,1.0,43,0.0,0.0,1.0,4.0,4.0,4.0,4.0,4.0,4.0
67,32,0.0,0,1,1,0.5,1.0,4.0,4.0,0.0,4.0,0.0,0.0,4.0,0.0,66,1.0,43,0.0,0.0,1.0,4.0,4.0,4.0,4.0,4.0,4.0
68,32,0.0,0,1,1,0.5,1.0,4.0,4.0,0.0,4.0,0.0,0.0,4.0,0.0,67,1.0,43,0.0,0.0,1.0,4.0,4.0,4.0,4.0,4.0,4.0
69,32,0.0,0,1,1,0.5,1.0,4.0,4.0,0.0,4.0,0.0,0.0,4.0,0.0,68,1.0,43,0.0,0.0,1.0,4.0,4.0,4.0,4.0,4.0,4.0
70,32,0.0,0,1,1,0.5,1.0,4.0,4.0,0.0,4.0,0.0,0.0,4.0,0.0,69,1.0,43,0.0,0.0,1.0,4.0,4.0,4.0,4.0,4.0,4.0
71,32,0.0,0,1,1,0.5,1.0,4.0,4.0,0.0,4.0,0.0,0.0,4.0,0.0,70,1.0,43,0.0,0.0,1.0,4.0,4.0,4.0,4.0,4.0,4.0
72,32,0.0,0,1,1,0.5,1.0,4.0,4.0,0.0,4.0,0.0,0.0,4.0,0.0,71,1.0,43,0.0,0.0,1.0,4.0,4.0,4.0,4.0,4.0,4.0
73,32,0.0,0,1,1,0.5,1.0,4.0,4.0,0.0,4.0,0.0,0.0,4.0,0.0,72,1.0,43,0.0,0.0,1.0,4.0,4.0,4.0,4.0,4.0,4.0
74,32,0.0,0,1,1,0.5,1.0,4.0,4.0,0.0,4.0,0.0,0.0,4.0,0.0,73,1.0,43,0.0,0.0,1.0,4.0,4.0,4.0,4.0,4.0,4.0
75,32,0.0,0,1,1,0.5,1.0,4.0,4.0,0.0,4.0,0.0,0.0,4.0,0.0,74,1.0,43,0.0,0.0,1.0,4.0,4.0,4.0,4.0,4.0,4.0
76,32,0.0,0,1,1,0.5,1.0,4.0,4.0,0.0,4.0,0.0,0.0,4.0,0.0,75,1.0,43,0.0,0.0,1.0,4.0,4.0,4.0,4.0,4.0,4.0
77,32,0.0,0,1,1,0.5,1.0,4.0,4.0,0.0,4.0,0.0,0.0,4.0,0.0,76,1.0,43,0.0,0.0,1.0,4.0,4.0,4.0,4.0,4.0,4.0
78,32,0.0,0,1,1,0.5,1.0,4.0,4.0,0.0,4.0,0.0,0.0,4.0,0.0,77,1.0,43,0.0,0.0,1.0,4.0,4.0,4.0,4.0,4.0,4.0
79,32,0.0,0,1,1,0.5,1.0,4.0,4.0,0.0,4.0,0.0,0.0,4.0,0.0,78,1.0,43,0.0,0.0,1.0,4.0,4.0,4.0,4.0,4.0,4.0
80,32,0.0,0,1,1,0.5,1.0,4.0,4.0,0.0,4.0,0.0,0.0,4.0,0.0,79,1.0,43,0.0,0.0,1.0,4.0,4.0,4.0,4.0,4.0,4.0
81,32,0.0,0,1,1,0.5,1.0,4.0,4.0,0.0,4.0,0.0,0.0,4.0,0.0,80,1.0,43,0.0,0.0,1.0,4.0,4.0,4.0,4.0,4.0,4.0
82,32,0.0,0,1,1,0.5,1.0,4.0,4.0,0.0,4.0,0.0,0.0,4.0,0.0,81,1.0,43,0.0,0.0,1.0,4.0,4.0,4.0,4.0,4.0,4.0
83,32,0.0,0,1,1,0.5,1.0,4.0,4.0,0.0,4.0,0.0,0.0,4.0,0.0,82,1.0,43,0.0,0.0,1.0,4.0,4.0,4.0,4.0,4.0,4.0
84,32,0.0,0,1,1,0.5,1.0,4.0,4.0,0.0,4.0,0.0,0.0,4.0,0.0,83,1.0,43,0.0,0.0,1.0,4.0,4.0,4.0,4.0,4.0,4.0
85,32,0.0,0,1,1,0.5,1.0,4.0,4.0,0.0,4.0,0.0,0.0,4.0,0.0,84,1.0,43,0.0,0.0,1.0,4.0,4.0,4.0,4.0,4.0,4.0
86,32,0.0,0,1,1,0.5,1.0,4.0,4.0,0.0,4.0,0.0,0.0,4.0,0.0,85,1.0,43,0.0,0.0,1.0,4.0,4.0,4.0,4.0,4.0,4.0
87,32,0.0,0,1,1,0.5,1.0,4.0,4.0,0.0,4.0,0.0,0.0,4.0,0.0,86,1.0,43,0.0,0.0,1.0,4.0,4.0,4.0,4.0,4.0,4.0
88,32,0.0,0,1,1,0.5,1.0,4.0,4.0,0.0,4.0,0.0,0.0,4.0,0.0,87,1.0,43,0.0,0.0,1.0,4.0,4.0,4.0,4.0,4.0,4.0
89,32,0.0,0,1,1,0.5,1.0,4.0,4.0,0.0,4.0,0.0,0.0,4.0,0.0,88,1.0,43,0.0,0.0,1.0,4.0,4.0,4.0,4.0,4.0,4.0
90,32,0.0,0,1,1,0.5,1.0,4.0,4.0,0.0,4.0,0.0,0.0,4.0,0.0,89,1.0,43,0.0,0.0,1.0,4.0,4.0,4.0,4.0,4.0,4.0
91,32,0.0,0,1,1,0.5,1.0,4.0,4.0,0.0,4.0,0.0,0.0,4.0,0.0,90,1.0,43,0.0,0.0,1.0,4.0,4.0,4.0,4.0,4.0,4.0
92,32,0.0,0,1,1,0.5,1.0,4.0,4.0,0.0,4.0,0.0,0.0,4.0,0.0,91,1.0,43,0.0,0.0,1.0,4.0,4.0,4.0,4.0,4.0,4.0
93,32,0.0,0,1,1,0.5,1.0,4.0,4.0,0.0,4.0,0.0,0.0,4.0,0.0,92,1.0,43,0.0,0.0,1.0,4.0,4.0,4.0,4.0,4.0,4.0
94,32,0.0,0,1,1,0.5,1.0,4.0,4.0,0.0,4.0,0.0,0.0,4.0,0.0,93,1.0,43,0.0,0.0,1.0,4.0,4.0,4.0,4.0,4.0,4.0
95,32,0.0,0,1,1,0.5,1.0,4.0,4.0,0.0,4.0,0.0,0.0,4.0,0.0,94,1.0,43,0.0,0.0,1.0,4.0,4.0,4.0,4.0,4.0,4.0
96,32,0.0,0,1,1,0.5,1.0,4.0,4.0,0.0,4.0,0.0,0.0,4.0,0.0,95,1.0,43,0.0,0.0,1.0,4.0,4.0,4.0,4.0,4.0,4.0
97,32,0.0,0,1,1,0.5,1.0,4.0,4.0,0.0,4.0,0.0,0.0,4.0,0.0,96,1.0,43,0.0,0.0,1.0,4.0,4.0,4.0,4.0,4.0,4.0
98,32,0.0,0,1,1,0.5,1.0,4.0,4.0,0.0,4.0,0.0,0.0,4.0,0.0,97,1.0,43,0.0,0.0,1.0,4.0,4.0,4.0,4.0,4.0,4.0
99,32,0.0,0,1,1,0.5,1.0,4.0,4.0,0.0,4.0,0.0,0.0,4.0,0.0,98,1.0,43,0.0,0.0,1.0,4.0,4.0,4.0,4.0,4.0,4.0
100,32,0.0,0,1,1,0.5,1.0,4.0,4.0,0.0,4.0,0.0,0.0,4.0,0.0,99,1.0,43,0.0,0.0,1.0,4.0,4.0,4.0,4.0,4.0,4.0
101,32,0.0,0,1,1,0.5,1.0,4.0,4.0,0.0,4.0,0.0,0.0,4.0,0.0,100,1.0,43,0.0,0.0,1.0,4.0,4.0,4.0,4.0,4.0,4.0
102,32,0.0,0,1,1,0.5,1.0,4.0,4.0,0.0,4.0,0.0,0.0,4.0,0.0,101,1.0,43,0.0,0.0,1.0,4.0,4.0,4.0,4.0,4.0,4.0
103,32,0.0,0,1,1,0.5,1.0,4.0,4.0,0.0,4.0,0.0,0.0,4.0,0.0,102,1.0,43,0.0,0.0,1.0,4.0,4.0,4.0,4.0,4.0,4.0
104,32,0.0,0,1,1,0.5,1.0,4.0,4.0,0.0,4.0,0.0,0.0,4.0,0.0,103,1.0,43,0.0,0.0,1.0,4.0,4.0,4.0,4.0,4.0,4.0
105,32,0.0,0,1,1,0.5,1.0,4.0,4.0,0.0,4.0,0.0,0.0,4.0,0.0,104,1.0,43,0.0,0.0,1.0,4.0,4.0,4.0,4.0,4.0,4.0
106,32,0.0,0,1,1,0.5,1.0,4.0,4.0,0.0,4.0,0.0,0.0,4.0,0.0,105,1.0,43,0.0,0.0,1.0,4.0,4.0,4.0,4.0,4.0,4.0
107,32,0.0,0,1,1,0.5,1.0,4.0,4.0,0.0,4.0,0.0,0.0,4.0,0.0,106,1.0,43,0.0,0.0,1.0,4.0,4.0,4.0,4.0,4.0,4.0
108,32,0.0,0,1,1,0.5,1.0,4.0,4.0,0.0,4.0,0.0,0.0,4.0,0.0,107,1.0,43,0.0,0.0,1.0,4.0,4.0,4.0,4.0,4.0,4.0
109,32,0.0,0,1,1,0.5,1.0,4.0,4.0,0.0,4.0,0.0,0.0,4.0,0.0,108,1.0,43,0.0,0.0,1.0,4.0,4.0,4.0,4.0,4.0,4.0
110,32,0.0,0,1,1,0.5,1.0,4.0,4.0,0.0,4.0,0.0,0.0,4.0,0.0,109,1.0,43,0.0,0.0,1.0,4.0,4.0,4.0,4.0,4.0,4.0
111,32,0.0,0,1,1,0.5,1.0,4.0,4.0,0.0,4.0,0.0,0.0,4.0,0.0,110,1.0,43,0.0,0.0,1.0,4.0,4.0,4.0,4.0,4.0,4.0
112,32,0.0,0,1,1,0.5,1.0,4.0,4.0,0.0,4.0,0.0,0.0,4.0,0.0,111,1.0,43,0.0,0.0,1.0,4.0,4.0,4.0,4.0,4.0,4.0
113,32,0.0,0,1,1,0.5,1.0,4.0,4.0,0.0,4.0,0.0,0.0,4.0,0.0,112,1.0,43,0.0,0.0,1.0,4.0,4.0,4.0,4.0,4.0,4.0
114,32,0.0,0,1,1,0.5,1.0,4.0,4.0,0.0,4.0,0.0,0.0,4.0,0.0,113,1.0,43,0.0,0.0,1.0,4.0,4.0,4.0,4.0,4.0,4.0
115,32,0.0,0,1,1,0.5,1.0,4.0,4.0,0.0,4.0,0.0,0.0,4.0,0.0,114,1.0,43,0.0,0.0,1.0,4.0,4.0,4.0,4.0,4.0,4.0
116,32,0.0,0,1,1,0.5,1.0,4.0,4.0,0.0,4.0,0.0,0.0,4.0,0.0,115,1.0,43,0.0,0.0,1.0,4.0,4.0,4.0,4.0,4.0,4.0
117,32,0.0,0,1,1,0.5,1.0,4.0,4.0,0.0,4.0,0.0,0.0,4.0,0.0,116,1.0,43,0.0,0.0,1.0,4.0,4.0,4.0,4.0,4.0,4.0
118,32,0.0,0,1,1,0.5,1.0,4.0,4.0,0.0,4.0,0.0,0.0,4.0,0.0,117,1.0,43,0.0,0.0,1.0,4.0,4.0,4.0,4.0,4.0,4.0
119,32,0.0,0,1,1,0.5,1.0,4.0,4.0,0.0,4.0,0.0,0.0,4.0,0.0,118,1.0,43,0.0,0.0,1.0,4.0,4.0,4.0,4.0,4.0,4.0
120,32,0.0,0,1,1,0.5,1.0,4.0,4.0,0.0,4.0,0.0,0.0,4.0,0.0,119,1.0,43,0.0,0.0,1.0,4.0,4.0,4.0,4.0,4.0,4.0
121,32,0.0,0,1,1,0.5,1.0,4.0,4.0,0.0,4.0,0.0,0.0,4.0,0.0,120,1.0,43,0.0,0.0,1.0,4.0,4.0,4.0,4.0,4.0,4.0
122,32,0.0,0,1,1,0.5,1.0,4.0,4.0,0.0,4.0,0.0,0.0,4.0,0.0,121,1.0,43,0.0,0.0,1.0,4.0,4.0,4.0,4.0,4.0,4.0
1,33,0.0,1,0,1,0.5454545454545454,1.0,6.0,10.0,0.0,6.0,0.0,0.0,10.0,0.0,0,0.0,0,0.0,0.0,1.6666666666666667,0.0,0.0,0.0,0.0,0.0,0.0
2,33,0.0,1,0,1,0.5454545454545454,1.0,6.0,10.0,0.0,6.0,0.0,0.0,10.0,0.0,1,0.5,43,0.0,0.0,1.6666666666666667,6.0,10.0,0.0,0.0,0.0,0.0
3,33,0.0,1,0,1,0.5454545454545454,1.0,6.0,10.0,0.0,6.0,0.0,0.0,10.0,0.0,2,0.6666666666666666,43,0.0,0.0,1.6666666666666667,6.0,10.0,6.0,10.0,0.0,0.0
4,33,0.0,0,1,1,0.5454545454545454,1.0,6.0,10.0,0.0,6.0,0.0,0.0,10.0,0.0,3,0.75,43,0.0,0.0,1.6666666666666667,6.0,10.0,6.0,10.0,6.0,10.0
5,33,0.0,0,1,1,0.5454545454545454,1.0,6.0,10.0,0.0,6.0,0.0,0.0,10.0,0.0,4,0.8,43,0.0,0.0,1.6666666666666667,6.0,10.0,6.0,10.0,6.0,10.0
6,33,0.0,0,1,1,0.5454545454545454,1.0,5.8,9.8,-1.4619519810524544,6.0,0.0,-1.461951981052455,10.0,0.0,5,1.0,25,-1.0,-1.0,1.8,6.0,10.0,6.0,10.0,6.0,10.0
7,33,0.0,0,1,1,0.5454545454545454,1.0,5.4,9.2,-1.40784565493656,6.0,0.0,-1.5671296202894465,10.0,0.0,6,1.0,25,-2.0,-3.0,1.75,5.0,9.0,6.0,10.0,6.0,10.0
8,33,0.0,0,1,1,0.5454545454545454,1.0,5.2,8.4,-0.21352464537219598,6.0,0.0,-1.2522238631916074,10.0,0.0,7,1.0,26,-1.0,-4.0,1.2,4.0,7.0,5.0,9.0,6.0,10.0
9,33,0.0,0,1,1,0.5454545454545454,1.0,4.8,7.6,-0.8540985814887829,6.0,0.0,-0.8348159087944047,10.0,0.0,8,1.0,25,-2.0,-4.0,1.5,5.0,6.0,4.0,7.0,5.0,9.0
10,33,0.0,0,1,1,0.5454545454545454,1.0,4.4,6.8,-0.6175483551795399,5.0,0.0,-0.5698653164688897,9.0,0.0,9,1.0,25,-2.0,-4.0,1.5,4.0,6.0,5.0,6.0,4.0,7.0
11,33,0.0,0,1,1,0.5454545454545454,1.0,4.2,6.0,-0.36548799526311376,5.0,0.0,-1.238993430992955,7.0,-3.0,10,1.0,27,-1.0,-4.0,1.25,4.0,6.0,4.0,6.0,5.0,6.0
12,33,0.0,0,1,1,0.5454545454545454,1.0,4.2,5.6,-0.36548799526311376,5.0,2.0,-0.9263225327693096,6.0,1.0,11,1.0,33,0.0,-2.0,1.25,4.0,5.0,4.0,6.0,4.0,6.0
13,33,0.0,0,1,1,0.5454545454545454,1.0,4.0,5.6,0.0,4.0,0.0,0.6175483551795407,6.0,4.0,12,1.0,30,-1.0,0.0,1.5,4.0,5.0,4.0,5.0,4.0,6.0
14,33,0.0,0,1,1,0.5454545454545454,1.0,4.0,5.6,0.0,4.0,2.0,0.6175483551795407,6.0,4.0,13,1.0,25,0.0,0.0,1.5,4.0,6.0,4.0,5.0,4.0,5.0
15,33,0.0,0,1,1,0.5454545454545454,1.0,3.8,5.2,-1.4619519810524544,4.0,1.0,-1.2811478722331757,6.0,2.0,14,1.0,28,-1.0,-2.0,1.3333333333333333,4.0,6.0,4.0,6.0,4.0,5.0
16,33,0.0,0,1,1,0.5454545454545454,1.0,3.6,5.0,-0.9263225327693094,4.0,0.0,-0.9090909090909094,6.0,3.0,15,1.0,28,-1.0,-1.0,1.3333333333333333,3.0,4.0,4.0,6.0,4.0,6.0
17,33,0.0,0,1,1,0.5454545454545454,1.0,3.4,4.8,-0.6175483551795394,4.0,-1.0,-0.669206800006946,6.0,1.0,16,1.0,28,-1.0,-1.0,1.3333333333333333,3.0,4.0,3.0,4.0,4.0,6.0
18,33,0.0,0,1,1,0.5454545454545454,1.0,3.4,4.4,0.9263225327693094,4.0,1.0,-0.40224161569616046,6.0,-2.0,17,1.0,29,0.0,-2.0,1.0,3.0,4.0,3.0,4.0,3.0,4.0
19,33,0.0,0,1,1,0.5454545454545454,1.0,3.2,4.0,-0.365487995263114,4.0,-1.0,0.0,4.0,-2.0,18,1.0,33,-1.0,-2.0,1.3333333333333333,4.0,4.0,3.0,4.0,3.0,4.0
20,33,0.0,0,1,1,0.5454545454545454,1.0,3.2,4.0,-0.365487995263114,4.0,1.0,0.0,4.0,2.0,19,1.0,32,0.0,0.0,1.3333333333333333,3.0,4.0,4.0,4.0,3.0,4.0
21,33,0.0,0,1,1,0.5454545454545454,1.0,3.2,3.8,-0.365487995263114,4.0,1.0,-1.4619519810524544,4.0,0.0,20,1.0,32,0.0,-1.0,1.0,3.0,4.0,3.0,4.0,4.0,4.0
22,33,0.0,0,1,1,0.5454545454545454,1.0,3.2,3.6,-0.365487995263114,4.0,1.0,-0.9263225327693094,4.0,0.0,21,1.0,33,0.0,-1.0,1.0,3.0,3.0,3.0,4.0,3.0,4.0
23,33,0.0,0,1,1,0.5454545454545454,1.0,3.0,3.4,0.0,3.0,-1.0,-0.6175483551795394,4.0,1.0,22,1.0,34,-1.0,-1.0,1.0,3.0,3.0,3.0,3.0,3.0,4.0
24,33,0.0,0,1,1,0.5454545454545454,1.0,3.0,3.2,0.0,3.0,1.0,-0.365487995263114,4.0,1.0,23,1.0,34,0.0,-1.0,1.0,3.0,3.0,3.0,3.0,3.0,3.0
25,33,0.0,0,1,1,0.5454545454545454,1.0,3.0,3.0,0.0,3.0,0.0,0.0,3.0,-1.0,24,1.0,32,0.0,-1.0,1.0,3.0,3.0,3.0,3.0,3.0,3.0
26,33,0.0,0,1,1,0.5454545454545454,1.0,3.0,3.2,0.0,3.0,0.0,1.4619519810524544,4.0,2.0,25,1.0,35,0.0,1.0,1.3333333333333333,3.0,3.0,3.0,3.0,3.0,3.0
27,33,0.0,0,1,1,0.5454545454545454,1.0,3.0,3.4,0.0,3.0,0.0,0.9263225327693094,4.0,2.0,26,1.0,36,0.0,1.0,1.3333333333333333,3.0,4.0,3.0,3.0,3.0,3.0
28,33,0.0,0,1,1,0.5454545454545454,1.0,3.0,3.6,0.0,3.0,1.0,0.6175483551795394,4.0,2.0,27,1.0,34,0.0,1.0,1.3333333333333333,3.0,4.0,3.0,4.0,3.0,3.0
29,33,0.0,0,1,1,0.5454545454545454,1.0,3.0,3.8,0.0,3.0,0.0,0.365487995263114,4.0,2.0,28,1.0,33,0.0,1.0,1.3333333333333333,3.0,4.0,3.0,4.0,3.0,4.0
30,33,0.0,0,1,1,0.5454545454545454,1.0,3.0,4.0,0.0,3.0,0.0,0.0,4.0,2.0,29,1.0,35,0.0,1.0,1.3333333333333333,3.0,4.0,3.0,4.0,3.0,4.0
31,33,0.0,0,1,1,0.5454545454545454,1.0,3.0,4.0,0.0,3.0,0.0,0.0,4.0,-1.0,30,1.0,36,0.0,0.0,1.3333333333333333,3.0,4.0,3.0,4.0,3.0,4.0
32,33,0.0,0,1,1,0.5454545454545454,1.0,3.0,3.8,0.0,3.0,0.0,-1.4619519810524544,4.0,-2.0,31,1.0,37,0.0,-1.0,1.0,3.0,4.0,3.0,4.0,3.0,4.0
33,33,0.0,0,1,1,0.5454545454545454,1.0,3.0,3.6,0.0,3.0,0.0,-0.9263225327693094,4.0,-2.0,32,1.0,39,0.0,-1.0,1.0,3.0,3.0,3.0,4.0,3.0,4.0
34,33,0.0,0,1,1,0.5454545454545454,1.0,3.0,3.4,0.0,3.0,0.0,-0.6175483551795394,4.0,-2.0,33,1.0,39,0.0,-1.0,1.0,3.0,3.0,3.0,3.0,3.0,4.0
35,33,0.0,0,1,1,0.5454545454545454,1.0,3.0,3.2,0.0,3.0,0.0,-0.365487995263114,4.0,-2.0,34,1.0,38,0.0,-1.0,1.0,3.0,3.0,3.0,3.0,3.0,3.0
36,33,0.0,0,1,1,0.5454545454545454,1.0,3.0,3.0,0.0,3.0,0.0,0.0,3.0,-1.0,35,1.0,38,0.0,-1.0,1.0,3.0,3.0,3.0,3.0,3.0,3.0
37,33,0.0,0,1,1,0.5454545454545454,1.0,3.0,3.0,0.0,3.0,0.0,0.0,3.0,1.0,36,1.0,39,0.0,0.0,1.0,3.0,3.0,3.0,3.0,3.0,3.0
38,33,0.0,0,1,1,0.5454545454545454,1.0,3.0,3.0,0.0,3.0,0.0,0.0,3.0,1.0,37,1.0,38,0.0,0.0,1.0,3.0,3.0,3.0,3.0,3.0,3.0
39,33,0.0,0,1,1,0.5454545454545454,1.0,3.0,3.0,0.0,3.0,0.0,0.0,3.0,1.0,38,1.0,38,0.0,0.0,1.0,3.0,3.0,3.0,3.0,3.0,3.0
40,33,0.0,0,1,1,0.5454545454545454,1.0,3.0,3.0,0.0,3.0,0.0,0.0,3.0,1.0,39,1.0,40,0.0,0.0,1.0,3.0,3.0,3.0,3.0,3.0,3.0
41,33,0.0,0,1,1,0.5454545454545454,1.0,3.0,3.0,0.0,3.0,0.0,0.0,3.0,1.0,40,1.0,41,0.0,0.0,1.0,3.0,3.0,3.0,3.0,3.0,3.0
42,33,0.0,0,1,1,0.5454545454545454,1.0,3.0,3.0,0.0,3.0,0.0,0.0,3.0,0.0,41,1.0,41,0.0,0.0,1.0,3.0,3.0,3.0,3.0,3.0,3.0
43,33,0.0,0,1,1,0.5454545454545454,1.0,3.0,3.0,0.0,3.0,0.0,0.0,3.0,0.0,42,1.0,41,0.0,0.0,1.0,3.0,3.0,3.0,3.0,3.0,3.0
44,33,0.0,0,1,1,0.5454545454545454,1.0,3.0,3.0,0.0,3.0,0.0,0.0,3.0,0.0,43,1.0,42,0.0,0.0,1.0,3.0,3.0,3.0,3.0,3.0,3.0
45,33,0.0,0,1,1,0.5454545454545454,1.0,3.0,3.0,0.0,3.0,0.0,0.0,3.0,0.0,44,1.0,41,0.0,0.0,1.0,3.0,3.0,3.0,3.0,3.0,3.0
46,33,0.0,0,1,1,0.5454545454545454,1.0,3.0,3.0,0.0,3.0,0.0,0.0,3.0,0.0,45,1.0,41,0.0,0.0,1.0,3.0,3.0,3.0,3.0,3.0,3.0
47,33,0.0,0,1,1,0.5454545454545454,1.0,3.0,3.0,0.0,3.0,0.0,0.0,3.0,0.0,46,1.0,41,0.0,0.0,1.0,3.0,3.0,3.0,3.0,3.0,3.0
48,33,0.0,0,1,1,0.5454545454545454,1.0,3.0,3.0,0.0,3.0,0.0,0.0,3.0,0.0,47,1.0,42,0.0,0.0,1.0,3.0,3.0,3.0,3.0,3.0,3.0
49,33,0.0,0,1,1,0.5454545454545454,1.0,3.0,3.0,0.0,3.0,0.0,0.0,3.0,0.0,48,1.0,42,0.0,0.0,1.0,3.0,3.0,3.0,3.0,3.0,3.0
50,33,0.0,0,1,1,0.5454545454545454,1.0,3.0,3.2,0.0,3.0,0.0,1.4619519810524544,4.0,1.0,49,1.0,42,0.0,1.0,1.3333333333333333,3.0,3.0,3.0,3.0,3.0,3.0
51,33,0.0,0,1,1,0.5454545454545454,1.0,3.0,3.4,0.0,3.0,0.0,0.9263225327693094,4.0,1.0,50,1.0,42,0.0,1.0,1.3333333333333333,3.0,4.0,3.0,3.0,3.0,3.0
52,33,0.0,0,1,1,0.5454545454545454,1.0,3.2,3.6,1.4619519810524544,4.0,1.0,0.6175483551795394,4.0,1.0,51,1.0,42,1.0,1.0,1.0,3.0,4.0,3.0,4.0,3.0,3.0
53,33,0.0,0,1,1,0.5454545454545454,1.0,3.4,3.8,0.9263225327693094,4.0,1.0,0.365487995263114,4.0,1.0,52,1.0,42,1.0,1.0,1.0,4.0,4.0,3.0,4.0,3.0,4.0
54,33,0.0,0,1,1,0.5454545454545454,1.0,3.6,4.0,0.6175483551795394,4.0,1.0,0.0,4.0,1.0,53,1.0,43,1.0,1.0,1.0,4.0,4.0,4.0,4.0,3.0,4.0
55,33,0.0,0,1,1,0.5454545454545454,1.0,3.8,4.0,0.365487995263114,4.0,1.0,0.0,4.0,-1.0,54,1.0,43,1.0,0.0,1.0,4.0,4.0,4.0,4.0,4.0,4.0
56,33,0.0,0,1,1,0.5454545454545454,1.0,4.0,4.0,0.0,4.0,1.0,0.0,4.0,-1.0,55,1.0,43,1.0,0.0,1.0,4.0,4.0,4.0,4.0,4.0,4.0
57,33,0.0,0,1,1,0.5454545454545454,1.0,4.0,4.0,0.0,4.0,-1.0,0.0,4.0,-1.0,56,1.0,43,0.0,0.0,1.0,4.0,4.0,4.0,4.0,4.0,4.0
58,33,0.0,0,1,1,0.5454545454545454,1.0,4.0,4.0,0.0,4.0,-1.0,0.0,4.0,-1.0,57,1.0,43,0.0,0.0,1.0,4.0,4.0,4.0,4.0,4.0,4.0
59,33,0.0,0,1,1,0.5454545454545454,1.0,4.0,4.0,0.0,4.0,-1.0,0.0,4.0,-1.0,58,1.0,43,0.0,0.0,1.0,4.0,4.0,4.0,4.0,4.0,4.0
60,33,0.0,0,1,1,0.5454545454545454,1.0,4.0,4.0,0.0,4.0,-1.0,0.0,4.0,0.0,59,1.0,43,0.0,0.0,1.0,4.0,4.0,4.0,4.0,4.0,4.0
61,33,0.0,0,1,1,0.5454545454545454,1.0,4.0,4.0,0.0,4.0,-1.0,0.0,4.0,0.0,60,1.0,43,0.0,0.0,1.0,4.0,4.0,4.0,4.0,4.0,4.0
62,33,0.0,0,1,1,0.5454545454545454,1.0,4.0,4.0,0.0,4.0,0.0,0.0,4.0,0.0,61,1.0,43,0.0,0.0,1.0,4.0,4.0,4.0,4.0,4.0,4.0
63,33,0.0,0,1,1,0.5454545454545454,1.0,4.0,4.0,0.0,4.0,0.0,0.0,4.0,0.0,62,1.0,43,0.0,0.0,1.0,4.0,4.0,4.0,4.0,4.0,4.0
64,33,0.0,0,1,1,0.5454545454545454,1.0,4.0,4.0,0.0,4.0,0.0,0.0,4.0,0.0,63,1.0,43,0.0,0.0,1.0,4.0,4.0,4.0,4.0,4.0,4.0
65,33,0.0,0,1,1,0.5454545454545454,1.0,4.0,4.0,0.0,4.0,0.0,0.0,4.0,0.0,64,1.0,43,0.0,0.0,1.0,4.0,4.0,4.0,4.0,4.0,4.0
66,33,0.0,0,1,1,0.5454545454545454,1.0,4.0,4.0,0.0,4.0,0.0,0.0,4.0,0.0,65,1.0,43,0.0,0.0,1.0,4.0,4.0,4.0,4.0,4.0,4.0
67,33,0.0,0,1,1,0.5454545454545454,1.0,4.0,4.0,0.0,4.0,0.0,0.0,4.0,0.0,66,1.0,43,0.0,0.0,1.0,4.0,4.0,4.0,4.0,4.0,4.0
68,33,0.0,0,1,1,0.5454545454545454,1.0,4.0,4.0,0.0,4.0,0.0,0.0,4.0,0.0,67,1.0,43,0.0,0.0,1.0,4.0,4.0,4.0,4.0,4.0,4.0
69,33,0.0,0,1,1,0.5454545454545454,1.0,4.0,4.0,0.0,4.0,0.0,0.0,4.0,0.0,68,1.0,43,0.0,0.0,1.0,4.0,4.0,4.0,4.0,4.0,4.0
70,33,0.0,0,1,1,0.5454545454545454,1.0,4.0,4.0,0.0,4.0,0.0,0.0,4.0,0.0,69,1.0,43,0.0,0.0,1.0,4.0,4.0,4.0,4.0,4.0,4.0
71,33,0.0,0,1,1,0.5454545454545454,1.0,4.0,4.0,0.0,4.0,0.0,0.0,4.0,0.0,70,1.0,43,0.0,0.0,1.0,4.0,4.0,4.0,4.0,4.0,4.0
72,33,0.0,0,1,1,0.5454545454545454,1.0,4.0,4.0,0.0,4.0,0.0,0.0,4.0,0.0,71,1.0,43,0.0,0.0,1.0,4.0,4.0,4.0,4.0,4.0,4.0
73,33,0.0,0,1,1,0.5454545454545454,1.0,4.0,4.0,0.0,4.0,0.0,0.0,4.0,0.0,72,1.0,43,0.0,0.0,1.0,4.0,4.0,4.0,4.0,4.0,4.0
74,33,0.0,0,1,1,0.5454545454545454,1.0,4.0,4.0,0.0,4.0,0.0,0.0,4.0,0.0,73,1.0,43,0.0,0.0,1.0,4.0,4.0,4.0,4.0,4.0,4.0
75,33,0.0,0,1,1,0.5454545454545454,1.0,4.0,4.0,0.0,4.0,0.0,0.0,4.0,0.0,74,1.0,43,0.0,0.0,1.0,4.0,4.0,4.0,4.0,4.0,4.0
76,33,0.0,0,1,1,0.5454545454545454,1.0,4.0,4.0,0.0,4.0,0.0,0.0,4.0,0.0,75,1.0,43,0.0,0.0,1.0,4.0,4.0,4.0,4.0,4.0,4.0
77,33,0.0,0,1,1,0.5454545454545454,1.0,4.0,4.0,0.0,4.0,0.0,0.0,4.0,0.0,76,1.0,43,0.0,0.0,1.0,4.0,4.0,4.0,4.0,4.0,4.0
78,33,0.0,0,1,1,0.5454545454545454,1.0,4.0,4.0,0.0,4.0,0.0,0.0,4.0,0.0,77,1.0,43,0.0,0.0,1.0,4.0,4.0,4.0,4.0,4.0,4.0
79,33,0.0,0,1,1,0.5454545454545454,1.0,4.0,4.0,0.0,4.0,0.0,0.0,4.0,0.0,78,1.0,43,0.0,0.0,1.0,4.0,4.0,4.0,4.0,4.0,4.0
80,33,0.0,0,1,1,0.5454545454545454,1.0,4.0,4.0,0.0,4.0,0.0,0.0,4.0,0.0,79,1.0,43,0.0,0.0,1.0,4.0,4.0,4.0,4.0,4.0,4.0
81,33,0.0,0,1,1,0.5454545454545454,1.0,4.0,4.0,0.0,4.0,0.0,0.0,4.0,0.0,80,1.0,43,0.0,0.0,1.0,4.0,4.0,4.0,4.0,4.0,4.0
82,33,0.0,0,1,1,0.5454545454545454,1.0,4.0,4.0,0.0,4.0,0.0,0.0,4.0,0.0,81,1.0,43,0.0,0.0,1.0,4.0,4.0,4.0,4.0,4.0,4.0
83,33,0.0,0,1,1,0.5454545454545454,1.0,4.0,4.0,0.0,4.0,0.0,0.0,4.0,0.0,82,1.0,43,0.0,0.0,1.0,4.0,4.0,4.0,4.0,4.0,4.0
84,33,0.0,0,1,1,0.5454545454545454,1.0,4.0,4.0,0.0,4.0,0.0,0.0,4.0,0.0,83,1.0,43,0.0,0.0,1.0,4.0,4.0,4.0,4.0,4.0,4.0
85,33,0.0,0,1,1,0.5454545454545454,1.0,4.0,4.0,0.0,4.0,0.0,0.0,4.0,0.0,84,1.0,43,0.0,0.0,1.0,4.0,4.0,4.0,4.0,4.0,4.0
86,33,0.0,0,1,1,0.5454545454545454,1.0,4.0,4.0,0.0,4.0,0.0,0.0,4.0,0.0,85,1.0,43,0.0,0.0,1.0,4.0,4.0,4.0,4.0,4.0,4.0
87,33,0.0,0,1,1,0.5454545454545454,1.0,4.0,4.0,0.0,4.0,0.0,0.0,4.0,0.0,86,1.0,43,0.0,0.0,1.0,4.0,4.0,4.0,4.0,4.0,4.0
88,33,0.0,0,1,1,0.5454545454545454,1.0,4.0,4.0,0.0,4.0,0.0,0.0,4.0,0.0,87,1.0,43,0.0,0.0,1.0,4.0,4.0,4.0,4.0,4.0,4.0
89,33,0.0,0,1,1,0.5454545454545454,1.0,4.0,4.0,0.0,4.0,0.0,0.0,4.0,0.0,88,1.0,43,0.0,0.0,1.0,4.0,4.0,4.0,4.0,4.0,4.0
90,33,0.0,0,1,1,0.5454545454545454,1.0,4.0,4.0,0.0,4.0,0.0,0.0,4.0,0.0,89,1.0,43,0.0,0.0,1.0,4.0,4.0,4.0,4.0,4.0,4.0
91,33,0.0,0,1,1,0.5454545454545454,1.0,4.0,4.0,0.0,4.0,0.0,0.0,4.0,0.0,90,1.0,43,0.0,0.0,1.0,4.0,4.0,4.0,4.0,4.0,4.0
92,33,0.0,0,1,1,0.5454545454545454,1.0,4.0,4.0,0.0,4.0,0.0,0.0,4.0,0.0,91,1.0,43,0.0,0.0,1.0,4.0,4.0,4.0,4.0,4.0,4.0
93,33,0.0,0,1,1,0.5454545454545454,1.0,4.0,4.0,0.0,4.0,0.0,0.0,4.0,0.0,92,1.0,43,0.0,0.0,1.0,4.0,4.0,4.0,4.0,4.0,4.0
94,33,0.0,0,1,1,0.5454545454545454,1.0,4.0,4.0,0.0,4.0,0.0,0.0,4.0,0.0,93,1.0,43,0.0,0.0,1.0,4.0,4.0,4.0,4.0,4.0,4.0
95,33,0.0,0,1,1,0.5454545454545454,1.0,4.0,4.0,0.0,4.0,0.0,0.0,4.0,0.0,94,1.0,43,0.0,0.0,1.0,4.0,4.0,4.0,4.0,4.0,4.0
96,33,0.0,0,1,1,0.5454545454545454,1.0,4.0,4.0,0.0,4.0,0.0,0.0,4.0,0.0,95,1.0,43,0.0,0.0,1.0,4.0,4.0,4.0,4.0,4.0,4.0
97,33,0.0,0,1,1,0.5454545454545454,1.0,4.0,4.0,0.0,4.0,0.0,0.0,4.0,0.0,96,1.0,43,0.0,0.0,1.0,4.0,4.0,4.0,4.0,4.0,4.0
98,33,0.0,0,1,1,0.5454545454545454,1.0,4.0,4.0,0.0,4.0,0.0,0.0,4.0,0.0,97,1.0,43,0.0,0.0,1.0,4.0,4.0,4.0,4.0,4.0,4.0
99,33,0.0,0,1,1,0.5454545454545454,1.0,4.0,4.0,0.0,4.0,0.0,0.0,4.0,0.0,98,1.0,43,0.0,0.0,1.0,4.0,4.0,4.0,4.0,4.0,4.0
100,33,0.0,0,1,1,0.5454545454545454,1.0,4.0,4.0,0.0,4.0,0.0,0.0,4.0,0.0,99,1.0,43,0.0,0.0,1.0,4.0,4.0,4.0,4.0,4.0,4.0
101,33,0.0,0,1,1,0.5454545454545454,1.0,4.0,4.0,0.0,4.0,0.0,0.0,4.0,0.0,100,1.0,43,0.0,0.0,1.0,4.0,4.0,4.0,4.0,4.0,4.0
102,33,0.0,0,1,1,0.5454545454545454,1.0,4.0,4.0,0.0,4.0,0.0,0.0,4.0,0.0,101,1.0,43,0.0,0.0,1.0,4.0,4.0,4.0,4.0,4.0,4.0
103,33,0.0,0,1,1,0.5454545454545454,1.0,4.0,4.0,0.0,4.0,0.0,0.0,4.0,0.0,102,1.0,43,0.0,0.0,1.0,4.0,4.0,4.0,4.0,4.0,4.0
104,33,0.0,0,1,1,0.5454545454545454,1.0,4.0,4.0,0.0,4.0,0.0,0.0,4.0,0.0,103,1.0,43,0.0,0.0,1.0,4.0,4.0,4.0,4.0,4.0,4.0
105,33,0.0,0,1,1,0.5454545454545454,1.0,4.0,4.0,0.0,4.0,0.0,0.0,4.0,0.0,104,1.0,43,0.0,0.0,1.0,4.0,4.0,4.0,4.0,4.0,4.0
106,33,0.0,0,1,1,0.5454545454545454,1.0,4.0,4.0,0.0,4.0,0.0,0.0,4.0,0.0,105,1.0,43,0.0,0.0,1.0,4.0,4.0,4.0,4.0,4.0,4.0
107,33,0.0,0,1,1,0.5454545454545454,1.0,4.0,4.0,0.0,4.0,0.0,0.0,4.0,0.0,106,1.0,43,0.0,0.0,1.0,4.0,4.0,4.0,4.0,4.0,4.0
108,33,0.0,0,1,1,0.5454545454545454,1.0,4.0,4.0,0.0,4.0,0.0,0.0,4.0,0.0,107,1.0,43,0.0,0.0,1.0,4.0,4.0,4.0,4.0,4.0,4.0
109,33,0.0,0,1,1,0.5454545454545454,1.0,4.0,4.0,0.0,4.0,0.0,0.0,4.0,0.0,108,1.0,43,0.0,0.0,1.0,4.0,4.0,4.0,4.0,4.0,4.0
110,33,0.0,0,1,1,0.5454545454545454,1.0,4.0,4.0,0.0,4.0,0.0,0.0,4.0,0.0,109,1.0,43,0.0,0.0,1.0,4.0,4.0,4.0,4.0,4.0,4.0
111,33,0.0,0,1,1,0.5454545454545454,1.0,4.0,4.0,0.0,4.0,0.0,0.0,4.0,0.0,110,1.0,43,0.0,0.0,1.0,4.0,4.0,4.0,4.0,4.0,4.0
112,33,0.0,0,1,1,0.5454545454545454,1.0,4.0,4.0,0.0,4.0,0.0,0.0,4.0,0.0,111,1.0,43,0.0,0.0,1.0,4.0,4.0,4.0,4.0,4.0,4.0
113,33,0.0,0,1,1,0.5454545454545454,1.0,4.0,4.0,0.0,4.0,0.0,0.0,4.0,0.0,112,1.0,43,0.0,0.0,1.0,4.0,4.0,4.0,4.0,4.0,4.0
114,33,0.0,0,1,1,0.5454545454545454,1.0,4.0,4.0,0.0,4.0,0.0,0.0,4.0,0.0,113,1.0,43,0.0,0.0,1.0,4.0,4.0,4.0,4.0,4.0,4.0
115,33,0.0,0,1,1,0.5454545454545454,1.0,4.0,4.0,0.0,4.0,0.0,0.0,4.0,0.0,114,1.0,43,0.0,0.0,1.0,4.0,4.0,4.0,4.0,4.0,4.0
116,33,0.0,0,1,1,0.5454545454545454,1.0,4.0,4.0,0.0,4.0,0.0,0.0,4.0,0.0,115,1.0,43,0.0,0.0,1.0,4.0,4.0,4.0,4.0,4.0,4.0
117,33,0.0,0,1,1,0.5454545454545454,1.0,4.0,4.0,0.0,4.0,0.0,0.0,4.0,0.0,116,1.0,43,0.0,0.0,1.0,4.0,4.0,4.0,4.0,4.0,4.0
118,33,0.0,0,1,1,0.5454545454545454,1.0,4.0,4.0,0.0,4.0,0.0,0.0,4.0,0.0,117,1.0,43,0.0,0.0,1.0,4.0,4.0,4.0,4.0,4.0,4.0
119,33,0.0,0,1,1,0.5454545454545454,1.0,4.0,4.0,0.0,4.0,0.0,0.0,4.0,0.0,118,1.0,43,0.0,0.0,1.0,4.0,4.0,4.0,4.0,4.0,4.0
120,33,0.0,0,1,1,0.5454545454545454,1.0,4.0,4.0,0.0,4.0,0.0,0.0,4.0,0.0,119,1.0,43,0.0,0.0,1.0,4.0,4.0,4.0,4.0,4.0,4.0
121,33,0.0,0,1,1,0.5454545454545454,1.0,4.0,4.0,0.0,4.0,0.0,0.0,4.0,0.0,120,1.0,43,0.0,0.0,1.0,4.0,4.0,4.0,4.0,4.0,4.0
122,33,0.0,0,1,1,0.5454545454545454,1.0,4.0,4.0,0.0,4.0,0.0,0.0,4.0,0.0,121,1.0,43,0.0,0.0,1.0,4.0,4.0,4.0,4.0,4.0,4.0
1,34,0.0,1,0,1,0.5909090909090909,1.0,6.0,10.0,0.0,6.0,0.0,0.0,10.0,0.0,0,0.0,0,0.0,0.0,1.6666666666666667,0.0,0.0,0.0,0.0,0.0,0.0
2,34,0.0,1,0,1,0.5909090909090909,1.0,6.0,10.0,0.0,6.0,0.0,0.0,10.0,0.0,1,0.5,43,0.0,0.0,1.6666666666666667,6.0,10.0,0.0,0.0,0.0,0.0
3,34,0.0,1,0,1,0.5909090909090909,1.0,6.0,10.0,0.0,6.0,0.0,0.0,10.0,0.0,2,0.6666666666666666,43,0.0,0.0,1.6666666666666667,6.0,10.0,6.0,10.0,0.0,0.0
4,34,0.0,0,1,1,0.5909090909090909,1.0,6.0,10.0,0.0,6.0,0.0,0.0,10.0,0.0,3,0.75,43,0.0,0.0,1.6666666666666667,6.0,10.0,6.0,10.0,6.0,10.0
5,34,0.0,0,1,1,0.5909090909090909,1.0,6.0,10.0,0.0,6.0,0.0,0.0,10.0,0.0,4,0.8,43,0.0,0.0,1.6666666666666667,6.0,10.0,6.0,10.0,6.0,10.0
6,34,0.0,0,1,1,0.5909090909090909,1.0,5.6,9.8,-1.6089664627846396,6.0,0.0,-1.461951981052455,10.0,0.0,5,1.0,25,-2.0,-1.0,2.25,6.0,10.0,6.0,10.0,6.0,10.0
7,34,0.0,0,1,1,0.5909090909090909,1.0,5.0,9.6,-1.3208176506262261,6.0,0.0,-0.9263225327693084,10.0,0.0,6,1.0,25,-3.0,-1.0,3.0,4.0,9.0,6.0,10.0,6.0,10.0
8,34,0.0,0,1,1,0.5909090909090909,1.0,4.4,9.2,-0.8660284385739889,6.0,0.0,-1.2811478722331742,10.0,0.0,7,1.0,26,-3.0,-2.0,2.6666666666666665,3.0,9.0,4.0,9.0,6.0,10.0
9,34,0.0,0,1,1,0.5909090909090909,1.0,3.8,8.6,-0.5698653164688896,6.0,0.0,-1.2901400621384658,10.0,0.0,8,1.0,25,-3.0,-3.0,2.3333333333333335,3.0,8.0,3.0,9.0,4.0,9.0
10,34,0.0,0,1,1,0.5909090909090909,1.0,3.2,7.8,-0.3654879952631141,4.0,0.0,-1.282196962055002,9.0,0.0,9,1.0,25,-3.0,-4.0,2.0,3.0,7.0,3.0,8.0,3.0,9.0
11,34,0.0,0,1,1,0.5909090909090909,1.0,3.0,7.2,0.0,3.0,1.0,-0.854797974703335,9.0,-2.0,10,1.0,27,-1.0,-3.0,2.0,3.0,6.0,3.0,7.0,3.0,8.0
12,34,0.0,0,1,1,0.5909090909090909,1.0,3.0,6.6,0.0,3.0,3.0,-0.6033624235442397,8.0,-2.0,11,1.0,33,0.0,-3.0,2.0,3.0,6.0,3.0,6.0,3.0,7.0
13,34,0.0,0,1,1,0.5909090909090909,1.0,3.2,6.4,1.4619519810524544,4.0,4.0,0.9263225327693099,7.0,1.0,12,1.0,30,1.0,-1.0,1.75,3.0,6.0,3.0,6.0,3.0,6.0
14,34,0.0,0,1,1,0.5909090909090909,1.0,3.2,6.6,-0.365487995263114,4.0,3.0,1.4078456549365608,8.0,4.0,13,1.0,25,0.0,1.0,2.6666666666666665,4.0,7.0,3.0,6.0,3.0,6.0
15,34,0.0,0,1,1,0.5909090909090909,1.0,3.2,6.8,-0.365487995263114,4.0,3.0,0.2135246453721961,8.0,5.0,14,1.0,28,0.0,1.0,2.3333333333333335,3.0,8.0,4.0,7.0,3.0,6.0
16,34,0.0,0,1,1,0.5909090909090909,1.0,3.2,6.4,-0.365487995263114,4.0,1.0,-1.4846201804125523,8.0,1.0,15,1.0,28,0.0,-2.0,1.3333333333333333,3.0,7.0,3.0,8.0,4.0,7.0
17,34,0.0,0,1,1,0.5909090909090909,1.0,3.2,6.2,-0.365487995263114,4.0,0.0,-0.6884019356946461,8.0,2.0,16,1.0,28,0.0,-1.0,1.6666666666666667,3.0,4.0,3.0,7.0,3.0,8.0
18,34,0.0,0,1,1,0.5909090909090909,1.0,3.0,5.8,0.0,3.0,-2.0,-0.4589346237964306,8.0,-1.0,17,1.0,29,-1.0,-2.0,1.6666666666666667,3.0,5.0,3.0,4.0,3.0,7.0
19,34,0.0,0,1,1,0.5909090909090909,1.0,3.0,5.2,0.0,3.0,0.0,-0.16730170000173666,7.0,-4.0,18,1.0,33,0.0,-3.0,1.6666666666666667,3.0,5.0,3.0,5.0,3.0,4.0
20,34,1.0,0,1,1,0.5909090909090909,1.0,3.0,4.6,0.0,3.0,0.0,-0.9263225327693088,5.0,-4.0,19,1.0,32,0.0,-3.0,1.3333333333333333,3.0,5.0,3.0,5.0,3.0,5.0
21,34,1.0,0,1,1,0.5909090909090909,1.0,3.0,4.6,0.0,3.0,0.0,-0.9263225327693088,5.0,2.0,20,1.0,32,0.0,0.0,1.3333333333333333,3.0,4.0,3.0,5.0,3.0,5.0
22,34,1.0,0,1,1,0.5909090909090909,1.0,3.0,4.4,0.0,3.0,0.0,-0.6175483551795401,5.0,0.0,21,1.0,33,0.0,-1.0,1.3333333333333333,3.0,4.0,3.0,4.0,3.0,5.0
23,34,1.0,0,1,1,0.5909090909090909,1.0,3.0,4.2,0.0,3.0,1.0,-0.36548799526311393,5.0,1.0,22,1.0,34,0.0,-1.0,1.3333333333333333,3.0,4.0,3.0,4.0,3.0,4.0
24,34,1.0,0,1,1,0.5909090909090909,1.0,3.0,4.0,0.0,3.0,0.0,0.0,4.0,2.0,23,1.0,34,0.0,-1.0,1.3333333333333333,3.0,4.0,3.0,4.0,3.0,4.0
25,34,1.0,0,1,1,0.5909090909090909,1.0,3.0,4.0,0.0,3.0,0.0,0.0,4.0,3.0,24,1.0,32,0.0,0.0,1.3333333333333333,3.0,4.0,3.0,4.0,3.0,4.0
26,34,1.0,0,1,1,0.5909090909090909,1.0,3.0,4.0,0.0,3.0,0.0,0.0,4.0,0.0,25,1.0,35,0.0,0.0,1.3333333333333333,3.0,4.0,3.0,4.0,3.0,4.0
27,34,1.0,0,1,1,0.5909090909090909,1.0,3.0,4.0,0.0,3.0,0.0,0.0,4.0,1.0,26,1.0,36,0.0,0.0,1.3333333333333333,3.0,4.0,3.0,4.0,3.0,4.0
28,34,1.0,0,1,1,0.5909090909090909,1.0,3.0,4.0,0.0,3.0,0.0,0.0,4.0,1.0,27,1.0,34,0.0,0.0,1.3333333333333333,3.0,4.0,3.0,4.0,3.0,4.0
29,34,1.0,0,1,1,0.5909090909090909,1.0,3.0,4.0,0.0,3.0,0.0,0.0,4.0,1.0,28,1.0,33,0.0,0.0,1.3333333333333333,3.0,4.0,3.0,4.0,3.0,4.0
30,34,1.0,0,1,1,0.5909090909090909,1.0,3.0,4.0,0.0,3.0,0.0,0.0,4.0,0.0,29,1.0,35,0.0,0.0,1.3333333333333333,3.0,4.0,3.0,4.0,3.0,4.0
31,34,1.0,0,1,1,0.5909090909090909,1.0,3.0,3.8,0.0,3.0,0.0,-1.4619519810524544,4.0,-1.0,30,1.0,36,0.0,-1.0,1.0,3.0,4.0,3.0,4.0,3.0,4.0
32,34,1.0,0,1,1,0.5909090909090909,1.0,3.0,3.6,0.0,3.0,0.0,-0.9263225327693094,4.0,-1.0,31,1.0,37,0.0,-1.0,1.0,3.0,3.0,3.0,4.0,3.0,4.0
33,34,1.0,0,1,1,0.5909090909090909,1.0,3.0,3.4,0.0,3.0,0.0,-0.6175483551795394,4.0,-1.0,32,1.0,39,0.0,-1.0,1.0,3.0,3.0,3.0,3.0,3.0,4.0
34,34,1.0,0,1,1,0.5909090909090909,1.0,3.0,3.2,0.0,3.0,0.0,-0.365487995263114,4.0,-1.0,33,1.0,39,0.0,-1.0,1.0,3.0,3.0,3.0,3.0,3.0,3.0
35,34,1.0,0,1,1,0.5909090909090909,1.0,3.0,3.0,0.0,3.0,0.0,0.0,3.0,-1.0,34,1.0,38,0.0,-1.0,1.0,3.0,3.0,3.0,3.0,3.0,3.0
36,34,1.0,0,1,1,0.5909090909090909,1.0,3.0,3.0,0.0,3.0,0.0,0.0,3.0,1.0,35,1.0,38,0.0,0.0,1.0,3.0,3.0,3.0,3.0,3.0,3.0
37,34,1.0,0,1,1,0.5909090909090909,1.0,3.0,3.0,0.0,3.0,0.0,0.0,3.0,1.0,36,1.0,39,0.0,0.0,1.0,3.0,3.0,3.0,3.0,3.0,3.0
38,34,1.0,0,1,1,0.5909090909090909,1.0,3.0,3.0,0.0,3.0,0.0,0.0,3.0,1.0,37,1.0,38,0.0,0.0,1.0,3.0,3.0,3.0,3.0,3.0,3.0
39,34,1.0,0,1,1,0.5909090909090909,1.0,3.0,3.0,0.0,3.0,0.0,0.0,3.0,1.0,38,1.0,38,0.0,0.0,1.0,3.0,3.0,3.0,3.0,3.0,3.0
40,34,1.0,0,1,1,0.5909090909090909,1.0,3.0,3.0,0.0,3.0,0.0,0.0,3.0,1.0,39,1.0,40,0.0,0.0,1.0,3.0,3.0,3.0,3.0,3.0,3.0
41,34,1.0,0,1,1,0.5909090909090909,1.0,3.0,3.0,0.0,3.0,0.0,0.0,3.0,0.0,40,1.0,41,0.0,0.0,1.0,3.0,3.0,3.0,3.0,3.0,3.0
42,34,1.0,0,1,1,0.5909090909090909,1.0,3.0,3.0,0.0,3.0,0.0,0.0,3.0,0.0,41,1.0,41,0.0,0.0,1.0,3.0,3.0,3.0,3.0,3.0,3.0
43,34,1.0,0,1,1,0.5909090909090909,1.0,3.0,3.0,0.0,3.0,0.0,0.0,3.0,0.0,42,1.0,41,0.0,0.0,1.0,3.0,3.0,3.0,3.0,3.0,3.0
44,34,1.0,0,1,1,0.5909090909090909,1.0,3.0,3.0,0.0,3.0,0.0,0.0,3.0,0.0,43,1.0,42,0.0,0.0,1.0,3.0,3.0,3.0,3.0,3.0,3.0
45,34,1.0,0,1,1,0.5909090909090909,1.0,3.0,3.0,0.0,3.0,0.0,0.0,3.0,0.0,44,1.0,41,0.0,0.0,1.0,3.0,3.0,3.0,3.0,3.0,3.0
46,34,1.0,0,1,1,0.5909090909090909,1.0,3.0,3.0,0.0,3.0,0.0,0.0,3.0,0.0,45,1.0,41,0.0,0.0,1.0,3.0,3.0,3.0,3.0,3.0,3.0
47,34,1.0,0,1,1,0.5909090909090909,1.0,3.0,3.0,0.0,3.0,0.0,0.0,3.0,0.0,46,1.0,41,0.0,0.0,1.0,3.0,3.0,3.0,3.0,3.0,3.0
48,34,1.0,0,1,1,0.5909090909090909,1.0,3.0,3.0,0.0,3.0,0.0,0.0,3.0,0.0,47,1.0,42,0.0,0.0,1.0,3.0,3.0,3.0,3.0,3.0,3.0
49,34,1.0,0,1,1,0.5909090909090909,1.0,3.0,3.0,0.0,3.0,0.0,0.0,3.0,0.0,48,1.0,42,0.0,0.0,1.0,3.0,3.0,3.0,3.0,3.0,3.0
50,34,1.0,0,1,1,0.5909090909090909,1.0,3.0,3.0,0.0,3.0,0.0,0.0,3.0,0.0,49,1.0,42,0.0,0.0,1.0,3.0,3.0,3.0,3.0,3.0,3.0
51,34,1.0,0,1,1,0.5909090909090909,1.0,3.0,3.2,0.0,3.0,0.0,1.4619519810524544,4.0,1.0,50,1.0,42,0.0,1.0,1.3333333333333333,3.0,3.0,3.0,3.0,3.0,3.0
52,34,1.0,0,1,1,0.5909090909090909,1.0,3.0,3.4,0.0,3.0,0.0,0.9263225327693094,4.0,1.0,51,1.0,42,0.0,1.0,1.3333333333333333,3.0,4.0,3.0,3.0,3.0,3.0
53,34,1.0,0,1,1,0.5909090909090909,1.0,3.2,3.6,1.4619519810524544,4.0,1.0,0.6175483551795394,4.0,1.0,52,1.0,42,1.0,1.0,1.0,3.0,4.0,3.0,4.0,3.0,3.0
54,34,1.0,0,1,1,0.5909090909090909,1.0,3.4,3.8,0.9263225327693094,4.0,1.0,0.365487995263114,4.0,1.0,53,1.0,43,1.0,1.0,1.0,4.0,4.0,3.0,4.0,3.0,4.0
55,34,1.0,0,1,1,0.5909090909090909,1.0,3.6,4.0,0.6175483551795394,4.0,1.0,0.0,4.0,1.0,54,1.0,43,1.0,1.0,1.0,4.0,4.0,4.0,4.0,3.0,4.0
56,34,1.0,0,1,1,0.5909090909090909,1.0,3.8,4.0,0.365487995263114,4.0,1.0,0.0,4.0,-1.0,55,1.0,43,1.0,0.0,1.0,4.0,4.0,4.0,4.0,4.0,4.0
57,34,1.0,0,1,1,0.5909090909090909,1.0,4.0,4.0,0.0,4.0,1.0,0.0,4.0,-1.0,56,1.0,43,1.0,0.0,1.0,4.0,4.0,4.0,4.0,4.0,4.0
58,34,1.0,0,1,1,0.5909090909090909,1.0,4.0,4.0,0.0,4.0,-1.0,0.0,4.0,-1.0,57,1.0,43,0.0,0.0,1.0,4.0,4.0,4.0,4.0,4.0,4.0
59,34,1.0,0,1,1,0.5909090909090909,1.0,4.0,4.0,0.0,4.0,-1.0,0.0,4.0,-1.0,58,1.0,43,0.0,0.0,1.0,4.0,4.0,4.0,4.0,4.0,4.0
60,34,1.0,0,1,1,0.5909090909090909,1.0,4.0,4.0,0.0,4.0,-1.0,0.0,4.0,-1.0,59,1.0,43,0.0,0.0,1.0,4.0,4.0,4.0,4.0,4.0,4.0
61,34,1.0,0,1,1,0.5909090909090909,1.0,4.0,4.0,0.0,4.0,-1.0,0.0,4.0,0.0,60,1.0,43,0.0,0.0,1.0,4.0,4.0,4.0,4.0,4.0,4.0
62,34,1.0,0,1,1,0.5909090909090909,1.0,4.0,4.0,0.0,4.0,-1.0,0.0,4.0,0.0,61,1.0,43,0.0,0.0,1.0,4.0,4.0,4.0,4.0,4.0,4.0
63,34,1.0,0,1,1,0.5909090909090909,1.0,4.0,4.0,0.0,4.0,0.0,0.0,4.0,0.0,62,1.0,43,0.0,0.0,1.0,4.0,4.0,4.0,4.0,4.0,4.0
64,34,1.0,0,1,1,0.5909090909090909,1.0,4.0,4.0,0.0,4.0,0.0,0.0,4.0,0.0,63,1.0,43,0.0,0.0,1.0,4.0,4.0,4.0,4.0,4.0,4.0
65,34,1.0,0,1,1,0.5909090909090909,1.0,4.0,4.0,0.0,4.0,0.0,0.0,4.0,0.0,64,1.0,43,0.0,0.0,1.0,4.0,4.0,4.0,4.0,4.0,4.0
66,34,1.0,0,1,1,0.5909090909090909,1.0,4.0,4.0,0.0,4.0,0.0,0.0,4.0,0.0,65,1.0,43,0.0,0.0,1.0,4.0,4.0,4.0,4.0,4.0,4.0
67,34,1.0,0,1,1,0.5909090909090909,1.0,4.0,4.0,0.0,4.0,0.0,0.0,4.0,0.0,66,1.0,43,0.0,0.0,1.0,4.0,4.0,4.0,4.0,4.0,4.0
68,34,1.0,0,1,1,0.5909090909090909,1.0,4.0,4.0,0.0,4.0,0.0,0.0,4.0,0.0,67,1.0,43,0.0,0.0,1.0,4.0,4.0,4.0,4.0,4.0,4.0
69,34,1.0,0,1,1,0.5909090909090909,1.0,4.0,4.0,0.0,4.0,0.0,0.0,4.0,0.0,68,1.0,43,0.0,0.0,1.0,4.0,4.0,4.0,4.0,4.0,4.0
70,34,1.0,0,1,1,0.5909090909090909,1.0,4.0,4.0,0.0,4.0,0.0,0.0,4.0,0.0,69,1.0,43,0.0,0.0,1.0,4.0,4.0,4.0,4.0,4.0,4.0
71,34,1.0,0,1,1,0.5909090909090909,1.0,4.0,4.0,0.0,4.0,0.0,0.0,4.0,0.0,70,1.0,43,0.0,0.0,1.0,4.0,4.0,4.0,4.0,4.0,4.0
72,34,1.0,0,1,1,0.5909090909090909,1.0,4.0,4.0,0.0,4.0,0.0,0.0,4.0,0.0,71,1.0,43,0.0,0.0,1.0,4.0,4.0,4.0,4.0,4.0,4.0
73,34,1.0,0,1,1,0.5909090909090909,1.0,4.0,4.0,0.0,4.0,0.0,0.0,4.0,0.0,72,1.0,43,0.0,0.0,1.0,4.0,4.0,4.0,4.0,4.0,4.0
74,34,1.0,0,1,1,0.5909090909090909,1.0,4.0,4.0,0.0,4.0,0.0,0.0,4.0,0.0,73,1.0,43,0.0,0.0,1.0,4.0,4.0,4.0,4.0,4.0,4.0
75,34,1.0,0,1,1,0.5909090909090909,1.0,4.0,4.0,0.0,4.0,0.0,0.0,4.0,0.0,74,1.0,43,0.0,0.0,1.0,4.0,4.0,4.0,4.0,4.0,4.0
76,34,1.0,0,1,1,0.5909090909090909,1.0,4.0,4.0,0.0,4.0,0.0,0.0,4.0,0.0,75,1.0,43,0.0,0.0,1.0,4.0,4.0,4.0,4.0,4.0,4.0
77,34,1.0,0,1,1,0.5909090909090909,1.0,4.0,4.0,0.0,4.0,0.0,0.0,4.0,0.0,76,1.0,43,0.0,0.0,1.0,4.0,4.0,4.0,4.0,4.0,4.0
78,34,1.0,0,1,1,0.5909090909090909,1.0,4.0,4.0,0.0,4.0,0.0,0.0,4.0,0.0,77,1.0,43,0.0,0.0,1.0,4.0,4.0,4.0,4.0,4.0,4.0
79,34,1.0,0,1,1,0.5909090909090909,1.0,4.0,4.0,0.0,4.0,0.0,0.0,4.0,0.0,78,1.0,43,0.0,0.0,1.0,4.0,4.0,4.0,4.0,4.0,4.0
80,34,1.0,0,1,1,0.5909090909090909,1.0,4.0,4.0,0.0,4.0,0.0,0.0,4.0,0.0,79,1.0,43,0.0,0.0,1.0,4.0,4.0,4.0,4.0,4.0,4.0
81,34,1.0,0,1,1,0.5909090909090909,1.0,4.0,4.0,0.0,4.0,0.0,0.0,4.0,0.0,80,1.0,43,0.0,0.0,1.0,4.0,4.0,4.0,4.0,4.0,4.0
82,34,1.0,0,1,1,0.5909090909090909,1.0,4.0,4.0,0.0,4.0,0.0,0.0,4.0,0.0,81,1.0,43,0.0,0.0,1.0,4.0,4.0,4.0,4.0,4.0,4.0
83,34,1.0,0,1,1,0.5909090909090909,1.0,4.0,4.0,0.0,4.0,0.0,0.0,4.0,0.0,82,1.0,43,0.0,0.0,1.0,4.0,4.0,4.0,4.0,4.0,4.0
84,34,1.0,0,1,1,0.5909090909090909,1.0,4.0,4.0,0.0,4.0,0.0,0.0,4.0,0.0,83,1.0,43,0.0,0.0,1.0,4.0,4.0,4.0,4.0,4.0,4.0
85,34,1.0,0,1,1,0.5909090909090909,1.0,4.0,4.0,0.0,4.0,0.0,0.0,4.0,0.0,84,1.0,43,0.0,0.0,1.0,4.0,4.0,4.0,4.0,4.0,4.0
86,34,1.0,0,1,1,0.5909090909090909,1.0,4.0,4.0,0.0,4.0,0.0,0.0,4.0,0.0,85,1.0,43,0.0,0.0,1.0,4.0,4.0,4.0,4.0,4.0,4.0
87,34,1.0,0,1,1,0.5909090909090909,1.0,4.0,4.0,0.0,4.0,0.0,0.0,4.0,0.0,86,1.0,43,0.0,0.0,1.0,4.0,4.0,4.0,4.0,4.0,4.0
88,34,1.0,0,1,1,0.5909090909090909,1.0,4.0,4.0,0.0,4.0,0.0,0.0,4.0,0.0,87,1.0,43,0.0,0.0,1.0,4.0,4.0,4.0,4.0,4.0,4.0
89,34,1.0,0,1,1,0.5909090909090909,1.0,4.0,4.0,0.0,4.0,0.0,0.0,4.0,0.0,88,1.0,43,0.0,0.0,1.0,4.0,4.0,4.0,4.0,4.0,4.0
90,34,1.0,0,1,1,0.5909090909090909,1.0,4.0,4.0,0.0,4.0,0.0,0.0,4.0,0.0,89,1.0,43,0.0,0.0,1.0,4.0,4.0,4.0,4.0,4.0,4.0
91,34,1.0,0,1,1,0.5909090909090909,1.0,4.0,4.0,0.0,4.0,0.0,0.0,4.0,0.0,90,1.0,43,0.0,0.0,1.0,4.0,4.0,4.0,4.0,4.0,4.0
92,34,1.0,0,1,1,0.5909090909090909,1.0,4.0,4.0,0.0,4.0,0.0,0.0,4.0,0.0,91,1.0,43,0.0,0.0,1.0,4.0,4.0,4.0,4.0,4.0,4.0
93,34,1.0,0,1,1,0.5909090909090909,1.0,4.0,4.0,0.0,4.0,0.0,0.0,4.0,0.0,92,1.0,43,0.0,0.0,1.0,4.0,4.0,4.0,4.0,4.0,4.0
94,34,1.0,0,1,1,0.5909090909090909,1.0,4.0,4.0,0.0,4.0,0.0,0.0,4.0,0.0,93,1.0,43,0.0,0.0,1.0,4.0,4.0,4.0,4.0,4.0,4.0
95,34,1.0,0,1,1,0.5909090909090909,1.0,4.0,4.0,0.0,4.0,0.0,0.0,4.0,0.0,94,1.0,43,0.0,0.0,1.0,4.0,4.0,4.0,4.0,4.0,4.0
96,34,1.0,0,1,1,0.5909090909090909,1.0,4.0,4.0,0.0,4.0,0.0,0.0,4.0,0.0,95,1.0,43,0.0,0.0,1.0,4.0,4.0,4.0,4.0,4.0,4.0
97,34,1.0,0,1,1,0.5909090909090909,1.0,4.0,4.0,0.0,4.0,0.0,0.0,4.0,0.0,96,1.0,43,0.0,0.0,1.0,4.0,4.0,4.0,4.0,4.0,4.0
98,34,1.0,0,1,1,0.5909090909090909,1.0,4.0,4.0,0.0,4.0,0.0,0.0,4.0,0.0,97,1.0,43,0.0,0.0,1.0,4.0,4.0,4.0,4.0,4.0,4.0
99,34,1.0,0,1,1,0.5909090909090909,1.0,4.0,4.0,0.0,4.0,0.0,0.0,4.0,0.0,98,1.0,43,0.0,0.0,1.0,4.0,4.0,4.0,4.0,4.0,4.0
100,34,1.0,0,1,1,0.5909090909090909,1.0,4.0,4.0,0.0,4.0,0.0,0.0,4.0,0.0,99,1.0,43,0.0,0.0,1.0,4.0,4.0,4.0,4.0,4.0,4.0
101,34,1.0,0,1,1,0.5909090909090909,1.0,4.0,4.0,0.0,4.0,0.0,0.0,4.0,0.0,100,1.0,43,0.0,0.0,1.0,4.0,4.0,4.0,4.0,4.0,4.0
102,34,1.0,0,1,1,0.5909090909090909,1.0,4.0,4.0,0.0,4.0,0.0,0.0,4.0,0.0,101,1.0,43,0.0,0.0,1.0,4.0,4.0,4.0,4.0,4.0,4.0
103,34,1.0,0,1,1,0.5909090909090909,1.0,4.0,4.0,0.0,4.0,0.0,0.0,4.0,0.0,102,1.0,43,0.0,0.0,1.0,4.0,4.0,4.0,4.0,4.0,4.0
104,34,1.0,0,1,1,0.5909090909090909,1.0,4.0,4.0,0.0,4.0,0.0,0.0,4.0,0.0,103,1.0,43,0.0,0.0,1.0,4.0,4.0,4.0,4.0,4.0,4.0
105,34,1.0,0,1,1,0.5909090909090909,1.0,4.0,4.0,0.0,4.0,0.0,0.0,4.0,0.0,104,1.0,43,0.0,0.0,1.0,4.0,4.0,4.0,4.0,4.0,4.0
106,34,1.0,0,1,1,0.5909090909090909,1.0,4.0,4.0,0.0,4.0,0.0,0.0,4.0,0.0,105,1.0,43,0.0,0.0,1.0,4.0,4.0,4.0,4.0,4.0,4.0
107,34,1.0,0,1,1,0.5909090909090909,1.0,4.0,4.0,0.0,4.0,0.0,0.0,4.0,0.0,106,1.0,43,0.0,0.0,1.0,4.0,4.0,4.0,4.0,4.0,4.0
108,34,1.0,0,1,1,0.5909090909090909,1.0,4.0,4.0,0.0,4.0,0.0,0.0,4.0,0.0,107,1.0,43,0.0,0.0,1.0,4.0,4.0,4.0,4.0,4.0,4.0
109,34,1.0,0,1,1,0.5909090909090909,1.0,4.0,4.0,0.0,4.0,0.0,0.0,4.0,0.0,108,1.0,43,0.0,0.0,1.0,4.0,4.0,4.0,4.0,4.0,4.0
110,34,1.0,0,1,1,0.5909090909090909,1.0,4.0,4.0,0.0,4.0,0.0,0.0,4.0,0.0,109,1.0,43,0.0,0.0,1.0,4.0,4.0,4.0,4.0,4.0,4.0
111,34,1.0,0,1,1,0.5909090909090909,1.0,4.0,4.0,0.0,4.0,0.0,0.0,4.0,0.0,110,1.0,43,0.0,0.0,1.0,4.0,4.0,4.0,4.0,4.0,4.0
112,34,1.0,0,1,1,0.5909090909090909,1.0,4.0,4.0,0.0,4.0,0.0,0.0,4.0,0.0,111,1.0,43,0.0,0.0,1.0,4.0,4.0,4.0,4.0,4.0,4.0
113,34,1.0,0,1,1,0.5909090909090909,1.0,4.0,4.0,0.0,4.0,0.0,0.0,4.0,0.0,112,1.0,43,0.0,0.0,1.0,4.0,4.0,4.0,4.0,4.0,4.0
114,34,1.0,0,1,1,0.5909090909090909,1.0,4.0,4.0,0.0,4.0,0.0,0.0,4.0,0.0,113,1.0,43,0.0,0.0,1.0,4.0,4.0,4.0,4.0,4.0,4.0
115,34,1.0,0,1,1,0.5909090909090909,1.0,4.0,4.0,0.0,4.0,0.0,0.0,4.0,0.0,114,1.0,43,0.0,0.0,1.0,4.0,4.0,4.0,4.0,4.0,4.0
116,34,1.0,0,1,1,0.5909090909090909,1.0,4.0,4.0,0.0,4.0,0.0,0.0,4.0,0.0,115,1.0,43,0.0,0.0,1.0,4.0,4.0,4.0,4.0,4.0,4.0
117,34,1.0,0,1,1,0.5909090909090909,1.0,4.0,4.0,0.0,4.0,0.0,0.0,4.0,0.0,116,1.0,43,0.0,0.0,1.0,4.0,4.0,4.0,4.0,4.0,4.0
118,34,1.0,0,1,1,0.5909090909090909,1.0,4.0,4.0,0.0,4.0,0.0,0.0,4.0,0.0,117,1.0,43,0.0,0.0,1.0,4.0,4.0,4.0,4.0,4.0,4.0
119,34,1.0,0,1,1,0.5909090909090909,1.0,4.0,4.0,0.0,4.0,0.0,0.0,4.0,0.0,118,1.0,43,0.0,0.0,1.0,4.0,4.0,4.0,4.0,4.0,4.0
120,34,1.0,0,1,1,0.5909090909090909,1.0,4.0,4.0,0.0,4.0,0.0,0.0,4.0,0.0,119,1.0,43,0.0,0.0,1.0,4.0,4.0,4.0,4.0,4.0,4.0
121,34,1.0,0,1,1,0.5909090909090909,1.0,4.0,4.0,0.0,4.0,0.0,0.0,4.0,0.0,120,1.0,43,0.0,0.0,1.0,4.0,4.0,4.0,4.0,4.0,4.0
122,34,1.0,0,1,1,0.5909090909090909,1.0,4.0,4.0,0.0,4.0,0.0,0.0,4.0,0.0,121,1.0,43,0.0,0.0,1.0,4.0,4.0,4.0,4.0,4.0,4.0
1,35,0.0,1,0,1,0.6363636363636364,1.0,6.0,10.0,0.0,6.0,0.0,0.0,10.0,0.0,0,0.0,0,0.0,0.0,1.6666666666666667,0.0,0.0,0.0,0.0,0.0,0.0
2,35,0.0,1,0,1,0.6363636363636364,1.0,6.0,10.0,0.0,6.0,0.0,0.0,10.0,0.0,1,0.5,43,0.0,0.0,1.6666666666666667,6.0,10.0,0.0,0.0,0.0,0.0
3,35,0.0,1,0,1,0.6363636363636364,1.0,6.0,10.0,0.0,6.0,0.0,0.0,10.0,0.0,2,0.6666666666666666,43,0.0,0.0,1.6666666666666667,6.0,10.0,6.0,10.0,0.0,0.0
4,35,0.0,0,1,1,0.6363636363636364,1.0,6.0,10.0,0.0,6.0,0.0,0.0,10.0,0.0,3,0.75,43,0.0,0.0,1.6666666666666667,6.0,10.0,6.0,10.0,6.0,10.0
5,35,0.0,0,1,1,0.6363636363636364,1.0,6.0,10.0,0.0,6.0,0.0,0.0,10.0,0.0,4,0.8,43,0.0,0.0,1.6666666666666667,6.0,10.0,6.0,10.0,6.0,10.0
6,35,0.0,0,1,1,0.6363636363636364,1.0,6.0,10.0,0.0,6.0,0.0,0.0,10.0,0.0,5,1.0,25,0.0,0.0,1.6666666666666667,6.0,10.0,6.0,10.0,6.0,10.0
7,35,0.0,0,1,1,0.6363636363636364,1.0,5.8,9.8,-1.4619519810524544,6.0,0.0,-1.461951981052455,10.0,0.0,6,1.0,25,-1.0,-1.0,1.8,6.0,10.0,6.0,10.0,6.0,10.0
8,35,0.0,0,1,1,0.6363636363636364,1.0,5.4,9.8,-1.40784565493656,6.0,0.0,0.36548799526311215,10.0,0.0,7,1.0,26,-2.0,0.0,2.5,5.0,9.0,6.0,10.0,6.0,10.0
9,35,0.0,0,1,1,0.6363636363636364,1.0,5.0,9.4,-0.9090909090909091,6.0,0.0,-1.4078456549365599,10.0,0.0,8,1.0,25,-2.0,-2.0,2.0,4.0,10.0,5.0,9.0,6.0,10.0
10,35,0.0,0,1,1,0.6363636363636364,1.0,4.6,9.0,-0.6033624235442395,6.0,0.0,-0.9090909090909088,10.0,0.0,9,1.0,25,-2.0,-2.0,2.0,4.0,8.0,4.0,10.0,5.0,9.0
11,35,0.0,0,1,1,0.6363636363636364,1.0,4.2,8.6,-0.3654879952631141,5.0,-2.0,-0.6033624235442394,10.0,-2.0,10,1.0,27,-2.0,-2.0,2.0,4.0,8.0,4.0,8.0,4.0,10.0
12,35,0.0,0,1,1,0.6363636363636364,1.0,4.0,8.4,0.0,4.0,0.0,-0.40224161569616024,10.0,0.0,11,1.0,33,-1.0,-1.0,2.0,4.0,8.0,4.0,8.0,4.0,8.0
13,35,0.0,0,1,1,0.6363636363636364,1.0,4.2,8.0,1.4619519810524544,5.0,3.0,0.0,8.0,-2.0,12,1.0,30,1.0,-2.0,1.6,4.0,8.0,4.0,8.0,4.0,8.0
14,35,0.0,0,1,1,0.6363636363636364,1.0,4.4,8.0,0.9263225327693089,5.0,3.0,0.0,8.0,2.0,13,1.0,25,1.0,0.0,1.6,5.0,8.0,4.0,8.0,4.0,8.0
15,35,0.0,0,1,1,0.6363636363636364,1.0,4.2,7.8,-1.281147872233175,5.0,1.0,-1.4619519810524544,8.0,1.0,14,1.0,28,-1.0,-1.0,2.3333333333333335,5.0,8.0,5.0,8.0,4.0,8.0
16,35,0.0,0,1,1,0.6363636363636364,1.0,4.0,7.4,-0.9090909090909091,5.0,1.0,-1.40784565493656,8.0,0.0,15,1.0,28,-1.0,-2.0,2.0,3.0,7.0,5.0,8.0,5.0,8.0
17,35,0.0,0,1,1,0.6363636363636364,1.0,3.8,6.8,-0.6692068000069459,5.0,0.0,-1.2821969620550018,8.0,-2.0,16,1.0,28,-1.0,-3.0,1.6666666666666667,3.0,6.0,3.0,7.0,5.0,8.0
18,35,0.0,0,1,1,0.6363636363636364,1.0,3.4,6.4,-0.4022416156961599,5.0,-3.0,-0.32253501553461666,8.0,0.0,17,1.0,29,-2.0,-2.0,2.0,3.0,5.0,3.0,6.0,3.0,7.0
19,35,0.0,0,1,1,0.6363636363636364,1.0,3.0,5.8,0.0,3.0,-3.0,-0.8540985814887829,7.0,-3.0,18,1.0,33,-2.0,-3.0,1.6666666666666667,3.0,6.0,3.0,5.0,3.0,6.0
20,35,0.0,0,1,1,0.6363636363636364,1.0,3.0,5.4,0.0,3.0,1.0,-0.6175483551795399,6.0,-1.0,19,1.0,32,0.0,-2.0,1.6666666666666667,3.0,5.0,3.0,6.0,3.0,5.0
21,35,0.0,0,1,1,0.6363636363636364,1.0,3.0,5.2,0.0,3.0,1.0,-0.36548799526311376,6.0,1.0,20,1.0,32,0.0,-1.0,1.6666666666666667,3.0,5.0,3.0,5.0,3.0,6.0
22,35,0.0,0,1,1,0.6363636363636364,1.0,3.0,5.2,0.0,3.0,1.0,-0.36548799526311376,6.0,3.0,21,1.0,33,0.0,0.0,1.6666666666666667,3.0,5.0,3.0,5.0,3.0,5.0
23,35,0.0,0,1,1,0.6363636363636364,1.0,3.0,5.0,0.0,3.0,2.0,0.0,5.0,1.0,22,1.0,34,0.0,-1.0,1.6666666666666667,3.0,5.0,3.0,5.0,3.0,5.0
24,35,0.0,0,1,1,0.6363636363636364,1.0,3.0,5.0,0.0,3.0,2.0,0.0,5.0,3.0,23,1.0,34,0.0,0.0,1.6666666666666667,3.0,5.0,3.0,5.0,3.0,5.0
25,35,0.0,0,1,1,0.6363636363636364,1.0,3.0,5.2,0.0,3.0,0.0,1.4619519810524544,6.0,3.0,24,1.0,32,0.0,1.0,2.0,3.0,5.0,3.0,5.0,3.0,5.0
26,35,0.0,0,1,1,0.6363636363636364,1.0,3.0,5.2,0.0,3.0,0.0,-0.365487995263114,6.0,1.0,25,1.0,35,0.0,0.0,1.6666666666666667,3.0,6.0,3.0,5.0,3.0,5.0
27,35,0.0,0,1,1,0.6363636363636364,1.0,3.0,5.0,0.0,3.0,0.0,-1.2389934309929542,6.0,-1.0,26,1.0,36,0.0,-1.0,1.3333333333333333,3.0,5.0,3.0,6.0,3.0,5.0
28,35,0.0,0,1,1,0.6363636363636364,1.0,3.0,4.8,0.0,3.0,0.0,-0.854098581488783,6.0,0.0,27,1.0,34,0.0,-1.0,1.3333333333333333,3.0,4.0,3.0,5.0,3.0,6.0
29,35,0.0,0,1,1,0.6363636363636364,1.0,3.0,4.6,0.0,3.0,0.0,-0.6033624235442395,6.0,-1.0,28,1.0,33,0.0,-1.0,1.3333333333333333,3.0,4.0,3.0,4.0,3.0,5.0
30,35,0.0,0,1,1,0.6363636363636364,1.0,3.0,4.0,0.0,3.0,0.0,-1.2389934309929544,5.0,-4.0,29,1.0,35,0.0,-3.0,1.0,3.0,4.0,3.0,4.0,3.0,4.0
31,35,0.0,0,1,1,0.6363636363636364,1.0,3.0,3.6,0.0,3.0,0.0,-0.9263225327693095,4.0,-2.0,30,1.0,36,0.0,-2.0,1.0,3.0,3.0,3.0,4.0,3.0,4.0
32,35,0.0,0,1,1,0.6363636363636364,1.0,3.0,3.4,0.0,3.0,0.0,-0.6175483551795395,4.0,0.0,31,1.0,37,0.0,-1.0,1.0,3.0,3.0,3.0,3.0,3.0,4.0
33,35,0.0,0,1,1,0.6363636363636364,1.0,3.0,3.2,0.0,3.0,0.0,-0.3654879952631141,4.0,0.0,32,1.0,39,0.0,-1.0,1.0,3.0,3.0,3.0,3.0,3.0,3.0
34,35,0.0,0,1,1,0.6363636363636364,1.0,3.0,3.0,0.0,3.0,0.0,0.0,3.0,0.0,33,1.0,39,0.0,-1.0,1.0,3.0,3.0,3.0,3.0,3.0,3.0
35,35,0.0,0,1,1,0.6363636363636364,1.0,3.0,3.0,0.0,3.0,0.0,0.0,3.0,3.0,34,1.0,38,0.0,0.0,1.0,3.0,3.0,3.0,3.0,3.0,3.0
36,35,0.0,0,1,1,0.6363636363636364,1.0,3.0,3.0,0.0,3.0,0.0,0.0,3.0,2.0,35,1.0,38,0.0,0.0,1.0,3.0,3.0,3.0,3.0,3.0,3.0
37,35,0.0,0,1,1,0.6363636363636364,1.0,3.0,3.0,0.0,3.0,0.0,0.0,3.0,1.0,36,1.0,39,0.0,0.0,1.0,3.0,3.0,3.0,3.0,3.0,3.0
38,35,0.0,0,1,1,0.6363636363636364,1.0,3.0,3.0,0.0,3.0,0.0,0.0,3.0,1.0,37,1.0,38,0.0,0.0,1.0,3.0,3.0,3.0,3.0,3.0,3.0
39,35,0.0,0,1,1,0.6363636363636364,1.0,3.0,3.0,0.0,3.0,0.0,0.0,3.0,1.0,38,1.0,38,0.0,0.0,1.0,3.0,3.0,3.0,3.0,3.0,3.0
40,35,0.0,0,1,1,0.6363636363636364,1.0,3.0,3.0,0.0,3.0,0.0,0.0,3.0,0.0,39,1.0,40,0.0,0.0,1.0,3.0,3.0,3.0,3.0,3.0,3.0
41,35,0.0,0,1,1,0.6363636363636364,1.0,3.0,3.0,0.0,3.0,0.0,0.0,3.0,0.0,40,1.0,41,0.0,0.0,1.0,3.0,3.0,3.0,3.0,3.0,3.0
42,35,0.0,0,1,1,0.6363636363636364,1.0,3.0,3.0,0.0,3.0,0.0,0.0,3.0,0.0,41,1.0,41,0.0,0.0,1.0,3.0,3.0,3.0,3.0,3.0,3.0
43,35,0.0,0,1,1,0.6363636363636364,1.0,3.0,3.0,0.0,3.0,0.0,0.0,3.0,0.0,42,1.0,41,0.0,0.0,1.0,3.0,3.0,3.0,3.0,3.0,3.0
44,35,0.0,0,1,1,0.6363636363636364,1.0,3.0,3.0,0.0,3.0,0.0,0.0,3.0,0.0,43,1.0,42,0.0,0.0,1.0,3.0,3.0,3.0,3.0,3.0,3.0
45,35,0.0,0,1,1,0.6363636363636364,1.0,3.0,3.0,0.0,3.0,0.0,0.0,3.0,0.0,44,1.0,41,0.0,0.0,1.0,3.0,3.0,3.0,3.0,3.0,3.0
46,35,0.0,0,1,1,0.6363636363636364,1.0,3.0,3.0,0.0,3.0,0.0,0.0,3.0,0.0,45,1.0,41,0.0,0.0,1.0,3.0,3.0,3.0,3.0,3.0,3.0
47,35,0.0,0,1,1,0.6363636363636364,1.0,3.0,3.0,0.0,3.0,0.0,0.0,3.0,0.0,46,1.0,41,0.0,0.0,1.0,3.0,3.0,3.0,3.0,3.0,3.0
48,35,0.0,0,1,1,0.6363636363636364,1.0,3.0,3.0,0.0,3.0,0.0,0.0,3.0,0.0,47,1.0,42,0.0,0.0,1.0,3.0,3.0,3.0,3.0,3.0,3.0
49,35,0.0,0,1,1,0.6363636363636364,1.0,3.0,3.0,0.0,3.0,0.0,0.0,3.0,0.0,48,1.0,42,0.0,0.0,1.0,3.0,3.0,3.0,3.0,3.0,3.0
50,35,0.0,0,1,1,0.6363636363636364,1.0,3.0,3.0,0.0,3.0,0.0,0.0,3.0,0.0,49,1.0,42,0.0,0.0,1.0,3.0,3.0,3.0,3.0,3.0,3.0
51,35,0.0,0,1,1,0.6363636363636364,1.0,3.0,3.0,0.0,3.0,0.0,0.0,3.0,0.0,50,1.0,42,0.0,0.0,1.0,3.0,3.0,3.0,3.0,3.0,3.0
52,35,0.0,0,1,1,0.6363636363636364,1.0,3.0,3.2,0.0,3.0,0.0,1.4619519810524544,4.0,1.0,51,1.0,42,0.0,1.0,1.3333333333333333,3.0,3.0,3.0,3.0,3.0,3.0
53,35,0.0,0,1,1,0.6363636363636364,1.0,3.0,3.4,0.0,3.0,0.0,0.9263225327693094,4.0,1.0,52,1.0,42,0.0,1.0,1.3333333333333333,3.0,4.0,3.0,3.0,3.0,3.0
54,35,0.0,0,1,1,0.6363636363636364,1.0,3.0,3.6,0.0,3.0,0.0,0.6175483551795394,4.0,1.0,53,1.0,43,0.0,1.0,1.3333333333333333,3.0,4.0,3.0,4.0,3.0,3.0
55,35,0.0,0,1,1,0.6363636363636364,1.0,3.0,3.8,0.0,3.0,0.0,0.365487995263114,4.0,1.0,54,1.0,43,0.0,1.0,1.3333333333333333,3.0,4.0,3.0,4.0,3.0,4.0
56,35,0.0,0,1,1,0.6363636363636364,1.0,3.0,4.0,0.0,3.0,0.0,0.0,4.0,1.0,55,1.0,43,0.0,1.0,1.3333333333333333,3.0,4.0,3.0,4.0,3.0,4.0
57,35,0.0,0,1,1,0.6363636363636364,1.0,3.0,4.0,0.0,3.0,0.0,0.0,4.0,-1.0,56,1.0,43,0.0,0.0,1.3333333333333333,3.0,4.0,3.0,4.0,3.0,4.0
58,35,0.0,0,1,1,0.6363636363636364,1.0,3.0,4.0,0.0,3.0,0.0,0.0,4.0,-1.0,57,1.0,43,0.0,0.0,1.3333333333333333,3.0,4.0,3.0,4.0,3.0,4.0
59,35,0.0,0,1,1,0.6363636363636364,1.0,3.0,4.0,0.0,3.0,0.0,0.0,4.0,-1.0,58,1.0,43,0.0,0.0,1.3333333333333333,3.0,4.0,3.0,4.0,3.0,4.0
60,35,0.0,0,1,1,0.6363636363636364,1.0,3.0,4.0,0.0,3.0,0.0,0.0,4.0,-1.0,59,1.0,43,0.0,0.0,1.3333333333333333,3.0,4.0,3.0,4.0,3.0,4.0
61,35,0.0,0,1,1,0.6363636363636364,1.0,3.0,4.0,0.0,3.0,0.0,0.0,4.0,-1.0,60,1.0,43,0.0,0.0,1.3333333333333333,3.0,4.0,3.0,4.0,3.0,4.0
62,35,0.0,0,1,1,0.6363636363636364,1.0,3.0,4.0,0.0,3.0,0.0,0.0,4.0,0.0,61,1.0,43,0.0,0.0,1.3333333333333333,3.0,4.0,3.0,4.0,3.0,4.0
63,35,0.0,0,1,1,0.6363636363636364,1.0,3.0,4.0,0.0,3.0,0.0,0.0,4.0,0.0,62,1.0,43,0.0,0.0,1.3333333333333333,3.0,4.0,3.0,4.0,3.0,4.0
64,35,0.0,0,1,1,0.6363636363636364,1.0,3.0,4.0,0.0,3.0,0.0,0.0,4.0,0.0,63,1.0,43,0.0,0.0,1.3333333333333333,3.0,4.0,3.0,4.0,3.0,4.0
65,35,0.0,0,1,1,0.6363636363636364,1.0,3.0,4.0,0.0,3.0,0.0,0.0,4.0,0.0,64,1.0,43,0.0,0.0,1.3333333333333333,3.0,4.0,3.0,4.0,3.0,4.0
66,35,0.0,0,1,1,0.6363636363636364,1.0,3.0,4.0,0.0,3.0,0.0,0.0,4.0,0.0,65,1.0,43,0.0,0.0,1.3333333333333333,3.0,4.0,3.0,4.0,3.0,4.0
67,35,0.0,0,1,1,0.6363636363636364,1.0,3.0,4.0,0.0,3.0,0.0,0.0,4.0,0.0,66,1.0,43,0.0,0.0,1.3333333333333333,3.0,4.0,3.0,4.0,3.0,4.0
68,35,0.0,0,1,1,0.6363636363636364,1.0,3.0,4.0,0.0,3.0,0.0,0.0,4.0,0.0,67,1.0,43,0.0,0.0,1.3333333333333333,3.0,4.0,3.0,4.0,3.0,4.0
69,35,0.0,0,1,1,0.6363636363636364,1.0,3.0,4.0,0.0,3.0,0.0,0.0,4.0,0.0,68,1.0,43,0.0,0.0,1.3333333333333333,3.0,4.0,3.0,4.0,3.0,4.0
70,35,0.0,0,1,1,0.6363636363636364,1.0,3.0,4.0,0.0,3.0,0.0,0.0,4.0,0.0,69,1.0,43,0.0,0.0,1.3333333333333333,3.0,4.0,3.0,4.0,3.0,4.0
71,35,0.0,0,1,1,0.6363636363636364,1.0,3.0,4.0,0.0,3.0,0.0,0.0,4.0,0.0,70,1.0,43,0.0,0.0,1.3333333333333333,3.0,4.0,3.0,4.0,3.0,4.0
72,35,0.0,0,1,1,0.6363636363636364,1.0,3.0,4.0,0.0,3.0,0.0,0.0,4.0,0.0,71,1.0,43,0.0,0.0,1.3333333333333333,3.0,4.0,3.0,4.0,3.0,4.0
73,35,0.0,0,1,1,0.6363636363636364,1.0,3.0,4.0,0.0,3.0,0.0,0.0,4.0,0.0,72,1.0,43,0.0,0.0,1.3333333333333333,3.0,4.0,3.0,4.0,3.0,4.0
74,35,0.0,0,1,1,0.6363636363636364,1.0,3.0,4.0,0.0,3.0,0.0,0.0,4.0,0.0,73,1.0,43,0.0,0.0,1.3333333333333333,3.0,4.0,3.0,4.0,3.0,4.0
75,35,0.0,0,1,1,0.6363636363636364,1.0,3.0,4.0,0.0,3.0,0.0,0.0,4.0,0.0,74,1.0,43,0.0,0.0,1.3333333333333333,3.0,4.0,3.0,4.0,3.0,4.0
76,35,0.0,0,1,1,0.6363636363636364,1.0,3.0,4.0,0.0,3.0,0.0,0.0,4.0,0.0,75,1.0,43,0.0,0.0,1.3333333333333333,3.0,4.0,3.0,4.0,3.0,4.0
77,35,0.0,0,1,1,0.6363636363636364,1.0,3.0,4.0,0.0,3.0,0.0,0.0,4.0,0.0,76,1.0,43,0.0,0.0,1.3333333333333333,3.0,4.0,3.0,4.0,3.0,4.0
78,35,0.0,0,1,1,0.6363636363636364,1.0,3.0,4.0,0.0,3.0,0.0,0.0,4.0,0.0,77,1.0,43,0.0,0.0,1.3333333333333333,3.0,4.0,3.0,4.0,3.0,4.0
79,35,0.0,0,1,1,0.6363636363636364,1.0,3.0,4.0,0.0,3.0,0.0,0.0,4.0,0.0,78,1.0,43,0.0,0.0,1.3333333333333333,3.0,4.0,3.0,4.0,3.0,4.0
80,35,0.0,0,1,1,0.6363636363636364,1.0,3.0,4.0,0.0,3.0,0.0,0.0,4.0,0.0,79,1.0,43,0.0,0.0,1.3333333333333333,3.0,4.0,3.0,4.0,3.0,4.0
81,35,0.0,0,1,1,0.6363636363636364,1.0,3.0,4.0,0.0,3.0,0.0,0.0,4.0,0.0,80,1.0,43,0.0,0.0,1.3333333333333333,3.0,4.0,3.0,4.0,3.0,4.0
82,35,0.0,0,1,1,0.6363636363636364,1.0,3.0,4.0,0.0,3.0,0.0,0.0,4.0,0.0,81,1.0,43,0.0,0.0,1.3333333333333333,3.0,4.0,3.0,4.0,3.0,4.0
83,35,0.0,0,1,1,0.6363636363636364,1.0,3.0,4.0,0.0,3.0,0.0,0.0,4.0,0.0,82,1.0,43,0.0,0.0,1.3333333333333333,3.0,4.0,3.0,4.0,3.0,4.0
84,35,0.0,0,1,1,0.6363636363636364,1.0,3.0,4.0,0.0,3.0,0.0,0.0,4.0,0.0,83,1.0,43,0.0,0.0,1.3333333333333333,3.0,4.0,3.0,4.0,3.0,4.0
85,35,0.0,0,1,1,0.6363636363636364,1.0,3.0,4.0,0.0,3.0,0.0,0.0,4.0,0.0,84,1.0,43,0.0,0.0,1.3333333333333333,3.0,4.0,3.0,4.0,3.0,4.0
86,35,0.0,0,1,1,0.6363636363636364,1.0,3.0,4.0,0.0,3.0,0.0,0.0,4.0,0.0,85,1.0,43,0.0,0.0,1.3333333333333333,3.0,4.0,3.0,4.0,3.0,4.0
87,35,0.0,0,1,1,0.6363636363636364,1.0,3.0,4.0,0.0,3.0,0.0,0.0,4.0,0.0,86,1.0,43,0.0,0.0,1.3333333333333333,3.0,4.0,3.0,4.0,3.0,4.0
88,35,0.0,0,1,1,0.6363636363636364,1.0,3.0,4.0,0.0,3.0,0.0,0.0,4.0,0.0,87,1.0,43,0.0,0.0,1.3333333333333333,3.0,4.0,3.0,4.0,3.0,4.0
89,35,0.0,0,1,1,0.6363636363636364,1.0,3.0,4.0,0.0,3.0,0.0,0.0,4.0,0.0,88,1.0,43,0.0,0.0,1.3333333333333333,3.0,4.0,3.0,4.0,3.0,4.0
90,35,0.0,0,1,1,0.6363636363636364,1.0,3.0,4.0,0.0,3.0,0.0,0.0,4.0,0.0,89,1.0,43,0.0,0.0,1.3333333333333333,3.0,4.0,3.0,4.0,3.0,4.0
91,35,0.0,0,1,1,0.6363636363636364,1.0,3.0,4.0,0.0,3.0,0.0,0.0,4.0,0.0,90,1.0,43,0.0,0.0,1.3333333333333333,3.0,4.0,3.0,4.0,3.0,4.0
92,35,0.0,0,1,1,0.6363636363636364,1.0,3.0,4.0,0.0,3.0,0.0,0.0,4.0,0.0,91,1.0,43,0.0,0.0,1.3333333333333333,3.0,4.0,3.0,4.0,3.0,4.0
93,35,0.0,0,1,1,0.6363636363636364,1.0,3.0,4.0,0.0,3.0,0.0,0.0,4.0,0.0,92,1.0,43,0.0,0.0,1.3333333333333333,3.0,4.0,3.0,4.0,3.0,4.0
94,35,0.0,0,1,1,0.6363636363636364,1.0,3.0,4.0,0.0,3.0,0.0,0.0,4.0,0.0,93,1.0,43,0.0,0.0,1.3333333333333333,3.0,4.0,3.0,4.0,3.0,4.0
95,35,0.0,0,1,1,0.6363636363636364,1.0,3.0,4.0,0.0,3.0,0.0,0.0,4.0,0.0,94,1.0,43,0.0,0.0,1.3333333333333333,3.0,4.0,3.0,4.0,3.0,4.0
96,35,0.0,0,1,1,0.6363636363636364,1.0,3.0,4.0,0.0,3.0,0.0,0.0,4.0,0.0,95,1.0,43,0.0,0.0,1.3333333333333333,3.0,4.0,3.0,4.0,3.0,4.0
97,35,0.0,0,1,1,0.6363636363636364,1.0,3.0,4.0,0.0,3.0,0.0,0.0,4.0,0.0,96,1.0,43,0.0,0.0,1.3333333333333333,3.0,4.0,3.0,4.0,3.0,4.0
98,35,0.0,0,1,1,0.6363636363636364,1.0,3.0,4.0,0.0,3.0,0.0,0.0,4.0,0.0,97,1.0,43,0.0,0.0,1.3333333333333333,3.0,4.0,3.0,4.0,3.0,4.0
99,35,0.0,0,1,1,0.6363636363636364,1.0,3.0,4.0,0.0,3.0,0.0,0.0,4.0,0.0,98,1.0,43,0.0,0.0,1.3333333333333333,3.0,4.0,3.0,4.0,3.0,4.0
100,35,0.0,0,1,1,0.6363636363636364,1.0,3.0,4.0,0.0,3.0,0.0,0.0,4.0,0.0,99,1.0,43,0.0,0.0,1.3333333333333333,3.0,4.0,3.0,4.0,3.0,4.0
101,35,0.0,0,1,1,0.6363636363636364,1.0,3.0,4.0,0.0,3.0,0.0,0.0,4.0,0.0,100,1.0,43,0.0,0.0,1.3333333333333333,3.0,4.0,3.0,4.0,3.0,4.0
102,35,0.0,0,1,1,0.6363636363636364,1.0,3.0,4.0,0.0,3.0,0.0,0.0,4.0,0.0,101,1.0,43,0.0,0.0,1.3333333333333333,3.0,4.0,3.0,4.0,3.0,4.0
103,35,0.0,0,1,1,0.6363636363636364,1.0,3.0,4.0,0.0,3.0,0.0,0.0,4.0,0.0,102,1.0,43,0.0,0.0,1.3333333333333333,3.0,4.0,3.0,4.0,3.0,4.0
104,35,0.0,0,1,1,0.6363636363636364,1.0,3.0,4.0,0.0,3.0,0.0,0.0,4.0,0.0,103,1.0,43,0.0,0.0,1.3333333333333333,3.0,4.0,3.0,4.0,3.0,4.0
105,35,0.0,0,1,1,0.6363636363636364,1.0,3.0,4.0,0.0,3.0,0.0,0.0,4.0,0.0,104,1.0,43,0.0,0.0,1.3333333333333333,3.0,4.0,3.0,4.0,3.0,4.0
106,35,0.0,0,1,1,0.6363636363636364,1.0,3.0,4.0,0.0,3.0,0.0,0.0,4.0,0.0,105,1.0,43,0.0,0.0,1.3333333333333333,3.0,4.0,3.0,4.0,3.0,4.0
107,35,0.0,0,1,1,0.6363636363636364,1.0,3.0,4.0,0.0,3.0,0.0,0.0,4.0,0.0,106,1.0,43,0.0,0.0,1.3333333333333333,3.0,4.0,3.0,4.0,3.0,4.0
108,35,0.0,0,1,1,0.6363636363636364,1.0,3.0,4.0,0.0,3.0,0.0,0.0,4.0,0.0,107,1.0,43,0.0,0.0,1.3333333333333333,3.0,4.0,3.0,4.0,3.0,4.0
109,35,0.0,0,1,1,0.6363636363636364,1.0,3.0,4.0,0.0,3.0,0.0,0.0,4.0,0.0,108,1.0,43,0.0,0.0,1.3333333333333333,3.0,4.0,3.0,4.0,3.0,4.0
110,35,0.0,0,1,1,0.6363636363636364,1.0,3.0,4.0,0.0,3.0,0.0,0.0,4.0,0.0,109,1.0,43,0.0,0.0,1.3333333333333333,3.0,4.0,3.0,4.0,3.0,4.0
111,35,0.0,0,1,1,0.6363636363636364,1.0,3.0,4.0,0.0,3.0,0.0,0.0,4.0,0.0,110,1.0,43,0.0,0.0,1.3333333333333333,3.0,4.0,3.0,4.0,3.0,4.0
112,35,0.0,0,1,1,0.6363636363636364,1.0,3.0,4.0,0.0,3.0,0.0,0.0,4.0,0.0,111,1.0,43,0.0,0.0,1.3333333333333333,3.0,4.0,3.0,4.0,3.0,4.0
113,35,0.0,0,1,1,0.6363636363636364,1.0,3.0,4.0,0.0,3.0,0.0,0.0,4.0,0.0,112,1.0,43,0.0,0.0,1.3333333333333333,3.0,4.0,3.0,4.0,3.0,4.0
114,35,0.0,0,1,1,0.6363636363636364,1.0,3.0,4.0,0.0,3.0,0.0,0.0,4.0,0.0,113,1.0,43,0.0,0.0,1.3333333333333333,3.0,4.0,3.0,4.0,3.0,4.0
115,35,0.0,0,1,1,0.6363636363636364,1.0,3.0,4.0,0.0,3.0,0.0,0.0,4.0,0.0,114,1.0,43,0.0,0.0,1.3333333333333333,3.0,4.0,3.0,4.0,3.0,4.0
116,35,0.0,0,1,1,0.6363636363636364,1.0,3.0,4.0,0.0,3.0,0.0,0.0,4.0,0.0,115,1.0,43,0.0,0.0,1.3333333333333333,3.0,4.0,3.0,4.0,3.0,4.0
117,35,0.0,0,1,1,0.6363636363636364,1.0,3.0,4.0,0.0,3.0,0.0,0.0,4.0,0.0,116,1.0,43,0.0,0.0,1.3333333333333333,3.0,4.0,3.0,4.0,3.0,4.0
118,35,0.0,0,1,1,0.6363636363636364,1.0,3.0,4.0,0.0,3.0,0.0,0.0,4.0,0.0,117,1.0,43,0.0,0.0,1.3333333333333333,3.0,4.0,3.0,4.0,3.0,4.0
119,35,0.0,0,1,1,0.6363636363636364,1.0,3.0,4.0,0.0,3.0,0.0,0.0,4.0,0.0,118,1.0,43,0.0,0.0,1.3333333333333333,3.0,4.0,3.0,4.0,3.0,4.0
120,35,0.0,0,1,1,0.6363636363636364,1.0,3.0,4.0,0.0,3.0,0.0,0.0,4.0,0.0,119,1.0,43,0.0,0.0,1.3333333333333333,3.0,4.0,3.0,4.0,3.0,4.0
121,35,0.0,0,1,1,0.6363636363636364,1.0,3.0,4.0,0.0,3.0,0.0,0.0,4.0,0.0,120,1.0,43,0.0,0.0,1.3333333333333333,3.0,4.0,3.0,4.0,3.0,4.0
122,35,0.0,0,1,1,0.6363636363636364,1.0,3.0,4.0,0.0,3.0,0.0,0.0,4.0,0.0,121,1.0,43,0.0,0.0,1.3333333333333333,3.0,4.0,3.0,4.0,3.0,4.0
1,36,0.0,1,0,1,0.6818181818181818,1.0,6.0,10.0,0.0,6.0,0.0,0.0,10.0,0.0,0,0.0,0,0.0,0.0,1.6666666666666667,0.0,0.0,0.0,0.0,0.0,0.0
2,36,0.0,1,0,1,0.6818181818181818,1.0,6.0,10.0,0.0,6.0,0.0,0.0,10.0,0.0,1,0.5,43,0.0,0.0,1.6666666666666667,6.0,10.0,0.0,0.0,0.0,0.0
3,36,0.0,1,0,1,0.6818181818181818,1.0,6.0,10.0,0.0,6.0,0.0,0.0,10.0,0.0,2,0.6666666666666666,43,0.0,0.0,1.6666666666666667,6.0,10.0,6.0,10.0,0.0,0.0
4,36,0.0,0,1,1,0.6818181818181818,1.0,6.0,10.0,0.0,6.0,0.0,0.0,10.0,0.0,3,0.75,43,0.0,0.0,1.6666666666666667,6.0,10.0,6.0,10.0,6.0,10.0
5,36,0.0,0,1,1,0.6818181818181818,1.0,6.0,10.0,0.0,6.0,0.0,0.0,10.0,0.0,4,0.8,43,0.0,0.0,1.6666666666666667,6.0,10.0,6.0,10.0,6.0,10.0
6,36,0.0,0,1,1,0.6818181818181818,0.9523809523809523,5.6,10.0,-1.6089664627846396,6.0,0.0,0.0,10.0,0.0,0,0.8,26,-2.0,0.0,2.5,6.0,10.0,6.0,10.0,6.0,10.0
7,36,1.0,0,1,1,0.6818181818181818,0.9047619047619048,4.8,9.6,-1.4823800218180343,6.0,0.0,-1.6089664627846396,10.0,0.0,0,0.6,26,-4.0,-2.0,4.0,4.0,10.0,6.0,10.0,6.0,10.0
8,36,0.0,0,1,1,0.7272727272727273,0.9047619047619048,4.0,9.2,-0.9523809523809526,6.0,0.0,-1.0038102000104185,10.0,0.0,0,0.4,27,-4.0,-2.0,4.0,2.0,8.0,4.0,10.0,6.0,10.0
9,36,0.0,0,1,1,0.7272727272727273,0.8571428571428571,3.0,8.4,-0.9523809523809526,6.0,0.0,-1.3533935940371193,10.0,0.0,0,0.2,26,-5.0,-4.0,6.0,2.0,8.0,2.0,8.0,4.0,10.0
10,36,0.0,0,1,1,0.7272727272727273,0.8095238095238095,2.0,7.4,-0.7548623297930129,4.0,0.0,-1.171097964514064,10.0,0.0,0,0.0,26,-5.0,-5.0,5.0,1.0,6.0,2.0,8.0,2.0,8.0
11,36,0.0,0,1,1,0.7272727272727273,0.8095238095238095,1.4,6.4,-0.6175483551795401,2.0,-1.0,-0.8660284385739887,8.0,-5.0,1,0.2,27,-3.0,-5.0,5.0,1.0,5.0,1.0,6.0,2.0,8.0
12,36,0.0,0,1,1,0.7272727272727273,0.8095238095238095,1.2,5.4,-0.36548799526311426,2.0,3.0,-1.2522238631916072,8.0,-3.0,2,0.4,33,-1.0,-5.0,3.0,1.0,5.0,1.0,5.0,1.0,6.0
13,36,0.0,0,1,1,0.6818181818181818,0.8095238095238095,1.0,4.8,0.0,1.0,3.0,0.16730170000173655,6.0,-1.0,0,0.4,31,-1.0,-3.0,5.0,1.0,3.0,1.0,5.0,1.0,5.0
14,36,0.0,0,1,1,0.6363636363636364,0.8095238095238095,1.0,4.8,0.0,1.0,5.0,1.0038102000104185,6.0,4.0,0,0.4,26,0.0,0.0,6.0,1.0,5.0,1.0,3.0,1.0,5.0
15,36,0.0,0,1,1,0.6363636363636364,0.8095238095238095,0.8,5.0,-1.4619519810524546,1.0,4.0,0.7548623297930124,6.0,6.0,1,0.6,28,-1.0,1.0,6.0,1.0,6.0,1.0,5.0,1.0,3.0
16,36,0.0,0,1,1,0.6363636363636364,0.8095238095238095,1.0,5.4,1.238993430992954,2.0,4.0,0.9897467869417009,7.0,7.0,2,0.6,28,1.0,2.0,3.5,0.0,6.0,1.0,6.0,1.0,5.0
17,36,0.0,0,1,1,0.6363636363636364,0.8095238095238095,1.4,6.0,1.2901400621384655,3.0,3.0,0.0,7.0,8.0,3,0.6,28,2.0,3.0,2.0,2.0,7.0,0.0,6.0,1.0,6.0
18,36,0.0,0,1,1,0.6363636363636364,0.8095238095238095,1.8,6.4,0.8547979747033346,3.0,3.0,0.9263225327693076,7.0,5.0,4,0.8,29,2.0,2.0,2.3333333333333335,3.0,6.0,2.0,7.0,0.0,6.0
19,36,0.0,0,1,1,0.6363636363636364,0.8095238095238095,2.2,6.6,0.5698653164688896,3.0,2.0,0.6175483551795393,7.0,1.0,5,1.0,33,2.0,1.0,2.3333333333333335,3.0,7.0,3.0,6.0,2.0,7.0
20,36,0.0,0,1,1,0.6363636363636364,0.8095238095238095,3.0,6.8,1.2389934309929544,4.0,5.0,0.36548799526311326,7.0,0.0,6,1.0,32,4.0,1.0,1.75,3.0,7.0,3.0,7.0,3.0,6.0
21,36,0.0,0,1,1,0.6363636363636364,0.8095238095238095,3.2,6.8,-0.3654879952631141,4.0,0.0,0.36548799526311326,7.0,-2.0,7,1.0,32,1.0,0.0,2.3333333333333335,4.0,7.0,3.0,7.0,3.0,7.0
22,36,0.0,0,1,1,0.6363636363636364,0.8095238095238095,3.2,7.0,-0.3654879952631141,4.0,-2.0,0.0,7.0,-2.0,8,1.0,33,0.0,1.0,2.3333333333333335,3.0,7.0,4.0,7.0,3.0,7.0
23,36,0.0,0,1,1,0.6363636363636364,0.8095238095238095,3.2,7.0,-0.3654879952631141,4.0,-2.0,0.0,7.0,-2.0,9,1.0,34,0.0,0.0,2.3333333333333335,3.0,7.0,3.0,7.0,4.0,7.0
24,36,0.0,0,1,1,0.6363636363636364,0.8095238095238095,3.2,7.0,-0.3654879952631141,4.0,-2.0,0.0,7.0,-1.0,10,1.0,34,0.0,0.0,2.3333333333333335,3.0,7.0,3.0,7.0,3.0,7.0
25,36,0.0,0,1,1,0.6363636363636364,0.7619047619047619,2.8,6.6,-1.4619519810524544,3.0,-6.0,-1.6089664627846396,7.0,-3.0,0,0.8,33,-2.0,-2.0,2.5,3.0,7.0,3.0,7.0,3.0,7.0
26,36,1.0,0,1,1,0.6363636363636364,0.7142857142857143,2.6,6.0,-0.9263225327693094,3.0,-2.0,-1.3208176506262261,7.0,-3.0,0,0.6,36,-1.0,-3.0,2.0,2.0,5.0,3.0,7.0,3.0,7.0
27,36,1.0,0,1,1,0.6363636363636364,0.6666666666666666,2.2,5.2,-1.281147872233175,3.0,-2.0,-1.164727159999884,7.0,-5.0,0,0.4,37,-2.0,-4.0,3.0,2.0,4.0,2.0,5.0,3.0,7.0
28,36,1.0,0,1,1,0.6818181818181818,0.6666666666666666,1.8,4.6,-0.8540985814887833,3.0,-2.0,-0.3711550451031378,7.0,-3.0,0,0.2,35,-2.0,-3.0,4.0,1.0,3.0,2.0,4.0,2.0,5.0
29,36,1.0,0,1,1,0.7272727272727273,0.6666666666666666,1.4,4.0,-0.6175483551795394,2.0,-2.0,0.0,5.0,-3.0,0,0.0,34,-2.0,-3.0,4.0,1.0,4.0,1.0,3.0,2.0,4.0
30,36,1.0,0,1,1,0.7272727272727273,0.6666666666666666,1.2,3.8,-0.3654879952631136,2.0,1.0,0.3654879952631146,4.0,1.0,1,0.2,35,-1.0,-1.0,4.0,1.0,4.0,1.0,4.0,1.0,3.0
31,36,1.0,0,1,1,0.7272727272727273,0.6666666666666666,1.0,3.8,0.0,1.0,0.0,0.3654879952631146,4.0,3.0,2,0.4,36,-1.0,0.0,4.0,1.0,4.0,1.0,4.0,1.0,4.0
32,36,1.0,0,1,1,0.7272727272727273,0.6666666666666666,1.0,4.0,0.0,1.0,2.0,0.0,4.0,5.0,3,0.6,37,0.0,1.0,4.0,1.0,4.0,1.0,4.0,1.0,4.0
33,36,1.0,0,1,1,0.7272727272727273,0.6666666666666666,1.0,4.0,0.0,1.0,2.0,0.0,4.0,3.0,4,0.8,39,0.0,0.0,4.0,1.0,4.0,1.0,4.0,1.0,4.0
34,36,1.0,0,1,1,0.7272727272727273,0.6666666666666666,1.0,4.2,0.0,1.0,2.0,1.4619519810524544,5.0,4.0,5,1.0,39,0.0,1.0,5.0,1.0,4.0,1.0,4.0,1.0,4.0
35,36,1.0,0,1,1,0.7272727272727273,0.6666666666666666,1.0,4.2,0.0,1.0,1.0,-0.365487995263114,5.0,1.0,6,1.0,38,0.0,0.0,4.0,1.0,5.0,1.0,4.0,1.0,4.0
36,36,1.0,0,1,1,0.7272727272727273,0.6666666666666666,1.0,4.4,0.0,1.0,1.0,0.9263225327693089,5.0,1.0,7,1.0,38,0.0,1.0,5.0,1.0,4.0,1.0,5.0,1.0,4.0
37,36,1.0,0,1,1,0.7272727272727273,0.6666666666666666,1.0,4.4,0.0,1.0,0.0,-0.6175483551795402,5.0,-1.0,8,1.0,39,0.0,0.0,4.0,1.0,5.0,1.0,4.0,1.0,5.0
38,36,1.0,0,1,1,0.7272727272727273,0.6666666666666666,1.0,4.4,0.0,1.0,0.0,-0.6175483551795402,5.0,0.0,9,1.0,38,0.0,0.0,4.0,1.0,4.0,1.0,5.0,1.0,4.0
39,36,1.0,0,1,1,0.7272727272727273,0.6666666666666666,1.0,4.2,0.0,1.0,0.0,-0.365487995263114,5.0,-2.0,10,1.0,38,0.0,-1.0,4.0,1.0,4.0,1.0,4.0,1.0,5.0
40,36,1.0,0,1,1,0.7272727272727273,0.6666666666666666,1.0,4.2,0.0,1.0,0.0,-0.365487995263114,5.0,0.0,11,1.0,40,0.0,0.0,4.0,1.0,4.0,1.0,4.0,1.0,4.0
41,36,1.0,0,1,1,0.7272727272727273,0.6666666666666666,1.0,4.0,0.0,1.0,0.0,0.0,4.0,-2.0,12,1.0,41,0.0,-1.0,4.0,1.0,4.0,1.0,4.0,1.0,4.0
42,36,1.0,0,1,1,0.7272727272727273,0.6666666666666666,1.0,4.2,0.0,1.0,0.0,1.4619519810524544,5.0,1.0,13,1.0,41,0.0,1.0,5.0,1.0,4.0,1.0,4.0,1.0,4.0
43,36,1.0,0,1,1,0.7272727272727273,0.6666666666666666,1.0,4.4,0.0,1.0,0.0,0.9263225327693089,5.0,1.0,14,1.0,41,0.0,1.0,5.0,1.0,5.0,1.0,4.0,1.0,4.0
44,36,1.0,0,1,1,0.7272727272727273,0.6666666666666666,1.0,4.6,0.0,1.0,0.0,0.6175483551795402,5.0,2.0,15,1.0,42,0.0,1.0,5.0,1.0,5.0,1.0,5.0,1.0,4.0
45,36,1.0,0,1,1,0.7272727272727273,0.6666666666666666,1.0,4.8,0.0,1.0,0.0,0.365487995263114,5.0,1.0,16,1.0,41,0.0,1.0,5.0,1.0,5.0,1.0,5.0,1.0,5.0
46,36,1.0,0,1,1,0.7272727272727273,0.6666666666666666,1.2,5.0,1.4619519810524546,2.0,1.0,0.0,5.0,2.0,17,1.0,41,1.0,1.0,2.5,1.0,5.0,1.0,5.0,1.0,5.0
47,36,1.0,0,1,1,0.7272727272727273,0.6666666666666666,1.4,5.2,0.9263225327693093,2.0,1.0,1.4619519810524544,6.0,0.0,18,1.0,41,1.0,1.0,3.0,2.0,5.0,1.0,5.0,1.0,5.0
48,36,1.0,0,1,1,0.7272727272727273,0.6666666666666666,1.6,5.2,0.6175483551795393,2.0,1.0,-0.365487995263114,6.0,-1.0,19,1.0,42,1.0,0.0,2.5,2.0,6.0,2.0,5.0,1.0,5.0
49,36,1.0,0,1,1,0.7272727272727273,0.6666666666666666,1.8,5.2,0.36548799526311354,2.0,1.0,-0.365487995263114,6.0,-1.0,20,1.0,42,1.0,0.0,2.5,2.0,5.0,2.0,6.0,2.0,5.0
50,36,1.0,0,1,1,0.7272727272727273,0.6666666666666666,2.0,5.2,0.0,2.0,1.0,-0.365487995263114,6.0,-1.0,21,1.0,42,1.0,0.0,2.5,2.0,5.0,2.0,5.0,2.0,6.0
51,36,1.0,0,1,1,0.7272727272727273,0.6666666666666666,2.0,5.2,0.0,2.0,-1.0,-0.365487995263114,6.0,-1.0,22,1.0,42,0.0,0.0,2.5,2.0,5.0,2.0,5.0,2.0,5.0
52,36,1.0,0,1,1,0.7272727272727273,0.6666666666666666,2.0,5.0,0.0,2.0,-1.0,0.0,5.0,-2.0,23,1.0,42,0.0,-1.0,2.5,2.0,5.0,2.0,5.0,2.0,5.0
53,36,1.0,0,1,1,0.7272727272727273,0.6666666666666666,2.0,5.0,0.0,2.0,-1.0,0.0,5.0,0.0,24,1.0,42,0.0,0.0,2.5,2.0,5.0,2.0,5.0,2.0,5.0
54,36,1.0,0,1,1,0.7272727272727273,0.6666666666666666,2.0,5.0,0.0,2.0,-1.0,0.0,5.0,0.0,25,1.0,43,0.0,0.0,2.5,2.0,5.0,2.0,5.0,2.0,5.0
55,36,1.0,0,1,1,0.7272727272727273,0.6666666666666666,2.0,5.0,0.0,2.0,-1.0,0.0,5.0,0.0,26,1.0,43,0.0,0.0,2.5,2.0,5.0,2.0,5.0,2.0,5.0
56,36,1.0,0,1,1,0.7272727272727273,0.6666666666666666,2.0,5.0,0.0,2.0,0.0,0.0,5.0,0.0,27,1.0,43,0.0,0.0,2.5,2.0,5.0,2.0,5.0,2.0,5.0
57,36,1.0,0,1,1,0.7272727272727273,0.6666666666666666,2.0,5.0,0.0,2.0,0.0,0.0,5.0,1.0,28,1.0,43,0.0,0.0,2.5,2.0,5.0,2.0,5.0,2.0,5.0
58,36,1.0,0,1,1,0.7272727272727273,0.6666666666666666,2.0,5.0,0.0,2.0,0.0,0.0,5.0,0.0,29,1.0,43,0.0,0.0,2.5,2.0,5.0,2.0,5.0,2.0,5.0
59,36,1.0,0,1,1,0.7272727272727273,0.6666666666666666,2.0,5.0,0.0,2.0,0.0,0.0,5.0,0.0,30,1.0,43,0.0,0.0,2.5,2.0,5.0,2.0,5.0,2.0,5.0
60,36,1.0,0,1,1,0.7272727272727273,0.6666666666666666,2.0,5.0,0.0,2.0,0.0,0.0,5.0,0.0,31,1.0,43,0.0,0.0,2.5,2.0,5.0,2.0,5.0,2.0,5.0
61,36,1.0,0,1,1,0.7272727272727273,0.6666666666666666,2.0,5.0,0.0,2.0,0.0,0.0,5.0,0.0,32,1.0,43,0.0,0.0,2.5,2.0,5.0,2.0,5.0,2.0,5.0
62,36,1.0,0,1,1,0.7272727272727273,0.6666666666666666,2.0,5.0,0.0,2.0,0.0,0.0,5.0,0.0,33,1.0,43,0.0,0.0,2.5,2.0,5.0,2.0,5.0,2.0,5.0
63,36,1.0,0,1,1,0.7272727272727273,0.6666666666666666,2.0,5.0,0.0,2.0,0.0,0.0,5.0,0.0,34,1.0,43,0.0,0.0,2.5,2.0,5.0,2.0,5.0,2.0,5.0
64,36,1.0,0,1,1,0.7272727272727273,0.6666666666666666,2.0,5.0,0.0,2.0,0.0,0.0,5.0,0.0,35,1.0,43,0.0,0.0,2.5,2.0,5.0,2.0,5.0,2.0,5.0
65,36,1.0,0,1,1,0.7272727272727273,0.6666666666666666,2.0,5.0,0.0,2.0,0.0,0.0,5.0,0.0,36,1.0,43,0.0,0.0,2.5,2.0,5.0,2.0,5.0,2.0,5.0
66,36,1.0,0,1,1,0.7272727272727273,0.6666666666666666,2.0,5.0,0.0,2.0,0.0,0.0,5.0,0.0,37,1.0,43,0.0,0.0,2.5,2.0,5.0,2.0,5.0,2.0,5.0
67,36,1.0,0,1,1,0.7272727272727273,0.6666666666666666,2.0,5.0,0.0,2.0,0.0,0.0,5.0,0.0,38,1.0,43,0.0,0.0,2.5,2.0,5.0,2.0,5.0,2.0,5.0
68,36,1.0,0,1,1,0.7272727272727273,0.6666666666666666,2.0,5.0,0.0,2.0,0.0,0.0,5.0,0.0,39,1.0,43,0.0,0.0,2.5,2.0,5.0,2.0,5.0,2.0,5.0
69,36,1.0,0,1,1,0.7272727272727273,0.6666666666666666,2.0,5.0,0.0,2.0,0.0,0.0,5.0,0.0,40,1.0,43,0.0,0.0,2.5,2.0,5.0,2.0,5.0,2.0,5.0
70,36,1.0,0,1,1,0.7272727272727273,0.6666666666666666,2.0,5.0,0.0,2.0,0.0,0.0,5.0,0.0,41,1.0,43,0.0,0.0,2.5,2.0,5.0,2.0,5.0,2.0,5.0
71,36,1.0,0,1,1,0.7272727272727273,0.6666666666666666,2.0,5.0,0.0,2.0,0.0,0.0,5.0,0.0,42,1.0,43,0.0,0.0,2.5,2.0,5.0,2.0,5.0,2.0,5.0
72,36,1.0,0,1,1,0.7272727272727273,0.6666666666666666,2.0,5.0,0.0,2.0,0.0,0.0,5.0,0.0,43,1.0,43,0.0,0.0,2.5,2.0,5.0,2.0,5.0,2.0,5.0
73,36,1.0,0,1,1,0.7272727272727273,0.6666666666666666,2.0,5.0,0.0,2.0,0.0,0.0,5.0,0.0,44,1.0,43,0.0,0.0,2.5,2.0,5.0,2.0,5.0,2.0,5.0
74,36,1.0,0,1,1,0.7272727272727273,0.6666666666666666,2.0,5.0,0.0,2.0,0.0,0.0,5.0,0.0,45,1.0,43,0.0,0.0,2.5,2.0,5.0,2.0,5.0,2.0,5.0
75,36,1.0,0,1,1,0.7272727272727273,0.6666666666666666,2.0,5.0,0.0,2.0,0.0,0.0,5.0,0.0,46,1.0,43,0.0,0.0,2.5,2.0,5.0,2.0,5.0,2.0,5.0
76,36,1.0,0,1,1,0.7272727272727273,0.6666666666666666,2.0,5.0,0.0,2.0,0.0,0.0,5.0,0.0,47,1.0,43,0.0,0.0,2.5,2.0,5.0,2.0,5.0,2.0,5.0
77,36,1.0,0,1,1,0.7272727272727273,0.6666666666666666,2.0,5.0,0.0,2.0,0.0,0.0,5.0,0.0,48,1.0,43,0.0,0.0,2.5,2.0,5.0,2.0,5.0,2.0,5.0
78,36,1.0,0,1,1,0.7272727272727273,0.6666666666666666,2.0,5.0,0.0,2.0,0.0,0.0,5.0,0.0,49,1.0,43,0.0,0.0,2.5,2.0,5.0,2.0,5.0,2.0,5.0
79,36,1.0,0,1,1,0.7272727272727273,0.6666666666666666,2.0,5.0,0.0,2.0,0.0,0.0,5.0,0.0,50,1.0,43,0.0,0.0,2.5,2.0,5.0,2.0,5.0,2.0,5.0
80,36,1.0,0,1,1,0.7272727272727273,0.6666666666666666,2.0,5.0,0.0,2.0,0.0,0.0,5.0,0.0,51,1.0,43,0.0,0.0,2.5,2.0,5.0,2.0,5.0,2.0,5.0
81,36,1.0,0,1,1,0.7272727272727273,0.6666666666666666,2.0,5.0,0.0,2.0,0.0,0.0,5.0,0.0,52,1.0,43,0.0,0.0,2.5,2.0,5.0,2.0,5.0,2.0,5.0
82,36,1.0,0,1,1,0.7272727272727273,0.6666666666666666,2.0,5.0,0.0,2.0,0.0,0.0,5.0,0.0,53,1.0,43,0.0,0.0,2.5,2.0,5.0,2.0,5.0,2.0,5.0
83,36,1.0,0,1,1,0.7272727272727273,0.6666666666666666,2.0,5.0,0.0,2.0,0.0,0.0,5.0,0.0,54,1.0,43,0.0,0.0,2.5,2.0,5.0,2.0,5.0,2.0,5.0
84,36,1.0,0,1,1,0.7272727272727273,0.6666666666666666,2.0,5.0,0.0,2.0,0.0,0.0,5.0,0.0,55,1.0,43,0.0,0.0,2.5,2.0,5.0,2.0,5.0,2.0,5.0
85,36,1.0,0,1,1,0.7272727272727273,0.6666666666666666,2.0,5.0,0.0,2.0,0.0,0.0,5.0,0.0,56,1.0,43,0.0,0.0,2.5,2.0,5.0,2.0,5.0,2.0,5.0
86,36,1.0,0,1,1,0.7272727272727273,0.6666666666666666,2.0,5.0,0.0,2.0,0.0,0.0,5.0,0.0,57,1.0,43,0.0,0.0,2.5,2.0,5.0,2.0,5.0,2.0,5.0
87,36,1.0,0,1,1,0.7272727272727273,0.6666666666666666,2.0,5.0,0.0,2.0,0.0,0.0,5.0,0.0,58,1.0,43,0.0,0.0,2.5,2.0,5.0,2.0,5.0,2.0,5.0
88,36,1.0,0,1,1,0.7272727272727273,0.6666666666666666,2.0,5.0,0.0,2.0,0.0,0.0,5.0,0.0,59,1.0,43,0.0,0.0,2.5,2.0,5.0,2.0,5.0,2.0,5.0
89,36,1.0,0,1,1,0.7272727272727273,0.6666666666666666,2.0,5.0,0.0,2.0,0.0,0.0,5.0,0.0,60,1.0,43,0.0,0.0,2.5,2.0,5.0,2.0,5.0,2.0,5.0
90,36,1.0,0,1,1,0.7272727272727273,0.6666666666666666,2.0,5.0,0.0,2.0,0.0,0.0,5.0,0.0,61,1.0,43,0.0,0.0,2.5,2.0,5.0,2.0,5.0,2.0,5.0
91,36,1.0,0,1,1,0.7272727272727273,0.6666666666666666,2.0,5.0,0.0,2.0,0.0,0.0,5.0,0.0,62,1.0,43,0.0,0.0,2.5,2.0,5.0,2.0,5.0,2.0,5.0
92,36,1.0,0,1,1,0.7272727272727273,0.6666666666666666,2.0,5.0,0.0,2.0,0.0,0.0,5.0,0.0,63,1.0,43,0.0,0.0,2.5,2.0,5.0,2.0,5.0,2.0,5.0
93,36,1.0,0,1,1,0.7272727272727273,0.6666666666666666,2.0,5.0,0.0,2.0,0.0,0.0,5.0,0.0,64,1.0,43,0.0,0.0,2.5,2.0,5.0,2.0,5.0,2.0,5.0
94,36,1.0,0,1,1,0.7272727272727273,0.6666666666666666,2.0,5.0,0.0,2.0,0.0,0.0,5.0,0.0,65,1.0,43,0.0,0.0,2.5,2.0,5.0,2.0,5.0,2.0,5.0
95,36,1.0,0,1,1,0.7272727272727273,0.6666666666666666,2.0,5.0,0.0,2.0,0.0,0.0,5.0,0.0,66,1.0,43,0.0,0.0,2.5,2.0,5.0,2.0,5.0,2.0,5.0
96,36,1.0,0,1,1,0.7272727272727273,0.6666666666666666,2.0,5.0,0.0,2.0,0.0,0.0,5.0,0.0,67,1.0,43,0.0,0.0,2.5,2.0,5.0,2.0,5.0,2.0,5.0
97,36,1.0,0,1,1,0.7272727272727273,0.6666666666666666,2.0,5.0,0.0,2.0,0.0,0.0,5.0,0.0,68,1.0,43,0.0,0.0,2.5,2.0,5.0,2.0,5.0,2.0,5.0
98,36,1.0,0,1,1,0.7272727272727273,0.6666666666666666,2.0,5.0,0.0,2.0,0.0,0.0,5.0,0.0,69,1.0,43,0.0,0.0,2.5,2.0,5.0,2.0,5.0,2.0,5.0
99,36,1.0,0,1,1,0.7272727272727273,0.6666666666666666,2.0,5.0,0.0,2.0,0.0,0.0,5.0,0.0,70,1.0,43,0.0,0.0,2.5,2.0,5.0,2.0,5.0,2.0,5.0
100,36,1.0,0,1,1,0.7272727272727273,0.6666666666666666,2.0,5.0,0.0,2.0,0.0,0.0,5.0,0.0,71,1.0,43,0.0,0.0,2.5,2.0,5.0,2.0,5.0,2.0,5.0
101,36,1.0,0,1,1,0.7272727272727273,0.6666666666666666,2.0,5.0,0.0,2.0,0.0,0.0,5.0,0.0,72,1.0,43,0.0,0.0,2.5,2.0,5.0,2.0,5.0,2.0,5.0
102,36,1.0,0,1,1,0.7272727272727273,0.6666666666666666,2.0,5.0,0.0,2.0,0.0,0.0,5.0,0.0,73,1.0,43,0.0,0.0,2.5,2.0,5.0,2.0,5.0,2.0,5.0
103,36,1.0,0,1,1,0.7272727272727273,0.6666666666666666,2.0,5.0,0.0,2.0,0.0,0.0,5.0,0.0,74,1.0,43,0.0,0.0,2.5,2.0,5.0,2.0,5.0,2.0,5.0
104,36,1.0,0,1,1,0.7272727272727273,0.6666666666666666,2.0,5.0,0.0,2.0,0.0,0.0,5.0,0.0,75,1.0,43,0.0,0.0,2.5,2.0,5.0,2.0,5.0,2.0,5.0
105,36,1.0,0,1,1,0.7272727272727273,0.6666666666666666,2.0,5.0,0.0,2.0,0.0,0.0,5.0,0.0,76,1.0,43,0.0,0.0,2.5,2.0,5.0,2.0,5.0,2.0,5.0
106,36,1.0,0,1,1,0.7272727272727273,0.6666666666666666,2.0,5.0,0.0,2.0,0.0,0.0,5.0,0.0,77,1.0,43,0.0,0.0,2.5,2.0,5.0,2.0,5.0,2.0,5.0
107,36,1.0,0,1,1,0.7272727272727273,0.6666666666666666,2.0,5.0,0.0,2.0,0.0,0.0,5.0,0.0,78,1.0,43,0.0,0.0,2.5,2.0,5.0,2.0,5.0,2.0,5.0
108,36,1.0,0,1,1,0.7272727272727273,0.6666666666666666,2.0,5.0,0.0,2.0,0.0,0.0,5.0,0.0,79,1.0,43,0.0,0.0,2.5,2.0,5.0,2.0,5.0,2.0,5.0
109,36,1.0,0,1,1,0.7272727272727273,0.6666666666666666,2.0,5.0,0.0,2.0,0.0,0.0,5.0,0.0,80,1.0,43,0.0,0.0,2.5,2.0,5.0,2.0,5.0,2.0,5.0
110,36,1.0,0,1,1,0.7272727272727273,0.6666666666666666,2.0,5.0,0.0,2.0,0.0,0.0,5.0,0.0,81,1.0,43,0.0,0.0,2.5,2.0,5.0,2.0,5.0,2.0,5.0
111,36,1.0,0,1,1,0.7272727272727273,0.6666666666666666,2.0,5.0,0.0,2.0,0.0,0.0,5.0,0.0,82,1.0,43,0.0,0.0,2.5,2.0,5.0,2.0,5.0,2.0,5.0
112,36,1.0,0,1,1,0.7272727272727273,0.6666666666666666,2.0,5.0,0.0,2.0,0.0,0.0,5.0,0.0,83,1.0,43,0.0,0.0,2.5,2.0,5.0,2.0,5.0,2.0,5.0
113,36,1.0,0,1,1,0.7272727272727273,0.6666666666666666,2.0,5.0,0.0,2.0,0.0,0.0,5.0,0.0,84,1.0,43,0.0,0.0,2.5,2.0,5.0,2.0,5.0,2.0,5.0
114,36,1.0,0,1,1,0.7272727272727273,0.6666666666666666,2.0,5.0,0.0,2.0,0.0,0.0,5.0,0.0,85,1.0,43,0.0,0.0,2.5,2.0,5.0,2.0,5.0,2.0,5.0
115,36,1.0,0,1,1,0.7272727272727273,0.6666666666666666,2.0,5.0,0.0,2.0,0.0,0.0,5.0,0.0,86,1.0,43,0.0,0.0,2.5,2.0,5.0,2.0,5.0,2.0,5.0
116,36,1.0,0,1,1,0.7272727272727273,0.6666666666666666,2.0,5.0,0.0,2.0,0.0,0.0,5.0,0.0,87,1.0,43,0.0,0.0,2.5,2.0,5.0,2.0,5.0,2.0,5.0
117,36,1.0,0,1,1,0.7272727272727273,0.6666666666666666,2.0,5.0,0.0,2.0,0.0,0.0,5.0,0.0,88,1.0,43,0.0,0.0,2.5,2.0,5.0,2.0,5.0,2.0,5.0
118,36,1.0,0,1,1,0.7272727272727273,0.6666666666666666,2.0,5.0,0.0,2.0,0.0,0.0,5.0,0.0,89,1.0,43,0.0,0.0,2.5,2.0,5.0,2.0,5.0,2.0,5.0
119,36,1.0,0,1,1,0.7272727272727273,0.6666666666666666,2.0,5.0,0.0,2.0,0.0,0.0,5.0,0.0,90,1.0,43,0.0,0.0,2.5,2.0,5.0,2.0,5.0,2.0,5.0
120,36,1.0,0,1,1,0.7272727272727273,0.6666666666666666,2.0,5.0,0.0,2.0,0.0,0.0,5.0,0.0,91,1.0,43,0.0,0.0,2.5,2.0,5.0,2.0,5.0,2.0,5.0
121,36,1.0,0,1,1,0.7272727272727273,0.6666666666666666,2.0,5.0,0.0,2.0,0.0,0.0,5.0,0.0,92,1.0,43,0.0,0.0,2.5,2.0,5.0,2.0,5.0,2.0,5.0
122,36,1.0,0,1,1,0.7272727272727273,0.6666666666666666,2.0,5.0,0.0,2.0,0.0,0.0,5.0,0.0,93,1.0,43,0.0,0.0,2.5,2.0,5.0,2.0,5.0,2.0,5.0
1,37,0.0,1,0,1,0.7272727272727273,1.0,6.0,10.0,0.0,6.0,0.0,0.0,10.0,0.0,0,0.0,0,0.0,0.0,1.6666666666666667,0.0,0.0,0.0,0.0,0.0,0.0
2,37,0.0,1,0,1,0.7272727272727273,1.0,6.0,10.0,0.0,6.0,0.0,0.0,10.0,0.0,1,0.5,43,0.0,0.0,1.6666666666666667,6.0,10.0,0.0,0.0,0.0,0.0
3,37,0.0,1,0,1,0.7272727272727273,1.0,6.0,10.0,0.0,6.0,0.0,0.0,10.0,0.0,2,0.6666666666666666,43,0.0,0.0,1.6666666666666667,6.0,10.0,6.0,10.0,0.0,0.0
4,37,0.0,0,1,1,0.7272727272727273,1.0,6.0,10.0,0.0,6.0,0.0,0.0,10.0,0.0,3,0.75,43,0.0,0.0,1.6666666666666667,6.0,10.0,6.0,10.0,6.0,10.0
5,37,0.0,0,1,1,0.7272727272727273,1.0,6.0,10.0,0.0,6.0,0.0,0.0,10.0,0.0,4,0.8,43,0.0,0.0,1.6666666666666667,6.0,10.0,6.0,10.0,6.0,10.0
6,37,0.0,0,1,1,0.7272727272727273,0.9523809523809523,5.6,9.8,-1.6089664627846396,6.0,0.0,-1.461951981052455,10.0,0.0,0,0.8,26,-2.0,-1.0,2.25,6.0,10.0,6.0,10.0,6.0,10.0
7,37,0.0,0,1,1,0.7272727272727273,0.9047619047619048,4.8,9.4,-1.4823800218180343,6.0,0.0,-1.4078456549365599,10.0,0.0,0,0.6,26,-4.0,-2.0,4.0,4.0,9.0,6.0,10.0,6.0,10.0
8,37,0.0,0,1,1,0.7272727272727273,0.8571428571428571,3.8,8.4,-1.1762971831512856,6.0,0.0,-1.5641934872101222,10.0,0.0,0,0.4,27,-5.0,-5.0,5.0,2.0,8.0,4.0,9.0,6.0,10.0
9,37,0.0,0,1,1,0.7272727272727273,0.8095238095238095,2.8,7.0,-0.793668872060167,6.0,0.0,-1.3264904345925324,10.0,0.0,0,0.2,26,-5.0,-7.0,3.0,1.0,5.0,2.0,8.0,4.0,9.0
10,37,0.0,0,1,1,0.6818181818181818,0.8095238095238095,1.8,5.8,-0.56986531646889,4.0,0.0,-0.6695343016436655,9.0,0.0,0,0.0,26,-5.0,-6.0,4.0,1.0,3.0,1.0,5.0,2.0,8.0
11,37,0.0,0,1,1,0.6818181818181818,0.8095238095238095,1.2,4.8,-0.3654879952631143,2.0,-1.0,-0.39534707992783397,8.0,-4.0,1,0.2,27,-3.0,-5.0,4.0,1.0,4.0,1.0,3.0,1.0,5.0
12,37,0.0,0,1,1,0.6818181818181818,0.8095238095238095,1.0,4.0,0.0,1.0,3.0,0.0,5.0,-2.0,2,0.4,33,-1.0,-4.0,4.0,1.0,4.0,1.0,4.0,1.0,3.0
13,37,0.0,0,1,1,0.6818181818181818,0.7619047619047619,1.0,3.2,0.0,1.0,5.0,-1.5671296202894471,4.0,1.0,0,0.4,31,0.0,-4.0,1.0,1.0,4.0,1.0,4.0,1.0,4.0
14,37,0.0,0,1,1,0.6818181818181818,0.7142857142857143,1.0,2.8,0.0,1.0,5.0,-1.032602903541969,4.0,5.0,0,0.4,26,0.0,-2.0,1.0,1.0,1.0,1.0,4.0,1.0,4.0
15,37,0.0,0,1,1,0.6818181818181818,0.6666666666666666,0.8,2.4,-1.4619519810524546,1.0,4.0,-0.2474366967354253,4.0,4.0,0,0.4,29,-1.0,-2.0,2.0,1.0,1.0,1.0,1.0,1.0,4.0
16,37,0.0,0,1,1,0.7272727272727273,0.6666666666666666,0.6,2.6,-0.9263225327693092,1.0,2.0,1.2522238631916072,5.0,6.0,0,0.2,29,-1.0,1.0,5.0,0.0,2.0,1.0,1.0,1.0,1.0
17,37,0.0,0,1,1,0.7272727272727273,0.6190476190476191,0.4,2.6,-0.6175483551795395,1.0,0.0,0.7304639201951042,5.0,4.0,0,0.0,29,-1.0,0.0,4.0,0.0,5.0,0.0,2.0,1.0,1.0
18,37,0.0,0,1,1,0.7272727272727273,0.5714285714285714,0.2,2.6,-0.36548799526311365,1.0,-1.0,-0.8348159087944049,5.0,4.0,0,0.0,30,-1.0,0.0,1.0,0.0,4.0,0.0,5.0,0.0,2.0
19,37,0.0,0,1,1,0.6818181818181818,0.5714285714285714,0.0,2.8,0.0,0.0,-1.0,-0.4589346237964306,5.0,3.0,0,0.0,34,-1.0,1.0,2.0,0.0,1.0,0.0,4.0,0.0,5.0
20,37,0.0,0,1,1,0.6818181818181818,0.5238095238095238,0.0,2.6,0.0,0.0,1.0,-0.8348159087944049,5.0,1.0,0,0.0,33,0.0,-1.0,1.0,0.0,2.0,0.0,1.0,0.0,4.0
21,37,0.0,0,1,1,0.6818181818181818,0.47619047619047616,0.2,1.8,1.4619519810524546,1.0,2.0,-0.5698653164688898,4.0,-5.0,0,0.0,33,1.0,-4.0,1.0,0.0,1.0,0.0,2.0,0.0,1.0
22,37,0.0,0,1,1,0.6818181818181818,0.42857142857142855,0.4,1.6,0.9263225327693092,1.0,2.0,1.4078456549365599,3.0,-1.0,0,0.0,34,1.0,-1.0,3.0,1.0,1.0,0.0,1.0,0.0,2.0
23,37,0.0,0,1,1,0.6818181818181818,0.42857142857142855,0.6,1.8,0.6175483551795395,1.0,2.0,0.21352464537219581,3.0,1.0,1,0.2,34,1.0,1.0,2.0,1.0,3.0,1.0,1.0,0.0,1.0
24,37,0.0,0,1,1,0.6818181818181818,0.42857142857142855,0.8,1.8,0.36548799526311354,1.0,2.0,0.21352464537219581,3.0,-1.0,2,0.4,34,1.0,0.0,2.0,1.0,2.0,1.0,3.0,1.0,1.0
25,37,0.0,0,1,1,0.6818181818181818,0.47619047619047616,1.0,1.8,0.0,1.0,1.0,-0.8540985814887835,3.0,1.0,0,0.4,33,1.0,0.0,1.0,1.0,2.0,1.0,2.0,1.0,3.0
26,37,1.0,0,1,1,0.6818181818181818,0.5238095238095238,0.8,2.0,-1.4619519810524546,1.0,-2.0,0.0,3.0,5.0,0,0.4,36,-1.0,1.0,2.0,1.0,1.0,1.0,2.0,1.0,2.0
27,37,1.0,0,1,1,0.6818181818181818,0.5714285714285714,0.8,2.0,0.36548799526311354,1.0,-1.0,1.2389934309929547,3.0,1.0,0,0.4,37,0.0,0.0,3.0,0.0,2.0,1.0,1.0,1.0,2.0
28,37,1.0,0,1,1,0.7272727272727273,0.5714285714285714,0.8,1.8,0.36548799526311354,1.0,-1.0,-0.8540985814887835,3.0,-2.0,0,0.2,35,0.0,-1.0,1.0,1.0,3.0,0.0,2.0,1.0,1.0
29,37,1.0,0,1,1,0.7272727272727273,0.6190476190476191,0.8,2.0,0.36548799526311354,1.0,-1.0,0.9090909090909092,3.0,1.0,0,0.0,34,0.0,1.0,3.0,1.0,1.0,1.0,3.0,0.0,2.0
30,37,1.0,0,1,1,0.7272727272727273,0.6190476190476191,0.8,2.4,0.36548799526311354,1.0,-1.0,0.6033624235442401,3.0,2.0,1,0.2,35,0.0,2.0,3.0,1.0,3.0,1.0,1.0,1.0,3.0
31,37,1.0,0,1,1,0.7272727272727273,0.6190476190476191,1.0,2.6,0.0,1.0,2.0,0.4022416156961599,3.0,0.0,2,0.4,36,1.0,1.0,3.0,1.0,3.0,1.0,3.0,1.0,1.0
32,37,1.0,0,1,1,0.7272727272727273,0.6190476190476191,1.0,2.6,0.0,1.0,0.0,0.4022416156961599,3.0,0.0,3,0.6,37,0.0,0.0,3.0,1.0,3.0,1.0,3.0,1.0,3.0
33,37,1.0,0,1,1,0.7272727272727273,0.6190476190476191,1.0,3.0,0.0,1.0,0.0,0.0,3.0,3.0,4,0.8,39,0.0,2.0,3.0,1.0,3.0,1.0,3.0,1.0,3.0
34,37,1.0,0,1,1,0.7272727272727273,0.6190476190476191,1.0,3.0,0.0,1.0,0.0,0.0,3.0,-1.0,5,1.0,39,0.0,0.0,3.0,1.0,3.0,1.0,3.0,1.0,3.0
35,37,1.0,0,1,1,0.7272727272727273,0.6190476190476191,1.0,3.4,0.0,1.0,0.0,1.6089664627846398,5.0,0.0,6,1.0,38,0.0,2.0,5.0,1.0,3.0,1.0,3.0,1.0,3.0
36,37,1.0,0,1,1,0.7272727272727273,0.6190476190476191,1.0,3.6,0.0,1.0,-1.0,0.40224161569615985,5.0,0.0,7,1.0,38,0.0,1.0,4.0,1.0,5.0,1.0,3.0,1.0,3.0
37,37,1.0,0,1,1,0.7272727272727273,0.6190476190476191,1.0,3.8,0.0,1.0,0.0,0.213524645372196,5.0,1.0,8,1.0,39,0.0,1.0,4.0,1.0,4.0,1.0,5.0,1.0,3.0
38,37,1.0,0,1,1,0.7272727272727273,0.6190476190476191,1.0,3.8,0.0,1.0,0.0,-0.854098581488783,5.0,-2.0,9,1.0,38,0.0,0.0,3.0,1.0,4.0,1.0,4.0,1.0,5.0
39,37,1.0,0,1,1,0.7272727272727273,0.6190476190476191,1.0,3.8,0.0,1.0,0.0,-0.854098581488783,5.0,0.0,10,1.0,38,0.0,0.0,3.0,1.0,3.0,1.0,4.0,1.0,4.0
40,37,1.0,0,1,1,0.7272727272727273,0.6190476190476191,1.0,3.4,0.0,1.0,0.0,-0.6175483551795395,4.0,-4.0,11,1.0,40,0.0,-2.0,3.0,1.0,3.0,1.0,3.0,1.0,4.0
41,37,1.0,0,1,1,0.7272727272727273,0.6190476190476191,1.0,3.4,0.0,1.0,0.0,0.9263225327693095,4.0,-1.0,12,1.0,41,0.0,0.0,4.0,1.0,3.0,1.0,3.0,1.0,3.0
42,37,1.0,0,1,1,0.7272727272727273,0.6190476190476191,1.0,3.4,0.0,1.0,0.0,0.9263225327693095,4.0,-1.0,13,1.0,41,0.0,0.0,4.0,1.0,4.0,1.0,3.0,1.0,3.0
43,37,1.0,0,1,1,0.7272727272727273,0.6190476190476191,1.0,3.6,0.0,1.0,0.0,0.6175483551795395,4.0,1.0,14,1.0,41,0.0,1.0,4.0,1.0,4.0,1.0,4.0,1.0,3.0
44,37,1.0,0,1,1,0.7272727272727273,0.6190476190476191,1.0,3.8,0.0,1.0,0.0,0.365487995263114,4.0,1.0,15,1.0,42,0.0,1.0,4.0,1.0,4.0,1.0,4.0,1.0,4.0
45,37,1.0,0,1,1,0.7272727272727273,0.6190476190476191,1.2,4.0,1.4619519810524546,2.0,1.0,0.0,4.0,3.0,16,1.0,41,1.0,1.0,2.0,1.0,4.0,1.0,4.0,1.0,4.0
46,37,1.0,0,1,1,0.7272727272727273,0.6190476190476191,1.4,4.2,0.9263225327693093,2.0,1.0,1.4619519810524544,5.0,1.0,17,1.0,41,1.0,1.0,2.5,2.0,4.0,1.0,4.0,1.0,4.0
47,37,1.0,0,1,1,0.7272727272727273,0.6190476190476191,1.6,4.2,0.6175483551795393,2.0,1.0,-0.365487995263114,5.0,0.0,18,1.0,41,1.0,0.0,2.0,2.0,5.0,2.0,4.0,1.0,4.0
48,37,1.0,0,1,1,0.7272727272727273,0.6190476190476191,1.8,4.2,0.36548799526311354,2.0,1.0,-0.365487995263114,5.0,-1.0,19,1.0,42,1.0,0.0,2.0,2.0,4.0,2.0,5.0,2.0,4.0
49,37,1.0,0,1,1,0.7272727272727273,0.6190476190476191,2.0,4.2,0.0,2.0,1.0,-0.365487995263114,5.0,-1.0,20,1.0,42,1.0,0.0,2.0,2.0,4.0,2.0,4.0,2.0,5.0
50,37,1.0,0,1,1,0.7272727272727273,0.6190476190476191,2.0,4.2,0.0,2.0,-1.0,-0.365487995263114,5.0,-1.0,21,1.0,42,0.0,0.0,2.0,2.0,4.0,2.0,4.0,2.0,4.0
51,37,1.0,0,1,1,0.7272727272727273,0.6190476190476191,2.0,4.0,0.0,2.0,-1.0,0.0,4.0,-2.0,22,1.0,42,0.0,-1.0,2.0,2.0,4.0,2.0,4.0,2.0,4.0
52,37,1.0,0,1,1,0.7272727272727273,0.6190476190476191,2.0,4.0,0.0,2.0,-1.0,0.0,4.0,0.0,23,1.0,42,0.0,0.0,2.0,2.0,4.0,2.0,4.0,2.0,4.0
53,37,1.0,0,1,1,0.7272727272727273,0.6190476190476191,2.0,4.0,0.0,2.0,-1.0,0.0,4.0,0.0,24,1.0,42,0.0,0.0,2.0,2.0,4.0,2.0,4.0,2.0,4.0
54,37,1.0,0,1,1,0.7272727272727273,0.6190476190476191,2.0,4.0,0.0,2.0,-1.0,0.0,4.0,0.0,25,1.0,43,0.0,0.0,2.0,2.0,4.0,2.0,4.0,2.0,4.0
55,37,1.0,0,1,1,0.7272727272727273,0.6190476190476191,2.0,4.0,0.0,2.0,0.0,0.0,4.0,0.0,26,1.0,43,0.0,0.0,2.0,2.0,4.0,2.0,4.0,2.0,4.0
56,37,1.0,0,1,1,0.7272727272727273,0.6190476190476191,2.0,4.0,0.0,2.0,0.0,0.0,4.0,1.0,27,1.0,43,0.0,0.0,2.0,2.0,4.0,2.0,4.0,2.0,4.0
57,37,1.0,0,1,1,0.7272727272727273,0.6190476190476191,2.0,4.0,0.0,2.0,0.0,0.0,4.0,0.0,28,1.0,43,0.0,0.0,2.0,2.0,4.0,2.0,4.0,2.0,4.0
58,37,1.0,0,1,1,0.7272727272727273,0.6190476190476191,2.0,4.0,0.0,2.0,0.0,0.0,4.0,0.0,29,1.0,43,0.0,0.0,2.0,2.0,4.0,2.0,4.0,2.0,4.0
59,37,1.0,0,1,1,0.7272727272727273,0.6190476190476191,2.0,4.0,0.0,2.0,0.0,0.0,4.0,0.0,30,1.0,43,0.0,0.0,2.0,2.0,4.0,2.0,4.0,2.0,4.0
60,37,1.0,0,1,1,0.7272727272727273,0.6190476190476191,2.0,4.0,0.0,2.0,0.0,0.0,4.0,0.0,31,1.0,43,0.0,0.0,2.0,2.0,4.0,2.0,4.0,2.0,4.0
61,37,1.0,0,1,1,0.7272727272727273,0.6190476190476191,2.0,4.0,0.0,2.0,0.0,0.0,4.0,0.0,32,1.0,43,0.0,0.0,2.0,2.0,4.0,2.0,4.0,2.0,4.0
62,37,1.0,0,1,1,0.7272727272727273,0.6190476190476191,2.0,4.0,0.0,2.0,0.0,0.0,4.0,0.0,33,1.0,43,0.0,0.0,2.0,2.0,4.0,2.0,4.0,2.0,4.0
63,37,1.0,0,1,1,0.7272727272727273,0.6190476190476191,2.0,4.0,0.0,2.0,0.0,0.0,4.0,0.0,34,1.0,43,0.0,0.0,2.0,2.0,4.0,2.0,4.0,2.0,4.0
64,37,1.0,0,1,1,0.7272727272727273,0.6190476190476191,2.0,4.0,0.0,2.0,0.0,0.0,4.0,0.0,35,1.0,43,0.0,0.0,2.0,2.0,4.0,2.0,4.0,2.0,4.0
65,37,1.0,0,1,1,0.7272727272727273,0.6190476190476191,2.0,4.0,0.0,2.0,0.0,0.0,4.0,0.0,36,1.0,43,0.0,0.0,2.0,2.0,4.0,2.0,4.0,2.0,4.0
66,37,1.0,0,1,1,0.7272727272727273,0.6190476190476191,2.0,4.0,0.0,2.0,0.0,0.0,4.0,0.0,37,1.0,43,0.0,0.0,2.0,2.0,4.0,2.0,4.0,2.0,4.0
67,37,1.0,0,1,1,0.7272727272727273,0.6190476190476191,2.0,4.0,0.0,2.0,0.0,0.0,4.0,0.0,38,1.0,43,0.0,0.0,2.0,2.0,4.0,2.0,4.0,2.0,4.0
68,37,1.0,0,1,1,0.7272727272727273,0.6190476190476191,2.0,4.0,0.0,2.0,0.0,0.0,4.0,0.0,39,1.0,43,0.0,0.0,2.0,2.0,4.0,2.0,4.0,2.0,4.0
69,37,1.0,0,1,1,0.7272727272727273,0.6190476190476191,2.0,4.0,0.0,2.0,0.0,0.0,4.0,0.0,40,1.0,43,0.0,0.0,2.0,2.0,4.0,2.0,4.0,2.0,4.0
70,37,1.0,0,1,1,0.7272727272727273,0.6190476190476191,2.0,4.0,0.0,2.0,0.0,0.0,4.0,0.0,41,1.0,43,0.0,0.0,2.0,2.0,4.0,2.0,4.0,2.0,4.0
71,37,1.0,0,1,1,0.7272727272727273,0.6190476190476191,2.0,4.0,0.0,2.0,0.0,0.0,4.0,0.0,42,1.0,43,0.0,0.0,2.0,2.0,4.0,2.0,4.0,2.0,4.0
72,37,1.0,0,1,1,0.7272727272727273,0.6190476190476191,2.0,4.0,0.0,2.0,0.0,0.0,4.0,0.0,43,1.0,43,0.0,0.0,2.0,2.0,4.0,2.0,4.0,2.0,4.0
73,37,1.0,0,1,1,0.7272727272727273,0.6190476190476191,2.0,4.0,0.0,2.0,0.0,0.0,4.0,0.0,44,1.0,43,0.0,0.0,2.0,2.0,4.0,2.0,4.0,2.0,4.0
74,37,1.0,0,1,1,0.7272727272727273,0.6190476190476191,2.0,4.0,0.0,2.0,0.0,0.0,4.0,0.0,45,1.0,43,0.0,0.0,2.0,2.0,4.0,2.0,4.0,2.0,4.0
75,37,1.0,0,1,1,0.7272727272727273,0.6190476190476191,2.0,4.0,0.0,2.0,0.0,0.0,4.0,0.0,46,1.0,43,0.0,0.0,2.0,2.0,4.0,2.0,4.0,2.0,4.0
76,37,1.0,0,1,1,0.7272727272727273,0.6190476190476191,2.0,4.0,0.0,2.0,0.0,0.0,4.0,0.0,47,1.0,43,0.0,0.0,2.0,2.0,4.0,2.0,4.0,2.0,4.0
77,37,1.0,0,1,1,0.7272727272727273,0.6190476190476191,2.0,4.0,0.0,2.0,0.0,0.0,4.0,0.0,48,1.0,43,0.0,0.0,2.0,2.0,4.0,2.0,4.0,2.0,4.0
78,37,1.0,0,1,1,0.7272727272727273,0.6190476190476191,2.0,4.0,0.0,2.0,0.0,0.0,4.0,0.0,49,1.0,43,0.0,0.0,2.0,2.0,4.0,2.0,4.0,2.0,4.0
79,37,1.0,0,1,1,0.7272727272727273,0.6190476190476191,2.0,4.0,0.0,2.0,0.0,0.0,4.0,0.0,50,1.0,43,0.0,0.0,2.0,2.0,4.0,2.0,4.0,2.0,4.0
80,37,1.0,0,1,1,0.7272727272727273,0.6190476190476191,2.0,4.0,0.0,2.0,0.0,0.0,4.0,0.0,51,1.0,43,0.0,0.0,2.0,2.0,4.0,2.0,4.0,2.0,4.0
81,37,1.0,0,1,1,0.7272727272727273,0.6190476190476191,2.0,4.0,0.0,2.0,0.0,0.0,4.0,0.0,52,1.0,43,0.0,0.0,2.0,2.0,4.0,2.0,4.0,2.0,4.0
82,37,1.0,0,1,1,0.7272727272727273,0.6190476190476191,2.0,4.0,0.0,2.0,0.0,0.0,4.0,0.0,53,1.0,43,0.0,0.0,2.0,2.0,4.0,2.0,4.0,2.0,4.0
83,37,1.0,0,1,1,0.7272727272727273,0.6190476190476191,2.0,4.0,0.0,2.0,0.0,0.0,4.0,0.0,54,1.0,43,0.0,0.0,2.0,2.0,4.0,2.0,4.0,2.0,4.0
84,37,1.0,0,1,1,0.7272727272727273,0.6190476190476191,2.0,4.0,0.0,2.0,0.0,0.0,4.0,0.0,55,1.0,43,0.0,0.0,2.0,2.0,4.0,2.0,4.0,2.0,4.0
85,37,1.0,0,1,1,0.7272727272727273,0.6190476190476191,2.0,4.0,0.0,2.0,0.0,0.0,4.0,0.0,56,1.0,43,0.0,0.0,2.0,2.0,4.0,2.0,4.0,2.0,4.0
86,37,1.0,0,1,1,0.7272727272727273,0.6190476190476191,2.0,4.0,0.0,2.0,0.0,0.0,4.0,0.0,57,1.0,43,0.0,0.0,2.0,2.0,4.0,2.0,4.0,2.0,4.0
87,37,1.0,0,1,1,0.7272727272727273,0.6190476190476191,2.0,4.0,0.0,2.0,0.0,0.0,4.0,0.0,58,1.0,43,0.0,0.0,2.0,2.0,4.0,2.0,4.0,2.0,4.0
88,37,1.0,0,1,1,0.7272727272727273,0.6190476190476191,2.0,4.0,0.0,2.0,0.0,0.0,4.0,0.0,59,1.0,43,0.0,0.0,2.0,2.0,4.0,2.0,4.0,2.0,4.0
89,37,1.0,0,1,1,0.7272727272727273,0.6190476190476191,2.0,4.0,0.0,2.0,0.0,0.0,4.0,0.0,60,1.0,43,0.0,0.0,2.0,2.0,4.0,2.0,4.0,2.0,4.0
90,37,1.0,0,1,1,0.7272727272727273,0.6190476190476191,2.0,4.0,0.0,2.0,0.0,0.0,4.0,0.0,61,1.0,43,0.0,0.0,2.0,2.0,4.0,2.0,4.0,2.0,4.0
91,37,1.0,0,1,1,0.7272727272727273,0.6190476190476191,2.0,4.0,0.0,2.0,0.0,0.0,4.0,0.0,62,1.0,43,0.0,0.0,2.0,2.0,4.0,2.0,4.0,2.0,4.0
92,37,1.0,0,1,1,0.7272727272727273,0.6190476190476191,2.0,4.0,0.0,2.0,0.0,0.0,4.0,0.0,63,1.0,43,0.0,0.0,2.0,2.0,4.0,2.0,4.0,2.0,4.0
93,37,1.0,0,1,1,0.7272727272727273,0.6190476190476191,2.0,4.0,0.0,2.0,0.0,0.0,4.0,0.0,64,1.0,43,0.0,0.0,2.0,2.0,4.0,2.0,4.0,2.0,4.0
94,37,1.0,0,1,1,0.7272727272727273,0.6190476190476191,2.0,4.0,0.0,2.0,0.0,0.0,4.0,0.0,65,1.0,43,0.0,0.0,2.0,2.0,4.0,2.0,4.0,2.0,4.0
95,37,1.0,0,1,1,0.7272727272727273,0.6190476190476191,2.0,4.0,0.0,2.0,0.0,0.0,4.0,0.0,66,1.0,43,0.0,0.0,2.0,2.0,4.0,2.0,4.0,2.0,4.0
96,37,1.0,0,1,1,0.7272727272727273,0.6190476190476191,2.0,4.0,0.0,2.0,0.0,0.0,4.0,0.0,67,1.0,43,0.0,0.0,2.0,2.0,4.0,2.0,4.0,2.0,4.0
97,37,1.0,0,1,1,0.7272727272727273,0.6190476190476191,2.0,4.0,0.0,2.0,0.0,0.0,4.0,0.0,68,1.0,43,0.0,0.0,2.0,2.0,4.0,2.0,4.0,2.0,4.0
98,37,1.0,0,1,1,0.7272727272727273,0.6190476190476191,2.0,4.0,0.0,2.0,0.0,0.0,4.0,0.0,69,1.0,43,0.0,0.0,2.0,2.0,4.0,2.0,4.0,2.0,4.0
99,37,1.0,0,1,1,0.7272727272727273,0.6190476190476191,2.0,4.0,0.0,2.0,0.0,0.0,4.0,0.0,70,1.0,43,0.0,0.0,2.0,2.0,4.0,2.0,4.0,2.0,4.0
100,37,1.0,0,1,1,0.7272727272727273,0.6190476190476191,2.0,4.0,0.0,2.0,0.0,0.0,4.0,0.0,71,1.0,43,0.0,0.0,2.0,2.0,4.0,2.0,4.0,2.0,4.0
101,37,1.0,0,1,1,0.7272727272727273,0.6190476190476191,2.0,4.0,0.0,2.0,0.0,0.0,4.0,0.0,72,1.0,43,0.0,0.0,2.0,2.0,4.0,2.0,4.0,2.0,4.0
102,37,1.0,0,1,1,0.7272727272727273,0.6190476190476191,2.0,4.0,0.0,2.0,0.0,0.0,4.0,0.0,73,1.0,43,0.0,0.0,2.0,2.0,4.0,2.0,4.0,2.0,4.0
103,37,1.0,0,1,1,0.7272727272727273,0.6190476190476191,2.0,4.0,0.0,2.0,0.0,0.0,4.0,0.0,74,1.0,43,0.0,0.0,2.0,2.0,4.0,2.0,4.0,2.0,4.0
104,37,1.0,0,1,1,0.7272727272727273,0.6190476190476191,2.0,4.0,0.0,2.0,0.0,0.0,4.0,0.0,75,1.0,43,0.0,0.0,2.0,2.0,4.0,2.0,4.0,2.0,4.0
105,37,1.0,0,1,1,0.7272727272727273,0.6190476190476191,2.0,4.0,0.0,2.0,0.0,0.0,4.0,0.0,76,1.0,43,0.0,0.0,2.0,2.0,4.0,2.0,4.0,2.0,4.0
106,37,1.0,0,1,1,0.7272727272727273,0.6190476190476191,2.0,4.0,0.0,2.0,0.0,0.0,4.0,0.0,77,1.0,43,0.0,0.0,2.0,2.0,4.0,2.0,4.0,2.0,4.0
107,37,1.0,0,1,1,0.7272727272727273,0.6190476190476191,2.0,4.0,0.0,2.0,0.0,0.0,4.0,0.0,78,1.0,43,0.0,0.0,2.0,2.0,4.0,2.0,4.0,2.0,4.0
108,37,1.0,0,1,1,0.7272727272727273,0.6190476190476191,2.0,4.0,0.0,2.0,0.0,0.0,4.0,0.0,79,1.0,43,0.0,0.0,2.0,2.0,4.0,2.0,4.0,2.0,4.0
109,37,1.0,0,1,1,0.7272727272727273,0.6190476190476191,2.0,4.0,0.0,2.0,0.0,0.0,4.0,0.0,80,1.0,43,0.0,0.0,2.0,2.0,4.0,2.0,4.0,2.0,4.0
110,37,1.0,0,1,1,0.7272727272727273,0.6190476190476191,2.0,4.0,0.0,2.0,0.0,0.0,4.0,0.0,81,1.0,43,0.0,0.0,2.0,2.0,4.0,2.0,4.0,2.0,4.0
111,37,1.0,0,1,1,0.7272727272727273,0.6190476190476191,2.0,4.0,0.0,2.0,0.0,0.0,4.0,0.0,82,1.0,43,0.0,0.0,2.0,2.0,4.0,2.0,4.0,2.0,4.0
112,37,1.0,0,1,1,0.7272727272727273,0.6190476190476191,2.0,4.0,0.0,2.0,0.0,0.0,4.0,0.0,83,1.0,43,0.0,0.0,2.0,2.0,4.0,2.0,4.0,2.0,4.0
113,37,1.0,0,1,1,0.7272727272727273,0.6190476190476191,2.0,4.0,0.0,2.0,0.0,0.0,4.0,0.0,84,1.0,43,0.0,0.0,2.0,2.0,4.0,2.0,4.0,2.0,4.0
114,37,1.0,0,1,1,0.7272727272727273,0.6190476190476191,2.0,4.0,0.0,2.0,0.0,0.0,4.0,0.0,85,1.0,43,0.0,0.0,2.0,2.0,4.0,2.0,4.0,2.0,4.0
115,37,1.0,0,1,1,0.7272727272727273,0.6190476190476191,2.0,4.0,0.0,2.0,0.0,0.0,4.0,0.0,86,1.0,43,0.0,0.0,2.0,2.0,4.0,2.0,4.0,2.0,4.0
116,37,1.0,0,1,1,0.7272727272727273,0.6190476190476191,2.0,4.0,0.0,2.0,0.0,0.0,4.0,0.0,87,1.0,43,0.0,0.0,2.0,2.0,4.0,2.0,4.0,2.0,4.0
117,37,1.0,0,1,1,0.7272727272727273,0.6190476190476191,2.0,4.0,0.0,2.0,0.0,0.0,4.0,0.0,88,1.0,43,0.0,0.0,2.0,2.0,4.0,2.0,4.0,2.0,4.0
118,37,1.0,0,1,1,0.7272727272727273,0.6190476190476191,2.0,4.0,0.0,2.0,0.0,0.0,4.0,0.0,89,1.0,43,0.0,0.0,2.0,2.0,4.0,2.0,4.0,2.0,4.0
119,37,1.0,0,1,1,0.7272727272727273,0.6190476190476191,2.0,4.0,0.0,2.0,0.0,0.0,4.0,0.0,90,1.0,43,0.0,0.0,2.0,2.0,4.0,2.0,4.0,2.0,4.0
120,37,1.0,0,1,1,0.7272727272727273,0.6190476190476191,2.0,4.0,0.0,2.0,0.0,0.0,4.0,0.0,91,1.0,43,0.0,0.0,2.0,2.0,4.0,2.0,4.0,2.0,4.0
121,37,1.0,0,1,1,0.7272727272727273,0.6190476190476191,2.0,4.0,0.0,2.0,0.0,0.0,4.0,0.0,92,1.0,43,0.0,0.0,2.0,2.0,4.0,2.0,4.0,2.0,4.0
122,37,1.0,0,1,1,0.7272727272727273,0.6190476190476191,2.0,4.0,0.0,2.0,0.0,0.0,4.0,0.0,93,1.0,43,0.0,0.0,2.0,2.0,4.0,2.0,4.0,2.0,4.0
1,38,0.0,1,0,1,0.7727272727272727,1.0,6.0,10.0,0.0,6.0,0.0,0.0,10.0,0.0,0,0.0,0,0.0,0.0,1.6666666666666667,0.0,0.0,0.0,0.0,0.0,0.0
2,38,0.0,1,0,1,0.7727272727272727,1.0,6.0,10.0,0.0,6.0,0.0,0.0,10.0,0.0,1,0.5,43,0.0,0.0,1.6666666666666667,6.0,10.0,0.0,0.0,0.0,0.0
3,38,0.0,1,0,1,0.7727272727272727,1.0,6.0,10.0,0.0,6.0,0.0,0.0,10.0,0.0,2,0.6666666666666666,43,0.0,0.0,1.6666666666666667,6.0,10.0,6.0,10.0,0.0,0.0
4,38,0.0,0,1,1,0.7727272727272727,1.0,6.0,10.0,0.0,6.0,0.0,0.0,10.0,0.0,3,0.75,43,0.0,0.0,1.6666666666666667,6.0,10.0,6.0,10.0,6.0,10.0
5,38,0.0,0,1,1,0.7727272727272727,1.0,6.0,10.0,0.0,6.0,0.0,0.0,10.0,0.0,4,0.8,43,0.0,0.0,1.6666666666666667,6.0,10.0,6.0,10.0,6.0,10.0
6,38,0.0,0,1,1,0.7727272727272727,1.0,5.8,10.0,-1.4619519810524544,6.0,0.0,0.0,10.0,0.0,5,1.0,25,-1.0,0.0,2.0,6.0,10.0,6.0,10.0,6.0,10.0
7,38,0.0,0,1,1,0.7727272727272727,1.0,5.4,9.8,-1.40784565493656,6.0,0.0,-1.461951981052455,10.0,0.0,6,1.0,25,-2.0,-1.0,2.25,5.0,10.0,6.0,10.0,6.0,10.0
8,38,0.0,0,1,1,0.7727272727272727,1.0,5.0,9.4,-0.9090909090909091,6.0,0.0,-1.4078456549365599,10.0,0.0,7,1.0,26,-2.0,-2.0,2.0,4.0,9.0,5.0,10.0,6.0,10.0
9,38,0.0,0,1,1,0.7727272727272727,1.0,4.4,8.8,-1.1288725543711577,6.0,0.0,-1.2821969620550022,10.0,0.0,8,1.0,25,-3.0,-3.0,2.3333333333333335,4.0,8.0,4.0,9.0,5.0,10.0
10,38,0.0,0,1,1,0.7727272727272727,1.0,3.8,8.0,-0.8540985814887828,5.0,0.0,-1.1896697430395096,10.0,0.0,9,1.0,25,-3.0,-4.0,2.0,3.0,7.0,4.0,8.0,4.0,9.0
11,38,0.0,0,1,1,0.7727272727272727,1.0,3.4,7.2,-0.6175483551795391,4.0,-1.0,-0.8547979747033345,9.0,-4.0,10,1.0,27,-2.0,-4.0,2.0,3.0,6.0,3.0,7.0,4.0,8.0
12,38,0.0,0,1,1,0.7727272727272727,1.0,3.2,6.6,-0.3654879952631137,4.0,1.0,-0.6033624235442392,8.0,-2.0,11,1.0,33,-1.0,-3.0,2.0,3.0,6.0,3.0,6.0,3.0,7.0
13,38,0.0,0,1,1,0.7272727272727273,1.0,3.2,6.4,1.4619519810524544,4.0,2.0,0.9263225327693076,7.0,1.0,0,0.8,31,0.0,-1.0,1.75,3.0,6.0,3.0,6.0,3.0,6.0
14,38,0.0,0,1,1,0.7272727272727273,0.9523809523809523,3.2,6.2,-0.365487995263114,4.0,3.0,-0.36548799526311326,7.0,2.0,0,0.6,26,0.0,-1.0,2.0,4.0,7.0,3.0,6.0,3.0,6.0
15,38,1.0,0,1,1,0.7272727272727273,0.9047619047619048,3.0,6.2,-1.2389934309929542,4.0,2.0,-0.36548799526311326,7.0,4.0,0,0.4,29,-1.0,0.0,3.0,3.0,6.0,4.0,7.0,3.0,6.0
16,38,1.0,0,1,1,0.7272727272727273,0.8571428571428571,3.2,6.2,0.854098581488783,4.0,3.0,-0.36548799526311326,7.0,4.0,0,0.2,29,1.0,0.0,1.5,2.0,6.0,3.0,6.0,4.0,7.0
17,38,1.0,0,1,1,0.7272727272727273,0.8571428571428571,3.4,6.2,0.6033624235442401,4.0,2.0,-0.36548799526311326,7.0,3.0,1,0.2,28,1.0,0.0,1.5,4.0,6.0,2.0,6.0,3.0,6.0
18,38,1.0,0,1,1,0.7272727272727273,0.8095238095238095,3.4,5.8,0.6033624235442401,4.0,0.0,-1.4619519810524544,6.0,-1.0,0,0.2,30,0.0,-2.0,1.25,4.0,6.0,4.0,6.0,2.0,6.0
19,38,1.0,0,1,1,0.7272727272727273,0.8095238095238095,3.6,5.4,0.40224161569615985,4.0,1.0,-1.40784565493656,6.0,-1.0,1,0.4,33,1.0,-2.0,1.0,4.0,5.0,4.0,6.0,4.0,6.0
20,38,0.0,0,1,1,0.7272727272727273,0.8095238095238095,4.0,5.2,0.0,4.0,3.0,-0.21352464537219598,6.0,-1.0,2,0.6,32,2.0,-1.0,1.25,4.0,4.0,4.0,5.0,4.0,6.0
21,38,0.0,0,1,1,0.7272727272727273,0.8095238095238095,4.0,4.8,0.0,4.0,-1.0,-0.8540985814887829,6.0,-2.0,3,0.8,32,0.0,-2.0,1.0,4.0,5.0,4.0,4.0,4.0,5.0
22,38,0.0,0,1,1,0.7272727272727273,0.8095238095238095,4.0,4.4,0.0,4.0,-1.0,-0.6175483551795399,5.0,-2.0,4,0.8,33,0.0,-2.0,1.0,4.0,4.0,4.0,5.0,4.0,4.0
23,38,0.0,0,1,1,0.7272727272727273,0.8095238095238095,4.0,4.2,0.0,4.0,0.0,-0.36548799526311376,5.0,1.0,5,1.0,34,0.0,-1.0,1.0,4.0,4.0,4.0,4.0,4.0,5.0
24,38,0.0,0,1,1,0.7272727272727273,0.8095238095238095,4.0,4.2,0.0,4.0,-1.0,-0.36548799526311376,5.0,2.0,6,1.0,34,0.0,0.0,1.0,4.0,4.0,4.0,4.0,4.0,4.0
25,38,0.0,0,1,1,0.6818181818181818,0.8095238095238095,4.0,4.2,0.0,4.0,-2.0,1.4619519810524544,5.0,1.0,0,0.8,33,0.0,0.0,1.25,4.0,4.0,4.0,4.0,4.0,4.0
26,38,0.0,0,1,1,0.6818181818181818,0.8095238095238095,4.0,4.4,0.0,4.0,0.0,0.9263225327693089,5.0,3.0,1,0.8,35,0.0,1.0,1.25,4.0,5.0,4.0,4.0,4.0,4.0
27,38,0.0,0,1,1,0.6818181818181818,0.8095238095238095,3.8,4.8,-1.4619519810524544,4.0,-1.0,1.281147872233175,6.0,4.0,2,0.8,36,-1.0,2.0,2.0,4.0,5.0,4.0,5.0,4.0,4.0
28,38,0.0,0,1,1,0.6363636363636364,0.8095238095238095,3.4,5.2,-1.4078456549365599,4.0,-2.0,0.854098581488783,6.0,3.0,0,0.6,35,-2.0,2.0,3.0,3.0,6.0,4.0,5.0,4.0,5.0
29,38,0.0,0,1,1,0.5909090909090909,0.8095238095238095,2.8,5.8,-1.2821969620550018,4.0,-3.0,1.281147872233175,7.0,3.0,0,0.4,34,-3.0,3.0,7.0,2.0,6.0,3.0,6.0,4.0,5.0
30,38,0.0,0,1,1,0.5454545454545454,0.8095238095238095,2.2,6.2,-0.8547979747033349,4.0,-3.0,0.854098581488783,7.0,2.0,0,0.4,36,-3.0,2.0,7.0,1.0,7.0,2.0,6.0,3.0,6.0
31,38,0.0,0,1,1,0.5,0.8095238095238095,1.8,6.6,0.21352464537219581,3.0,-2.0,0.6175483551795401,7.0,1.0,0,0.2,37,-2.0,2.0,3.5,1.0,7.0,1.0,7.0,2.0,6.0
32,38,0.0,0,1,1,0.5,0.7619047619047619,1.4,6.6,-0.6175483551795393,2.0,-1.0,-0.9263225327693088,7.0,-2.0,0,0.0,38,-2.0,0.0,6.0,2.0,7.0,1.0,7.0,1.0,7.0
33,38,0.0,0,1,1,0.5,0.7142857142857143,1.2,6.2,-0.3654879952631134,2.0,1.0,-1.5671296202894471,7.0,-4.0,0,0.0,40,-1.0,-2.0,4.0,1.0,6.0,2.0,7.0,1.0,7.0
34,38,0.0,0,1,1,0.5,0.6666666666666666,1.2,5.6,-0.3654879952631134,2.0,3.0,-0.9897467869417012,7.0,-6.0,0,0.0,40,0.0,-3.0,4.0,1.0,4.0,1.0,6.0,2.0,7.0
35,38,0.0,0,1,1,0.5,0.6190476190476191,1.0,5.0,-1.2389934309929538,2.0,2.0,-0.6604088253131131,7.0,-5.0,0,0.0,39,-1.0,-3.0,4.0,1.0,4.0,1.0,4.0,1.0,6.0
36,38,0.0,0,1,1,0.5,0.5714285714285714,0.6,4.2,-0.9263225327693081,1.0,0.0,-1.0038102000104192,6.0,-6.0,0,0.0,39,-2.0,-4.0,3.0,0.0,4.0,1.0,4.0,1.0,4.0
37,38,0.0,0,1,1,0.5,0.5714285714285714,0.4,3.6,-0.6175483551795387,1.0,1.0,-0.9263225327693095,4.0,-3.0,1,0.2,39,-1.0,-3.0,3.0,0.0,3.0,0.0,4.0,1.0,4.0
38,38,0.0,0,1,1,0.45454545454545453,0.5714285714285714,0.2,3.8,-0.36548799526311265,1.0,0.0,1.281147872233175,5.0,3.0,0,0.2,39,-1.0,1.0,5.0,0.0,3.0,0.0,3.0,0.0,4.0
39,38,0.0,0,1,1,0.4090909090909091,0.5714285714285714,0.4,4.2,1.6089664627846398,2.0,1.0,1.2821969620550018,6.0,5.0,0,0.2,39,1.0,2.0,3.0,0.0,5.0,0.0,3.0,0.0,3.0
40,38,0.0,0,1,1,0.36363636363636365,0.5714285714285714,1.0,5.0,1.320817650626226,3.0,4.0,1.350548113736955,8.0,7.0,0,0.2,41,3.0,4.0,2.6666666666666665,2.0,6.0,0.0,5.0,0.0,3.0
41,38,0.0,0,1,1,0.36363636363636365,0.5714285714285714,1.6,6.0,0.8660284385739887,3.0,5.0,0.90036540915797,8.0,9.0,1,0.4,41,3.0,5.0,2.6666666666666665,3.0,8.0,2.0,6.0,0.0,5.0
42,38,0.0,0,1,1,0.36363636363636365,0.5714285714285714,2.2,7.2,0.5698653164688896,3.0,4.0,1.032602903541969,9.0,9.0,2,0.4,41,3.0,6.0,3.0,3.0,8.0,3.0,8.0,2.0,6.0
43,38,0.0,0,1,1,0.4090909090909091,0.5714285714285714,2.6,7.6,-0.9263225327693099,3.0,3.0,-0.48380252330192436,9.0,1.0,0,0.4,42,2.0,2.0,3.5,3.0,9.0,3.0,8.0,3.0,8.0
44,38,0.0,0,1,1,0.45454545454545453,0.5714285714285714,2.4,7.6,-1.40784565493656,3.0,-2.0,-1.2901400621384655,9.0,-2.0,0,0.4,43,-1.0,0.0,6.0,2.0,7.0,3.0,9.0,3.0,8.0
45,38,0.0,0,1,1,0.5,0.5714285714285714,2.0,6.6,-0.9090909090909094,3.0,-5.0,-1.4986431742758721,9.0,-9.0,0,0.4,42,-2.0,-5.0,3.0,1.0,6.0,2.0,7.0,3.0,9.0
46,38,0.0,0,1,1,0.5,0.6190476190476191,1.4,5.8,-1.1288725543711577,3.0,-6.0,-0.7236276096788744,9.0,-9.0,0,0.2,42,-3.0,-4.0,4.0,1.0,3.0,1.0,6.0,2.0,7.0
47,38,0.0,0,1,1,0.5,0.6666666666666666,1.0,4.8,0.0,2.0,-5.0,-0.4589346237964306,7.0,-11.0,0,0.0,42,-2.0,-5.0,4.0,0.0,4.0,1.0,3.0,1.0,6.0
48,38,0.0,0,1,1,0.5,0.7142857142857143,0.8,4.2,0.36548799526311404,1.0,-3.0,-0.16730170000173666,6.0,-5.0,0,0.0,43,-1.0,-3.0,4.0,1.0,4.0,0.0,4.0,1.0,3.0
49,38,0.0,0,1,1,0.5,0.7619047619047619,0.8,4.2,0.36548799526311404,1.0,1.0,1.5057153000156285,6.0,0.0,0,0.0,43,0.0,0.0,6.0,1.0,4.0,1.0,4.0,0.0,4.0
50,38,1.0,0,1,1,0.5,0.8095238095238095,1.0,5.0,1.238993430992955,2.0,3.0,1.320817650626226,7.0,9.0,0,0.0,43,1.0,4.0,3.5,1.0,6.0,1.0,4.0,1.0,4.0
51,38,1.0,0,1,1,0.5,0.8571428571428571,1.4,5.4,0.9263225327693101,2.0,5.0,0.41619244240219205,7.0,6.0,0,0.0,43,2.0,2.0,3.0,2.0,7.0,1.0,6.0,1.0,4.0
52,38,1.0,0,1,1,0.5,0.9047619047619048,1.6,5.8,0.6175483551795398,2.0,3.0,0.1673017000017367,7.0,7.0,0,0.0,43,1.0,2.0,3.0,2.0,6.0,2.0,7.0,1.0,6.0
53,38,1.0,0,1,1,0.5,0.9523809523809523,2.0,6.0,1.2389934309929547,3.0,3.0,-1.2389934309929547,7.0,4.0,0,0.0,43,2.0,1.0,1.6666666666666667,2.0,6.0,2.0,6.0,2.0,7.0
54,38,1.0,0,1,1,0.5,0.9523809523809523,2.4,5.8,0.9263225327693101,3.0,2.0,-0.8540985814887834,7.0,-1.0,1,0.2,43,2.0,-1.0,1.6666666666666667,3.0,5.0,2.0,6.0,2.0,6.0
55,38,1.0,0,1,1,0.5,0.9523809523809523,2.6,5.4,0.6175483551795398,3.0,0.0,-0.6175483551795405,6.0,-6.0,2,0.4,43,1.0,-2.0,1.6666666666666667,3.0,5.0,3.0,5.0,2.0,6.0
56,38,1.0,0,1,1,0.5,0.9523809523809523,2.8,5.2,0.3654879952631143,3.0,-1.0,-0.3654879952631143,6.0,-3.0,3,0.6,43,1.0,-1.0,1.6666666666666667,3.0,5.0,3.0,5.0,3.0,5.0
57,38,1.0,0,1,1,0.5,0.9523809523809523,3.0,5.0,0.0,3.0,0.0,0.0,5.0,-3.0,4,0.8,43,1.0,-1.0,1.6666666666666667,3.0,5.0,3.0,5.0,3.0,5.0
58,38,1.0,0,1,1,0.5,0.9523809523809523,3.0,5.0,0.0,3.0,-2.0,0.0,5.0,-1.0,5,1.0,43,0.0,0.0,1.6666666666666667,3.0,5.0,3.0,5.0,3.0,5.0
59,38,1.0,0,1,1,0.5,0.9523809523809523,3.0,5.0,0.0,3.0,-2.0,0.0,5.0,1.0,6,1.0,43,0.0,0.0,1.6666666666666667,3.0,5.0,3.0,5.0,3.0,5.0
60,38,1.0,0,1,1,0.5,0.9523809523809523,3.0,5.0,0.0,3.0,-1.0,0.0,5.0,2.0,7,1.0,43,0.0,0.0,1.6666666666666667,3.0,5.0,3.0,5.0,3.0,5.0
61,38,1.0,0,1,1,0.5,0.9523809523809523,3.0,5.0,0.0,3.0,-1.0,0.0,5.0,1.0,8,1.0,43,0.0,0.0,1.6666666666666667,3.0,5.0,3.0,5.0,3.0,5.0
62,38,1.0,0,1,1,0.5,0.9523809523809523,3.0,5.0,0.0,3.0,-1.0,0.0,5.0,1.0,9,1.0,43,0.0,0.0,1.6666666666666667,3.0,5.0,3.0,5.0,3.0,5.0
63,38,1.0,0,1,1,0.5,0.9523809523809523,3.0,5.0,0.0,3.0,0.0,0.0,5.0,0.0,10,1.0,43,0.0,0.0,1.6666666666666667,3.0,5.0,3.0,5.0,3.0,5.0
64,38,1.0,0,1,1,0.5,0.9523809523809523,3.0,5.0,0.0,3.0,0.0,0.0,5.0,0.0,11,1.0,43,0.0,0.0,1.6666666666666667,3.0,5.0,3.0,5.0,3.0,5.0
65,38,1.0,0,1,1,0.5,0.9523809523809523,3.0,5.0,0.0,3.0,0.0,0.0,5.0,0.0,12,1.0,43,0.0,0.0,1.6666666666666667,3.0,5.0,3.0,5.0,3.0,5.0
66,38,1.0,0,1,1,0.5,0.9523809523809523,3.0,5.0,0.0,3.0,0.0,0.0,5.0,0.0,13,1.0,43,0.0,0.0,1.6666666666666667,3.0,5.0,3.0,5.0,3.0,5.0
67,38,1.0,0,1,1,0.5,0.9523809523809523,3.0,5.0,0.0,3.0,0.0,0.0,5.0,0.0,14,1.0,43,0.0,0.0,1.6666666666666667,3.0,5.0,3.0,5.0,3.0,5.0
68,38,1.0,0,1,1,0.5,0.9523809523809523,3.0,5.0,0.0,3.0,0.0,0.0,5.0,0.0,15,1.0,43,0.0,0.0,1.6666666666666667,3.0,5.0,3.0,5.0,3.0,5.0
69,38,1.0,0,1,1,0.5,0.9523809523809523,3.0,5.0,0.0,3.0,0.0,0.0,5.0,0.0,16,1.0,43,0.0,0.0,1.6666666666666667,3.0,5.0,3.0,5.0,3.0,5.0
70,38,1.0,0,1,1,0.5,0.9523809523809523,3.0,5.0,0.0,3.0,0.0,0.0,5.0,0.0,17,1.0,43,0.0,0.0,1.6666666666666667,3.0,5.0,3.0,5.0,3.0,5.0
71,38,1.0,0,1,1,0.5,0.9523809523809523,3.0,5.0,0.0,3.0,0.0,0.0,5.0,0.0,18,1.0,43,0.0,0.0,1.6666666666666667,3.0,5.0,3.0,5.0,3.0,5.0
72,38,1.0,0,1,1,0.5,0.9523809523809523,3.0,5.0,0.0,3.0,0.0,0.0,5.0,0.0,19,1.0,43,0.0,0.0,1.6666666666666667,3.0,5.0,3.0,5.0,3.0,5.0
73,38,1.0,0,1,1,0.5,0.9523809523809523,3.0,5.0,0.0,3.0,0.0,0.0,5.0,0.0,20,1.0,43,0.0,0.0,1.6666666666666667,3.0,5.0,3.0,5.0,3.0,5.0
74,38,1.0,0,1,1,0.5,0.9523809523809523,3.0,5.0,0.0,3.0,0.0,0.0,5.0,0.0,21,1.0,43,0.0,0.0,1.6666666666666667,3.0,5.0,3.0,5.0,3.0,5.0
75,38,1.0,0,1,1,0.5,0.9523809523809523,3.0,5.0,0.0,3.0,0.0,0.0,5.0,0.0,22,1.0,43,0.0,0.0,1.6666666666666667,3.0,5.0,3.0,5.0,3.0,5.0
76,38,1.0,0,1,1,0.5,0.9523809523809523,3.0,5.0,0.0,3.0,0.0,0.0,5.0,0.0,23,1.0,43,0.0,0.0,1.6666666666666667,3.0,5.0,3.0,5.0,3.0,5.0
77,38,1.0,0,1,1,0.5,0.9523809523809523,3.0,5.0,0.0,3.0,0.0,0.0,5.0,0.0,24,1.0,43,0.0,0.0,1.6666666666666667,3.0,5.0,3.0,5.0,3.0,5.0
78,38,1.0,0,1,1,0.5,0.9523809523809523,3.0,5.0,0.0,3.0,0.0,0.0,5.0,0.0,25,1.0,43,0.0,0.0,1.6666666666666667,3.0,5.0,3.0,5.0,3.0,5.0
79,38,1.0,0,1,1,0.5,0.9523809523809523,3.0,5.0,0.0,3.0,0.0,0.0,5.0,0.0,26,1.0,43,0.0,0.0,1.6666666666666667,3.0,5.0,3.0,5.0,3.0,5.0
80,38,1.0,0,1,1,0.5,0.9523809523809523,3.0,5.0,0.0,3.0,0.0,0.0,5.0,0.0,27,1.0,43,0.0,0.0,1.6666666666666667,3.0,5.0,3.0,5.0,3.0,5.0
81,38,1.0,0,1,1,0.5,0.9523809523809523,3.0,5.0,0.0,3.0,0.0,0.0,5.0,0.0,28,1.0,43,0.0,0.0,1.6666666666666667,3.0,5.0,3.0,5.0,3.0,5.0
82,38,1.0,0,1,1,0.5,0.9523809523809523,3.0,5.0,0.0,3.0,0.0,0.0,5.0,0.0,29,1.0,43,0.0,0.0,1.6666666666666667,3.0,5.0,3.0,5.0,3.0,5.0
83,38,1.0,0,1,1,0.5,0.9523809523809523,3.0,5.0,0.0,3.0,0.0,0.0,5.0,0.0,30,1.0,43,0.0,0.0,1.6666666666666667,3.0,5.0,3.0,5.0,3.0,5.0
84,38,1.0,0,1,1,0.5,0.9523809523809523,3.0,5.0,0.0,3.0,0.0,0.0,5.0,0.0,31,1.0,43,0.0,0.0,1.6666666666666667,3.0,5.0,3.0,5.0,3.0,5.0
85,38,1.0,0,1,1,0.5,0.9523809523809523,3.0,5.0,0.0,3.0,0.0,0.0,5.0,0.0,32,1.0,43,0.0,0.0,1.6666666666666667,3.0,5.0,3.0,5.0,3.0,5.0
86,38,1.0,0,1,1,0.5,0.9523809523809523,3.0,5.0,0.0,3.0,0.0,0.0,5.0,0.0,33,1.0,43,0.0,0.0,1.6666666666666667,3.0,5.0,3.0,5.0,3.0,5.0
87,38,1.0,0,1,1,0.5,0.9523809523809523,3.0,5.0,0.0,3.0,0.0,0.0,5.0,0.0,34,1.0,43,0.0,0.0,1.6666666666666667,3.0,5.0,3.0,5.0,3.0,5.0
88,38,1.0,0,1,1,0.5,0.9523809523809523,3.0,5.0,0.0,3.0,0.0,0.0,5.0,0.0,35,1.0,43,0.0,0.0,1.6666666666666667,3.0,5.0,3.0,5.0,3.0,5.0
89,38,1.0,0,1,1,0.5,0.9523809523809523,3.0,5.0,0.0,3.0,0.0,0.0,5.0,0.0,36,1.0,43,0.0,0.0,1.6666666666666667,3.0,5.0,3.0,5.0,3.0,5.0
90,38,1.0,0,1,1,0.5,0.9523809523809523,3.0,5.0,0.0,3.0,0.0,0.0,5.0,0.0,37,1.0,43,0.0,0.0,1.6666666666666667,3.0,5.0,3.0,5.0,3.0,5.0
91,38,1.0,0,1,1,0.5,0.9523809523809523,3.0,5.0,0.0,3.0,0.0,0.0,5.0,0.0,38,1.0,43,0.0,0.0,1.6666666666666667,3.0,5.0,3.0,5.0,3.0,5.0
92,38,1.0,0,1,1,0.5,0.9523809523809523,3.0,5.0,0.0,3.0,0.0,0.0,5.0,0.0,39,1.0,43,0.0,0.0,1.6666666666666667,3.0,5.0,3.0,5.0,3.0,5.0
93,38,1.0,0,1,1,0.5,0.9523809523809523,3.0,5.0,0.0,3.0,0.0,0.0,5.0,0.0,40,1.0,43,0.0,0.0,1.6666666666666667,3.0,5.0,3.0,5.0,3.0,5.0
94,38,1.0,0,1,1,0.5,0.9523809523809523,3.0,5.0,0.0,3.0,0.0,0.0,5.0,0.0,41,1.0,43,0.0,0.0,1.6666666666666667,3.0,5.0,3.0,5.0,3.0,5.0
95,38,1.0,0,1,1,0.5,0.9523809523809523,3.0,5.0,0.0,3.0,0.0,0.0,5.0,0.0,42,1.0,43,0.0,0.0,1.6666666666666667,3.0,5.0,3.0,5.0,3.0,5.0
96,38,1.0,0,1,1,0.5,0.9523809523809523,3.0,5.0,0.0,3.0,0.0,0.0,5.0,0.0,43,1.0,43,0.0,0.0,1.6666666666666667,3.0,5.0,3.0,5.0,3.0,5.0
97,38,1.0,0,1,1,0.5,0.9523809523809523,3.0,5.0,0.0,3.0,0.0,0.0,5.0,0.0,44,1.0,43,0.0,0.0,1.6666666666666667,3.0,5.0,3.0,5.0,3.0,5.0
98,38,1.0,0,1,1,0.5,0.9523809523809523,3.0,5.0,0.0,3.0,0.0,0.0,5.0,0.0,45,1.0,43,0.0,0.0,1.6666666666666667,3.0,5.0,3.0,5.0,3.0,5.0
99,38,1.0,0,1,1,0.5,0.9523809523809523,3.0,5.0,0.0,3.0,0.0,0.0,5.0,0.0,46,1.0,43,0.0,0.0,1.6666666666666667,3.0,5.0,3.0,5.0,3.0,5.0
100,38,1.0,0,1,1,0.5,0.9523809523809523,3.0,5.0,0.0,3.0,0.0,0.0,5.0,0.0,47,1.0,43,0.0,0.0,1.6666666666666667,3.0,5.0,3.0,5.0,3.0,5.0
101,38,1.0,0,1,1,0.5,0.9523809523809523,3.0,5.0,0.0,3.0,0.0,0.0,5.0,0.0,48,1.0,43,0.0,0.0,1.6666666666666667,3.0,5.0,3.0,5.0,3.0,5.0
102,38,1.0,0,1,1,0.5,0.9523809523809523,3.0,5.0,0.0,3.0,0.0,0.0,5.0,0.0,49,1.0,43,0.0,0.0,1.6666666666666667,3.0,5.0,3.0,5.0,3.0,5.0
103,38,1.0,0,1,1,0.5,0.9523809523809523,3.0,5.0,0.0,3.0,0.0,0.0,5.0,0.0,50,1.0,43,0.0,0.0,1.6666666666666667,3.0,5.0,3.0,5.0,3.0,5.0
104,38,1.0,0,1,1,0.5,0.9523809523809523,3.0,5.0,0.0,3.0,0.0,0.0,5.0,0.0,51,1.0,43,0.0,0.0,1.6666666666666667,3.0,5.0,3.0,5.0,3.0,5.0
105,38,1.0,0,1,1,0.5,0.9523809523809523,3.0,5.0,0.0,3.0,0.0,0.0,5.0,0.0,52,1.0,43,0.0,0.0,1.6666666666666667,3.0,5.0,3.0,5.0,3.0,5.0
106,38,1.0,0,1,1,0.5,0.9523809523809523,3.0,5.0,0.0,3.0,0.0,0.0,5.0,0.0,53,1.0,43,0.0,0.0,1.6666666666666667,3.0,5.0,3.0,5.0,3.0,5.0
107,38,1.0,0,1,1,0.5,0.9523809523809523,3.0,5.0,0.0,3.0,0.0,0.0,5.0,0.0,54,1.0,43,0.0,0.0,1.6666666666666667,3.0,5.0,3.0,5.0,3.0,5.0
108,38,1.0,0,1,1,0.5,0.9523809523809523,3.0,5.0,0.0,3.0,0.0,0.0,5.0,0.0,55,1.0,43,0.0,0.0,1.6666666666666667,3.0,5.0,3.0,5.0,3.0,5.0
109,38,1.0,0,1,1,0.5,0.9523809523809523,3.0,5.0,0.0,3.0,0.0,0.0,5.0,0.0,56,1.0,43,0.0,0.0,1.6666666666666667,3.0,5.0,3.0,5.0,3.0,5.0
110,38,1.0,0,1,1,0.5,0.9523809523809523,3.0,5.0,0.0,3.0,0.0,0.0,5.0,0.0,57,1.0,43,0.0,0.0,1.6666666666666667,3.0,5.0,3.0,5.0,3.0,5.0
111,38,1.0,0,1,1,0.5,0.9523809523809523,3.0,5.0,0.0,3.0,0.0,0.0,5.0,0.0,58,1.0,43,0.0,0.0,1.6666666666666667,3.0,5.0,3.0,5.0,3.0,5.0
112,38,1.0,0,1,1,0.5,0.9523809523809523,3.0,5.0,0.0,3.0,0.0,0.0,5.0,0.0,59,1.0,43,0.0,0.0,1.6666666666666667,3.0,5.0,3.0,5.0,3.0,5.0
113,38,1.0,0,1,1,0.5,0.9523809523809523,3.0,5.0,0.0,3.0,0.0,0.0,5.0,0.0,60,1.0,43,0.0,0.0,1.6666666666666667,3.0,5.0,3.0,5.0,3.0,5.0
114,38,1.0,0,1,1,0.5,0.9523809523809523,3.0,5.0,0.0,3.0,0.0,0.0,5.0,0.0,61,1.0,43,0.0,0.0,1.6666666666666667,3.0,5.0,3.0,5.0,3.0,5.0
115,38,1.0,0,1,1,0.5,0.9523809523809523,3.0,5.0,0.0,3.0,0.0,0.0,5.0,0.0,62,1.0,43,0.0,0.0,1.6666666666666667,3.0,5.0,3.0,5.0,3.0,5.0
116,38,1.0,0,1,1,0.5,0.9523809523809523,3.0,5.0,0.0,3.0,0.0,0.0,5.0,0.0,63,1.0,43,0.0,0.0,1.6666666666666667,3.0,5.0,3.0,5.0,3.0,5.0
117,38,1.0,0,1,1,0.5,0.9523809523809523,3.0,5.0,0.0,3.0,0.0,0.0,5.0,0.0,64,1.0,43,0.0,0.0,1.6666666666666667,3.0,5.0,3.0,5.0,3.0,5.0
118,38,1.0,0,1,1,0.5,0.9523809523809523,3.0,5.0,0.0,3.0,0.0,0.0,5.0,0.0,65,1.0,43,0.0,0.0,1.6666666666666667,3.0,5.0,3.0,5.0,3.0,5.0
119,38,1.0,0,1,1,0.5,0.9523809523809523,3.0,5.0,0.0,3.0,0.0,0.0,5.0,0.0,66,1.0,43,0.0,0.0,1.6666666666666667,3.0,5.0,3.0,5.0,3.0,5.0
120,38,1.0,0,1,1,0.5,0.9523809523809523,3.0,5.0,0.0,3.0,0.0,0.0,5.0,0.0,67,1.0,43,0.0,0.0,1.6666666666666667,3.0,5.0,3.0,5.0,3.0,5.0
121,38,1.0,0,1,1,0.5,0.9523809523809523,3.0,5.0,0.0,3.0,0.0,0.0,5.0,0.0,68,1.0,43,0.0,0.0,1.6666666666666667,3.0,5.0,3.0,5.0,3.0,5.0
122,38,1.0,0,1,1,0.5,0.9523809523809523,3.0,5.0,0.0,3.0,0.0,0.0,5.0,0.0,69,1.0,43,0.0,0.0,1.6666666666666667,3.0,5.0,3.0,5.0,3.0,5.0
1,39,1.0,1,0,1,0.8181818181818182,1.0,6.0,9.0,0.0,6.0,0.0,0.0,9.0,0.0,0,0.0,0,0.0,0.0,1.5,0.0,0.0,0.0,0.0,0.0,0.0
2,39,1.0,1,0,1,0.8181818181818182,1.0,6.0,9.0,0.0,6.0,0.0,0.0,9.0,0.0,1,0.5,43,0.0,0.0,1.5,6.0,9.0,0.0,0.0,0.0,0.0
3,39,1.0,1,0,1,0.8181818181818182,1.0,6.0,9.0,0.0,6.0,0.0,0.0,9.0,0.0,2,0.6666666666666666,43,0.0,0.0,1.5,6.0,9.0,6.0,9.0,0.0,0.0
4,39,1.0,0,1,1,0.8181818181818182,1.0,6.0,9.0,0.0,6.0,0.0,0.0,9.0,0.0,3,0.75,43,0.0,0.0,1.5,6.0,9.0,6.0,9.0,6.0,9.0
5,39,1.0,0,1,1,0.8181818181818182,1.0,6.0,9.0,0.0,6.0,0.0,0.0,9.0,0.0,4,0.8,43,0.0,0.0,1.5,6.0,9.0,6.0,9.0,6.0,9.0
6,39,1.0,0,1,1,0.8181818181818182,1.0,5.8,9.0,-1.4619519810524544,6.0,0.0,0.0,9.0,0.0,5,1.0,25,-1.0,0.0,1.8,6.0,9.0,6.0,9.0,6.0,9.0
7,39,1.0,0,1,1,0.8181818181818182,1.0,5.0,9.0,-1.63750917147379,6.0,0.0,0.0,9.0,0.0,6,1.0,25,-4.0,0.0,4.5,5.0,9.0,6.0,9.0,6.0,9.0
8,39,0.0,0,1,1,0.8181818181818182,1.0,4.2,8.8,-1.0235461424874042,6.0,0.0,-1.461951981052455,9.0,0.0,7,1.0,26,-4.0,-1.0,4.0,2.0,9.0,5.0,9.0,6.0,9.0
9,39,0.0,0,1,1,0.8181818181818182,1.0,3.4,8.2,-0.6831404792998708,6.0,0.0,-1.5671296202894465,9.0,0.0,8,1.0,25,-4.0,-3.0,3.0,2.0,8.0,2.0,9.0,5.0,9.0
10,39,0.0,0,1,1,0.8181818181818182,1.0,2.6,7.2,-0.41619244240219244,5.0,0.0,-1.4109668836625195,9.0,0.0,9,1.0,25,-4.0,-5.0,2.0,2.0,6.0,2.0,8.0,2.0,9.0
11,39,0.0,0,1,1,0.8181818181818182,1.0,2.0,6.2,0.0,2.0,-2.0,-0.9242335010474391,9.0,-5.0,10,1.0,27,-3.0,-5.0,2.0,2.0,4.0,2.0,6.0,2.0,8.0
12,39,0.0,0,1,1,0.8181818181818182,1.0,2.0,5.2,0.0,2.0,4.0,-0.635305723636301,8.0,-5.0,11,1.0,33,0.0,-5.0,2.0,2.0,4.0,2.0,4.0,2.0,6.0
13,39,0.0,0,1,1,0.7727272727272727,1.0,2.2,4.6,1.4619519810524544,3.0,5.0,0.4022416156961619,6.0,-2.0,0,0.8,31,1.0,-3.0,1.6666666666666667,2.0,4.0,2.0,4.0,2.0,4.0
14,39,0.0,0,1,1,0.7727272727272727,0.9523809523809523,2.2,4.4,-0.365487995263114,3.0,4.0,0.9263225327693181,5.0,2.0,0,0.6,26,0.0,-1.0,2.5,3.0,5.0,2.0,4.0,2.0,4.0
15,39,0.0,0,1,1,0.7727272727272727,0.9047619047619048,2.4,4.6,0.9263225327693094,3.0,5.0,0.6175483551795463,5.0,6.0,0,0.4,29,1.0,1.0,1.6666666666666667,2.0,5.0,3.0,5.0,2.0,4.0
16,39,0.0,0,1,1,0.7727272727272727,0.8571428571428571,2.6,4.8,0.6175483551795394,3.0,4.0,0.36548799526311926,5.0,6.0,0,0.2,29,1.0,1.0,1.6666666666666667,3.0,5.0,2.0,5.0,3.0,5.0
17,39,0.0,0,1,1,0.7727272727272727,0.8095238095238095,3.0,5.0,1.2389934309929542,4.0,2.0,0.0,5.0,6.0,0,0.0,29,2.0,1.0,1.25,3.0,5.0,3.0,5.0,2.0,5.0
18,39,0.0,0,1,1,0.8181818181818182,0.8095238095238095,3.0,5.0,0.0,4.0,-1.0,0.0,5.0,3.0,0,0.0,30,0.0,0.0,1.6666666666666667,4.0,5.0,3.0,5.0,3.0,5.0
19,39,0.0,0,1,1,0.8181818181818182,0.8095238095238095,3.2,5.0,-0.365487995263114,4.0,1.0,0.0,5.0,1.0,1,0.2,33,1.0,0.0,1.6666666666666667,3.0,5.0,4.0,5.0,3.0,5.0
20,39,0.0,0,1,1,0.8181818181818182,0.8095238095238095,3.2,5.0,-0.365487995263114,4.0,-1.0,0.0,5.0,-1.0,2,0.4,32,0.0,0.0,1.6666666666666667,3.0,5.0,3.0,5.0,4.0,5.0
21,39,0.0,0,1,1,0.8181818181818182,0.8095238095238095,3.2,5.0,-0.365487995263114,4.0,-1.0,0.0,5.0,-1.0,3,0.6,32,0.0,0.0,1.6666666666666667,3.0,5.0,3.0,5.0,3.0,5.0
22,39,0.0,0,1,1,0.8181818181818182,0.8095238095238095,3.0,5.0,0.0,3.0,-3.0,0.0,5.0,-1.0,4,0.8,33,-1.0,0.0,1.6666666666666667,3.0,5.0,3.0,5.0,3.0,5.0
23,39,1.0,0,1,1,0.8181818181818182,0.8095238095238095,3.0,5.0,0.0,3.0,0.0,0.0,5.0,0.0,5,1.0,34,0.0,0.0,1.6666666666666667,3.0,5.0,3.0,5.0,3.0,5.0
24,39,1.0,0,1,1,0.8181818181818182,0.8095238095238095,3.0,5.0,0.0,3.0,-1.0,0.0,5.0,0.0,6,1.0,34,0.0,0.0,1.6666666666666667,3.0,5.0,3.0,5.0,3.0,5.0
25,39,1.0,0,1,1,0.8181818181818182,0.8095238095238095,2.8,5.0,-1.4619519810524544,3.0,-1.0,0.0,5.0,0.0,7,1.0,32,-1.0,0.0,2.5,3.0,5.0,3.0,5.0,3.0,5.0
26,39,1.0,0,1,1,0.8181818181818182,0.8095238095238095,2.6,4.8,-0.9263225327693094,3.0,-1.0,-1.4619519810524544,5.0,-1.0,8,1.0,35,-1.0,-1.0,2.0,2.0,5.0,3.0,5.0,3.0,5.0
27,39,1.0,0,1,1,0.8181818181818182,0.8095238095238095,2.4,4.4,-0.6175483551795394,3.0,0.0,-1.40784565493656,5.0,-2.0,9,1.0,36,-1.0,-2.0,1.5,2.0,4.0,2.0,5.0,3.0,5.0
28,39,1.0,0,1,1,0.8181818181818182,0.8095238095238095,2.0,4.0,-1.2389934309929542,3.0,-2.0,-0.9090909090909091,5.0,-2.0,10,1.0,34,-2.0,-2.0,3.0,2.0,3.0,2.0,4.0,2.0,5.0
29,39,1.0,0,1,1,0.8181818181818182,0.8095238095238095,1.6,3.8,-0.9263225327693094,2.0,-2.0,0.213524645372196,5.0,-1.0,11,1.0,33,-2.0,-1.0,4.0,1.0,3.0,2.0,3.0,2.0,4.0
30,39,1.0,0,1,1,0.8181818181818182,0.8095238095238095,1.4,3.4,-0.6175483551795394,2.0,0.0,-0.6175483551795395,4.0,-2.0,12,1.0,35,-1.0,-2.0,3.0,1.0,4.0,1.0,3.0,2.0,3.0
31,39,1.0,0,1,1,0.8181818181818182,0.8095238095238095,1.2,3.2,-0.3654879952631136,2.0,0.0,-0.365487995263114,4.0,0.0,13,1.0,36,-1.0,-1.0,3.0,1.0,3.0,1.0,4.0,1.0,3.0
32,39,1.0,0,1,1,0.8181818181818182,0.8095238095238095,1.0,3.2,0.0,1.0,0.0,-0.365487995263114,4.0,2.0,14,1.0,37,-1.0,0.0,3.0,1.0,3.0,1.0,3.0,1.0,4.0
33,39,1.0,0,1,1,0.8181818181818182,0.8095238095238095,1.0,3.2,0.0,1.0,2.0,-0.365487995263114,4.0,2.0,15,1.0,39,0.0,0.0,3.0,1.0,3.0,1.0,3.0,1.0,3.0
34,39,1.0,0,1,1,0.8181818181818182,0.8095238095238095,1.0,3.0,0.0,1.0,2.0,0.0,3.0,0.0,16,1.0,39,0.0,-1.0,3.0,1.0,3.0,1.0,3.0,1.0,3.0
35,39,1.0,0,1,1,0.8181818181818182,0.8095238095238095,1.0,3.0,0.0,1.0,1.0,0.0,3.0,2.0,17,1.0,38,0.0,0.0,3.0,1.0,3.0,1.0,3.0,1.0,3.0
36,39,1.0,0,1,1,0.8181818181818182,0.8095238095238095,1.0,3.0,0.0,1.0,1.0,0.0,3.0,1.0,18,1.0,38,0.0,0.0,3.0,1.0,3.0,1.0,3.0,1.0,3.0
37,39,1.0,0,1,1,0.8181818181818182,0.8095238095238095,1.0,3.0,0.0,1.0,1.0,0.0,3.0,0.0,19,1.0,39,0.0,0.0,3.0,1.0,3.0,1.0,3.0,1.0,3.0
38,39,1.0,0,1,1,0.8181818181818182,0.8095238095238095,1.0,3.0,0.0,1.0,0.0,0.0,3.0,0.0,20,1.0,38,0.0,0.0,3.0,1.0,3.0,1.0,3.0,1.0,3.0
39,39,1.0,0,1,1,0.8181818181818182,0.8095238095238095,1.0,3.0,0.0,1.0,0.0,0.0,3.0,1.0,21,1.0,38,0.0,0.0,3.0,1.0,3.0,1.0,3.0,1.0,3.0
40,39,1.0,0,1,1,0.8181818181818182,0.8095238095238095,1.0,3.0,0.0,1.0,0.0,0.0,3.0,0.0,22,1.0,40,0.0,0.0,3.0,1.0,3.0,1.0,3.0,1.0,3.0
41,39,1.0,0,1,1,0.8181818181818182,0.8095238095238095,1.0,3.0,0.0,1.0,0.0,0.0,3.0,0.0,23,1.0,41,0.0,0.0,3.0,1.0,3.0,1.0,3.0,1.0,3.0
42,39,1.0,0,1,1,0.8181818181818182,0.8095238095238095,1.0,3.0,0.0,1.0,0.0,0.0,3.0,0.0,24,1.0,41,0.0,0.0,3.0,1.0,3.0,1.0,3.0,1.0,3.0
43,39,1.0,0,1,1,0.8181818181818182,0.8095238095238095,1.0,3.0,0.0,1.0,0.0,0.0,3.0,0.0,25,1.0,41,0.0,0.0,3.0,1.0,3.0,1.0,3.0,1.0,3.0
44,39,1.0,0,1,1,0.8181818181818182,0.8095238095238095,1.0,3.0,0.0,1.0,0.0,0.0,3.0,0.0,26,1.0,42,0.0,0.0,3.0,1.0,3.0,1.0,3.0,1.0,3.0
45,39,1.0,0,1,1,0.8181818181818182,0.8095238095238095,1.0,3.0,0.0,1.0,0.0,0.0,3.0,0.0,27,1.0,41,0.0,0.0,3.0,1.0,3.0,1.0,3.0,1.0,3.0
46,39,1.0,0,1,1,0.8181818181818182,0.8095238095238095,1.0,3.0,0.0,1.0,0.0,0.0,3.0,0.0,28,1.0,41,0.0,0.0,3.0,1.0,3.0,1.0,3.0,1.0,3.0
47,39,1.0,0,1,1,0.8181818181818182,0.8095238095238095,1.0,3.0,0.0,1.0,0.0,0.0,3.0,0.0,29,1.0,41,0.0,0.0,3.0,1.0,3.0,1.0,3.0,1.0,3.0
48,39,1.0,0,1,1,0.8181818181818182,0.8095238095238095,1.0,3.0,0.0,1.0,0.0,0.0,3.0,0.0,30,1.0,42,0.0,0.0,3.0,1.0,3.0,1.0,3.0,1.0,3.0
49,39,1.0,0,1,1,0.8181818181818182,0.8095238095238095,1.0,3.0,0.0,1.0,0.0,0.0,3.0,0.0,31,1.0,42,0.0,0.0,3.0,1.0,3.0,1.0,3.0,1.0,3.0
50,39,1.0,0,1,1,0.8181818181818182,0.8095238095238095,1.0,3.0,0.0,1.0,0.0,0.0,3.0,0.0,32,1.0,42,0.0,0.0,3.0,1.0,3.0,1.0,3.0,1.0,3.0
51,39,1.0,0,1,1,0.8181818181818182,0.8095238095238095,1.0,3.0,0.0,1.0,0.0,0.0,3.0,0.0,33,1.0,42,0.0,0.0,3.0,1.0,3.0,1.0,3.0,1.0,3.0
52,39,1.0,0,1,1,0.8181818181818182,0.8095238095238095,1.0,3.0,0.0,1.0,0.0,0.0,3.0,0.0,34,1.0,42,0.0,0.0,3.0,1.0,3.0,1.0,3.0,1.0,3.0
53,39,1.0,0,1,1,0.8181818181818182,0.8095238095238095,1.0,3.0,0.0,1.0,0.0,0.0,3.0,0.0,35,1.0,42,0.0,0.0,3.0,1.0,3.0,1.0,3.0,1.0,3.0
54,39,1.0,0,1,1,0.8181818181818182,0.8095238095238095,1.0,3.0,0.0,1.0,0.0,0.0,3.0,0.0,36,1.0,43,0.0,0.0,3.0,1.0,3.0,1.0,3.0,1.0,3.0
55,39,1.0,0,1,1,0.8181818181818182,0.8095238095238095,1.0,3.0,0.0,1.0,0.0,0.0,3.0,0.0,37,1.0,43,0.0,0.0,3.0,1.0,3.0,1.0,3.0,1.0,3.0
56,39,1.0,0,1,1,0.8181818181818182,0.8095238095238095,1.0,3.0,0.0,1.0,0.0,0.0,3.0,0.0,38,1.0,43,0.0,0.0,3.0,1.0,3.0,1.0,3.0,1.0,3.0
57,39,1.0,0,1,1,0.8181818181818182,0.8095238095238095,1.0,3.0,0.0,1.0,0.0,0.0,3.0,0.0,39,1.0,43,0.0,0.0,3.0,1.0,3.0,1.0,3.0,1.0,3.0
58,39,1.0,0,1,1,0.8181818181818182,0.8095238095238095,1.0,3.0,0.0,1.0,0.0,0.0,3.0,0.0,40,1.0,43,0.0,0.0,3.0,1.0,3.0,1.0,3.0,1.0,3.0
59,39,1.0,0,1,1,0.8181818181818182,0.8095238095238095,1.0,3.0,0.0,1.0,0.0,0.0,3.0,0.0,41,1.0,43,0.0,0.0,3.0,1.0,3.0,1.0,3.0,1.0,3.0
60,39,1.0,0,1,1,0.8181818181818182,0.8095238095238095,1.0,3.0,0.0,1.0,0.0,0.0,3.0,0.0,42,1.0,43,0.0,0.0,3.0,1.0,3.0,1.0,3.0,1.0,3.0
61,39,1.0,0,1,1,0.8181818181818182,0.8095238095238095,1.0,3.0,0.0,1.0,0.0,0.0,3.0,0.0,43,1.0,43,0.0,0.0,3.0,1.0,3.0,1.0,3.0,1.0,3.0
62,39,1.0,0,1,1,0.8181818181818182,0.8095238095238095,1.0,3.0,0.0,1.0,0.0,0.0,3.0,0.0,44,1.0,43,0.0,0.0,3.0,1.0,3.0,1.0,3.0,1.0,3.0
63,39,1.0,0,1,1,0.8181818181818182,0.8095238095238095,1.0,3.0,0.0,1.0,0.0,0.0,3.0,0.0,45,1.0,43,0.0,0.0,3.0,1.0,3.0,1.0,3.0,1.0,3.0
64,39,1.0,0,1,1,0.8181818181818182,0.8095238095238095,1.0,3.0,0.0,1.0,0.0,0.0,3.0,0.0,46,1.0,43,0.0,0.0,3.0,1.0,3.0,1.0,3.0,1.0,3.0
65,39,1.0,0,1,1,0.8181818181818182,0.8095238095238095,1.0,3.0,0.0,1.0,0.0,0.0,3.0,0.0,47,1.0,43,0.0,0.0,3.0,1.0,3.0,1.0,3.0,1.0,3.0
66,39,1.0,0,1,1,0.8181818181818182,0.8095238095238095,1.0,3.0,0.0,1.0,0.0,0.0,3.0,0.0,48,1.0,43,0.0,0.0,3.0,1.0,3.0,1.0,3.0,1.0,3.0
67,39,1.0,0,1,1,0.8181818181818182,0.8095238095238095,1.0,3.0,0.0,1.0,0.0,0.0,3.0,0.0,49,1.0,43,0.0,0.0,3.0,1.0,3.0,1.0,3.0,1.0,3.0
68,39,1.0,0,1,1,0.8181818181818182,0.8095238095238095,1.0,3.0,0.0,1.0,0.0,0.0,3.0,0.0,50,1.0,43,0.0,0.0,3.0,1.0,3.0,1.0,3.0,1.0,3.0
69,39,1.0,0,1,1,0.8181818181818182,0.8095238095238095,1.0,3.0,0.0,1.0,0.0,0.0,3.0,0.0,51,1.0,43,0.0,0.0,3.0,1.0,3.0,1.0,3.0,1.0,3.0
70,39,1.0,0,1,1,0.8181818181818182,0.8095238095238095,1.0,3.0,0.0,1.0,0.0,0.0,3.0,0.0,52,1.0,43,0.0,0.0,3.0,1.0,3.0,1.0,3.0,1.0,3.0
71,39,1.0,0,1,1,0.8181818181818182,0.8095238095238095,1.0,3.0,0.0,1.0,0.0,0.0,3.0,0.0,53,1.0,43,0.0,0.0,3.0,1.0,3.0,1.0,3.0,1.0,3.0
72,39,1.0,0,1,1,0.8181818181818182,0.8095238095238095,1.0,3.0,0.0,1.0,0.0,0.0,3.0,0.0,54,1.0,43,0.0,0.0,3.0,1.0,3.0,1.0,3.0,1.0,3.0
73,39,1.0,0,1,1,0.8181818181818182,0.8095238095238095,1.0,3.0,0.0,1.0,0.0,0.0,3.0,0.0,55,1.0,43,0.0,0.0,3.0,1.0,3.0,1.0,3.0,1.0,3.0
74,39,1.0,0,1,1,0.8181818181818182,0.8095238095238095,1.0,3.0,0.0,1.0,0.0,0.0,3.0,0.0,56,1.0,43,0.0,0.0,3.0,1.0,3.0,1.0,3.0,1.0,3.0
75,39,1.0,0,1,1,0.8181818181818182,0.8095238095238095,1.0,3.0,0.0,1.0,0.0,0.0,3.0,0.0,57,1.0,43,0.0,0.0,3.0,1.0,3.0,1.0,3.0,1.0,3.0
76,39,1.0,0,1,1,0.8181818181818182,0.8095238095238095,1.0,3.0,0.0,1.0,0.0,0.0,3.0,0.0,58,1.0,43,0.0,0.0,3.0,1.0,3.0,1.0,3.0,1.0,3.0
77,39,1.0,0,1,1,0.8181818181818182,0.8095238095238095,1.0,3.0,0.0,1.0,0.0,0.0,3.0,0.0,59,1.0,43,0.0,0.0,3.0,1.0,3.0,1.0,3.0,1.0,3.0
78,39,1.0,0,1,1,0.8181818181818182,0.8095238095238095,1.0,3.0,0.0,1.0,0.0,0.0,3.0,0.0,60,1.0,43,0.0,0.0,3.0,1.0,3.0,1.0,3.0,1.0,3.0
79,39,1.0,0,1,1,0.8181818181818182,0.8095238095238095,1.0,3.0,0.0,1.0,0.0,0.0,3.0,0.0,61,1.0,43,0.0,0.0,3.0,1.0,3.0,1.0,3.0,1.0,3.0
80,39,1.0,0,1,1,0.8181818181818182,0.8095238095238095,1.0,3.0,0.0,1.0,0.0,0.0,3.0,0.0,62,1.0,43,0.0,0.0,3.0,1.0,3.0,1.0,3.0,1.0,3.0
81,39,1.0,0,1,1,0.8181818181818182,0.8095238095238095,1.0,3.0,0.0,1.0,0.0,0.0,3.0,0.0,63,1.0,43,0.0,0.0,3.0,1.0,3.0,1.0,3.0,1.0,3.0
82,39,1.0,0,1,1,0.8181818181818182,0.8095238095238095,1.0,3.0,0.0,1.0,0.0,0.0,3.0,0.0,64,1.0,43,0.0,0.0,3.0,1.0,3.0,1.0,3.0,1.0,3.0
83,39,1.0,0,1,1,0.8181818181818182,0.8095238095238095,1.0,3.0,0.0,1.0,0.0,0.0,3.0,0.0,65,1.0,43,0.0,0.0,3.0,1.0,3.0,1.0,3.0,1.0,3.0
84,39,1.0,0,1,1,0.8181818181818182,0.8095238095238095,1.0,3.0,0.0,1.0,0.0,0.0,3.0,0.0,66,1.0,43,0.0,0.0,3.0,1.0,3.0,1.0,3.0,1.0,3.0
85,39,1.0,0,1,1,0.8181818181818182,0.8095238095238095,1.0,3.0,0.0,1.0,0.0,0.0,3.0,0.0,67,1.0,43,0.0,0.0,3.0,1.0,3.0,1.0,3.0,1.0,3.0
86,39,1.0,0,1,1,0.8181818181818182,0.8095238095238095,1.0,3.0,0.0,1.0,0.0,0.0,3.0,0.0,68,1.0,43,0.0,0.0,3.0,1.0,3.0,1.0,3.0,1.0,3.0
87,39,1.0,0,1,1,0.8181818181818182,0.8095238095238095,1.0,3.0,0.0,1.0,0.0,0.0,3.0,0.0,69,1.0,43,0.0,0.0,3.0,1.0,3.0,1.0,3.0,1.0,3.0
88,39,1.0,0,1,1,0.8181818181818182,0.8095238095238095,1.0,3.0,0.0,1.0,0.0,0.0,3.0,0.0,70,1.0,43,0.0,0.0,3.0,1.0,3.0,1.0,3.0,1.0,3.0
89,39,1.0,0,1,1,0.8181818181818182,0.8095238095238095,1.0,3.0,0.0,1.0,0.0,0.0,3.0,0.0,71,1.0,43,0.0,0.0,3.0,1.0,3.0,1.0,3.0,1.0,3.0
90,39,1.0,0,1,1,0.8181818181818182,0.8095238095238095,1.0,3.0,0.0,1.0,0.0,0.0,3.0,0.0,72,1.0,43,0.0,0.0,3.0,1.0,3.0,1.0,3.0,1.0,3.0
91,39,1.0,0,1,1,0.8181818181818182,0.8095238095238095,1.0,3.0,0.0,1.0,0.0,0.0,3.0,0.0,73,1.0,43,0.0,0.0,3.0,1.0,3.0,1.0,3.0,1.0,3.0
92,39,1.0,0,1,1,0.8181818181818182,0.8095238095238095,1.0,3.0,0.0,1.0,0.0,0.0,3.0,0.0,74,1.0,43,0.0,0.0,3.0,1.0,3.0,1.0,3.0,1.0,3.0
93,39,1.0,0,1,1,0.8181818181818182,0.8095238095238095,1.0,3.0,0.0,1.0,0.0,0.0,3.0,0.0,75,1.0,43,0.0,0.0,3.0,1.0,3.0,1.0,3.0,1.0,3.0
94,39,1.0,0,1,1,0.8181818181818182,0.8095238095238095,1.0,3.0,0.0,1.0,0.0,0.0,3.0,0.0,76,1.0,43,0.0,0.0,3.0,1.0,3.0,1.0,3.0,1.0,3.0
95,39,1.0,0,1,1,0.8181818181818182,0.8095238095238095,1.0,3.0,0.0,1.0,0.0,0.0,3.0,0.0,77,1.0,43,0.0,0.0,3.0,1.0,3.0,1.0,3.0,1.0,3.0
96,39,1.0,0,1,1,0.8181818181818182,0.8095238095238095,1.0,3.0,0.0,1.0,0.0,0.0,3.0,0.0,78,1.0,43,0.0,0.0,3.0,1.0,3.0,1.0,3.0,1.0,3.0
97,39,1.0,0,1,1,0.8181818181818182,0.8095238095238095,1.0,3.0,0.0,1.0,0.0,0.0,3.0,0.0,79,1.0,43,0.0,0.0,3.0,1.0,3.0,1.0,3.0,1.0,3.0
98,39,1.0,0,1,1,0.8181818181818182,0.8095238095238095,1.0,3.0,0.0,1.0,0.0,0.0,3.0,0.0,80,1.0,43,0.0,0.0,3.0,1.0,3.0,1.0,3.0,1.0,3.0
99,39,1.0,0,1,1,0.8181818181818182,0.8095238095238095,1.0,3.0,0.0,1.0,0.0,0.0,3.0,0.0,81,1.0,43,0.0,0.0,3.0,1.0,3.0,1.0,3.0,1.0,3.0
100,39,1.0,0,1,1,0.8181818181818182,0.8095238095238095,1.0,3.0,0.0,1.0,0.0,0.0,3.0,0.0,82,1.0,43,0.0,0.0,3.0,1.0,3.0,1.0,3.0,1.0,3.0
101,39,1.0,0,1,1,0.8181818181818182,0.8095238095238095,1.0,3.0,0.0,1.0,0.0,0.0,3.0,0.0,83,1.0,43,0.0,0.0,3.0,1.0,3.0,1.0,3.0,1.0,3.0
102,39,1.0,0,1,1,0.8181818181818182,0.8095238095238095,1.0,3.0,0.0,1.0,0.0,0.0,3.0,0.0,84,1.0,43,0.0,0.0,3.0,1.0,3.0,1.0,3.0,1.0,3.0
103,39,1.0,0,1,1,0.8181818181818182,0.8095238095238095,1.0,3.0,0.0,1.0,0.0,0.0,3.0,0.0,85,1.0,43,0.0,0.0,3.0,1.0,3.0,1.0,3.0,1.0,3.0
104,39,1.0,0,1,1,0.8181818181818182,0.8095238095238095,1.0,3.0,0.0,1.0,0.0,0.0,3.0,0.0,86,1.0,43,0.0,0.0,3.0,1.0,3.0,1.0,3.0,1.0,3.0
105,39,1.0,0,1,1,0.8181818181818182,0.8095238095238095,1.0,3.0,0.0,1.0,0.0,0.0,3.0,0.0,87,1.0,43,0.0,0.0,3.0,1.0,3.0,1.0,3.0,1.0,3.0
106,39,1.0,0,1,1,0.8181818181818182,0.8095238095238095,1.0,3.0,0.0,1.0,0.0,0.0,3.0,0.0,88,1.0,43,0.0,0.0,3.0,1.0,3.0,1.0,3.0,1.0,3.0
107,39,1.0,0,1,1,0.8181818181818182,0.8095238095238095,1.0,3.0,0.0,1.0,0.0,0.0,3.0,0.0,89,1.0,43,0.0,0.0,3.0,1.0,3.0,1.0,3.0,1.0,3.0
108,39,1.0,0,1,1,0.8181818181818182,0.8095238095238095,1.0,3.0,0.0,1.0,0.0,0.0,3.0,0.0,90,1.0,43,0.0,0.0,3.0,1.0,3.0,1.0,3.0,1.0,3.0
109,39,1.0,0,1,1,0.8181818181818182,0.8095238095238095,1.0,3.0,0.0,1.0,0.0,0.0,3.0,0.0,91,1.0,43,0.0,0.0,3.0,1.0,3.0,1.0,3.0,1.0,3.0
110,39,1.0,0,1,1,0.8181818181818182,0.8095238095238095,1.0,3.0,0.0,1.0,0.0,0.0,3.0,0.0,92,1.0,43,0.0,0.0,3.0,1.0,3.0,1.0,3.0,1.0,3.0
111,39,1.0,0,1,1,0.8181818181818182,0.8095238095238095,1.0,3.0,0.0,1.0,0.0,0.0,3.0,0.0,93,1.0,43,0.0,0.0,3.0,1.0,3.0,1.0,3.0,1.0,3.0
112,39,1.0,0,1,1,0.8181818181818182,0.8095238095238095,1.0,3.0,0.0,1.0,0.0,0.0,3.0,0.0,94,1.0,43,0.0,0.0,3.0,1.0,3.0,1.0,3.0,1.0,3.0
113,39,1.0,0,1,1,0.8181818181818182,0.8095238095238095,1.0,3.0,0.0,1.0,0.0,0.0,3.0,0.0,95,1.0,43,0.0,0.0,3.0,1.0,3.0,1.0,3.0,1.0,3.0
114,39,1.0,0,1,1,0.8181818181818182,0.8095238095238095,1.0,3.0,0.0,1.0,0.0,0.0,3.0,0.0,96,1.0,43,0.0,0.0,3.0,1.0,3.0,1.0,3.0,1.0,3.0
115,39,1.0,0,1,1,0.8181818181818182,0.8095238095238095,1.0,3.0,0.0,1.0,0.0,0.0,3.0,0.0,97,1.0,43,0.0,0.0,3.0,1.0,3.0,1.0,3.0,1.0,3.0
116,39,1.0,0,1,1,0.8181818181818182,0.8095238095238095,1.0,3.0,0.0,1.0,0.0,0.0,3.0,0.0,98,1.0,43,0.0,0.0,3.0,1.0,3.0,1.0,3.0,1.0,3.0
117,39,1.0,0,1,1,0.8181818181818182,0.8095238095238095,1.0,3.0,0.0,1.0,0.0,0.0,3.0,0.0,99,1.0,43,0.0,0.0,3.0,1.0,3.0,1.0,3.0,1.0,3.0
118,39,1.0,0,1,1,0.8181818181818182,0.8095238095238095,1.0,3.0,0.0,1.0,0.0,0.0,3.0,0.0,100,1.0,43,0.0,0.0,3.0,1.0,3.0,1.0,3.0,1.0,3.0
119,39,1.0,0,1,1,0.8181818181818182,0.8095238095238095,1.0,3.0,0.0,1.0,0.0,0.0,3.0,0.0,101,1.0,43,0.0,0.0,3.0,1.0,3.0,1.0,3.0,1.0,3.0
120,39,1.0,0,1,1,0.8181818181818182,0.8095238095238095,1.0,3.0,0.0,1.0,0.0,0.0,3.0,0.0,102,1.0,43,0.0,0.0,3.0,1.0,3.0,1.0,3.0,1.0,3.0
121,39,1.0,0,1,1,0.8181818181818182,0.8095238095238095,1.0,3.0,0.0,1.0,0.0,0.0,3.0,0.0,103,1.0,43,0.0,0.0,3.0,1.0,3.0,1.0,3.0,1.0,3.0
122,39,1.0,0,1,1,0.8181818181818182,0.8095238095238095,1.0,3.0,0.0,1.0,0.0,0.0,3.0,0.0,104,1.0,43,0.0,0.0,3.0,1.0,3.0,1.0,3.0,1.0,3.0
1,40,1.0,1,0,1,0.8636363636363636,1.0,6.0,8.0,0.0,6.0,0.0,0.0,8.0,0.0,0,0.0,0,0.0,0.0,1.3333333333333333,0.0,0.0,0.0,0.0,0.0,0.0
2,40,1.0,1,0,1,0.8636363636363636,1.0,6.0,8.0,0.0,6.0,0.0,0.0,8.0,0.0,1,0.5,43,0.0,0.0,1.3333333333333333,6.0,8.0,0.0,0.0,0.0,0.0
3,40,1.0,1,0,1,0.8636363636363636,1.0,6.0,8.0,0.0,6.0,0.0,0.0,8.0,0.0,2,0.6666666666666666,43,0.0,0.0,1.3333333333333333,6.0,8.0,6.0,8.0,0.0,0.0
4,40,1.0,0,1,1,0.8636363636363636,1.0,6.0,8.0,0.0,6.0,0.0,0.0,8.0,0.0,3,0.75,43,0.0,0.0,1.3333333333333333,6.0,8.0,6.0,8.0,6.0,8.0
5,40,1.0,0,1,1,0.8636363636363636,1.0,6.0,8.0,0.0,6.0,0.0,0.0,8.0,0.0,4,0.8,43,0.0,0.0,1.3333333333333333,6.0,8.0,6.0,8.0,6.0,8.0
6,40,1.0,0,1,1,0.8636363636363636,1.0,5.8,8.0,-1.4619519810524544,6.0,0.0,0.0,8.0,0.0,5,1.0,25,-1.0,0.0,1.6,6.0,8.0,6.0,8.0,6.0,8.0
7,40,1.0,0,1,1,0.8636363636363636,1.0,5.4,7.8,-1.40784565493656,6.0,0.0,-1.4619519810524544,8.0,0.0,6,1.0,25,-2.0,-1.0,1.75,5.0,8.0,6.0,8.0,6.0,8.0
8,40,0.0,0,1,1,0.8636363636363636,1.0,4.8,7.6,-1.2821969620550018,6.0,0.0,-0.9263225327693089,8.0,0.0,7,1.0,26,-3.0,-1.0,2.3333333333333335,4.0,7.0,5.0,8.0,6.0,8.0
9,40,0.0,0,1,1,0.8636363636363636,1.0,4.0,7.0,-1.1896697430395096,6.0,0.0,-1.5097246595860256,8.0,0.0,8,1.0,25,-4.0,-3.0,2.5,3.0,7.0,4.0,7.0,5.0,8.0
10,40,0.0,0,1,1,0.8636363636363636,1.0,3.2,6.4,-0.8547979747033349,5.0,0.0,-0.971115698938449,8.0,0.0,9,1.0,25,-4.0,-3.0,2.5,2.0,5.0,3.0,7.0,4.0,7.0
11,40,0.0,0,1,1,0.8636363636363636,1.0,2.6,5.6,-0.6033624235442399,4.0,-2.0,-1.1098465130725126,7.0,-4.0,10,1.0,27,-3.0,-4.0,2.0,2.0,5.0,2.0,5.0,3.0,7.0
12,40,0.0,0,1,1,0.8636363636363636,1.0,2.2,5.0,-0.3654879952631137,3.0,0.0,-0.7548623297930128,7.0,-2.0,11,1.0,33,-2.0,-3.0,2.0,2.0,4.0,2.0,5.0,2.0,5.0
13,40,0.0,0,1,1,0.8181818181818182,1.0,2.0,4.4,0.0,2.0,2.0,-0.6175483551795404,5.0,-2.0,0,0.8,31,-1.0,-3.0,2.0,2.0,4.0,2.0,4.0,2.0,5.0
14,40,0.0,0,1,1,0.7727272727272727,1.0,2.2,4.4,1.4619519810524544,3.0,5.0,0.9263225327693092,5.0,3.0,0,0.6,26,1.0,0.0,1.6666666666666667,2.0,4.0,2.0,4.0,2.0,4.0
15,40,1.0,0,1,1,0.7727272727272727,0.9523809523809523,2.2,4.4,-0.365487995263114,3.0,4.0,0.9263225327693092,5.0,3.0,0,0.4,29,0.0,0.0,2.5,3.0,5.0,2.0,4.0,2.0,4.0
16,40,1.0,0,1,1,0.7727272727272727,0.9047619047619048,2.4,4.6,0.9263225327693094,3.0,4.0,0.6175483551795404,5.0,5.0,0,0.2,29,1.0,1.0,1.6666666666666667,2.0,5.0,3.0,5.0,2.0,4.0
17,40,1.0,0,1,1,0.7727272727272727,0.8571428571428571,2.6,4.6,0.6175483551795394,3.0,3.0,-0.9263225327693092,5.0,3.0,0,0.0,29,1.0,0.0,1.3333333333333333,3.0,5.0,2.0,5.0,3.0,5.0
18,40,1.0,0,1,1,0.7727272727272727,0.8095238095238095,3.0,4.6,1.2389934309929542,4.0,3.0,-0.9263225327693092,5.0,3.0,0,0.0,30,2.0,0.0,1.0,3.0,4.0,3.0,5.0,2.0,5.0
19,40,1.0,0,1,1,0.7727272727272727,0.8095238095238095,3.2,4.4,0.8540985814887831,4.0,0.0,-0.6175483551795404,5.0,-1.0,1,0.2,33,1.0,-1.0,1.0,4.0,4.0,3.0,4.0,3.0,5.0
20,40,1.0,0,1,1,0.7727272727272727,0.8095238095238095,3.6,4.2,0.6175483551795397,4.0,2.0,-0.36548799526311415,5.0,-1.0,2,0.4,32,2.0,-1.0,1.0,4.0,4.0,4.0,4.0,3.0,4.0
21,40,1.0,0,1,1,0.7727272727272727,0.8095238095238095,3.8,4.0,0.36548799526311415,4.0,0.0,0.0,4.0,-2.0,3,0.6,32,1.0,-1.0,1.0,4.0,4.0,4.0,4.0,4.0,4.0
22,40,1.0,0,1,1,0.7727272727272727,0.8095238095238095,4.0,4.0,0.0,4.0,0.0,0.0,4.0,0.0,4,0.8,33,1.0,0.0,1.0,4.0,4.0,4.0,4.0,4.0,4.0
23,40,1.0,0,1,1,0.7727272727272727,0.8095238095238095,4.0,4.0,0.0,4.0,-2.0,0.0,4.0,0.0,5,1.0,34,0.0,0.0,1.0,4.0,4.0,4.0,4.0,4.0,4.0
24,40,1.0,0,1,1,0.7727272727272727,0.8095238095238095,4.0,4.0,0.0,4.0,-1.0,0.0,4.0,1.0,6,1.0,34,0.0,0.0,1.0,4.0,4.0,4.0,4.0,4.0,4.0
25,40,1.0,0,1,1,0.7727272727272727,0.8095238095238095,3.8,4.0,-1.4619519810524544,4.0,-3.0,0.0,4.0,1.0,7,1.0,32,-1.0,0.0,1.3333333333333333,4.0,4.0,4.0,4.0,4.0,4.0
26,40,1.0,0,1,1,0.7727272727272727,0.8095238095238095,3.4,4.0,-1.4078456549365599,4.0,-3.0,0.0,4.0,1.0,8,1.0,35,-2.0,0.0,2.0,3.0,4.0,4.0,4.0,4.0,4.0
27,40,1.0,0,1,1,0.7727272727272727,0.8095238095238095,3.0,3.8,-0.9090909090909092,4.0,-3.0,-1.4619519810524544,4.0,-1.0,9,1.0,36,-2.0,-1.0,1.5,2.0,4.0,3.0,4.0,4.0,4.0
28,40,1.0,0,1,1,0.7727272727272727,0.8095238095238095,2.6,3.6,-0.6033624235442401,4.0,-2.0,-0.9263225327693094,4.0,-1.0,10,1.0,34,-2.0,-1.0,1.5,2.0,3.0,2.0,4.0,3.0,4.0
29,40,1.0,0,1,1,0.7727272727272727,0.8095238095238095,2.0,3.6,-1.2389934309929542,3.0,-3.0,0.6175483551795394,4.0,0.0,11,1.0,33,-3.0,0.0,4.0,2.0,3.0,2.0,3.0,2.0,4.0
30,40,1.0,0,1,1,0.7727272727272727,0.8095238095238095,1.6,3.6,-0.9263225327693094,2.0,-1.0,0.6175483551795394,4.0,0.0,12,1.0,35,-2.0,0.0,4.0,1.0,4.0,2.0,3.0,2.0,3.0
31,40,1.0,0,1,1,0.7727272727272727,0.8095238095238095,1.4,3.4,-0.6175483551795394,2.0,1.0,-0.6175483551795394,4.0,-1.0,13,1.0,36,-1.0,-1.0,3.0,1.0,4.0,1.0,4.0,2.0,3.0
32,40,1.0,0,1,1,0.7727272727272727,0.8095238095238095,1.2,3.4,-0.3654879952631136,2.0,1.0,-0.6175483551795394,4.0,1.0,14,1.0,37,-1.0,0.0,3.0,1.0,3.0,1.0,4.0,1.0,4.0
33,40,1.0,0,1,1,0.7727272727272727,0.8095238095238095,1.0,3.4,0.0,1.0,1.0,-0.6175483551795394,4.0,1.0,15,1.0,39,-1.0,0.0,3.0,1.0,3.0,1.0,3.0,1.0,4.0
34,40,1.0,0,1,1,0.7727272727272727,0.8095238095238095,1.0,3.2,0.0,1.0,3.0,-0.365487995263114,4.0,-1.0,16,1.0,39,0.0,-1.0,3.0,1.0,3.0,1.0,3.0,1.0,3.0
35,40,1.0,0,1,1,0.7727272727272727,0.8095238095238095,1.0,3.0,0.0,1.0,2.0,0.0,3.0,-1.0,17,1.0,38,0.0,-1.0,3.0,1.0,3.0,1.0,3.0,1.0,3.0
36,40,1.0,0,1,1,0.7727272727272727,0.8095238095238095,1.0,3.0,0.0,1.0,1.0,0.0,3.0,1.0,18,1.0,38,0.0,0.0,3.0,1.0,3.0,1.0,3.0,1.0,3.0
37,40,1.0,0,1,1,0.7727272727272727,0.8095238095238095,1.0,3.0,0.0,1.0,1.0,0.0,3.0,0.0,19,1.0,39,0.0,0.0,3.0,1.0,3.0,1.0,3.0,1.0,3.0
38,40,1.0,0,1,1,0.7727272727272727,0.8095238095238095,1.0,3.0,0.0,1.0,1.0,0.0,3.0,0.0,20,1.0,38,0.0,0.0,3.0,1.0,3.0,1.0,3.0,1.0,3.0
39,40,1.0,0,1,1,0.7727272727272727,0.8095238095238095,1.0,3.0,0.0,1.0,0.0,0.0,3.0,1.0,21,1.0,38,0.0,0.0,3.0,1.0,3.0,1.0,3.0,1.0,3.0
40,40,1.0,0,1,1,0.7727272727272727,0.8095238095238095,1.0,3.0,0.0,1.0,0.0,0.0,3.0,1.0,22,1.0,40,0.0,0.0,3.0,1.0,3.0,1.0,3.0,1.0,3.0
41,40,1.0,0,1,1,0.7727272727272727,0.8095238095238095,1.0,3.0,0.0,1.0,0.0,0.0,3.0,0.0,23,1.0,41,0.0,0.0,3.0,1.0,3.0,1.0,3.0,1.0,3.0
42,40,1.0,0,1,1,0.7727272727272727,0.8095238095238095,1.0,3.0,0.0,1.0,0.0,0.0,3.0,0.0,24,1.0,41,0.0,0.0,3.0,1.0,3.0,1.0,3.0,1.0,3.0
43,40,1.0,0,1,1,0.7727272727272727,0.8095238095238095,1.0,3.0,0.0,1.0,0.0,0.0,3.0,0.0,25,1.0,41,0.0,0.0,3.0,1.0,3.0,1.0,3.0,1.0,3.0
44,40,1.0,0,1,1,0.7727272727272727,0.8095238095238095,1.0,3.0,0.0,1.0,0.0,0.0,3.0,0.0,26,1.0,42,0.0,0.0,3.0,1.0,3.0,1.0,3.0,1.0,3.0
45,40,1.0,0,1,1,0.7727272727272727,0.8095238095238095,1.0,3.0,0.0,1.0,0.0,0.0,3.0,0.0,27,1.0,41,0.0,0.0,3.0,1.0,3.0,1.0,3.0,1.0,3.0
46,40,1.0,0,1,1,0.7727272727272727,0.8095238095238095,1.0,3.0,0.0,1.0,0.0,0.0,3.0,0.0,28,1.0,41,0.0,0.0,3.0,1.0,3.0,1.0,3.0,1.0,3.0
47,40,1.0,0,1,1,0.7727272727272727,0.8095238095238095,1.0,3.0,0.0,1.0,0.0,0.0,3.0,0.0,29,1.0,41,0.0,0.0,3.0,1.0,3.0,1.0,3.0,1.0,3.0
48,40,1.0,0,1,1,0.7727272727272727,0.8095238095238095,1.0,3.0,0.0,1.0,0.0,0.0,3.0,0.0,30,1.0,42,0.0,0.0,3.0,1.0,3.0,1.0,3.0,1.0,3.0
49,40,1.0,0,1,1,0.7727272727272727,0.8095238095238095,1.0,3.0,0.0,1.0,0.0,0.0,3.0,0.0,31,1.0,42,0.0,0.0,3.0,1.0,3.0,1.0,3.0,1.0,3.0
50,40,1.0,0,1,1,0.7727272727272727,0.8095238095238095,1.0,3.0,0.0,1.0,0.0,0.0,3.0,0.0,32,1.0,42,0.0,0.0,3.0,1.0,3.0,1.0,3.0,1.0,3.0
51,40,1.0,0,1,1,0.7727272727272727,0.8095238095238095,1.0,3.0,0.0,1.0,0.0,0.0,3.0,0.0,33,1.0,42,0.0,0.0,3.0,1.0,3.0,1.0,3.0,1.0,3.0
52,40,1.0,0,1,1,0.7727272727272727,0.8095238095238095,1.0,3.0,0.0,1.0,0.0,0.0,3.0,0.0,34,1.0,42,0.0,0.0,3.0,1.0,3.0,1.0,3.0,1.0,3.0
53,40,1.0,0,1,1,0.7727272727272727,0.8095238095238095,1.0,3.0,0.0,1.0,0.0,0.0,3.0,0.0,35,1.0,42,0.0,0.0,3.0,1.0,3.0,1.0,3.0,1.0,3.0
54,40,1.0,0,1,1,0.7727272727272727,0.8095238095238095,1.0,3.0,0.0,1.0,0.0,0.0,3.0,0.0,36,1.0,43,0.0,0.0,3.0,1.0,3.0,1.0,3.0,1.0,3.0
55,40,1.0,0,1,1,0.7727272727272727,0.8095238095238095,1.0,3.0,0.0,1.0,0.0,0.0,3.0,0.0,37,1.0,43,0.0,0.0,3.0,1.0,3.0,1.0,3.0,1.0,3.0
56,40,1.0,0,1,1,0.7727272727272727,0.8095238095238095,1.0,3.0,0.0,1.0,0.0,0.0,3.0,0.0,38,1.0,43,0.0,0.0,3.0,1.0,3.0,1.0,3.0,1.0,3.0
57,40,1.0,0,1,1,0.7727272727272727,0.8095238095238095,1.0,3.0,0.0,1.0,0.0,0.0,3.0,0.0,39,1.0,43,0.0,0.0,3.0,1.0,3.0,1.0,3.0,1.0,3.0
58,40,1.0,0,1,1,0.7727272727272727,0.8095238095238095,1.0,3.0,0.0,1.0,0.0,0.0,3.0,0.0,40,1.0,43,0.0,0.0,3.0,1.0,3.0,1.0,3.0,1.0,3.0
59,40,1.0,0,1,1,0.7727272727272727,0.8095238095238095,1.0,3.0,0.0,1.0,0.0,0.0,3.0,0.0,41,1.0,43,0.0,0.0,3.0,1.0,3.0,1.0,3.0,1.0,3.0
60,40,1.0,0,1,1,0.7727272727272727,0.8095238095238095,1.0,3.0,0.0,1.0,0.0,0.0,3.0,0.0,42,1.0,43,0.0,0.0,3.0,1.0,3.0,1.0,3.0,1.0,3.0
61,40,1.0,0,1,1,0.7727272727272727,0.8095238095238095,1.0,3.0,0.0,1.0,0.0,0.0,3.0,0.0,43,1.0,43,0.0,0.0,3.0,1.0,3.0,1.0,3.0,1.0,3.0
62,40,1.0,0,1,1,0.7727272727272727,0.8095238095238095,1.0,3.0,0.0,1.0,0.0,0.0,3.0,0.0,44,1.0,43,0.0,0.0,3.0,1.0,3.0,1.0,3.0,1.0,3.0
63,40,1.0,0,1,1,0.7727272727272727,0.8095238095238095,1.0,3.0,0.0,1.0,0.0,0.0,3.0,0.0,45,1.0,43,0.0,0.0,3.0,1.0,3.0,1.0,3.0,1.0,3.0
64,40,1.0,0,1,1,0.7727272727272727,0.8095238095238095,1.0,3.0,0.0,1.0,0.0,0.0,3.0,0.0,46,1.0,43,0.0,0.0,3.0,1.0,3.0,1.0,3.0,1.0,3.0
65,40,1.0,0,1,1,0.7727272727272727,0.8095238095238095,1.0,3.0,0.0,1.0,0.0,0.0,3.0,0.0,47,1.0,43,0.0,0.0,3.0,1.0,3.0,1.0,3.0,1.0,3.0
66,40,1.0,0,1,1,0.7727272727272727,0.8095238095238095,1.0,3.0,0.0,1.0,0.0,0.0,3.0,0.0,48,1.0,43,0.0,0.0,3.0,1.0,3.0,1.0,3.0,1.0,3.0
67,40,1.0,0,1,1,0.7727272727272727,0.8095238095238095,1.0,3.0,0.0,1.0,0.0,0.0,3.0,0.0,49,1.0,43,0.0,0.0,3.0,1.0,3.0,1.0,3.0,1.0,3.0
68,40,1.0,0,1,1,0.7727272727272727,0.8095238095238095,1.0,3.0,0.0,1.0,0.0,0.0,3.0,0.0,50,1.0,43,0.0,0.0,3.0,1.0,3.0,1.0,3.0,1.0,3.0
69,40,1.0,0,1,1,0.7727272727272727,0.8095238095238095,1.0,3.0,0.0,1.0,0.0,0.0,3.0,0.0,51,1.0,43,0.0,0.0,3.0,1.0,3.0,1.0,3.0,1.0,3.0
70,40,1.0,0,1,1,0.7727272727272727,0.8095238095238095,1.0,3.0,0.0,1.0,0.0,0.0,3.0,0.0,52,1.0,43,0.0,0.0,3.0,1.0,3.0,1.0,3.0,1.0,3.0
71,40,1.0,0,1,1,0.7727272727272727,0.8095238095238095,1.0,3.0,0.0,1.0,0.0,0.0,3.0,0.0,53,1.0,43,0.0,0.0,3.0,1.0,3.0,1.0,3.0,1.0,3.0
72,40,1.0,0,1,1,0.7727272727272727,0.8095238095238095,1.0,3.0,0.0,1.0,0.0,0.0,3.0,0.0,54,1.0,43,0.0,0.0,3.0,1.0,3.0,1.0,3.0,1.0,3.0
73,40,1.0,0,1,1,0.7727272727272727,0.8095238095238095,1.0,3.0,0.0,1.0,0.0,0.0,3.0,0.0,55,1.0,43,0.0,0.0,3.0,1.0,3.0,1.0,3.0,1.0,3.0
74,40,1.0,0,1,1,0.7727272727272727,0.8095238095238095,1.0,3.0,0.0,1.0,0.0,0.0,3.0,0.0,56,1.0,43,0.0,0.0,3.0,1.0,3.0,1.0,3.0,1.0,3.0
75,40,1.0,0,1,1,0.7727272727272727,0.8095238095238095,1.0,3.0,0.0,1.0,0.0,0.0,3.0,0.0,57,1.0,43,0.0,0.0,3.0,1.0,3.0,1.0,3.0,1.0,3.0
76,40,1.0,0,1,1,0.7727272727272727,0.8095238095238095,1.0,3.0,0.0,1.0,0.0,0.0,3.0,0.0,58,1.0,43,0.0,0.0,3.0,1.0,3.0,1.0,3.0,1.0,3.0
77,40,1.0,0,1,1,0.7727272727272727,0.8095238095238095,1.0,3.0,0.0,1.0,0.0,0.0,3.0,0.0,59,1.0,43,0.0,0.0,3.0,1.0,3.0,1.0,3.0,1.0,3.0
78,40,1.0,0,1,1,0.7727272727272727,0.8095238095238095,1.0,3.0,0.0,1.0,0.0,0.0,3.0,0.0,60,1.0,43,0.0,0.0,3.0,1.0,3.0,1.0,3.0,1.0,3.0
79,40,1.0,0,1,1,0.7727272727272727,0.8095238095238095,1.0,3.0,0.0,1.0,0.0,0.0,3.0,0.0,61,1.0,43,0.0,0.0,3.0,1.0,3.0,1.0,3.0,1.0,3.0
80,40,1.0,0,1,1,0.7727272727272727,0.8095238095238095,1.0,3.0,0.0,1.0,0.0,0.0,3.0,0.0,62,1.0,43,0.0,0.0,3.0,1.0,3.0,1.0,3.0,1.0,3.0
81,40,1.0,0,1,1,0.7727272727272727,0.8095238095238095,1.0,3.0,0.0,1.0,0.0,0.0,3.0,0.0,63,1.0,43,0.0,0.0,3.0,1.0,3.0,1.0,3.0,1.0,3.0
82,40,1.0,0,1,1,0.7727272727272727,0.8095238095238095,1.0,3.0,0.0,1.0,0.0,0.0,3.0,0.0,64,1.0,43,0.0,0.0,3.0,1.0,3.0,1.0,3.0,1.0,3.0
83,40,1.0,0,1,1,0.7727272727272727,0.8095238095238095,1.0,3.0,0.0,1.0,0.0,0.0,3.0,0.0,65,1.0,43,0.0,0.0,3.0,1.0,3.0,1.0,3.0,1.0,3.0
84,40,1.0,0,1,1,0.7727272727272727,0.8095238095238095,1.0,3.0,0.0,1.0,0.0,0.0,3.0,0.0,66,1.0,43,0.0,0.0,3.0,1.0,3.0,1.0,3.0,1.0,3.0
85,40,1.0,0,1,1,0.7727272727272727,0.8095238095238095,1.0,3.0,0.0,1.0,0.0,0.0,3.0,0.0,67,1.0,43,0.0,0.0,3.0,1.0,3.0,1.0,3.0,1.0,3.0
86,40,1.0,0,1,1,0.7727272727272727,0.8095238095238095,1.0,3.0,0.0,1.0,0.0,0.0,3.0,0.0,68,1.0,43,0.0,0.0,3.0,1.0,3.0,1.0,3.0,1.0,3.0
87,40,1.0,0,1,1,0.7727272727272727,0.8095238095238095,1.0,3.0,0.0,1.0,0.0,0.0,3.0,0.0,69,1.0,43,0.0,0.0,3.0,1.0,3.0,1.0,3.0,1.0,3.0
88,40,1.0,0,1,1,0.7727272727272727,0.8095238095238095,1.0,3.0,0.0,1.0,0.0,0.0,3.0,0.0,70,1.0,43,0.0,0.0,3.0,1.0,3.0,1.0,3.0,1.0,3.0
89,40,1.0,0,1,1,0.7727272727272727,0.8095238095238095,1.0,3.0,0.0,1.0,0.0,0.0,3.0,0.0,71,1.0,43,0.0,0.0,3.0,1.0,3.0,1.0,3.0,1.0,3.0
90,40,1.0,0,1,1,0.7727272727272727,0.8095238095238095,1.0,3.0,0.0,1.0,0.0,0.0,3.0,0.0,72,1.0,43,0.0,0.0,3.0,1.0,3.0,1.0,3.0,1.0,3.0
91,40,1.0,0,1,1,0.7727272727272727,0.8095238095238095,1.0,3.0,0.0,1.0,0.0,0.0,3.0,0.0,73,1.0,43,0.0,0.0,3.0,1.0,3.0,1.0,3.0,1.0,3.0
92,40,1.0,0,1,1,0.7727272727272727,0.8095238095238095,1.0,3.0,0.0,1.0,0.0,0.0,3.0,0.0,74,1.0,43,0.0,0.0,3.0,1.0,3.0,1.0,3.0,1.0,3.0
93,40,1.0,0,1,1,0.7727272727272727,0.8095238095238095,1.0,3.0,0.0,1.0,0.0,0.0,3.0,0.0,75,1.0,43,0.0,0.0,3.0,1.0,3.0,1.0,3.0,1.0,3.0
94,40,1.0,0,1,1,0.7727272727272727,0.8095238095238095,1.0,3.0,0.0,1.0,0.0,0.0,3.0,0.0,76,1.0,43,0.0,0.0,3.0,1.0,3.0,1.0,3.0,1.0,3.0
95,40,1.0,0,1,1,0.7727272727272727,0.8095238095238095,1.0,3.0,0.0,1.0,0.0,0.0,3.0,0.0,77,1.0,43,0.0,0.0,3.0,1.0,3.0,1.0,3.0,1.0,3.0
96,40,1.0,0,1,1,0.7727272727272727,0.8095238095238095,1.0,3.0,0.0,1.0,0.0,0.0,3.0,0.0,78,1.0,43,0.0,0.0,3.0,1.0,3.0,1.0,3.0,1.0,3.0
97,40,1.0,0,1,1,0.7727272727272727,0.8095238095238095,1.0,3.0,0.0,1.0,0.0,0.0,3.0,0.0,79,1.0,43,0.0,0.0,3.0,1.0,3.0,1.0,3.0,1.0,3.0
98,40,1.0,0,1,1,0.7727272727272727,0.8095238095238095,1.0,3.0,0.0,1.0,0.0,0.0,3.0,0.0,80,1.0,43,0.0,0.0,3.0,1.0,3.0,1.0,3.0,1.0,3.0
99,40,1.0,0,1,1,0.7727272727272727,0.8095238095238095,1.0,3.0,0.0,1.0,0.0,0.0,3.0,0.0,81,1.0,43,0.0,0.0,3.0,1.0,3.0,1.0,3.0,1.0,3.0
100,40,1.0,0,1,1,0.7727272727272727,0.8095238095238095,1.0,3.0,0.0,1.0,0.0,0.0,3.0,0.0,82,1.0,43,0.0,0.0,3.0,1.0,3.0,1.0,3.0,1.0,3.0
101,40,1.0,0,1,1,0.7727272727272727,0.8095238095238095,1.0,3.0,0.0,1.0,0.0,0.0,3.0,0.0,83,1.0,43,0.0,0.0,3.0,1.0,3.0,1.0,3.0,1.0,3.0
102,40,1.0,0,1,1,0.7727272727272727,0.8095238095238095,1.0,3.0,0.0,1.0,0.0,0.0,3.0,0.0,84,1.0,43,0.0,0.0,3.0,1.0,3.0,1.0,3.0,1.0,3.0
103,40,1.0,0,1,1,0.7727272727272727,0.8095238095238095,1.0,3.0,0.0,1.0,0.0,0.0,3.0,0.0,85,1.0,43,0.0,0.0,3.0,1.0,3.0,1.0,3.0,1.0,3.0
104,40,1.0,0,1,1,0.7727272727272727,0.8095238095238095,1.0,3.0,0.0,1.0,0.0,0.0,3.0,0.0,86,1.0,43,0.0,0.0,3.0,1.0,3.0,1.0,3.0,1.0,3.0
105,40,1.0,0,1,1,0.7727272727272727,0.8095238095238095,1.0,3.0,0.0,1.0,0.0,0.0,3.0,0.0,87,1.0,43,0.0,0.0,3.0,1.0,3.0,1.0,3.0,1.0,3.0
106,40,1.0,0,1,1,0.7727272727272727,0.8095238095238095,1.0,3.0,0.0,1.0,0.0,0.0,3.0,0.0,88,1.0,43,0.0,0.0,3.0,1.0,3.0,1.0,3.0,1.0,3.0
107,40,1.0,0,1,1,0.7727272727272727,0.8095238095238095,1.0,3.0,0.0,1.0,0.0,0.0,3.0,0.0,89,1.0,43,0.0,0.0,3.0,1.0,3.0,1.0,3.0,1.0,3.0
108,40,1.0,0,1,1,0.7727272727272727,0.8095238095238095,1.0,3.0,0.0,1.0,0.0,0.0,3.0,0.0,90,1.0,43,0.0,0.0,3.0,1.0,3.0,1.0,3.0,1.0,3.0
109,40,1.0,0,1,1,0.7727272727272727,0.8095238095238095,1.0,3.0,0.0,1.0,0.0,0.0,3.0,0.0,91,1.0,43,0.0,0.0,3.0,1.0,3.0,1.0,3.0,1.0,3.0
110,40,1.0,0,1,1,0.7727272727272727,0.8095238095238095,1.0,3.0,0.0,1.0,0.0,0.0,3.0,0.0,92,1.0,43,0.0,0.0,3.0,1.0,3.0,1.0,3.0,1.0,3.0
111,40,1.0,0,1,1,0.7727272727272727,0.8095238095238095,1.0,3.0,0.0,1.0,0.0,0.0,3.0,0.0,93,1.0,43,0.0,0.0,3.0,1.0,3.0,1.0,3.0,1.0,3.0
112,40,1.0,0,1,1,0.7727272727272727,0.8095238095238095,1.0,3.0,0.0,1.0,0.0,0.0,3.0,0.0,94,1.0,43,0.0,0.0,3.0,1.0,3.0,1.0,3.0,1.0,3.0
113,40,1.0,0,1,1,0.7727272727272727,0.8095238095238095,1.0,3.0,0.0,1.0,0.0,0.0,3.0,0.0,95,1.0,43,0.0,0.0,3.0,1.0,3.0,1.0,3.0,1.0,3.0
114,40,1.0,0,1,1,0.7727272727272727,0.8095238095238095,1.0,3.0,0.0,1.0,0.0,0.0,3.0,0.0,96,1.0,43,0.0,0.0,3.0,1.0,3.0,1.0,3.0,1.0,3.0
115,40,1.0,0,1,1,0.7727272727272727,0.8095238095238095,1.0,3.0,0.0,1.0,0.0,0.0,3.0,0.0,97,1.0,43,0.0,0.0,3.0,1.0,3.0,1.0,3.0,1.0,3.0
116,40,1.0,0,1,1,0.7727272727272727,0.8095238095238095,1.0,3.0,0.0,1.0,0.0,0.0,3.0,0.0,98,1.0,43,0.0,0.0,3.0,1.0,3.0,1.0,3.0,1.0,3.0
117,40,1.0,0,1,1,0.7727272727272727,0.8095238095238095,1.0,3.0,0.0,1.0,0.0,0.0,3.0,0.0,99,1.0,43,0.0,0.0,3.0,1.0,3.0,1.0,3.0,1.0,3.0
118,40,1.0,0,1,1,0.7727272727272727,0.8095238095238095,1.0,3.0,0.0,1.0,0.0,0.0,3.0,0.0,100,1.0,43,0.0,0.0,3.0,1.0,3.0,1.0,3.0,1.0,3.0
119,40,1.0,0,1,1,0.7727272727272727,0.8095238095238095,1.0,3.0,0.0,1.0,0.0,0.0,3.0,0.0,101,1.0,43,0.0,0.0,3.0,1.0,3.0,1.0,3.0,1.0,3.0
120,40,1.0,0,1,1,0.7727272727272727,0.8095238095238095,1.0,3.0,0.0,1.0,0.0,0.0,3.0,0.0,102,1.0,43,0.0,0.0,3.0,1.0,3.0,1.0,3.0,1.0,3.0
121,40,1.0,0,1,1,0.7727272727272727,0.8095238095238095,1.0,3.0,0.0,1.0,0.0,0.0,3.0,0.0,103,1.0,43,0.0,0.0,3.0,1.0,3.0,1.0,3.0,1.0,3.0
122,40,1.0,0,1,1,0.7727272727272727,0.8095238095238095,1.0,3.0,0.0,1.0,0.0,0.0,3.0,0.0,104,1.0,43,0.0,0.0,3.0,1.0,3.0,1.0,3.0,1.0,3.0
1,41,0.0,1,0,1,0.9090909090909091,1.0,5.0,7.0,0.0,5.0,0.0,0.0,7.0,0.0,0,0.0,0,0.0,0.0,1.4,0.0,0.0,0.0,0.0,0.0,0.0
2,41,0.0,1,0,1,0.9090909090909091,1.0,5.0,7.0,0.0,5.0,0.0,0.0,7.0,0.0,1,0.5,43,0.0,0.0,1.4,5.0,7.0,0.0,0.0,0.0,0.0
3,41,0.0,1,0,1,0.9090909090909091,1.0,5.0,7.0,0.0,5.0,0.0,0.0,7.0,0.0,2,0.6666666666666666,43,0.0,0.0,1.4,5.0,7.0,5.0,7.0,0.0,0.0
4,41,0.0,0,1,1,0.9090909090909091,1.0,5.0,7.0,0.0,5.0,0.0,0.0,7.0,0.0,3,0.75,43,0.0,0.0,1.4,5.0,7.0,5.0,7.0,5.0,7.0
5,41,0.0,0,1,1,0.9090909090909091,1.0,5.0,7.0,0.0,5.0,0.0,0.0,7.0,0.0,4,0.8,43,0.0,0.0,1.4,5.0,7.0,5.0,7.0,5.0,7.0
6,41,0.0,0,1,1,0.9090909090909091,0.9523809523809523,4.8,7.0,-1.4619519810524544,5.0,0.0,0.0,7.0,0.0,0,0.8,26,-1.0,0.0,1.75,5.0,7.0,5.0,7.0,5.0,7.0
7,41,0.0,0,1,1,0.9090909090909091,0.9047619047619048,4.4,7.0,-1.40784565493656,5.0,0.0,0.0,7.0,0.0,0,0.6,26,-2.0,0.0,2.3333333333333335,4.0,7.0,5.0,7.0,5.0,7.0
8,41,0.0,0,1,1,0.9545454545454546,0.9047619047619048,3.8,6.6,-1.2821969620550018,5.0,0.0,-1.6089664627846396,7.0,0.0,0,0.4,27,-3.0,-2.0,2.5,3.0,7.0,4.0,7.0,5.0,7.0
9,41,0.0,0,1,1,0.9545454545454546,0.8571428571428571,3.2,6.0,-0.8547979747033349,5.0,0.0,-1.3208176506262261,7.0,0.0,0,0.2,26,-3.0,-3.0,2.0,2.0,5.0,3.0,7.0,4.0,7.0
10,41,0.0,0,1,1,0.9545454545454546,0.8095238095238095,2.6,5.2,-0.6033624235442399,4.0,0.0,-1.164727159999884,7.0,0.0,0,0.0,26,-3.0,-4.0,1.5,2.0,4.0,2.0,5.0,3.0,7.0
11,41,0.0,0,1,1,0.9090909090909091,0.8095238095238095,2.2,4.8,-0.3654879952631137,3.0,-1.0,0.12632326003827704,7.0,-2.0,0,0.0,28,-2.0,-2.0,2.5,2.0,3.0,2.0,4.0,2.0,5.0
12,41,0.0,0,1,1,0.9090909090909091,0.8095238095238095,2.0,4.4,0.0,2.0,1.0,0.6033624235442395,5.0,-2.0,1,0.2,33,-1.0,-2.0,2.5,2.0,5.0,2.0,3.0,2.0,4.0
13,41,0.0,0,1,1,0.9090909090909091,0.8095238095238095,2.0,4.0,0.0,2.0,3.0,-0.9090909090909091,5.0,0.0,2,0.4,30,0.0,-2.0,1.5,2.0,5.0,2.0,5.0,2.0,3.0
14,41,0.0,0,1,1,0.8636363636363636,0.8095238095238095,1.6,4.0,-1.6089664627846398,2.0,1.0,0.0,5.0,3.0,0,0.4,26,-2.0,0.0,4.0,2.0,3.0,2.0,5.0,2.0,5.0
15,41,1.0,0,1,1,0.8181818181818182,0.8095238095238095,1.4,4.4,-0.40224161569615985,2.0,2.0,0.6033624235442395,5.0,6.0,0,0.4,29,-1.0,2.0,5.0,0.0,4.0,2.0,3.0,2.0,5.0
16,41,1.0,0,1,1,0.7727272727272727,0.8095238095238095,1.8,4.4,1.3895558604210465,4.0,4.0,0.6033624235442395,5.0,2.0,0,0.4,29,2.0,0.0,1.25,1.0,5.0,0.0,4.0,2.0,3.0
17,41,1.0,0,1,1,0.7272727272727273,0.8095238095238095,2.2,4.4,0.9529585854544504,4.0,3.0,0.6033624235442395,5.0,2.0,0,0.2,29,2.0,0.0,1.25,4.0,5.0,1.0,5.0,0.0,4.0
18,41,1.0,0,1,1,0.6818181818181818,0.8095238095238095,2.6,4.8,0.6831404792998708,4.0,2.0,0.3654879952631141,5.0,4.0,0,0.0,30,2.0,2.0,1.25,4.0,5.0,4.0,5.0,1.0,5.0
19,41,1.0,0,1,1,0.6818181818181818,0.8095238095238095,3.4,5.4,0.41619244240219244,4.0,6.0,1.6089664627846396,7.0,3.0,1,0.2,33,4.0,3.0,1.75,4.0,5.0,4.0,5.0,4.0,5.0
20,41,0.0,0,1,1,0.6818181818181818,0.8095238095238095,4.0,5.6,0.0,4.0,4.0,0.40224161569616035,7.0,-1.0,2,0.4,32,3.0,1.0,1.5,4.0,7.0,4.0,5.0,4.0,5.0
21,41,0.0,0,1,1,0.6818181818181818,0.8095238095238095,4.0,5.8,0.0,4.0,-2.0,0.213524645372196,7.0,1.0,3,0.6,32,0.0,1.0,1.5,4.0,6.0,4.0,7.0,4.0,5.0
22,41,0.0,0,1,1,0.6818181818181818,0.8095238095238095,4.0,6.0,0.0,4.0,-2.0,0.0,7.0,1.0,4,0.8,33,0.0,1.0,1.5,4.0,6.0,4.0,6.0,4.0,7.0
23,41,0.0,0,1,1,0.6818181818181818,0.8095238095238095,4.0,6.2,0.0,4.0,-2.0,-0.36548799526311393,7.0,-1.0,5,1.0,34,0.0,1.0,1.5,4.0,6.0,4.0,6.0,4.0,6.0
24,41,0.0,0,1,1,0.6818181818181818,0.8095238095238095,4.0,6.0,0.0,4.0,-4.0,0.0,6.0,-4.0,6,1.0,34,0.0,-1.0,1.5,4.0,6.0,4.0,6.0,4.0,6.0
25,41,0.0,0,1,1,0.6363636363636364,0.8095238095238095,3.8,6.2,-1.4619519810524544,4.0,-4.0,1.4619519810524544,7.0,0.0,0,0.8,33,-1.0,1.0,2.3333333333333335,4.0,6.0,4.0,6.0,4.0,6.0
26,41,0.0,0,1,1,0.5909090909090909,0.8095238095238095,3.4,6.6,-1.4078456549365599,4.0,-2.0,1.40784565493656,8.0,1.0,0,0.6,36,-2.0,2.0,4.0,3.0,7.0,4.0,6.0,4.0,6.0
27,41,1.0,0,1,1,0.5454545454545454,0.8095238095238095,2.8,7.0,-1.2821969620550018,4.0,-3.0,0.9090909090909091,8.0,1.0,0,0.4,37,-3.0,2.0,8.0,2.0,8.0,3.0,7.0,4.0,6.0
28,41,1.0,0,1,1,0.5,0.8095238095238095,2.4,7.2,-0.3225350155346164,4.0,-2.0,-0.213524645372196,8.0,0.0,0,0.2,35,-2.0,1.0,3.5,1.0,8.0,2.0,8.0,3.0,7.0
29,41,1.0,0,1,1,0.45454545454545453,0.8095238095238095,2.2,7.4,0.8540985814887834,3.0,-1.0,-0.6175483551795401,8.0,2.0,0,0.0,34,-1.0,1.0,2.3333333333333335,2.0,7.0,1.0,8.0,2.0,8.0
30,41,1.0,0,1,1,0.4090909090909091,0.8095238095238095,2.6,7.2,1.484620180412552,5.0,3.0,-1.281147872233175,8.0,-2.0,0,0.0,36,2.0,-1.0,1.2,3.0,7.0,2.0,7.0,1.0,8.0
31,41,1.0,0,1,1,0.4090909090909091,0.8095238095238095,3.2,6.8,0.9529585854544506,5.0,5.0,-0.854098581488783,8.0,-4.0,1,0.2,36,3.0,-2.0,1.2,5.0,6.0,3.0,7.0,2.0,7.0
32,41,1.0,0,1,1,0.4090909090909091,0.8095238095238095,4.0,6.4,0.6604088253131132,5.0,7.0,-0.6175483551795401,7.0,-4.0,2,0.4,37,4.0,-2.0,1.2,5.0,6.0,5.0,6.0,3.0,7.0
33,41,1.0,0,1,1,0.4090909090909091,0.8095238095238095,4.4,6.2,-0.4022416156961605,5.0,4.0,-0.36548799526311393,7.0,-2.0,3,0.6,39,2.0,-1.0,1.5,5.0,6.0,5.0,6.0,5.0,6.0
34,41,1.0,0,1,1,0.4090909090909091,0.8095238095238095,4.6,6.0,-0.92632253276931,5.0,2.0,0.0,6.0,-2.0,4,0.8,39,1.0,-1.0,1.5,4.0,6.0,5.0,6.0,5.0,6.0
35,41,1.0,0,1,1,0.4090909090909091,0.8095238095238095,4.4,5.8,-0.6175483551795409,5.0,-3.0,-1.4619519810524544,6.0,0.0,5,1.0,38,-1.0,-1.0,1.25,4.0,6.0,4.0,6.0,5.0,6.0
36,41,1.0,0,1,1,0.4090909090909091,0.8095238095238095,4.2,5.6,-0.36548799526311465,5.0,-4.0,-0.9263225327693089,6.0,1.0,6,1.0,38,-1.0,-1.0,1.25,4.0,5.0,4.0,6.0,4.0,6.0
37,41,1.0,0,1,1,0.4090909090909091,0.8095238095238095,4.0,5.4,0.0,4.0,-5.0,-0.6175483551795402,6.0,1.0,7,1.0,39,-1.0,-1.0,1.25,4.0,5.0,4.0,5.0,4.0,6.0
38,41,1.0,0,1,1,0.4090909090909091,0.8095238095238095,4.0,5.2,0.0,4.0,-2.0,-0.365487995263114,6.0,0.0,8,1.0,38,0.0,-1.0,1.25,4.0,5.0,4.0,5.0,4.0,5.0
39,41,1.0,0,1,1,0.4090909090909091,0.8095238095238095,4.0,5.2,0.0,4.0,-1.0,1.4619519810524544,6.0,1.0,9,1.0,38,0.0,0.0,1.5,4.0,5.0,4.0,5.0,4.0,5.0
40,41,1.0,0,1,1,0.4090909090909091,0.8095238095238095,4.0,5.2,0.0,4.0,1.0,-0.365487995263114,6.0,1.0,10,1.0,40,0.0,0.0,1.25,4.0,6.0,4.0,5.0,4.0,5.0
41,41,1.0,0,1,1,0.4090909090909091,0.8095238095238095,4.0,5.2,0.0,4.0,1.0,-0.365487995263114,6.0,1.0,11,1.0,41,0.0,0.0,1.25,4.0,5.0,4.0,6.0,4.0,5.0
42,41,1.0,0,1,1,0.4090909090909091,0.8095238095238095,4.0,5.2,0.0,4.0,1.0,-0.365487995263114,6.0,1.0,12,1.0,41,0.0,0.0,1.25,4.0,5.0,4.0,5.0,4.0,6.0
43,41,1.0,0,1,1,0.4090909090909091,0.8095238095238095,4.0,5.4,0.0,4.0,0.0,0.9263225327693089,6.0,2.0,13,1.0,41,0.0,1.0,1.5,4.0,5.0,4.0,5.0,4.0,5.0
44,41,1.0,0,1,1,0.4090909090909091,0.8095238095238095,4.0,5.2,0.0,4.0,0.0,-0.365487995263114,6.0,-1.0,14,1.0,42,0.0,-1.0,1.25,4.0,6.0,4.0,5.0,4.0,5.0
45,41,1.0,0,1,1,0.4090909090909091,0.8095238095238095,4.0,5.2,0.0,4.0,0.0,-0.365487995263114,6.0,0.0,15,1.0,41,0.0,0.0,1.25,4.0,5.0,4.0,6.0,4.0,5.0
46,41,1.0,0,1,1,0.4090909090909091,0.8095238095238095,4.0,5.2,0.0,4.0,0.0,-0.365487995263114,6.0,0.0,16,1.0,41,0.0,0.0,1.25,4.0,5.0,4.0,5.0,4.0,6.0
47,41,1.0,0,1,1,0.4090909090909091,0.8095238095238095,4.0,5.4,0.0,4.0,0.0,0.9263225327693089,6.0,1.0,17,1.0,41,0.0,1.0,1.5,4.0,5.0,4.0,5.0,4.0,5.0
48,41,1.0,0,1,1,0.4090909090909091,0.8095238095238095,4.0,5.4,0.0,4.0,0.0,0.9263225327693089,6.0,-1.0,18,1.0,42,0.0,0.0,1.5,4.0,6.0,4.0,5.0,4.0,5.0
49,41,1.0,0,1,1,0.4090909090909091,0.8095238095238095,4.2,5.6,1.4619519810524544,5.0,1.0,0.6175483551795402,6.0,2.0,19,1.0,42,1.0,1.0,1.2,4.0,6.0,4.0,6.0,4.0,5.0
50,41,1.0,0,1,1,0.4090909090909091,0.8095238095238095,4.4,5.8,0.9263225327693089,5.0,1.0,0.365487995263114,6.0,1.0,20,1.0,42,1.0,1.0,1.2,5.0,6.0,4.0,6.0,4.0,6.0
51,41,1.0,0,1,1,0.4090909090909091,0.8095238095238095,4.6,6.0,0.6175483551795402,5.0,1.0,0.0,6.0,1.0,21,1.0,42,1.0,1.0,1.2,5.0,6.0,5.0,6.0,4.0,6.0
52,41,1.0,0,1,1,0.4090909090909091,0.8095238095238095,4.6,6.0,-0.9263225327693089,5.0,0.0,0.0,6.0,-1.0,22,1.0,42,0.0,0.0,1.5,5.0,6.0,5.0,6.0,5.0,6.0
53,41,1.0,0,1,1,0.4090909090909091,0.8095238095238095,4.6,6.0,-0.9263225327693089,5.0,0.0,0.0,6.0,0.0,23,1.0,42,0.0,0.0,1.5,4.0,6.0,5.0,6.0,5.0,6.0
54,41,1.0,0,1,1,0.4090909090909091,0.8095238095238095,4.4,6.0,-0.6175483551795402,5.0,-2.0,0.0,6.0,-1.0,24,1.0,43,-1.0,0.0,1.5,4.0,6.0,4.0,6.0,5.0,6.0
55,41,1.0,0,1,1,0.4090909090909091,0.8095238095238095,4.2,6.0,-0.365487995263114,5.0,-2.0,0.0,6.0,-1.0,25,1.0,43,-1.0,0.0,1.5,4.0,6.0,4.0,6.0,4.0,6.0
56,41,1.0,0,1,1,0.4090909090909091,0.8095238095238095,4.0,6.0,0.0,4.0,-2.0,0.0,6.0,-1.0,26,1.0,43,-1.0,0.0,1.5,4.0,6.0,4.0,6.0,4.0,6.0
57,41,1.0,0,1,1,0.4090909090909091,0.8095238095238095,4.0,6.0,0.0,4.0,0.0,0.0,6.0,0.0,27,1.0,43,0.0,0.0,1.5,4.0,6.0,4.0,6.0,4.0,6.0
58,41,1.0,0,1,1,0.4090909090909091,0.8095238095238095,4.0,6.0,0.0,4.0,0.0,0.0,6.0,0.0,28,1.0,43,0.0,0.0,1.5,4.0,6.0,4.0,6.0,4.0,6.0
59,41,1.0,0,1,1,0.4090909090909091,0.8095238095238095,4.0,6.0,0.0,4.0,1.0,0.0,6.0,0.0,29,1.0,43,0.0,0.0,1.5,4.0,6.0,4.0,6.0,4.0,6.0
60,41,1.0,0,1,1,0.4090909090909091,0.8095238095238095,4.0,6.0,0.0,4.0,1.0,0.0,6.0,0.0,30,1.0,43,0.0,0.0,1.5,4.0,6.0,4.0,6.0,4.0,6.0
61,41,1.0,0,1,1,0.4090909090909091,0.8095238095238095,4.0,6.0,0.0,4.0,1.0,0.0,6.0,0.0,31,1.0,43,0.0,0.0,1.5,4.0,6.0,4.0,6.0,4.0,6.0
62,41,1.0,0,1,1,0.4090909090909091,0.8095238095238095,4.0,6.0,0.0,4.0,0.0,0.0,6.0,0.0,32,1.0,43,0.0,0.0,1.5,4.0,6.0,4.0,6.0,4.0,6.0
63,41,1.0,0,1,1,0.4090909090909091,0.8095238095238095,4.0,6.0,0.0,4.0,0.0,0.0,6.0,0.0,33,1.0,43,0.0,0.0,1.5,4.0,6.0,4.0,6.0,4.0,6.0
64,41,1.0,0,1,1,0.4090909090909091,0.8095238095238095,4.0,6.0,0.0,4.0,0.0,0.0,6.0,0.0,34,1.0,43,0.0,0.0,1.5,4.0,6.0,4.0,6.0,4.0,6.0
65,41,1.0,0,1,1,0.4090909090909091,0.8095238095238095,4.0,6.0,0.0,4.0,0.0,0.0,6.0,0.0,35,1.0,43,0.0,0.0,1.5,4.0,6.0,4.0,6.0,4.0,6.0
66,41,1.0,0,1,1,0.4090909090909091,0.8095238095238095,4.0,6.0,0.0,4.0,0.0,0.0,6.0,0.0,36,1.0,43,0.0,0.0,1.5,4.0,6.0,4.0,6.0,4.0,6.0
67,41,1.0,0,1,1,0.4090909090909091,0.8095238095238095,4.0,6.0,0.0,4.0,0.0,0.0,6.0,0.0,37,1.0,43,0.0,0.0,1.5,4.0,6.0,4.0,6.0,4.0,6.0
68,41,1.0,0,1,1,0.4090909090909091,0.8095238095238095,4.0,6.0,0.0,4.0,0.0,0.0,6.0,0.0,38,1.0,43,0.0,0.0,1.5,4.0,6.0,4.0,6.0,4.0,6.0
69,41,1.0,0,1,1,0.4090909090909091,0.8095238095238095,4.0,6.0,0.0,4.0,0.0,0.0,6.0,0.0,39,1.0,43,0.0,0.0,1.5,4.0,6.0,4.0,6.0,4.0,6.0
70,41,1.0,0,1,1,0.4090909090909091,0.8095238095238095,4.0,6.0,0.0,4.0,0.0,0.0,6.0,0.0,40,1.0,43,0.0,0.0,1.5,4.0,6.0,4.0,6.0,4.0,6.0
71,41,1.0,0,1,1,0.4090909090909091,0.8095238095238095,4.0,6.0,0.0,4.0,0.0,0.0,6.0,0.0,41,1.0,43,0.0,0.0,1.5,4.0,6.0,4.0,6.0,4.0,6.0
72,41,1.0,0,1,1,0.4090909090909091,0.8095238095238095,4.0,6.0,0.0,4.0,0.0,0.0,6.0,0.0,42,1.0,43,0.0,0.0,1.5,4.0,6.0,4.0,6.0,4.0,6.0
73,41,1.0,0,1,1,0.4090909090909091,0.8095238095238095,4.0,6.0,0.0,4.0,0.0,0.0,6.0,0.0,43,1.0,43,0.0,0.0,1.5,4.0,6.0,4.0,6.0,4.0,6.0
74,41,1.0,0,1,1,0.4090909090909091,0.8095238095238095,4.0,6.0,0.0,4.0,0.0,0.0,6.0,0.0,44,1.0,43,0.0,0.0,1.5,4.0,6.0,4.0,6.0,4.0,6.0
75,41,1.0,0,1,1,0.4090909090909091,0.8095238095238095,4.0,6.0,0.0,4.0,0.0,0.0,6.0,0.0,45,1.0,43,0.0,0.0,1.5,4.0,6.0,4.0,6.0,4.0,6.0
76,41,1.0,0,1,1,0.4090909090909091,0.8095238095238095,4.0,6.0,0.0,4.0,0.0,0.0,6.0,0.0,46,1.0,43,0.0,0.0,1.5,4.0,6.0,4.0,6.0,4.0,6.0
77,41,1.0,0,1,1,0.4090909090909091,0.8095238095238095,4.0,6.0,0.0,4.0,0.0,0.0,6.0,0.0,47,1.0,43,0.0,0.0,1.5,4.0,6.0,4.0,6.0,4.0,6.0
78,41,1.0,0,1,1,0.4090909090909091,0.8095238095238095,4.0,6.0,0.0,4.0,0.0,0.0,6.0,0.0,48,1.0,43,0.0,0.0,1.5,4.0,6.0,4.0,6.0,4.0,6.0
79,41,1.0,0,1,1,0.4090909090909091,0.8095238095238095,4.0,6.0,0.0,4.0,0.0,0.0,6.0,0.0,49,1.0,43,0.0,0.0,1.5,4.0,6.0,4.0,6.0,4.0,6.0
80,41,1.0,0,1,1,0.4090909090909091,0.8095238095238095,4.0,6.0,0.0,4.0,0.0,0.0,6.0,0.0,50,1.0,43,0.0,0.0,1.5,4.0,6.0,4.0,6.0,4.0,6.0
81,41,1.0,0,1,1,0.4090909090909091,0.8095238095238095,4.0,6.0,0.0,4.0,0.0,0.0,6.0,0.0,51,1.0,43,0.0,0.0,1.5,4.0,6.0,4.0,6.0,4.0,6.0
82,41,1.0,0,1,1,0.4090909090909091,0.8095238095238095,4.0,6.0,0.0,4.0,0.0,0.0,6.0,0.0,52,1.0,43,0.0,0.0,1.5,4.0,6.0,4.0,6.0,4.0,6.0
83,41,1.0,0,1,1,0.4090909090909091,0.8095238095238095,4.0,6.0,0.0,4.0,0.0,0.0,6.0,0.0,53,1.0,43,0.0,0.0,1.5,4.0,6.0,4.0,6.0,4.0,6.0
84,41,1.0,0,1,1,0.4090909090909091,0.8095238095238095,4.0,6.0,0.0,4.0,0.0,0.0,6.0,0.0,54,1.0,43,0.0,0.0,1.5,4.0,6.0,4.0,6.0,4.0,6.0
85,41,1.0,0,1,1,0.4090909090909091,0.8095238095238095,4.0,6.0,0.0,4.0,0.0,0.0,6.0,0.0,55,1.0,43,0.0,0.0,1.5,4.0,6.0,4.0,6.0,4.0,6.0
86,41,1.0,0,1,1,0.4090909090909091,0.8095238095238095,4.0,6.0,0.0,4.0,0.0,0.0,6.0,0.0,56,1.0,43,0.0,0.0,1.5,4.0,6.0,4.0,6.0,4.0,6.0
87,41,1.0,0,1,1,0.4090909090909091,0.8095238095238095,4.0,6.0,0.0,4.0,0.0,0.0,6.0,0.0,57,1.0,43,0.0,0.0,1.5,4.0,6.0,4.0,6.0,4.0,6.0
88,41,1.0,0,1,1,0.4090909090909091,0.8095238095238095,4.0,6.0,0.0,4.0,0.0,0.0,6.0,0.0,58,1.0,43,0.0,0.0,1.5,4.0,6.0,4.0,6.0,4.0,6.0
89,41,1.0,0,1,1,0.4090909090909091,0.8095238095238095,4.0,6.0,0.0,4.0,0.0,0.0,6.0,0.0,59,1.0,43,0.0,0.0,1.5,4.0,6.0,4.0,6.0,4.0,6.0
90,41,1.0,0,1,1,0.4090909090909091,0.8095238095238095,4.0,6.0,0.0,4.0,0.0,0.0,6.0,0.0,60,1.0,43,0.0,0.0,1.5,4.0,6.0,4.0,6.0,4.0,6.0
91,41,1.0,0,1,1,0.4090909090909091,0.8095238095238095,4.0,6.0,0.0,4.0,0.0,0.0,6.0,0.0,61,1.0,43,0.0,0.0,1.5,4.0,6.0,4.0,6.0,4.0,6.0
92,41,1.0,0,1,1,0.4090909090909091,0.8095238095238095,4.0,6.0,0.0,4.0,0.0,0.0,6.0,0.0,62,1.0,43,0.0,0.0,1.5,4.0,6.0,4.0,6.0,4.0,6.0
93,41,1.0,0,1,1,0.4090909090909091,0.8095238095238095,4.0,6.0,0.0,4.0,0.0,0.0,6.0,0.0,63,1.0,43,0.0,0.0,1.5,4.0,6.0,4.0,6.0,4.0,6.0
94,41,1.0,0,1,1,0.4090909090909091,0.8095238095238095,4.0,6.0,0.0,4.0,0.0,0.0,6.0,0.0,64,1.0,43,0.0,0.0,1.5,4.0,6.0,4.0,6.0,4.0,6.0
95,41,1.0,0,1,1,0.4090909090909091,0.8095238095238095,4.0,6.0,0.0,4.0,0.0,0.0,6.0,0.0,65,1.0,43,0.0,0.0,1.5,4.0,6.0,4.0,6.0,4.0,6.0
96,41,1.0,0,1,1,0.4090909090909091,0.8095238095238095,4.0,6.0,0.0,4.0,0.0,0.0,6.0,0.0,66,1.0,43,0.0,0.0,1.5,4.0,6.0,4.0,6.0,4.0,6.0
97,41,1.0,0,1,1,0.4090909090909091,0.8095238095238095,4.0,6.0,0.0,4.0,0.0,0.0,6.0,0.0,67,1.0,43,0.0,0.0,1.5,4.0,6.0,4.0,6.0,4.0,6.0
98,41,1.0,0,1,1,0.4090909090909091,0.8095238095238095,4.0,6.0,0.0,4.0,0.0,0.0,6.0,0.0,68,1.0,43,0.0,0.0,1.5,4.0,6.0,4.0,6.0,4.0,6.0
99,41,1.0,0,1,1,0.4090909090909091,0.8095238095238095,4.0,6.0,0.0,4.0,0.0,0.0,6.0,0.0,69,1.0,43,0.0,0.0,1.5,4.0,6.0,4.0,6.0,4.0,6.0
100,41,1.0,0,1,1,0.4090909090909091,0.8095238095238095,4.0,6.0,0.0,4.0,0.0,0.0,6.0,0.0,70,1.0,43,0.0,0.0,1.5,4.0,6.0,4.0,6.0,4.0,6.0
101,41,1.0,0,1,1,0.4090909090909091,0.8095238095238095,4.0,6.0,0.0,4.0,0.0,0.0,6.0,0.0,71,1.0,43,0.0,0.0,1.5,4.0,6.0,4.0,6.0,4.0,6.0
102,41,1.0,0,1,1,0.4090909090909091,0.8095238095238095,4.0,6.0,0.0,4.0,0.0,0.0,6.0,0.0,72,1.0,43,0.0,0.0,1.5,4.0,6.0,4.0,6.0,4.0,6.0
103,41,1.0,0,1,1,0.4090909090909091,0.8095238095238095,4.0,6.0,0.0,4.0,0.0,0.0,6.0,0.0,73,1.0,43,0.0,0.0,1.5,4.0,6.0,4.0,6.0,4.0,6.0
104,41,1.0,0,1,1,0.4090909090909091,0.8095238095238095,4.0,6.0,0.0,4.0,0.0,0.0,6.0,0.0,74,1.0,43,0.0,0.0,1.5,4.0,6.0,4.0,6.0,4.0,6.0
105,41,1.0,0,1,1,0.4090909090909091,0.8095238095238095,4.0,6.0,0.0,4.0,0.0,0.0,6.0,0.0,75,1.0,43,0.0,0.0,1.5,4.0,6.0,4.0,6.0,4.0,6.0
106,41,1.0,0,1,1,0.4090909090909091,0.8095238095238095,4.0,6.0,0.0,4.0,0.0,0.0,6.0,0.0,76,1.0,43,0.0,0.0,1.5,4.0,6.0,4.0,6.0,4.0,6.0
107,41,1.0,0,1,1,0.4090909090909091,0.8095238095238095,4.0,6.0,0.0,4.0,0.0,0.0,6.0,0.0,77,1.0,43,0.0,0.0,1.5,4.0,6.0,4.0,6.0,4.0,6.0
108,41,1.0,0,1,1,0.4090909090909091,0.8095238095238095,4.0,6.0,0.0,4.0,0.0,0.0,6.0,0.0,78,1.0,43,0.0,0.0,1.5,4.0,6.0,4.0,6.0,4.0,6.0
109,41,1.0,0,1,1,0.4090909090909091,0.8095238095238095,4.0,6.0,0.0,4.0,0.0,0.0,6.0,0.0,79,1.0,43,0.0,0.0,1.5,4.0,6.0,4.0,6.0,4.0,6.0
110,41,1.0,0,1,1,0.4090909090909091,0.8095238095238095,4.0,6.0,0.0,4.0,0.0,0.0,6.0,0.0,80,1.0,43,0.0,0.0,1.5,4.0,6.0,4.0,6.0,4.0,6.0
111,41,1.0,0,1,1,0.4090909090909091,0.8095238095238095,4.0,6.0,0.0,4.0,0.0,0.0,6.0,0.0,81,1.0,43,0.0,0.0,1.5,4.0,6.0,4.0,6.0,4.0,6.0
112,41,1.0,0,1,1,0.4090909090909091,0.8095238095238095,4.0,6.0,0.0,4.0,0.0,0.0,6.0,0.0,82,1.0,43,0.0,0.0,1.5,4.0,6.0,4.0,6.0,4.0,6.0
113,41,1.0,0,1,1,0.4090909090909091,0.8095238095238095,4.0,6.0,0.0,4.0,0.0,0.0,6.0,0.0,83,1.0,43,0.0,0.0,1.5,4.0,6.0,4.0,6.0,4.0,6.0
114,41,1.0,0,1,1,0.4090909090909091,0.8095238095238095,4.0,6.0,0.0,4.0,0.0,0.0,6.0,0.0,84,1.0,43,0.0,0.0,1.5,4.0,6.0,4.0,6.0,4.0,6.0
115,41,1.0,0,1,1,0.4090909090909091,0.8095238095238095,4.0,6.0,0.0,4.0,0.0,0.0,6.0,0.0,85,1.0,43,0.0,0.0,1.5,4.0,6.0,4.0,6.0,4.0,6.0
116,41,1.0,0,1,1,0.4090909090909091,0.8095238095238095,4.0,6.0,0.0,4.0,0.0,0.0,6.0,0.0,86,1.0,43,0.0,0.0,1.5,4.0,6.0,4.0,6.0,4.0,6.0
117,41,1.0,0,1,1,0.4090909090909091,0.8095238095238095,4.0,6.0,0.0,4.0,0.0,0.0,6.0,0.0,87,1.0,43,0.0,0.0,1.5,4.0,6.0,4.0,6.0,4.0,6.0
118,41,1.0,0,1,1,0.4090909090909091,0.8095238095238095,4.0,6.0,0.0,4.0,0.0,0.0,6.0,0.0,88,1.0,43,0.0,0.0,1.5,4.0,6.0,4.0,6.0,4.0,6.0
119,41,1.0,0,1,1,0.4090909090909091,0.8095238095238095,4.0,6.0,0.0,4.0,0.0,0.0,6.0,0.0,89,1.0,43,0.0,0.0,1.5,4.0,6.0,4.0,6.0,4.0,6.0
120,41,1.0,0,1,1,0.4090909090909091,0.8095238095238095,4.0,6.0,0.0,4.0,0.0,0.0,6.0,0.0,90,1.0,43,0.0,0.0,1.5,4.0,6.0,4.0,6.0,4.0,6.0
121,41,1.0,0,1,1,0.4090909090909091,0.8095238095238095,4.0,6.0,0.0,4.0,0.0,0.0,6.0,0.0,91,1.0,43,0.0,0.0,1.5,4.0,6.0,4.0,6.0,4.0,6.0
122,41,1.0,0,1,1,0.4090909090909091,0.8095238095238095,4.0,6.0,0.0,4.0,0.0,0.0,6.0,0.0,92,1.0,43,0.0,0.0,1.5,4.0,6.0,4.0,6.0,4.0,6.0
1,42,0.0,1,0,1,0.9545454545454546,1.0,4.0,6.0,0.0,4.0,0.0,0.0,6.0,0.0,0,0.0,0,0.0,0.0,1.5,0.0,0.0,0.0,0.0,0.0,0.0
2,42,0.0,1,0,1,0.9545454545454546,1.0,4.0,6.0,0.0,4.0,0.0,0.0,6.0,0.0,1,0.5,43,0.0,0.0,1.5,4.0,6.0,0.0,0.0,0.0,0.0
3,42,0.0,1,0,1,0.9545454545454546,1.0,4.0,6.0,0.0,4.0,0.0,0.0,6.0,0.0,2,0.6666666666666666,43,0.0,0.0,1.5,4.0,6.0,4.0,6.0,0.0,0.0
4,42,0.0,0,1,1,0.9545454545454546,1.0,4.0,6.0,0.0,4.0,0.0,0.0,6.0,0.0,3,0.75,43,0.0,0.0,1.5,4.0,6.0,4.0,6.0,4.0,6.0
5,42,0.0,0,1,1,0.9545454545454546,1.0,4.0,6.0,0.0,4.0,0.0,0.0,6.0,0.0,4,0.8,43,0.0,0.0,1.5,4.0,6.0,4.0,6.0,4.0,6.0
6,42,0.0,0,1,1,0.9545454545454546,0.9523809523809523,3.8,6.0,-1.4619519810524544,4.0,0.0,0.0,6.0,0.0,0,0.8,26,-1.0,0.0,2.0,4.0,6.0,4.0,6.0,4.0,6.0
7,42,0.0,0,1,1,0.9545454545454546,0.9047619047619048,3.4,5.8,-1.4078456549365599,4.0,0.0,-1.4619519810524544,6.0,0.0,0,0.6,26,-2.0,-1.0,2.5,3.0,6.0,4.0,6.0,4.0,6.0
8,42,0.0,0,1,1,0.9545454545454546,0.8571428571428571,3.0,5.4,-0.9090909090909092,4.0,0.0,-1.40784565493656,6.0,0.0,0,0.4,27,-2.0,-2.0,2.0,2.0,5.0,3.0,6.0,4.0,6.0
9,42,0.0,0,1,1,0.9545454545454546,0.8095238095238095,2.6,4.8,-0.6033624235442401,4.0,0.0,-1.2821969620550018,6.0,0.0,0,0.2,26,-2.0,-3.0,1.5,2.0,4.0,2.0,5.0,3.0,6.0
10,42,0.0,0,1,1,0.9090909090909091,0.8095238095238095,2.2,4.6,-0.365487995263114,3.0,0.0,0.32253501553461666,6.0,0.0,0,0.0,26,-2.0,-1.0,2.5,2.0,3.0,2.0,4.0,2.0,5.0
11,42,0.0,0,1,1,0.9090909090909091,0.7619047619047619,2.0,4.0,0.0,2.0,0.0,-0.9090909090909092,5.0,-3.0,0,0.0,28,-1.0,-3.0,1.5,2.0,5.0,2.0,3.0,2.0,4.0
12,42,0.0,0,1,1,0.9090909090909091,0.7142857142857143,2.0,3.4,0.0,2.0,2.0,-1.1288725543711575,5.0,-2.0,0,0.0,34,0.0,-3.0,1.0,2.0,3.0,2.0,5.0,2.0,3.0
13,42,0.0,0,1,1,0.9090909090909091,0.6666666666666666,2.0,3.0,0.0,2.0,2.0,-0.7548623297930128,5.0,0.0,0,0.0,31,0.0,-2.0,1.0,2.0,2.0,2.0,3.0,2.0,5.0
14,42,0.0,0,1,1,0.9090909090909091,0.6666666666666666,1.8,2.8,-1.4619519810524546,2.0,1.0,-0.5698653164688896,5.0,2.0,1,0.2,25,-1.0,-1.0,2.0,2.0,2.0,2.0,2.0,2.0,3.0
15,42,0.0,0,1,1,0.9090909090909091,0.6666666666666666,1.6,2.4,-0.9263225327693093,2.0,1.0,0.9263225327693099,3.0,-1.0,2,0.4,28,-1.0,-2.0,3.0,1.0,2.0,2.0,2.0,2.0,2.0
16,42,0.0,0,1,1,0.9090909090909091,0.6666666666666666,1.4,2.2,-0.6175483551795393,2.0,0.0,-0.3654879952631142,3.0,2.0,3,0.6,28,-1.0,-1.0,2.0,1.0,3.0,1.0,2.0,2.0,2.0
17,42,0.0,0,1,1,0.9090909090909091,0.6666666666666666,1.0,2.2,-1.238993430992954,2.0,-2.0,-0.3654879952631142,3.0,3.0,4,0.8,28,-2.0,0.0,2.0,1.0,2.0,1.0,3.0,1.0,2.0
18,42,0.0,0,1,1,0.9090909090909091,0.6666666666666666,0.6,2.2,-0.9263225327693092,1.0,-2.0,-0.3654879952631142,3.0,2.0,5,1.0,29,-2.0,0.0,2.0,0.0,2.0,1.0,2.0,1.0,3.0
19,42,0.0,0,1,1,0.9090909090909091,0.6666666666666666,0.4,2.0,-0.6175483551795395,1.0,0.0,-1.2389934309929547,3.0,0.0,6,1.0,33,-1.0,-1.0,1.0,0.0,2.0,0.0,2.0,1.0,2.0
20,42,0.0,0,1,1,0.9090909090909091,0.6666666666666666,0.2,1.6,-0.36548799526311365,1.0,0.0,-0.9263225327693099,2.0,0.0,7,1.0,32,-1.0,-2.0,1.0,0.0,1.0,0.0,2.0,0.0,2.0
21,42,0.0,0,1,1,0.9090909090909091,0.6666666666666666,0.0,1.4,0.0,0.0,0.0,-0.6175483551795397,2.0,0.0,8,1.0,32,-1.0,-1.0,1.0,0.0,1.0,0.0,1.0,0.0,2.0
22,42,0.0,0,1,1,0.9090909090909091,0.6666666666666666,0.0,1.2,0.0,0.0,2.0,-0.3654879952631139,2.0,-1.0,9,1.0,33,0.0,-1.0,1.0,0.0,1.0,0.0,1.0,0.0,1.0
23,42,0.0,0,1,1,0.9090909090909091,0.6666666666666666,0.0,1.0,0.0,0.0,2.0,0.0,1.0,-1.0,10,1.0,34,0.0,-1.0,1.0,0.0,1.0,0.0,1.0,0.0,1.0
24,42,0.0,0,1,1,0.9090909090909091,0.6666666666666666,0.0,1.0,0.0,0.0,1.0,0.0,1.0,1.0,11,1.0,34,0.0,0.0,1.0,0.0,1.0,0.0,1.0,0.0,1.0
25,42,0.0,0,1,1,0.9090909090909091,0.6666666666666666,0.0,1.0,0.0,0.0,1.0,0.0,1.0,2.0,12,1.0,32,0.0,0.0,1.0,0.0,1.0,0.0,1.0,0.0,1.0
26,42,0.0,0,1,1,0.9090909090909091,0.6666666666666666,0.0,1.0,0.0,0.0,1.0,0.0,1.0,1.0,13,1.0,35,0.0,0.0,1.0,0.0,1.0,0.0,1.0,0.0,1.0
27,42,0.0,0,1,1,0.9090909090909091,0.6666666666666666,0.0,1.0,0.0,0.0,0.0,0.0,1.0,1.0,14,1.0,36,0.0,0.0,1.0,0.0,1.0,0.0,1.0,0.0,1.0
28,42,0.0,0,1,1,0.9090909090909091,0.6666666666666666,0.0,1.2,0.0,0.0,0.0,1.4619519810524546,2.0,2.0,15,1.0,34,0.0,1.0,2.0,0.0,1.0,0.0,1.0,0.0,1.0
29,42,0.0,0,1,1,0.9090909090909091,0.6666666666666666,0.0,1.6,0.0,0.0,0.0,1.4078456549365597,3.0,2.0,16,1.0,33,0.0,2.0,3.0,0.0,2.0,0.0,1.0,0.0,1.0
30,42,0.0,0,1,1,0.9090909090909091,0.6666666666666666,0.0,2.0,0.0,0.0,0.0,0.9090909090909092,3.0,2.0,17,1.0,35,0.0,2.0,3.0,0.0,3.0,0.0,2.0,0.0,1.0
31,42,0.0,0,1,1,0.9090909090909091,0.6666666666666666,0.0,2.4,0.0,0.0,0.0,0.6033624235442401,3.0,2.0,18,1.0,36,0.0,2.0,3.0,0.0,3.0,0.0,3.0,0.0,2.0
32,42,0.0,0,1,1,0.9090909090909091,0.6666666666666666,0.0,2.8,0.0,0.0,0.0,0.36548799526311393,3.0,2.0,19,1.0,37,0.0,2.0,3.0,0.0,3.0,0.0,3.0,0.0,3.0
33,42,0.0,0,1,1,0.9090909090909091,0.6666666666666666,0.0,3.0,0.0,0.0,0.0,0.0,3.0,0.0,20,1.0,39,0.0,1.0,3.0,0.0,3.0,0.0,3.0,0.0,3.0
34,42,0.0,0,1,1,0.9090909090909091,0.6666666666666666,0.0,3.0,0.0,0.0,0.0,0.0,3.0,-2.0,21,1.0,39,0.0,0.0,3.0,0.0,3.0,0.0,3.0,0.0,3.0
35,42,0.0,0,1,1,0.9090909090909091,0.6666666666666666,0.0,3.0,0.0,0.0,0.0,0.0,3.0,-2.0,22,1.0,38,0.0,0.0,3.0,0.0,3.0,0.0,3.0,0.0,3.0
36,42,0.0,0,1,1,0.9090909090909091,0.6666666666666666,0.0,3.0,0.0,0.0,0.0,0.0,3.0,-2.0,23,1.0,38,0.0,0.0,3.0,0.0,3.0,0.0,3.0,0.0,3.0
37,42,0.0,0,1,1,0.9090909090909091,0.6666666666666666,0.0,3.0,0.0,0.0,0.0,0.0,3.0,-2.0,24,1.0,39,0.0,0.0,3.0,0.0,3.0,0.0,3.0,0.0,3.0
38,42,0.0,0,1,1,0.9090909090909091,0.6666666666666666,0.0,3.0,0.0,0.0,0.0,0.0,3.0,-1.0,25,1.0,38,0.0,0.0,3.0,0.0,3.0,0.0,3.0,0.0,3.0
39,42,0.0,0,1,1,0.9090909090909091,0.6666666666666666,0.0,3.0,0.0,0.0,0.0,0.0,3.0,0.0,26,1.0,38,0.0,0.0,3.0,0.0,3.0,0.0,3.0,0.0,3.0
40,42,0.0,0,1,1,0.9090909090909091,0.6666666666666666,0.0,3.0,0.0,0.0,0.0,0.0,3.0,0.0,27,1.0,40,0.0,0.0,3.0,0.0,3.0,0.0,3.0,0.0,3.0
41,42,0.0,0,1,1,0.9090909090909091,0.6666666666666666,0.0,3.0,0.0,0.0,0.0,0.0,3.0,0.0,28,1.0,41,0.0,0.0,3.0,0.0,3.0,0.0,3.0,0.0,3.0
42,42,0.0,0,1,1,0.9090909090909091,0.6666666666666666,0.0,3.0,0.0,0.0,0.0,0.0,3.0,0.0,29,1.0,41,0.0,0.0,3.0,0.0,3.0,0.0,3.0,0.0,3.0
43,42,0.0,0,1,1,0.9090909090909091,0.6666666666666666,0.0,3.0,0.0,0.0,0.0,0.0,3.0,0.0,30,1.0,41,0.0,0.0,3.0,0.0,3.0,0.0,3.0,0.0,3.0
44,42,0.0,0,1,1,0.9090909090909091,0.6666666666666666,0.0,3.0,0.0,0.0,0.0,0.0,3.0,0.0,31,1.0,42,0.0,0.0,3.0,0.0,3.0,0.0,3.0,0.0,3.0
45,42,0.0,0,1,1,0.9090909090909091,0.6666666666666666,0.0,3.0,0.0,0.0,0.0,0.0,3.0,0.0,32,1.0,41,0.0,0.0,3.0,0.0,3.0,0.0,3.0,0.0,3.0
46,42,0.0,0,1,1,0.9090909090909091,0.6666666666666666,0.0,3.0,0.0,0.0,0.0,0.0,3.0,0.0,33,1.0,41,0.0,0.0,3.0,0.0,3.0,0.0,3.0,0.0,3.0
47,42,0.0,0,1,1,0.9090909090909091,0.6666666666666666,0.0,3.0,0.0,0.0,0.0,0.0,3.0,0.0,34,1.0,41,0.0,0.0,3.0,0.0,3.0,0.0,3.0,0.0,3.0
48,42,0.0,0,1,1,0.9090909090909091,0.6666666666666666,0.0,3.0,0.0,0.0,0.0,0.0,3.0,0.0,35,1.0,42,0.0,0.0,3.0,0.0,3.0,0.0,3.0,0.0,3.0
49,42,0.0,0,1,1,0.9090909090909091,0.6666666666666666,0.0,3.0,0.0,0.0,0.0,0.0,3.0,0.0,36,1.0,42,0.0,0.0,3.0,0.0,3.0,0.0,3.0,0.0,3.0
50,42,0.0,0,1,1,0.9090909090909091,0.6666666666666666,0.0,3.0,0.0,0.0,0.0,0.0,3.0,0.0,37,1.0,42,0.0,0.0,3.0,0.0,3.0,0.0,3.0,0.0,3.0
51,42,0.0,0,1,1,0.9090909090909091,0.6666666666666666,0.0,3.0,0.0,0.0,0.0,0.0,3.0,0.0,38,1.0,42,0.0,0.0,3.0,0.0,3.0,0.0,3.0,0.0,3.0
52,42,0.0,0,1,1,0.9090909090909091,0.6666666666666666,0.0,3.0,0.0,0.0,0.0,0.0,3.0,0.0,39,1.0,42,0.0,0.0,3.0,0.0,3.0,0.0,3.0,0.0,3.0
53,42,0.0,0,1,1,0.9090909090909091,0.6666666666666666,0.0,3.0,0.0,0.0,0.0,0.0,3.0,0.0,40,1.0,42,0.0,0.0,3.0,0.0,3.0,0.0,3.0,0.0,3.0
54,42,0.0,0,1,1,0.9090909090909091,0.6666666666666666,0.0,3.0,0.0,0.0,0.0,0.0,3.0,0.0,41,1.0,43,0.0,0.0,3.0,0.0,3.0,0.0,3.0,0.0,3.0
55,42,0.0,0,1,1,0.9090909090909091,0.6666666666666666,0.0,3.0,0.0,0.0,0.0,0.0,3.0,0.0,42,1.0,43,0.0,0.0,3.0,0.0,3.0,0.0,3.0,0.0,3.0
56,42,0.0,0,1,1,0.9090909090909091,0.6666666666666666,0.0,3.0,0.0,0.0,0.0,0.0,3.0,0.0,43,1.0,43,0.0,0.0,3.0,0.0,3.0,0.0,3.0,0.0,3.0
57,42,0.0,0,1,1,0.9090909090909091,0.6666666666666666,0.0,3.0,0.0,0.0,0.0,0.0,3.0,0.0,44,1.0,43,0.0,0.0,3.0,0.0,3.0,0.0,3.0,0.0,3.0
58,42,0.0,0,1,1,0.9090909090909091,0.6666666666666666,0.0,3.0,0.0,0.0,0.0,0.0,3.0,0.0,45,1.0,43,0.0,0.0,3.0,0.0,3.0,0.0,3.0,0.0,3.0
59,42,0.0,0,1,1,0.9090909090909091,0.6666666666666666,0.0,3.0,0.0,0.0,0.0,0.0,3.0,0.0,46,1.0,43,0.0,0.0,3.0,0.0,3.0,0.0,3.0,0.0,3.0
60,42,0.0,0,1,1,0.9090909090909091,0.6666666666666666,0.0,3.0,0.0,0.0,0.0,0.0,3.0,0.0,47,1.0,43,0.0,0.0,3.0,0.0,3.0,0.0,3.0,0.0,3.0
61,42,0.0,0,1,1,0.9090909090909091,0.6666666666666666,0.0,3.0,0.0,0.0,0.0,0.0,3.0,0.0,48,1.0,43,0.0,0.0,3.0,0.0,3.0,0.0,3.0,0.0,3.0
62,42,0.0,0,1,1,0.9090909090909091,0.6666666666666666,0.0,3.0,0.0,0.0,0.0,0.0,3.0,0.0,49,1.0,43,0.0,0.0,3.0,0.0,3.0,0.0,3.0,0.0,3.0
63,42,0.0,0,1,1,0.9090909090909091,0.6666666666666666,0.0,3.0,0.0,0.0,0.0,0.0,3.0,0.0,50,1.0,43,0.0,0.0,3.0,0.0,3.0,0.0,3.0,0.0,3.0
64,42,0.0,0,1,1,0.9090909090909091,0.6666666666666666,0.0,3.0,0.0,0.0,0.0,0.0,3.0,0.0,51,1.0,43,0.0,0.0,3.0,0.0,3.0,0.0,3.0,0.0,3.0
65,42,0.0,0,1,1,0.9090909090909091,0.6666666666666666,0.0,3.0,0.0,0.0,0.0,0.0,3.0,0.0,52,1.0,43,0.0,0.0,3.0,0.0,3.0,0.0,3.0,0.0,3.0
66,42,0.0,0,1,1,0.9090909090909091,0.6666666666666666,0.0,3.0,0.0,0.0,0.0,0.0,3.0,0.0,53,1.0,43,0.0,0.0,3.0,0.0,3.0,0.0,3.0,0.0,3.0
67,42,0.0,0,1,1,0.9090909090909091,0.6666666666666666,0.0,3.0,0.0,0.0,0.0,0.0,3.0,0.0,54,1.0,43,0.0,0.0,3.0,0.0,3.0,0.0,3.0,0.0,3.0
68,42,0.0,0,1,1,0.9090909090909091,0.6666666666666666,0.0,3.0,0.0,0.0,0.0,0.0,3.0,0.0,55,1.0,43,0.0,0.0,3.0,0.0,3.0,0.0,3.0,0.0,3.0
69,42,0.0,0,1,1,0.9090909090909091,0.6666666666666666,0.0,3.0,0.0,0.0,0.0,0.0,3.0,0.0,56,1.0,43,0.0,0.0,3.0,0.0,3.0,0.0,3.0,0.0,3.0
70,42,0.0,0,1,1,0.9090909090909091,0.6666666666666666,0.0,3.0,0.0,0.0,0.0,0.0,3.0,0.0,57,1.0,43,0.0,0.0,3.0,0.0,3.0,0.0,3.0,0.0,3.0
71,42,0.0,0,1,1,0.9090909090909091,0.6666666666666666,0.0,3.0,0.0,0.0,0.0,0.0,3.0,0.0,58,1.0,43,0.0,0.0,3.0,0.0,3.0,0.0,3.0,0.0,3.0
72,42,0.0,0,1,1,0.9090909090909091,0.6666666666666666,0.0,3.0,0.0,0.0,0.0,0.0,3.0,0.0,59,1.0,43,0.0,0.0,3.0,0.0,3.0,0.0,3.0,0.0,3.0
73,42,0.0,0,1,1,0.9090909090909091,0.6666666666666666,0.0,3.0,0.0,0.0,0.0,0.0,3.0,0.0,60,1.0,43,0.0,0.0,3.0,0.0,3.0,0.0,3.0,0.0,3.0
74,42,0.0,0,1,1,0.9090909090909091,0.6666666666666666,0.0,3.0,0.0,0.0,0.0,0.0,3.0,0.0,61,1.0,43,0.0,0.0,3.0,0.0,3.0,0.0,3.0,0.0,3.0
75,42,0.0,0,1,1,0.9090909090909091,0.6666666666666666,0.0,3.0,0.0,0.0,0.0,0.0,3.0,0.0,62,1.0,43,0.0,0.0,3.0,0.0,3.0,0.0,3.0,0.0,3.0
76,42,0.0,0,1,1,0.9090909090909091,0.6666666666666666,0.0,3.0,0.0,0.0,0.0,0.0,3.0,0.0,63,1.0,43,0.0,0.0,3.0,0.0,3.0,0.0,3.0,0.0,3.0
77,42,0.0,0,1,1,0.9090909090909091,0.6666666666666666,0.0,3.0,0.0,0.0,0.0,0.0,3.0,0.0,64,1.0,43,0.0,0.0,3.0,0.0,3.0,0.0,3.0,0.0,3.0
78,42,0.0,0,1,1,0.9090909090909091,0.6666666666666666,0.0,3.0,0.0,0.0,0.0,0.0,3.0,0.0,65,1.0,43,0.0,0.0,3.0,0.0,3.0,0.0,3.0,0.0,3.0
79,42,0.0,0,1,1,0.9090909090909091,0.6666666666666666,0.0,3.0,0.0,0.0,0.0,0.0,3.0,0.0,66,1.0,43,0.0,0.0,3.0,0.0,3.0,0.0,3.0,0.0,3.0
80,42,0.0,0,1,1,0.9090909090909091,0.6666666666666666,0.0,3.0,0.0,0.0,0.0,0.0,3.0,0.0,67,1.0,43,0.0,0.0,3.0,0.0,3.0,0.0,3.0,0.0,3.0
81,42,0.0,0,1,1,0.9090909090909091,0.6666666666666666,0.0,3.0,0.0,0.0,0.0,0.0,3.0,0.0,68,1.0,43,0.0,0.0,3.0,0.0,3.0,0.0,3.0,0.0,3.0
82,42,0.0,0,1,1,0.9090909090909091,0.6666666666666666,0.0,3.0,0.0,0.0,0.0,0.0,3.0,0.0,69,1.0,43,0.0,0.0,3.0,0.0,3.0,0.0,3.0,0.0,3.0
83,42,0.0,0,1,1,0.9090909090909091,0.6666666666666666,0.0,3.0,0.0,0.0,0.0,0.0,3.0,0.0,70,1.0,43,0.0,0.0,3.0,0.0,3.0,0.0,3.0,0.0,3.0
84,42,0.0,0,1,1,0.9090909090909091,0.6666666666666666,0.0,3.0,0.0,0.0,0.0,0.0,3.0,0.0,71,1.0,43,0.0,0.0,3.0,0.0,3.0,0.0,3.0,0.0,3.0
85,42,0.0,0,1,1,0.9090909090909091,0.6666666666666666,0.0,3.0,0.0,0.0,0.0,0.0,3.0,0.0,72,1.0,43,0.0,0.0,3.0,0.0,3.0,0.0,3.0,0.0,3.0
86,42,0.0,0,1,1,0.9090909090909091,0.6666666666666666,0.0,3.0,0.0,0.0,0.0,0.0,3.0,0.0,73,1.0,43,0.0,0.0,3.0,0.0,3.0,0.0,3.0,0.0,3.0
87,42,0.0,0,1,1,0.9090909090909091,0.6666666666666666,0.0,3.0,0.0,0.0,0.0,0.0,3.0,0.0,74,1.0,43,0.0,0.0,3.0,0.0,3.0,0.0,3.0,0.0,3.0
88,42,0.0,0,1,1,0.9090909090909091,0.6666666666666666,0.0,3.0,0.0,0.0,0.0,0.0,3.0,0.0,75,1.0,43,0.0,0.0,3.0,0.0,3.0,0.0,3.0,0.0,3.0
89,42,0.0,0,1,1,0.9090909090909091,0.6666666666666666,0.0,3.0,0.0,0.0,0.0,0.0,3.0,0.0,76,1.0,43,0.0,0.0,3.0,0.0,3.0,0.0,3.0,0.0,3.0
90,42,0.0,0,1,1,0.9090909090909091,0.6666666666666666,0.0,3.0,0.0,0.0,0.0,0.0,3.0,0.0,77,1.0,43,0.0,0.0,3.0,0.0,3.0,0.0,3.0,0.0,3.0
91,42,0.0,0,1,1,0.9090909090909091,0.6666666666666666,0.0,3.0,0.0,0.0,0.0,0.0,3.0,0.0,78,1.0,43,0.0,0.0,3.0,0.0,3.0,0.0,3.0,0.0,3.0
92,42,0.0,0,1,1,0.9090909090909091,0.6666666666666666,0.0,3.0,0.0,0.0,0.0,0.0,3.0,0.0,79,1.0,43,0.0,0.0,3.0,0.0,3.0,0.0,3.0,0.0,3.0
93,42,0.0,0,1,1,0.9090909090909091,0.6666666666666666,0.0,3.0,0.0,0.0,0.0,0.0,3.0,0.0,80,1.0,43,0.0,0.0,3.0,0.0,3.0,0.0,3.0,0.0,3.0
94,42,0.0,0,1,1,0.9090909090909091,0.6666666666666666,0.0,3.0,0.0,0.0,0.0,0.0,3.0,0.0,81,1.0,43,0.0,0.0,3.0,0.0,3.0,0.0,3.0,0.0,3.0
95,42,0.0,0,1,1,0.9090909090909091,0.6666666666666666,0.0,3.0,0.0,0.0,0.0,0.0,3.0,0.0,82,1.0,43,0.0,0.0,3.0,0.0,3.0,0.0,3.0,0.0,3.0
96,42,0.0,0,1,1,0.9090909090909091,0.6666666666666666,0.0,3.0,0.0,0.0,0.0,0.0,3.0,0.0,83,1.0,43,0.0,0.0,3.0,0.0,3.0,0.0,3.0,0.0,3.0
97,42,0.0,0,1,1,0.9090909090909091,0.6666666666666666,0.0,3.0,0.0,0.0,0.0,0.0,3.0,0.0,84,1.0,43,0.0,0.0,3.0,0.0,3.0,0.0,3.0,0.0,3.0
98,42,0.0,0,1,1,0.9090909090909091,0.6666666666666666,0.0,3.0,0.0,0.0,0.0,0.0,3.0,0.0,85,1.0,43,0.0,0.0,3.0,0.0,3.0,0.0,3.0,0.0,3.0
99,42,0.0,0,1,1,0.9090909090909091,0.6666666666666666,0.0,3.0,0.0,0.0,0.0,0.0,3.0,0.0,86,1.0,43,0.0,0.0,3.0,0.0,3.0,0.0,3.0,0.0,3.0
100,42,0.0,0,1,1,0.9090909090909091,0.6666666666666666,0.0,3.0,0.0,0.0,0.0,0.0,3.0,0.0,87,1.0,43,0.0,0.0,3.0,0.0,3.0,0.0,3.0,0.0,3.0
101,42,0.0,0,1,1,0.9090909090909091,0.6666666666666666,0.0,3.0,0.0,0.0,0.0,0.0,3.0,0.0,88,1.0,43,0.0,0.0,3.0,0.0,3.0,0.0,3.0,0.0,3.0
102,42,0.0,0,1,1,0.9090909090909091,0.6666666666666666,0.0,3.0,0.0,0.0,0.0,0.0,3.0,0.0,89,1.0,43,0.0,0.0,3.0,0.0,3.0,0.0,3.0,0.0,3.0
103,42,0.0,0,1,1,0.9090909090909091,0.6666666666666666,0.0,3.0,0.0,0.0,0.0,0.0,3.0,0.0,90,1.0,43,0.0,0.0,3.0,0.0,3.0,0.0,3.0,0.0,3.0
104,42,0.0,0,1,1,0.9090909090909091,0.6666666666666666,0.0,3.0,0.0,0.0,0.0,0.0,3.0,0.0,91,1.0,43,0.0,0.0,3.0,0.0,3.0,0.0,3.0,0.0,3.0
105,42,0.0,0,1,1,0.9090909090909091,0.6666666666666666,0.0,3.0,0.0,0.0,0.0,0.0,3.0,0.0,92,1.0,43,0.0,0.0,3.0,0.0,3.0,0.0,3.0,0.0,3.0
106,42,0.0,0,1,1,0.9090909090909091,0.6666666666666666,0.0,3.0,0.0,0.0,0.0,0.0,3.0,0.0,93,1.0,43,0.0,0.0,3.0,0.0,3.0,0.0,3.0,0.0,3.0
107,42,0.0,0,1,1,0.9090909090909091,0.6666666666666666,0.0,3.0,0.0,0.0,0.0,0.0,3.0,0.0,94,1.0,43,0.0,0.0,3.0,0.0,3.0,0.0,3.0,0.0,3.0
108,42,0.0,0,1,1,0.9090909090909091,0.6666666666666666,0.0,3.0,0.0,0.0,0.0,0.0,3.0,0.0,95,1.0,43,0.0,0.0,3.0,0.0,3.0,0.0,3.0,0.0,3.0
109,42,0.0,0,1,1,0.9090909090909091,0.6666666666666666,0.0,3.0,0.0,0.0,0.0,0.0,3.0,0.0,96,1.0,43,0.0,0.0,3.0,0.0,3.0,0.0,3.0,0.0,3.0
110,42,0.0,0,1,1,0.9090909090909091,0.6666666666666666,0.0,3.0,0.0,0.0,0.0,0.0,3.0,0.0,97,1.0,43,0.0,0.0,3.0,0.0,3.0,0.0,3.0,0.0,3.0
111,42,0.0,0,1,1,0.9090909090909091,0.6666666666666666,0.0,3.0,0.0,0.0,0.0,0.0,3.0,0.0,98,1.0,43,0.0,0.0,3.0,0.0,3.0,0.0,3.0,0.0,3.0
112,42,0.0,0,1,1,0.9090909090909091,0.6666666666666666,0.0,3.0,0.0,0.0,0.0,0.0,3.0,0.0,99,1.0,43,0.0,0.0,3.0,0.0,3.0,0.0,3.0,0.0,3.0
113,42,0.0,0,1,1,0.9090909090909091,0.6666666666666666,0.0,3.0,0.0,0.0,0.0,0.0,3.0,0.0,100,1.0,43,0.0,0.0,3.0,0.0,3.0,0.0,3.0,0.0,3.0
114,42,0.0,0,1,1,0.9090909090909091,0.6666666666666666,0.0,3.0,0.0,0.0,0.0,0.0,3.0,0.0,101,1.0,43,0.0,0.0,3.0,0.0,3.0,0.0,3.0,0.0,3.0
115,42,0.0,0,1,1,0.9090909090909091,0.6666666666666666,0.0,3.0,0.0,0.0,0.0,0.0,3.0,0.0,102,1.0,43,0.0,0.0,3.0,0.0,3.0,0.0,3.0,0.0,3.0
116,42,0.0,0,1,1,0.9090909090909091,0.6666666666666666,0.0,3.0,0.0,0.0,0.0,0.0,3.0,0.0,103,1.0,43,0.0,0.0,3.0,0.0,3.0,0.0,3.0,0.0,3.0
117,42,0.0,0,1,1,0.9090909090909091,0.6666666666666666,0.0,3.0,0.0,0.0,0.0,0.0,3.0,0.0,104,1.0,43,0.0,0.0,3.0,0.0,3.0,0.0,3.0,0.0,3.0
118,42,0.0,0,1,1,0.9090909090909091,0.6666666666666666,0.0,3.0,0.0,0.0,0.0,0.0,3.0,0.0,105,1.0,43,0.0,0.0,3.0,0.0,3.0,0.0,3.0,0.0,3.0
119,42,0.0,0,1,1,0.9090909090909091,0.6666666666666666,0.0,3.0,0.0,0.0,0.0,0.0,3.0,0.0,106,1.0,43,0.0,0.0,3.0,0.0,3.0,0.0,3.0,0.0,3.0
120,42,0.0,0,1,1,0.9090909090909091,0.6666666666666666,0.0,3.0,0.0,0.0,0.0,0.0,3.0,0.0,107,1.0,43,0.0,0.0,3.0,0.0,3.0,0.0,3.0,0.0,3.0
121,42,0.0,0,1,1,0.9090909090909091,0.6666666666666666,0.0,3.0,0.0,0.0,0.0,0.0,3.0,0.0,108,1.0,43,0.0,0.0,3.0,0.0,3.0,0.0,3.0,0.0,3.0
122,42,0.0,0,1,1,0.9090909090909091,0.6666666666666666,0.0,3.0,0.0,0.0,0.0,0.0,3.0,0.0,109,1.0,43,0.0,0.0,3.0,0.0,3.0,0.0,3.0,0.0,3.0
1,43,0.0,1,0,1,1.0,1.0,3.0,5.0,0.0,3.0,0.0,0.0,5.0,0.0,0,0.0,0,0.0,0.0,1.6666666666666667,0.0,0.0,0.0,0.0,0.0,0.0
2,43,0.0,1,0,1,1.0,1.0,3.0,5.0,0.0,3.0,0.0,0.0,5.0,0.0,1,0.5,43,0.0,0.0,1.6666666666666667,3.0,5.0,0.0,0.0,0.0,0.0
3,43,0.0,1,0,1,1.0,1.0,3.0,5.0,0.0,3.0,0.0,0.0,5.0,0.0,2,0.6666666666666666,43,0.0,0.0,1.6666666666666667,3.0,5.0,3.0,5.0,0.0,0.0
4,43,0.0,0,1,1,1.0,1.0,3.0,5.0,0.0,3.0,0.0,0.0,5.0,0.0,3,0.75,43,0.0,0.0,1.6666666666666667,3.0,5.0,3.0,5.0,3.0,5.0
5,43,0.0,0,1,1,1.0,1.0,3.0,5.0,0.0,3.0,0.0,0.0,5.0,0.0,4,0.8,43,0.0,0.0,1.6666666666666667,3.0,5.0,3.0,5.0,3.0,5.0
6,43,0.0,0,1,1,0.9545454545454546,1.0,3.2,5.0,1.4619519810524544,4.0,0.0,0.0,5.0,0.0,0,0.8,26,1.0,0.0,1.25,3.0,5.0,3.0,5.0,3.0,5.0
7,43,0.0,0,1,1,0.9545454545454546,0.9523809523809523,3.2,5.0,-0.365487995263114,4.0,0.0,0.0,5.0,0.0,0,0.6,26,0.0,0.0,1.6666666666666667,4.0,5.0,3.0,5.0,3.0,5.0
8,43,0.0,0,1,1,0.9545454545454546,0.9523809523809523,3.2,5.0,-0.365487995263114,4.0,0.0,0.0,5.0,0.0,1,0.6,26,0.0,0.0,1.6666666666666667,3.0,5.0,4.0,5.0,3.0,5.0
9,43,0.0,0,1,1,0.9545454545454546,0.9047619047619048,3.0,4.8,-1.2389934309929542,4.0,0.0,-1.4619519810524544,5.0,0.0,0,0.4,26,-1.0,-1.0,2.0,3.0,5.0,3.0,5.0,4.0,5.0
10,43,0.0,0,1,1,0.9545454545454546,0.8571428571428571,2.8,4.4,-0.854098581488783,4.0,0.0,-1.40784565493656,5.0,0.0,0,0.2,26,-1.0,-2.0,1.5,2.0,4.0,3.0,5.0,3.0,5.0
11,43,0.0,0,1,1,0.9545454545454546,0.8095238095238095,2.4,4.0,-0.6175483551795395,3.0,-3.0,-0.9090909090909091,5.0,-2.0,0,0.2,28,-2.0,-2.0,1.5,2.0,3.0,2.0,4.0,3.0,5.0
12,43,0.0,0,1,1,0.9545454545454546,0.7619047619047619,2.2,3.4,-0.365487995263114,3.0,-1.0,-1.1288725543711575,5.0,-3.0,0,0.2,34,-1.0,-3.0,1.0,2.0,3.0,2.0,3.0,2.0,4.0
13,43,0.0,0,1,1,0.9545454545454546,0.7142857142857143,2.0,2.8,0.0,2.0,-1.0,-0.8540985814887833,4.0,-3.0,0,0.0,31,-1.0,-3.0,1.0,2.0,2.0,2.0,3.0,2.0,3.0
14,43,0.0,0,1,1,0.9545454545454546,0.6666666666666666,1.8,2.4,-1.4619519810524546,2.0,0.0,-0.6175483551795397,3.0,-1.0,0,0.0,26,-1.0,-2.0,2.0,2.0,2.0,2.0,2.0,2.0,3.0
15,43,0.0,0,1,1,0.9545454545454546,0.6190476190476191,1.6,2.0,-0.9263225327693093,2.0,0.0,-1.2389934309929547,3.0,0.0,0,0.0,29,-1.0,-2.0,1.0,1.0,2.0,2.0,2.0,2.0,2.0
16,43,0.0,0,1,1,0.9545454545454546,0.5714285714285714,1.4,1.6,-0.6175483551795393,2.0,1.0,-0.9263225327693098,2.0,0.0,0,0.0,29,-1.0,-2.0,1.0,1.0,1.0,1.0,2.0,2.0,2.0
17,43,0.0,0,1,1,0.9545454545454546,0.5238095238095238,1.0,1.4,-1.238993430992954,2.0,-1.0,-0.6175483551795397,2.0,2.0,0,0.0,29,-2.0,-1.0,1.0,1.0,1.0,1.0,1.0,1.0,2.0
18,43,0.0,0,1,1,0.9545454545454546,0.47619047619047616,0.6,1.2,-0.9263225327693092,1.0,-1.0,-0.36548799526311376,2.0,2.0,0,0.0,30,-2.0,-1.0,1.0,0.0,1.0,1.0,1.0,1.0,1.0
19,43,0.0,0,1,1,0.9545454545454546,0.42857142857142855,0.4,0.8,-0.6175483551795395,1.0,0.0,-1.4619519810524546,1.0,0.0,0,0.0,34,-1.0,-2.0,0.0,0.0,1.0,0.0,1.0,1.0,1.0
20,43,0.0,0,1,1,0.9545454545454546,0.38095238095238093,0.2,0.6,-0.36548799526311365,1.0,0.0,-0.9263225327693092,1.0,1.0,0,0.0,33,-1.0,-1.0,0.0,0.0,0.0,0.0,1.0,0.0,1.0
21,43,0.0,0,1,1,0.9545454545454546,0.3333333333333333,0.0,0.4,0.0,0.0,0.0,-0.6175483551795395,1.0,1.0,0,0.0,33,-1.0,-1.0,0.0,0.0,0.0,0.0,0.0,0.0,1.0
22,43,0.0,0,1,1,0.9090909090909091,0.3333333333333333,0.0,0.4,0.0,0.0,2.0,0.9263225327693092,1.0,1.0,0,0.0,34,0.0,0.0,1.0,0.0,0.0,0.0,0.0,0.0,0.0
23,43,0.0,0,1,1,0.8636363636363636,0.3333333333333333,0.0,0.4,0.0,0.0,2.0,0.9263225327693092,1.0,1.0,0,0.0,35,0.0,0.0,1.0,0.0,1.0,0.0,0.0,0.0,0.0
24,43,0.0,0,1,1,0.8636363636363636,0.2857142857142857,0.0,0.6,0.0,0.0,1.0,0.6175483551795395,1.0,3.0,0,0.0,35,0.0,1.0,1.0,0.0,1.0,0.0,1.0,0.0,0.0
25,43,0.0,0,1,1,0.8636363636363636,0.23809523809523808,0.0,0.8,0.0,0.0,1.0,0.36548799526311354,1.0,2.0,0,0.0,33,0.0,1.0,1.0,0.0,1.0,0.0,1.0,0.0,1.0
26,43,0.0,0,1,1,0.8636363636363636,0.19047619047619047,0.0,1.4,0.0,0.0,1.0,1.6089664627846398,3.0,4.0,0,0.0,36,0.0,3.0,3.0,0.0,1.0,0.0,1.0,0.0,1.0
27,43,0.0,0,1,1,0.8636363636363636,0.19047619047619047,0.0,1.8,0.0,0.0,0.0,1.003810200010419,3.0,2.0,1,0.2,36,0.0,2.0,3.0,0.0,3.0,0.0,1.0,0.0,1.0
28,43,0.0,0,1,1,0.8636363636363636,0.19047619047619047,0.0,2.2,0.0,0.0,0.0,0.6692068000069459,3.0,2.0,2,0.4,34,0.0,2.0,3.0,0.0,3.0,0.0,3.0,0.0,1.0
29,43,0.0,0,1,1,0.8181818181818182,0.19047619047619047,0.0,2.6,0.0,0.0,0.0,0.4022416156961599,3.0,1.0,0,0.4,34,0.0,2.0,3.0,0.0,3.0,0.0,3.0,0.0,3.0
30,43,0.0,0,1,1,0.7727272727272727,0.19047619047619047,0.0,3.0,0.0,0.0,0.0,0.0,3.0,1.0,0,0.4,36,0.0,2.0,3.0,0.0,3.0,0.0,3.0,0.0,3.0
31,43,0.0,0,1,1,0.7272727272727273,0.19047619047619047,0.0,2.8,0.0,0.0,0.0,-1.4619519810524544,3.0,-4.0,0,0.4,37,0.0,-1.0,2.0,0.0,3.0,0.0,3.0,0.0,3.0
32,43,0.0,0,1,1,0.7272727272727273,0.23809523809523808,0.2,2.4,1.4619519810524546,1.0,1.0,-1.4078456549365599,3.0,-4.0,0,0.2,38,1.0,-2.0,1.0,0.0,2.0,0.0,3.0,0.0,3.0
33,43,0.0,0,1,1,0.7272727272727273,0.2857142857142857,0.4,2.0,0.9263225327693092,1.0,1.0,-0.9090909090909092,3.0,-4.0,0,0.0,40,1.0,-2.0,1.0,1.0,1.0,0.0,2.0,0.0,3.0
34,43,0.0,0,1,1,0.7272727272727273,0.3333333333333333,0.6,1.6,0.6175483551795395,1.0,1.0,-0.6033624235442401,3.0,-4.0,0,0.0,40,1.0,-2.0,1.0,1.0,1.0,1.0,1.0,0.0,2.0
35,43,0.0,0,1,1,0.7272727272727273,0.38095238095238093,0.8,1.4,0.36548799526311354,1.0,1.0,0.9263225327693094,2.0,-3.0,0,0.0,39,1.0,-1.0,2.0,1.0,1.0,1.0,1.0,1.0,1.0
36,43,0.0,0,1,1,0.7272727272727273,0.42857142857142855,1.0,1.6,0.0,1.0,1.0,1.4078456549365599,3.0,2.0,0,0.0,39,1.0,1.0,3.0,1.0,2.0,1.0,1.0,1.0,1.0
37,43,0.0,0,1,1,0.6818181818181818,0.42857142857142855,1.0,1.8,0.0,1.0,-1.0,0.21352464537219581,3.0,3.0,0,0.0,40,0.0,1.0,2.0,1.0,3.0,1.0,2.0,1.0,1.0
38,43,0.0,0,1,1,0.6363636363636364,0.42857142857142855,1.0,2.0,0.0,1.0,-1.0,0.0,3.0,3.0,0,0.0,39,0.0,1.0,2.0,1.0,2.0,1.0,3.0,1.0,2.0
39,43,0.0,0,1,1,0.5909090909090909,0.42857142857142855,0.8,2.6,-1.4619519810524546,1.0,-2.0,1.40784565493656,4.0,5.0,0,0.0,39,-1.0,3.0,4.0,1.0,2.0,1.0,2.0,1.0,3.0
40,43,0.0,0,1,1,0.5909090909090909,0.47619047619047616,0.6,2.6,-0.9263225327693092,1.0,-2.0,-0.6033624235442402,4.0,1.0,0,0.0,41,-1.0,0.0,2.0,0.0,4.0,1.0,2.0,1.0,2.0
41,43,0.0,0,1,1,0.5909090909090909,0.5238095238095238,0.4,2.2,-0.6175483551795395,1.0,-2.0,-1.0038102000104192,4.0,-3.0,0,0.0,42,-1.0,-2.0,1.0,0.0,2.0,0.0,4.0,1.0,2.0
42,43,0.0,0,1,1,0.5909090909090909,0.5714285714285714,0.2,2.4,-0.36548799526311365,1.0,-1.0,0.48380252330192475,4.0,0.0,0,0.0,42,-1.0,1.0,3.0,0.0,1.0,0.0,2.0,0.0,4.0
43,43,0.0,0,1,1,0.5909090909090909,0.5714285714285714,0.0,2.6,0.0,0.0,-1.0,0.3225350155346164,4.0,0.0,1,0.2,41,-1.0,1.0,3.0,0.0,3.0,0.0,1.0,0.0,2.0
44,43,1.0,0,1,1,0.5909090909090909,0.5714285714285714,0.2,2.4,1.4619519810524546,1.0,2.0,0.6033624235442401,3.0,-4.0,2,0.4,42,1.0,-1.0,3.0,0.0,3.0,0.0,3.0,0.0,1.0
45,43,1.0,0,1,1,0.6363636363636364,0.5714285714285714,0.6,2.6,1.4078456549365597,2.0,3.0,0.40224161569615985,3.0,1.0,0,0.4,42,2.0,1.0,1.5,1.0,3.0,0.0,3.0,0.0,3.0
46,43,1.0,0,1,1,0.6818181818181818,0.5714285714285714,1.0,3.2,0.9090909090909091,2.0,3.0,1.4619519810524544,4.0,5.0,0,0.4,42,2.0,3.0,2.0,2.0,3.0,1.0,3.0,0.0,3.0
47,43,1.0,0,1,1,0.7272727272727273,0.5714285714285714,1.4,3.0,0.6033624235442401,2.0,3.0,-1.2389934309929542,4.0,-2.0,0,0.4,42,2.0,-1.0,1.0,2.0,4.0,2.0,3.0,1.0,3.0
48,43,1.0,0,1,1,0.7272727272727273,0.5714285714285714,1.8,2.8,0.36548799526311343,2.0,3.0,-0.854098581488783,4.0,-2.0,1,0.4,42,2.0,-1.0,1.0,2.0,2.0,2.0,4.0,2.0,3.0
49,43,1.0,0,1,1,0.7272727272727273,0.5714285714285714,2.0,2.6,0.0,2.0,0.0,-0.6033624235442401,4.0,0.0,2,0.4,42,1.0,-1.0,1.0,2.0,2.0,2.0,2.0,2.0,4.0
50,43,1.0,0,1,1,0.7272727272727273,0.5714285714285714,2.0,2.4,0.0,2.0,-2.0,-0.40224161569615985,4.0,-2.0,3,0.6,42,0.0,-1.0,1.0,2.0,2.0,2.0,2.0,2.0,2.0
51,43,1.0,0,1,1,0.7272727272727273,0.5714285714285714,2.0,2.0,0.0,2.0,-2.0,0.0,2.0,-5.0,4,0.8,42,0.0,-2.0,1.0,2.0,2.0,2.0,2.0,2.0,2.0
52,43,1.0,0,1,1,0.7272727272727273,0.5714285714285714,2.0,2.0,0.0,2.0,-2.0,0.0,2.0,1.0,5,1.0,42,0.0,0.0,1.0,2.0,2.0,2.0,2.0,2.0,2.0
53,43,1.0,0,1,1,0.7272727272727273,0.5714285714285714,2.0,2.0,0.0,2.0,-2.0,0.0,2.0,1.0,6,1.0,42,0.0,0.0,1.0,2.0,2.0,2.0,2.0,2.0,2.0
54,43,1.0,0,1,1,0.7272727272727273,0.5714285714285714,2.0,2.0,0.0,2.0,-1.0,0.0,2.0,1.0,7,1.0,43,0.0,0.0,1.0,2.0,2.0,2.0,2.0,2.0,2.0
55,43,1.0,0,1,1,0.7272727272727273,0.5714285714285714,2.0,2.0,0.0,2.0,0.0,0.0,2.0,1.0,8,1.0,43,0.0,0.0,1.0,2.0,2.0,2.0,2.0,2.0,2.0
56,43,1.0,0,1,1,0.7272727272727273,0.5714285714285714,2.0,2.0,0.0,2.0,0.0,0.0,2.0,2.0,9,1.0,43,0.0,0.0,1.0,2.0,2.0,2.0,2.0,2.0,2.0
57,43,1.0,0,1,1,0.7272727272727273,0.5714285714285714,2.0,2.0,0.0,2.0,0.0,0.0,2.0,0.0,10,1.0,43,0.0,0.0,1.0,2.0,2.0,2.0,2.0,2.0,2.0
58,43,1.0,0,1,1,0.7272727272727273,0.5714285714285714,2.0,2.0,0.0,2.0,0.0,0.0,2.0,0.0,11,1.0,43,0.0,0.0,1.0,2.0,2.0,2.0,2.0,2.0,2.0
59,43,1.0,0,1,1,0.7272727272727273,0.5714285714285714,2.0,2.0,0.0,2.0,0.0,0.0,2.0,0.0,12,1.0,43,0.0,0.0,1.0,2.0,2.0,2.0,2.0,2.0,2.0
60,43,1.0,0,1,1,0.7272727272727273,0.5714285714285714,2.0,2.0,0.0,2.0,0.0,0.0,2.0,0.0,13,1.0,43,0.0,0.0,1.0,2.0,2.0,2.0,2.0,2.0,2.0
61,43,1.0,0,1,1,0.7272727272727273,0.5714285714285714,2.0,2.0,0.0,2.0,0.0,0.0,2.0,0.0,14,1.0,43,0.0,0.0,1.0,2.0,2.0,2.0,2.0,2.0,2.0
62,43,1.0,0,1,1,0.7272727272727273,0.5714285714285714,2.0,2.0,0.0,2.0,0.0,0.0,2.0,0.0,15,1.0,43,0.0,0.0,1.0,2.0,2.0,2.0,2.0,2.0,2.0
63,43,1.0,0,1,1,0.7272727272727273,0.5714285714285714,2.0,2.0,0.0,2.0,0.0,0.0,2.0,0.0,16,1.0,43,0.0,0.0,1.0,2.0,2.0,2.0,2.0,2.0,2.0
64,43,1.0,0,1,1,0.7272727272727273,0.5714285714285714,2.0,2.0,0.0,2.0,0.0,0.0,2.0,0.0,17,1.0,43,0.0,0.0,1.0,2.0,2.0,2.0,2.0,2.0,2.0
65,43,1.0,0,1,1,0.7272727272727273,0.5714285714285714,2.0,2.0,0.0,2.0,0.0,0.0,2.0,0.0,18,1.0,43,0.0,0.0,1.0,2.0,2.0,2.0,2.0,2.0,2.0
66,43,1.0,0,1,1,0.7272727272727273,0.5714285714285714,2.0,2.0,0.0,2.0,0.0,0.0,2.0,0.0,19,1.0,43,0.0,0.0,1.0,2.0,2.0,2.0,2.0,2.0,2.0
67,43,1.0,0,1,1,0.7272727272727273,0.5714285714285714,2.0,2.0,0.0,2.0,0.0,0.0,2.0,0.0,20,1.0,43,0.0,0.0,1.0,2.0,2.0,2.0,2.0,2.0,2.0
68,43,1.0,0,1,1,0.7272727272727273,0.5714285714285714,2.0,2.0,0.0,2.0,0.0,0.0,2.0,0.0,21,1.0,43,0.0,0.0,1.0,2.0,2.0,2.0,2.0,2.0,2.0
69,43,1.0,0,1,1,0.7272727272727273,0.5714285714285714,2.0,2.0,0.0,2.0,0.0,0.0,2.0,0.0,22,1.0,43,0.0,0.0,1.0,2.0,2.0,2.0,2.0,2.0,2.0
70,43,1.0,0,1,1,0.7272727272727273,0.5714285714285714,2.0,2.0,0.0,2.0,0.0,0.0,2.0,0.0,23,1.0,43,0.0,0.0,1.0,2.0,2.0,2.0,2.0,2.0,2.0
71,43,1.0,0,1,1,0.7272727272727273,0.5714285714285714,2.0,2.0,0.0,2.0,0.0,0.0,2.0,0.0,24,1.0,43,0.0,0.0,1.0,2.0,2.0,2.0,2.0,2.0,2.0
72,43,1.0,0,1,1,0.7272727272727273,0.5714285714285714,2.0,2.0,0.0,2.0,0.0,0.0,2.0,0.0,25,1.0,43,0.0,0.0,1.0,2.0,2.0,2.0,2.0,2.0,2.0
73,43,1.0,0,1,1,0.7272727272727273,0.5714285714285714,2.0,2.0,0.0,2.0,0.0,0.0,2.0,0.0,26,1.0,43,0.0,0.0,1.0,2.0,2.0,2.0,2.0,2.0,2.0
74,43,1.0,0,1,1,0.7272727272727273,0.5714285714285714,2.0,2.0,0.0,2.0,0.0,0.0,2.0,0.0,27,1.0,43,0.0,0.0,1.0,2.0,2.0,2.0,2.0,2.0,2.0
75,43,1.0,0,1,1,0.7272727272727273,0.5714285714285714,2.0,2.0,0.0,2.0,0.0,0.0,2.0,0.0,28,1.0,43,0.0,0.0,1.0,2.0,2.0,2.0,2.0,2.0,2.0
76,43,1.0,0,1,1,0.7272727272727273,0.5714285714285714,2.0,2.0,0.0,2.0,0.0,0.0,2.0,0.0,29,1.0,43,0.0,0.0,1.0,2.0,2.0,2.0,2.0,2.0,2.0
77,43,1.0,0,1,1,0.7272727272727273,0.5714285714285714,2.0,2.0,0.0,2.0,0.0,0.0,2.0,0.0,30,1.0,43,0.0,0.0,1.0,2.0,2.0,2.0,2.0,2.0,2.0
78,43,1.0,0,1,1,0.7272727272727273,0.5714285714285714,2.0,2.0,0.0,2.0,0.0,0.0,2.0,0.0,31,1.0,43,0.0,0.0,1.0,2.0,2.0,2.0,2.0,2.0,2.0
79,43,1.0,0,1,1,0.7272727272727273,0.5714285714285714,2.0,2.0,0.0,2.0,0.0,0.0,2.0,0.0,32,1.0,43,0.0,0.0,1.0,2.0,2.0,2.0,2.0,2.0,2.0
80,43,1.0,0,1,1,0.7272727272727273,0.5714285714285714,2.0,2.0,0.0,2.0,0.0,0.0,2.0,0.0,33,1.0,43,0.0,0.0,1.0,2.0,2.0,2.0,2.0,2.0,2.0
81,43,1.0,0,1,1,0.7272727272727273,0.5714285714285714,2.0,2.0,0.0,2.0,0.0,0.0,2.0,0.0,34,1.0,43,0.0,0.0,1.0,2.0,2.0,2.0,2.0,2.0,2.0
82,43,1.0,0,1,1,0.7272727272727273,0.5714285714285714,2.0,2.0,0.0,2.0,0.0,0.0,2.0,0.0,35,1.0,43,0.0,0.0,1.0,2.0,2.0,2.0,2.0,2.0,2.0
83,43,1.0,0,1,1,0.7272727272727273,0.5714285714285714,2.0,2.0,0.0,2.0,0.0,0.0,2.0,0.0,36,1.0,43,0.0,0.0,1.0,2.0,2.0,2.0,2.0,2.0,2.0
84,43,1.0,0,1,1,0.7272727272727273,0.5714285714285714,2.0,2.0,0.0,2.0,0.0,0.0,2.0,0.0,37,1.0,43,0.0,0.0,1.0,2.0,2.0,2.0,2.0,2.0,2.0
85,43,1.0,0,1,1,0.7272727272727273,0.5714285714285714,2.0,2.0,0.0,2.0,0.0,0.0,2.0,0.0,38,1.0,43,0.0,0.0,1.0,2.0,2.0,2.0,2.0,2.0,2.0
86,43,1.0,0,1,1,0.7272727272727273,0.5714285714285714,2.0,2.0,0.0,2.0,0.0,0.0,2.0,0.0,39,1.0,43,0.0,0.0,1.0,2.0,2.0,2.0,2.0,2.0,2.0
87,43,1.0,0,1,1,0.7272727272727273,0.5714285714285714,2.0,2.0,0.0,2.0,0.0,0.0,2.0,0.0,40,1.0,43,0.0,0.0,1.0,2.0,2.0,2.0,2.0,2.0,2.0
88,43,1.0,0,1,1,0.7272727272727273,0.5714285714285714,2.0,2.0,0.0,2.0,0.0,0.0,2.0,0.0,41,1.0,43,0.0,0.0,1.0,2.0,2.0,2.0,2.0,2.0,2.0
89,43,1.0,0,1,1,0.7272727272727273,0.5714285714285714,2.0,2.0,0.0,2.0,0.0,0.0,2.0,0.0,42,1.0,43,0.0,0.0,1.0,2.0,2.0,2.0,2.0,2.0,2.0
90,43,1.0,0,1,1,0.7272727272727273,0.5714285714285714,2.0,2.0,0.0,2.0,0.0,0.0,2.0,0.0,43,1.0,43,0.0,0.0,1.0,2.0,2.0,2.0,2.0,2.0,2.0
91,43,1.0,0,1,1,0.7272727272727273,0.5714285714285714,2.0,2.0,0.0,2.0,0.0,0.0,2.0,0.0,44,1.0,43,0.0,0.0,1.0,2.0,2.0,2.0,2.0,2.0,2.0
92,43,1.0,0,1,1,0.7272727272727273,0.5714285714285714,2.0,2.0,0.0,2.0,0.0,0.0,2.0,0.0,45,1.0,43,0.0,0.0,1.0,2.0,2.0,2.0,2.0,2.0,2.0
93,43,1.0,0,1,1,0.7272727272727273,0.5714285714285714,2.0,2.0,0.0,2.0,0.0,0.0,2.0,0.0,46,1.0,43,0.0,0.0,1.0,2.0,2.0,2.0,2.0,2.0,2.0
94,43,1.0,0,1,1,0.7272727272727273,0.5714285714285714,2.0,2.0,0.0,2.0,0.0,0.0,2.0,0.0,47,1.0,43,0.0,0.0,1.0,2.0,2.0,2.0,2.0,2.0,2.0
95,43,1.0,0,1,1,0.7272727272727273,0.5714285714285714,2.0,2.0,0.0,2.0,0.0,0.0,2.0,0.0,48,1.0,43,0.0,0.0,1.0,2.0,2.0,2.0,2.0,2.0,2.0
96,43,1.0,0,1,1,0.7272727272727273,0.5714285714285714,2.0,2.0,0.0,2.0,0.0,0.0,2.0,0.0,49,1.0,43,0.0,0.0,1.0,2.0,2.0,2.0,2.0,2.0,2.0
97,43,1.0,0,1,1,0.7272727272727273,0.5714285714285714,2.0,2.0,0.0,2.0,0.0,0.0,2.0,0.0,50,1.0,43,0.0,0.0,1.0,2.0,2.0,2.0,2.0,2.0,2.0
98,43,1.0,0,1,1,0.7272727272727273,0.5714285714285714,2.0,2.0,0.0,2.0,0.0,0.0,2.0,0.0,51,1.0,43,0.0,0.0,1.0,2.0,2.0,2.0,2.0,2.0,2.0
99,43,1.0,0,1,1,0.7272727272727273,0.5714285714285714,2.0,2.0,0.0,2.0,0.0,0.0,2.0,0.0,52,1.0,43,0.0,0.0,1.0,2.0,2.0,2.0,2.0,2.0,2.0
100,43,1.0,0,1,1,0.7272727272727273,0.5714285714285714,2.0,2.0,0.0,2.0,0.0,0.0,2.0,0.0,53,1.0,43,0.0,0.0,1.0,2.0,2.0,2.0,2.0,2.0,2.0
101,43,1.0,0,1,1,0.7272727272727273,0.5714285714285714,2.0,2.0,0.0,2.0,0.0,0.0,2.0,0.0,54,1.0,43,0.0,0.0,1.0,2.0,2.0,2.0,2.0,2.0,2.0
102,43,1.0,0,1,1,0.7272727272727273,0.5714285714285714,2.0,2.0,0.0,2.0,0.0,0.0,2.0,0.0,55,1.0,43,0.0,0.0,1.0,2.0,2.0,2.0,2.0,2.0,2.0
103,43,1.0,0,1,1,0.7272727272727273,0.5714285714285714,2.0,2.0,0.0,2.0,0.0,0.0,2.0,0.0,56,1.0,43,0.0,0.0,1.0,2.0,2.0,2.0,2.0,2.0,2.0
104,43,1.0,0,1,1,0.7272727272727273,0.5714285714285714,2.0,2.0,0.0,2.0,0.0,0.0,2.0,0.0,57,1.0,43,0.0,0.0,1.0,2.0,2.0,2.0,2.0,2.0,2.0
105,43,1.0,0,1,1,0.7272727272727273,0.5714285714285714,2.0,2.0,0.0,2.0,0.0,0.0,2.0,0.0,58,1.0,43,0.0,0.0,1.0,2.0,2.0,2.0,2.0,2.0,2.0
106,43,1.0,0,1,1,0.7272727272727273,0.5714285714285714,2.0,2.0,0.0,2.0,0.0,0.0,2.0,0.0,59,1.0,43,0.0,0.0,1.0,2.0,2.0,2.0,2.0,2.0,2.0
107,43,1.0,0,1,1,0.7272727272727273,0.5714285714285714,2.0,2.0,0.0,2.0,0.0,0.0,2.0,0.0,60,1.0,43,0.0,0.0,1.0,2.0,2.0,2.0,2.0,2.0,2.0
108,43,1.0,0,1,1,0.7272727272727273,0.5714285714285714,2.0,2.0,0.0,2.0,0.0,0.0,2.0,0.0,61,1.0,43,0.0,0.0,1.0,2.0,2.0,2.0,2.0,2.0,2.0
109,43,1.0,0,1,1,0.7272727272727273,0.5714285714285714,2.0,2.0,0.0,2.0,0.0,0.0,2.0,0.0,62,1.0,43,0.0,0.0,1.0,2.0,2.0,2.0,2.0,2.0,2.0
110,43,1.0,0,1,1,0.7272727272727273,0.5714285714285714,2.0,2.0,0.0,2.0,0.0,0.0,2.0,0.0,63,1.0,43,0.0,0.0,1.0,2.0,2.0,2.0,2.0,2.0,2.0
111,43,1.0,0,1,1,0.7272727272727273,0.5714285714285714,2.0,2.0,0.0,2.0,0.0,0.0,2.0,0.0,64,1.0,43,0.0,0.0,1.0,2.0,2.0,2.0,2.0,2.0,2.0
112,43,1.0,0,1,1,0.7272727272727273,0.5714285714285714,2.0,2.0,0.0,2.0,0.0,0.0,2.0,0.0,65,1.0,43,0.0,0.0,1.0,2.0,2.0,2.0,2.0,2.0,2.0
113,43,1.0,0,1,1,0.7272727272727273,0.5714285714285714,2.0,2.0,0.0,2.0,0.0,0.0,2.0,0.0,66,1.0,43,0.0,0.0,1.0,2.0,2.0,2.0,2.0,2.0,2.0
114,43,1.0,0,1,1,0.7272727272727273,0.5714285714285714,2.0,2.0,0.0,2.0,0.0,0.0,2.0,0.0,67,1.0,43,0.0,0.0,1.0,2.0,2.0,2.0,2.0,2.0,2.0
115,43,1.0,0,1,1,0.7272727272727273,0.5714285714285714,2.0,2.0,0.0,2.0,0.0,0.0,2.0,0.0,68,1.0,43,0.0,0.0,1.0,2.0,2.0,2.0,2.0,2.0,2.0
116,43,1.0,0,1,1,0.7272727272727273,0.5714285714285714,2.0,2.0,0.0,2.0,0.0,0.0,2.0,0.0,69,1.0,43,0.0,0.0,1.0,2.0,2.0,2.0,2.0,2.0,2.0
117,43,1.0,0,1,1,0.7272727272727273,0.5714285714285714,2.0,2.0,0.0,2.0,0.0,0.0,2.0,0.0,70,1.0,43,0.0,0.0,1.0,2.0,2.0,2.0,2.0,2.0,2.0
118,43,1.0,0,1,1,0.7272727272727273,0.5714285714285714,2.0,2.0,0.0,2.0,0.0,0.0,2.0,0.0,71,1.0,43,0.0,0.0,1.0,2.0,2.0,2.0,2.0,2.0,2.0
119,43,1.0,0,1,1,0.7272727272727273,0.5714285714285714,2.0,2.0,0.0,2.0,0.0,0.0,2.0,0.0,72,1.0,43,0.0,0.0,1.0,2.0,2.0,2.0,2.0,2.0,2.0
120,43,1.0,0,1,1,0.7272727272727273,0.5714285714285714,2.0,2.0,0.0,2.0,0.0,0.0,2.0,0.0,73,1.0,43,0.0,0.0,1.0,2.0,2.0,2.0,2.0,2.0,2.0
121,43,1.0,0,1,1,0.7272727272727273,0.5714285714285714,2.0,2.0,0.0,2.0,0.0,0.0,2.0,0.0,74,1.0,43,0.0,0.0,1.0,2.0,2.0,2.0,2.0,2.0,2.0
122,43,1.0,0,1,1,0.7272727272727273,0.5714285714285714,2.0,2.0,0.0,2.0,0.0,0.0,2.0,0.0,75,1.0,43,0.0,0.0,1.0,2.0,2.0,2.0,2.0,2.0,2.0
